
===========================================================================
report_checks -path_delay max (Setup)
============================================================================
======================= nom_ff_n40C_1v95 Corner ===================================

Startpoint: PREADY (input port clocked by HCLK)
Endpoint: HREADYOUT (output port clocked by HCLK)
Path Group: HCLK
Path Type: max

Fanout         Cap        Slew       Delay        Time   Description
---------------------------------------------------------------------------------------------
                                  0.000000    0.000000   clock HCLK (rise edge)
                                  0.000000    0.000000   clock network delay (propagated)
                                  2.000000    2.000000 ^ input external delay
     1    0.003041    0.014776    0.007871    2.007871 ^ PREADY (in)
                                                         PREADY (net)
                      0.014781    0.000000    2.007871 ^ input69/A (sky130_fd_sc_hd__clkbuf_1)
     1    0.005304    0.052936    0.062655    2.070525 ^ input69/X (sky130_fd_sc_hd__clkbuf_1)
                                                         net69 (net)
                      0.052954    0.000163    2.070688 ^ _072_/A (sky130_fd_sc_hd__inv_2)
     2    0.007779    0.021617    0.024855    2.095544 v _072_/Y (sky130_fd_sc_hd__inv_2)
                                                         _067_ (net)
                      0.021624    0.000296    2.095840 v _081_/A1 (sky130_fd_sc_hd__o21ai_1)
     1    0.002031    0.061378    0.073348    2.169188 ^ _081_/Y (sky130_fd_sc_hd__o21ai_1)
                                                         net103 (net)
                      0.061378    0.000039    2.169227 ^ output103/A (sky130_fd_sc_hd__buf_2)
     1    0.035658    0.133088    0.149205    2.318432 ^ output103/X (sky130_fd_sc_hd__buf_2)
                                                         HREADYOUT (net)
                      0.133094    0.000727    2.319159 ^ HREADYOUT (out)
                                              2.319159   data arrival time

                                 10.000000   10.000000   clock HCLK (rise edge)
                                  0.000000   10.000000   clock network delay (propagated)
                                 -0.250000    9.750000   clock uncertainty
                                  0.000000    9.750000   clock reconvergence pessimism
                                 -2.000000    7.750000   output external delay
                                              7.750000   data required time
---------------------------------------------------------------------------------------------
                                              7.750000   data required time
                                             -2.319159   data arrival time
---------------------------------------------------------------------------------------------
                                              5.430841   slack (MET)


Startpoint: PRDATA[12] (input port clocked by HCLK)
Endpoint: HRDATA[12] (output port clocked by HCLK)
Path Group: HCLK
Path Type: max

Fanout         Cap        Slew       Delay        Time   Description
---------------------------------------------------------------------------------------------
                                  0.000000    0.000000   clock HCLK (rise edge)
                                  0.000000    0.000000   clock network delay (propagated)
                                  2.000000    2.000000 ^ input external delay
     1    0.003307    0.015737    0.008574    2.008574 ^ PRDATA[12] (in)
                                                         PRDATA[12] (net)
                      0.015737    0.000000    2.008574 ^ _230_/A (sky130_fd_sc_hd__clkbuf_1)
     1    0.008447    0.079491    0.081252    2.089826 ^ _230_/X (sky130_fd_sc_hd__clkbuf_1)
                                                         net74 (net)
                      0.079493    0.000371    2.090197 ^ output74/A (sky130_fd_sc_hd__buf_2)
     1    0.034682    0.129570    0.150989    2.241186 ^ output74/X (sky130_fd_sc_hd__buf_2)
                                                         HRDATA[12] (net)
                      0.129613    0.000672    2.241858 ^ HRDATA[12] (out)
                                              2.241858   data arrival time

                                 10.000000   10.000000   clock HCLK (rise edge)
                                  0.000000   10.000000   clock network delay (propagated)
                                 -0.250000    9.750000   clock uncertainty
                                  0.000000    9.750000   clock reconvergence pessimism
                                 -2.000000    7.750000   output external delay
                                              7.750000   data required time
---------------------------------------------------------------------------------------------
                                              7.750000   data required time
                                             -2.241858   data arrival time
---------------------------------------------------------------------------------------------
                                              5.508142   slack (MET)


Startpoint: PRDATA[22] (input port clocked by HCLK)
Endpoint: HRDATA[22] (output port clocked by HCLK)
Path Group: HCLK
Path Type: max

Fanout         Cap        Slew       Delay        Time   Description
---------------------------------------------------------------------------------------------
                                  0.000000    0.000000   clock HCLK (rise edge)
                                  0.000000    0.000000   clock network delay (propagated)
                                  2.000000    2.000000 ^ input external delay
     1    0.003227    0.015447    0.008360    2.008360 ^ PRDATA[22] (in)
                                                         PRDATA[22] (net)
                      0.015448    0.000000    2.008360 ^ _240_/A (sky130_fd_sc_hd__clkbuf_1)
     1    0.007346    0.070187    0.074744    2.083104 ^ _240_/X (sky130_fd_sc_hd__clkbuf_1)
                                                         net85 (net)
                      0.070189    0.000327    2.083431 ^ output85/A (sky130_fd_sc_hd__buf_2)
     1    0.035821    0.133680    0.151484    2.234915 ^ output85/X (sky130_fd_sc_hd__buf_2)
                                                         HRDATA[22] (net)
                      0.133689    0.000929    2.235844 ^ HRDATA[22] (out)
                                              2.235844   data arrival time

                                 10.000000   10.000000   clock HCLK (rise edge)
                                  0.000000   10.000000   clock network delay (propagated)
                                 -0.250000    9.750000   clock uncertainty
                                  0.000000    9.750000   clock reconvergence pessimism
                                 -2.000000    7.750000   output external delay
                                              7.750000   data required time
---------------------------------------------------------------------------------------------
                                              7.750000   data required time
                                             -2.235844   data arrival time
---------------------------------------------------------------------------------------------
                                              5.514156   slack (MET)


Startpoint: PRDATA[4] (input port clocked by HCLK)
Endpoint: HRDATA[4] (output port clocked by HCLK)
Path Group: HCLK
Path Type: max

Fanout         Cap        Slew       Delay        Time   Description
---------------------------------------------------------------------------------------------
                                  0.000000    0.000000   clock HCLK (rise edge)
                                  0.000000    0.000000   clock network delay (propagated)
                                  2.000000    2.000000 ^ input external delay
     1    0.003275    0.015619    0.008489    2.008489 ^ PRDATA[4] (in)
                                                         PRDATA[4] (net)
                      0.015620    0.000000    2.008489 ^ _222_/A (sky130_fd_sc_hd__clkbuf_1)
     1    0.005820    0.057298    0.065903    2.074393 ^ _222_/X (sky130_fd_sc_hd__clkbuf_1)
                                                         net97 (net)
                      0.057299    0.000224    2.074616 ^ output97/A (sky130_fd_sc_hd__buf_2)
     1    0.035388    0.132159    0.147437    2.222053 ^ output97/X (sky130_fd_sc_hd__buf_2)
                                                         HRDATA[4] (net)
                      0.132169    0.000967    2.223020 ^ HRDATA[4] (out)
                                              2.223020   data arrival time

                                 10.000000   10.000000   clock HCLK (rise edge)
                                  0.000000   10.000000   clock network delay (propagated)
                                 -0.250000    9.750000   clock uncertainty
                                  0.000000    9.750000   clock reconvergence pessimism
                                 -2.000000    7.750000   output external delay
                                              7.750000   data required time
---------------------------------------------------------------------------------------------
                                              7.750000   data required time
                                             -2.223020   data arrival time
---------------------------------------------------------------------------------------------
                                              5.526980   slack (MET)


Startpoint: PRDATA[17] (input port clocked by HCLK)
Endpoint: HRDATA[17] (output port clocked by HCLK)
Path Group: HCLK
Path Type: max

Fanout         Cap        Slew       Delay        Time   Description
---------------------------------------------------------------------------------------------
                                  0.000000    0.000000   clock HCLK (rise edge)
                                  0.000000    0.000000   clock network delay (propagated)
                                  2.000000    2.000000 ^ input external delay
     1    0.004185    0.018873    0.010875    2.010875 ^ PRDATA[17] (in)
                                                         PRDATA[17] (net)
                      0.018873    0.000000    2.010875 ^ _235_/A (sky130_fd_sc_hd__clkbuf_1)
     1    0.005266    0.052635    0.063525    2.074400 ^ _235_/X (sky130_fd_sc_hd__clkbuf_1)
                                                         net79 (net)
                      0.052655    0.000226    2.074626 ^ output79/A (sky130_fd_sc_hd__buf_2)
     1    0.034818    0.130103    0.145157    2.219782 ^ output79/X (sky130_fd_sc_hd__buf_2)
                                                         HRDATA[17] (net)
                      0.130108    0.000639    2.220422 ^ HRDATA[17] (out)
                                              2.220422   data arrival time

                                 10.000000   10.000000   clock HCLK (rise edge)
                                  0.000000   10.000000   clock network delay (propagated)
                                 -0.250000    9.750000   clock uncertainty
                                  0.000000    9.750000   clock reconvergence pessimism
                                 -2.000000    7.750000   output external delay
                                              7.750000   data required time
---------------------------------------------------------------------------------------------
                                              7.750000   data required time
                                             -2.220422   data arrival time
---------------------------------------------------------------------------------------------
                                              5.529579   slack (MET)


Startpoint: PRDATA[21] (input port clocked by HCLK)
Endpoint: HRDATA[21] (output port clocked by HCLK)
Path Group: HCLK
Path Type: max

Fanout         Cap        Slew       Delay        Time   Description
---------------------------------------------------------------------------------------------
                                  0.000000    0.000000   clock HCLK (rise edge)
                                  0.000000    0.000000   clock network delay (propagated)
                                  2.000000    2.000000 ^ input external delay
     1    0.010336    0.039673    0.026099    2.026099 ^ PRDATA[21] (in)
                                                         PRDATA[21] (net)
                      0.039681    0.000000    2.026099 ^ _239_/A (sky130_fd_sc_hd__clkbuf_1)
     1    0.002676    0.031247    0.052716    2.078815 ^ _239_/X (sky130_fd_sc_hd__clkbuf_1)
                                                         net84 (net)
                      0.031247    0.000058    2.078874 ^ output84/A (sky130_fd_sc_hd__buf_2)
     1    0.034482    0.129027    0.137776    2.216650 ^ output84/X (sky130_fd_sc_hd__buf_2)
                                                         HRDATA[21] (net)
                      0.129032    0.000725    2.217374 ^ HRDATA[21] (out)
                                              2.217374   data arrival time

                                 10.000000   10.000000   clock HCLK (rise edge)
                                  0.000000   10.000000   clock network delay (propagated)
                                 -0.250000    9.750000   clock uncertainty
                                  0.000000    9.750000   clock reconvergence pessimism
                                 -2.000000    7.750000   output external delay
                                              7.750000   data required time
---------------------------------------------------------------------------------------------
                                              7.750000   data required time
                                             -2.217374   data arrival time
---------------------------------------------------------------------------------------------
                                              5.532626   slack (MET)


Startpoint: PRDATA[5] (input port clocked by HCLK)
Endpoint: HRDATA[5] (output port clocked by HCLK)
Path Group: HCLK
Path Type: max

Fanout         Cap        Slew       Delay        Time   Description
---------------------------------------------------------------------------------------------
                                  0.000000    0.000000   clock HCLK (rise edge)
                                  0.000000    0.000000   clock network delay (propagated)
                                  2.000000    2.000000 ^ input external delay
     1    0.003490    0.016395    0.009057    2.009057 ^ PRDATA[5] (in)
                                                         PRDATA[5] (net)
                      0.016395    0.000000    2.009057 ^ _223_/A (sky130_fd_sc_hd__clkbuf_1)
     1    0.004202    0.043707    0.056653    2.065709 ^ _223_/X (sky130_fd_sc_hd__clkbuf_1)
                                                         net98 (net)
                      0.043707    0.000160    2.065869 ^ output98/A (sky130_fd_sc_hd__buf_2)
     1    0.035231    0.131628    0.143257    2.209126 ^ output98/X (sky130_fd_sc_hd__buf_2)
                                                         HRDATA[5] (net)
                      0.131637    0.000941    2.210067 ^ HRDATA[5] (out)
                                              2.210067   data arrival time

                                 10.000000   10.000000   clock HCLK (rise edge)
                                  0.000000   10.000000   clock network delay (propagated)
                                 -0.250000    9.750000   clock uncertainty
                                  0.000000    9.750000   clock reconvergence pessimism
                                 -2.000000    7.750000   output external delay
                                              7.750000   data required time
---------------------------------------------------------------------------------------------
                                              7.750000   data required time
                                             -2.210067   data arrival time
---------------------------------------------------------------------------------------------
                                              5.539933   slack (MET)


Startpoint: PRDATA[18] (input port clocked by HCLK)
Endpoint: HRDATA[18] (output port clocked by HCLK)
Path Group: HCLK
Path Type: max

Fanout         Cap        Slew       Delay        Time   Description
---------------------------------------------------------------------------------------------
                                  0.000000    0.000000   clock HCLK (rise edge)
                                  0.000000    0.000000   clock network delay (propagated)
                                  2.000000    2.000000 ^ input external delay
     1    0.008564    0.033677    0.021714    2.021714 ^ PRDATA[18] (in)
                                                         PRDATA[18] (net)
                      0.033682    0.000000    2.021714 ^ _236_/A (sky130_fd_sc_hd__clkbuf_1)
     1    0.002029    0.026024    0.047645    2.069358 ^ _236_/X (sky130_fd_sc_hd__clkbuf_1)
                                                         net80 (net)
                      0.026024    0.000039    2.069397 ^ output80/A (sky130_fd_sc_hd__buf_2)
     1    0.035376    0.132247    0.138271    2.207669 ^ output80/X (sky130_fd_sc_hd__buf_2)
                                                         HRDATA[18] (net)
                      0.132256    0.000912    2.208581 ^ HRDATA[18] (out)
                                              2.208581   data arrival time

                                 10.000000   10.000000   clock HCLK (rise edge)
                                  0.000000   10.000000   clock network delay (propagated)
                                 -0.250000    9.750000   clock uncertainty
                                  0.000000    9.750000   clock reconvergence pessimism
                                 -2.000000    7.750000   output external delay
                                              7.750000   data required time
---------------------------------------------------------------------------------------------
                                              7.750000   data required time
                                             -2.208581   data arrival time
---------------------------------------------------------------------------------------------
                                              5.541419   slack (MET)


Startpoint: PRDATA[10] (input port clocked by HCLK)
Endpoint: HRDATA[10] (output port clocked by HCLK)
Path Group: HCLK
Path Type: max

Fanout         Cap        Slew       Delay        Time   Description
---------------------------------------------------------------------------------------------
                                  0.000000    0.000000   clock HCLK (rise edge)
                                  0.000000    0.000000   clock network delay (propagated)
                                  2.000000    2.000000 ^ input external delay
     1    0.008304    0.032796    0.021093    2.021093 ^ PRDATA[10] (in)
                                                         PRDATA[10] (net)
                      0.032801    0.000000    2.021093 ^ _228_/A (sky130_fd_sc_hd__clkbuf_1)
     1    0.002250    0.027763    0.048789    2.069882 ^ _228_/X (sky130_fd_sc_hd__clkbuf_1)
                                                         net72 (net)
                      0.027763    0.000063    2.069945 ^ output72/A (sky130_fd_sc_hd__buf_2)
     1    0.034294    0.128370    0.136242    2.206187 ^ output72/X (sky130_fd_sc_hd__buf_2)
                                                         HRDATA[10] (net)
                      0.128377    0.000753    2.206940 ^ HRDATA[10] (out)
                                              2.206940   data arrival time

                                 10.000000   10.000000   clock HCLK (rise edge)
                                  0.000000   10.000000   clock network delay (propagated)
                                 -0.250000    9.750000   clock uncertainty
                                  0.000000    9.750000   clock reconvergence pessimism
                                 -2.000000    7.750000   output external delay
                                              7.750000   data required time
---------------------------------------------------------------------------------------------
                                              7.750000   data required time
                                             -2.206940   data arrival time
---------------------------------------------------------------------------------------------
                                              5.543059   slack (MET)


Startpoint: PRDATA[29] (input port clocked by HCLK)
Endpoint: HRDATA[29] (output port clocked by HCLK)
Path Group: HCLK
Path Type: max

Fanout         Cap        Slew       Delay        Time   Description
---------------------------------------------------------------------------------------------
                                  0.000000    0.000000   clock HCLK (rise edge)
                                  0.000000    0.000000   clock network delay (propagated)
                                  2.000000    2.000000 ^ input external delay
     1    0.003831    0.017622    0.009959    2.009959 ^ PRDATA[29] (in)
                                                         PRDATA[29] (net)
                      0.017623    0.000000    2.009959 ^ _247_/A (sky130_fd_sc_hd__clkbuf_1)
     1    0.003841    0.040697    0.054879    2.064838 ^ _247_/X (sky130_fd_sc_hd__clkbuf_1)
                                                         net92 (net)
                      0.040697    0.000131    2.064969 ^ output92/A (sky130_fd_sc_hd__buf_2)
     1    0.034294    0.128285    0.140163    2.205132 ^ output92/X (sky130_fd_sc_hd__buf_2)
                                                         HRDATA[29] (net)
                      0.128292    0.000753    2.205885 ^ HRDATA[29] (out)
                                              2.205885   data arrival time

                                 10.000000   10.000000   clock HCLK (rise edge)
                                  0.000000   10.000000   clock network delay (propagated)
                                 -0.250000    9.750000   clock uncertainty
                                  0.000000    9.750000   clock reconvergence pessimism
                                 -2.000000    7.750000   output external delay
                                              7.750000   data required time
---------------------------------------------------------------------------------------------
                                              7.750000   data required time
                                             -2.205885   data arrival time
---------------------------------------------------------------------------------------------
                                              5.544115   slack (MET)


Startpoint: PRDATA[24] (input port clocked by HCLK)
Endpoint: HRDATA[24] (output port clocked by HCLK)
Path Group: HCLK
Path Type: max

Fanout         Cap        Slew       Delay        Time   Description
---------------------------------------------------------------------------------------------
                                  0.000000    0.000000   clock HCLK (rise edge)
                                  0.000000    0.000000   clock network delay (propagated)
                                  2.000000    2.000000 ^ input external delay
     1    0.006962    0.028273    0.017803    2.017803 ^ PRDATA[24] (in)
                                                         PRDATA[24] (net)
                      0.028276    0.000000    2.017803 ^ _242_/A (sky130_fd_sc_hd__clkbuf_1)
     1    0.002500    0.029716    0.049385    2.067187 ^ _242_/X (sky130_fd_sc_hd__clkbuf_1)
                                                         net87 (net)
                      0.029716    0.000073    2.067260 ^ output87/A (sky130_fd_sc_hd__buf_2)
     1    0.034294    0.128366    0.136834    2.204094 ^ output87/X (sky130_fd_sc_hd__buf_2)
                                                         HRDATA[24] (net)
                      0.128372    0.000753    2.204847 ^ HRDATA[24] (out)
                                              2.204847   data arrival time

                                 10.000000   10.000000   clock HCLK (rise edge)
                                  0.000000   10.000000   clock network delay (propagated)
                                 -0.250000    9.750000   clock uncertainty
                                  0.000000    9.750000   clock reconvergence pessimism
                                 -2.000000    7.750000   output external delay
                                              7.750000   data required time
---------------------------------------------------------------------------------------------
                                              7.750000   data required time
                                             -2.204847   data arrival time
---------------------------------------------------------------------------------------------
                                              5.545153   slack (MET)


Startpoint: PRDATA[20] (input port clocked by HCLK)
Endpoint: HRDATA[20] (output port clocked by HCLK)
Path Group: HCLK
Path Type: max

Fanout         Cap        Slew       Delay        Time   Description
---------------------------------------------------------------------------------------------
                                  0.000000    0.000000   clock HCLK (rise edge)
                                  0.000000    0.000000   clock network delay (propagated)
                                  2.000000    2.000000 ^ input external delay
     1    0.004698    0.020661    0.012244    2.012244 ^ PRDATA[20] (in)
                                                         PRDATA[20] (net)
                      0.020662    0.000000    2.012244 ^ _238_/A (sky130_fd_sc_hd__clkbuf_1)
     1    0.002993    0.033705    0.050665    2.062909 ^ _238_/X (sky130_fd_sc_hd__clkbuf_1)
                                                         net83 (net)
                      0.033705    0.000095    2.063004 ^ output83/A (sky130_fd_sc_hd__buf_2)
     1    0.035183    0.131526    0.140208    2.203212 ^ output83/X (sky130_fd_sc_hd__buf_2)
                                                         HRDATA[20] (net)
                      0.131533    0.000795    2.204007 ^ HRDATA[20] (out)
                                              2.204007   data arrival time

                                 10.000000   10.000000   clock HCLK (rise edge)
                                  0.000000   10.000000   clock network delay (propagated)
                                 -0.250000    9.750000   clock uncertainty
                                  0.000000    9.750000   clock reconvergence pessimism
                                 -2.000000    7.750000   output external delay
                                              7.750000   data required time
---------------------------------------------------------------------------------------------
                                              7.750000   data required time
                                             -2.204007   data arrival time
---------------------------------------------------------------------------------------------
                                              5.545993   slack (MET)


Startpoint: PRDATA[13] (input port clocked by HCLK)
Endpoint: HRDATA[13] (output port clocked by HCLK)
Path Group: HCLK
Path Type: max

Fanout         Cap        Slew       Delay        Time   Description
---------------------------------------------------------------------------------------------
                                  0.000000    0.000000   clock HCLK (rise edge)
                                  0.000000    0.000000   clock network delay (propagated)
                                  2.000000    2.000000 ^ input external delay
     1    0.004780    0.020948    0.012462    2.012462 ^ PRDATA[13] (in)
                                                         PRDATA[13] (net)
                      0.020950    0.000000    2.012462 ^ _231_/A (sky130_fd_sc_hd__clkbuf_1)
     1    0.003247    0.035785    0.052262    2.064724 ^ _231_/X (sky130_fd_sc_hd__clkbuf_1)
                                                         net75 (net)
                      0.035785    0.000105    2.064828 ^ output75/A (sky130_fd_sc_hd__buf_2)
     1    0.034181    0.127891    0.138428    2.203257 ^ output75/X (sky130_fd_sc_hd__buf_2)
                                                         HRDATA[13] (net)
                      0.127896    0.000707    2.203963 ^ HRDATA[13] (out)
                                              2.203963   data arrival time

                                 10.000000   10.000000   clock HCLK (rise edge)
                                  0.000000   10.000000   clock network delay (propagated)
                                 -0.250000    9.750000   clock uncertainty
                                  0.000000    9.750000   clock reconvergence pessimism
                                 -2.000000    7.750000   output external delay
                                              7.750000   data required time
---------------------------------------------------------------------------------------------
                                              7.750000   data required time
                                             -2.203963   data arrival time
---------------------------------------------------------------------------------------------
                                              5.546037   slack (MET)


Startpoint: PRDATA[16] (input port clocked by HCLK)
Endpoint: HRDATA[16] (output port clocked by HCLK)
Path Group: HCLK
Path Type: max

Fanout         Cap        Slew       Delay        Time   Description
---------------------------------------------------------------------------------------------
                                  0.000000    0.000000   clock HCLK (rise edge)
                                  0.000000    0.000000   clock network delay (propagated)
                                  2.000000    2.000000 ^ input external delay
     1    0.005033    0.021791    0.013100    2.013100 ^ PRDATA[16] (in)
                                                         PRDATA[16] (net)
                      0.021793    0.000000    2.013100 ^ _234_/A (sky130_fd_sc_hd__clkbuf_1)
     1    0.002896    0.032912    0.050388    2.063488 ^ _234_/X (sky130_fd_sc_hd__clkbuf_1)
                                                         net78 (net)
                      0.032912    0.000087    2.063575 ^ output78/A (sky130_fd_sc_hd__buf_2)
     1    0.034425    0.128769    0.138131    2.201706 ^ output78/X (sky130_fd_sc_hd__buf_2)
                                                         HRDATA[16] (net)
                      0.128775    0.000749    2.202455 ^ HRDATA[16] (out)
                                              2.202455   data arrival time

                                 10.000000   10.000000   clock HCLK (rise edge)
                                  0.000000   10.000000   clock network delay (propagated)
                                 -0.250000    9.750000   clock uncertainty
                                  0.000000    9.750000   clock reconvergence pessimism
                                 -2.000000    7.750000   output external delay
                                              7.750000   data required time
---------------------------------------------------------------------------------------------
                                              7.750000   data required time
                                             -2.202455   data arrival time
---------------------------------------------------------------------------------------------
                                              5.547545   slack (MET)


Startpoint: PRDATA[25] (input port clocked by HCLK)
Endpoint: HRDATA[25] (output port clocked by HCLK)
Path Group: HCLK
Path Type: max

Fanout         Cap        Slew       Delay        Time   Description
---------------------------------------------------------------------------------------------
                                  0.000000    0.000000   clock HCLK (rise edge)
                                  0.000000    0.000000   clock network delay (propagated)
                                  2.000000    2.000000 ^ input external delay
     1    0.005232    0.022476    0.013554    2.013554 ^ PRDATA[25] (in)
                                                         PRDATA[25] (net)
                      0.022477    0.000000    2.013554 ^ _243_/A (sky130_fd_sc_hd__clkbuf_1)
     1    0.002406    0.028905    0.047633    2.061188 ^ _243_/X (sky130_fd_sc_hd__clkbuf_1)
                                                         net88 (net)
                      0.028905    0.000069    2.061256 ^ output88/A (sky130_fd_sc_hd__buf_2)
     1    0.035555    0.132850    0.139730    2.200986 ^ output88/X (sky130_fd_sc_hd__buf_2)
                                                         HRDATA[25] (net)
                      0.132855    0.000709    2.201695 ^ HRDATA[25] (out)
                                              2.201695   data arrival time

                                 10.000000   10.000000   clock HCLK (rise edge)
                                  0.000000   10.000000   clock network delay (propagated)
                                 -0.250000    9.750000   clock uncertainty
                                  0.000000    9.750000   clock reconvergence pessimism
                                 -2.000000    7.750000   output external delay
                                              7.750000   data required time
---------------------------------------------------------------------------------------------
                                              7.750000   data required time
                                             -2.201695   data arrival time
---------------------------------------------------------------------------------------------
                                              5.548305   slack (MET)


Startpoint: PRDATA[7] (input port clocked by HCLK)
Endpoint: HRDATA[7] (output port clocked by HCLK)
Path Group: HCLK
Path Type: max

Fanout         Cap        Slew       Delay        Time   Description
---------------------------------------------------------------------------------------------
                                  0.000000    0.000000   clock HCLK (rise edge)
                                  0.000000    0.000000   clock network delay (propagated)
                                  2.000000    2.000000 ^ input external delay
     1    0.003747    0.017320    0.009733    2.009733 ^ PRDATA[7] (in)
                                                         PRDATA[7] (net)
                      0.017321    0.000000    2.009733 ^ _225_/A (sky130_fd_sc_hd__clkbuf_1)
     1    0.003262    0.035899    0.051374    2.061107 ^ _225_/X (sky130_fd_sc_hd__clkbuf_1)
                                                         net100 (net)
                      0.035899    0.000108    2.061215 ^ output100/A (sky130_fd_sc_hd__buf_2)
     1    0.034185    0.127902    0.138470    2.199685 ^ output100/X (sky130_fd_sc_hd__buf_2)
                                                         HRDATA[7] (net)
                      0.127907    0.000707    2.200392 ^ HRDATA[7] (out)
                                              2.200392   data arrival time

                                 10.000000   10.000000   clock HCLK (rise edge)
                                  0.000000   10.000000   clock network delay (propagated)
                                 -0.250000    9.750000   clock uncertainty
                                  0.000000    9.750000   clock reconvergence pessimism
                                 -2.000000    7.750000   output external delay
                                              7.750000   data required time
---------------------------------------------------------------------------------------------
                                              7.750000   data required time
                                             -2.200392   data arrival time
---------------------------------------------------------------------------------------------
                                              5.549609   slack (MET)


Startpoint: PRDATA[31] (input port clocked by HCLK)
Endpoint: HRDATA[31] (output port clocked by HCLK)
Path Group: HCLK
Path Type: max

Fanout         Cap        Slew       Delay        Time   Description
---------------------------------------------------------------------------------------------
                                  0.000000    0.000000   clock HCLK (rise edge)
                                  0.000000    0.000000   clock network delay (propagated)
                                  2.000000    2.000000 ^ input external delay
     1    0.004624    0.020398    0.012048    2.012048 ^ PRDATA[31] (in)
                                                         PRDATA[31] (net)
                      0.020399    0.000000    2.012048 ^ _249_/A (sky130_fd_sc_hd__clkbuf_1)
     1    0.002626    0.030691    0.048402    2.060450 ^ _249_/X (sky130_fd_sc_hd__clkbuf_1)
                                                         net95 (net)
                      0.030691    0.000075    2.060525 ^ output95/A (sky130_fd_sc_hd__buf_2)
     1    0.034670    0.129705    0.138035    2.198560 ^ output95/X (sky130_fd_sc_hd__buf_2)
                                                         HRDATA[31] (net)
                      0.129711    0.000778    2.199338 ^ HRDATA[31] (out)
                                              2.199338   data arrival time

                                 10.000000   10.000000   clock HCLK (rise edge)
                                  0.000000   10.000000   clock network delay (propagated)
                                 -0.250000    9.750000   clock uncertainty
                                  0.000000    9.750000   clock reconvergence pessimism
                                 -2.000000    7.750000   output external delay
                                              7.750000   data required time
---------------------------------------------------------------------------------------------
                                              7.750000   data required time
                                             -2.199338   data arrival time
---------------------------------------------------------------------------------------------
                                              5.550662   slack (MET)


Startpoint: PRDATA[19] (input port clocked by HCLK)
Endpoint: HRDATA[19] (output port clocked by HCLK)
Path Group: HCLK
Path Type: max

Fanout         Cap        Slew       Delay        Time   Description
---------------------------------------------------------------------------------------------
                                  0.000000    0.000000   clock HCLK (rise edge)
                                  0.000000    0.000000   clock network delay (propagated)
                                  2.000000    2.000000 ^ input external delay
     1    0.003913    0.017912    0.010173    2.010173 ^ PRDATA[19] (in)
                                                         PRDATA[19] (net)
                      0.017913    0.000000    2.010173 ^ _237_/A (sky130_fd_sc_hd__clkbuf_1)
     1    0.002994    0.033705    0.049942    2.060115 ^ _237_/X (sky130_fd_sc_hd__clkbuf_1)
                                                         net81 (net)
                      0.033705    0.000085    2.060200 ^ output81/A (sky130_fd_sc_hd__buf_2)
     1    0.034334    0.128446    0.138134    2.198334 ^ output81/X (sky130_fd_sc_hd__buf_2)
                                                         HRDATA[19] (net)
                      0.128453    0.000767    2.199102 ^ HRDATA[19] (out)
                                              2.199102   data arrival time

                                 10.000000   10.000000   clock HCLK (rise edge)
                                  0.000000   10.000000   clock network delay (propagated)
                                 -0.250000    9.750000   clock uncertainty
                                  0.000000    9.750000   clock reconvergence pessimism
                                 -2.000000    7.750000   output external delay
                                              7.750000   data required time
---------------------------------------------------------------------------------------------
                                              7.750000   data required time
                                             -2.199102   data arrival time
---------------------------------------------------------------------------------------------
                                              5.550899   slack (MET)


Startpoint: PRDATA[6] (input port clocked by HCLK)
Endpoint: HRDATA[6] (output port clocked by HCLK)
Path Group: HCLK
Path Type: max

Fanout         Cap        Slew       Delay        Time   Description
---------------------------------------------------------------------------------------------
                                  0.000000    0.000000   clock HCLK (rise edge)
                                  0.000000    0.000000   clock network delay (propagated)
                                  2.000000    2.000000 ^ input external delay
     1    0.004439    0.019769    0.011562    2.011562 ^ PRDATA[6] (in)
                                                         PRDATA[6] (net)
                      0.019770    0.000000    2.011562 ^ _224_/A (sky130_fd_sc_hd__clkbuf_1)
     1    0.002679    0.031119    0.048549    2.060112 ^ _224_/X (sky130_fd_sc_hd__clkbuf_1)
                                                         net99 (net)
                      0.031119    0.000078    2.060190 ^ output99/A (sky130_fd_sc_hd__buf_2)
     1    0.034334    0.128507    0.137349    2.197538 ^ output99/X (sky130_fd_sc_hd__buf_2)
                                                         HRDATA[6] (net)
                      0.128514    0.000767    2.198306 ^ HRDATA[6] (out)
                                              2.198306   data arrival time

                                 10.000000   10.000000   clock HCLK (rise edge)
                                  0.000000   10.000000   clock network delay (propagated)
                                 -0.250000    9.750000   clock uncertainty
                                  0.000000    9.750000   clock reconvergence pessimism
                                 -2.000000    7.750000   output external delay
                                              7.750000   data required time
---------------------------------------------------------------------------------------------
                                              7.750000   data required time
                                             -2.198306   data arrival time
---------------------------------------------------------------------------------------------
                                              5.551694   slack (MET)


Startpoint: PRDATA[26] (input port clocked by HCLK)
Endpoint: HRDATA[26] (output port clocked by HCLK)
Path Group: HCLK
Path Type: max

Fanout         Cap        Slew       Delay        Time   Description
---------------------------------------------------------------------------------------------
                                  0.000000    0.000000   clock HCLK (rise edge)
                                  0.000000    0.000000   clock network delay (propagated)
                                  2.000000    2.000000 ^ input external delay
     1    0.003864    0.017736    0.010045    2.010045 ^ PRDATA[26] (in)
                                                         PRDATA[26] (net)
                      0.017737    0.000000    2.010045 ^ _244_/A (sky130_fd_sc_hd__clkbuf_1)
     1    0.002861    0.032605    0.049098    2.059143 ^ _244_/X (sky130_fd_sc_hd__clkbuf_1)
                                                         net89 (net)
                      0.032605    0.000087    2.059230 ^ output89/A (sky130_fd_sc_hd__buf_2)
     1    0.034334    0.128449    0.137801    2.197031 ^ output89/X (sky130_fd_sc_hd__buf_2)
                                                         HRDATA[26] (net)
                      0.128456    0.000767    2.197799 ^ HRDATA[26] (out)
                                              2.197799   data arrival time

                                 10.000000   10.000000   clock HCLK (rise edge)
                                  0.000000   10.000000   clock network delay (propagated)
                                 -0.250000    9.750000   clock uncertainty
                                  0.000000    9.750000   clock reconvergence pessimism
                                 -2.000000    7.750000   output external delay
                                              7.750000   data required time
---------------------------------------------------------------------------------------------
                                              7.750000   data required time
                                             -2.197799   data arrival time
---------------------------------------------------------------------------------------------
                                              5.552201   slack (MET)


Startpoint: PRDATA[28] (input port clocked by HCLK)
Endpoint: HRDATA[28] (output port clocked by HCLK)
Path Group: HCLK
Path Type: max

Fanout         Cap        Slew       Delay        Time   Description
---------------------------------------------------------------------------------------------
                                  0.000000    0.000000   clock HCLK (rise edge)
                                  0.000000    0.000000   clock network delay (propagated)
                                  2.000000    2.000000 ^ input external delay
     1    0.005533    0.023483    0.014300    2.014300 ^ PRDATA[28] (in)
                                                         PRDATA[28] (net)
                      0.023485    0.000000    2.014300 ^ _246_/A (sky130_fd_sc_hd__clkbuf_1)
     1    0.002206    0.027294    0.046671    2.060971 ^ _246_/X (sky130_fd_sc_hd__clkbuf_1)
                                                         net91 (net)
                      0.027294    0.000063    2.061034 ^ output91/A (sky130_fd_sc_hd__buf_2)
     1    0.034115    0.127725    0.135689    2.196723 ^ output91/X (sky130_fd_sc_hd__buf_2)
                                                         HRDATA[28] (net)
                      0.127731    0.000706    2.197428 ^ HRDATA[28] (out)
                                              2.197428   data arrival time

                                 10.000000   10.000000   clock HCLK (rise edge)
                                  0.000000   10.000000   clock network delay (propagated)
                                 -0.250000    9.750000   clock uncertainty
                                  0.000000    9.750000   clock reconvergence pessimism
                                 -2.000000    7.750000   output external delay
                                              7.750000   data required time
---------------------------------------------------------------------------------------------
                                              7.750000   data required time
                                             -2.197428   data arrival time
---------------------------------------------------------------------------------------------
                                              5.552571   slack (MET)


Startpoint: PRDATA[15] (input port clocked by HCLK)
Endpoint: HRDATA[15] (output port clocked by HCLK)
Path Group: HCLK
Path Type: max

Fanout         Cap        Slew       Delay        Time   Description
---------------------------------------------------------------------------------------------
                                  0.000000    0.000000   clock HCLK (rise edge)
                                  0.000000    0.000000   clock network delay (propagated)
                                  2.000000    2.000000 ^ input external delay
     1    0.005214    0.022417    0.013522    2.013522 ^ PRDATA[15] (in)
                                                         PRDATA[15] (net)
                      0.022418    0.000000    2.013522 ^ _233_/A (sky130_fd_sc_hd__clkbuf_1)
     1    0.002125    0.026639    0.045933    2.059455 ^ _233_/X (sky130_fd_sc_hd__clkbuf_1)
                                                         net77 (net)
                      0.026639    0.000059    2.059514 ^ output77/A (sky130_fd_sc_hd__buf_2)
     1    0.034360    0.128608    0.136060    2.195575 ^ output77/X (sky130_fd_sc_hd__buf_2)
                                                         HRDATA[15] (net)
                      0.128614    0.000758    2.196333 ^ HRDATA[15] (out)
                                              2.196333   data arrival time

                                 10.000000   10.000000   clock HCLK (rise edge)
                                  0.000000   10.000000   clock network delay (propagated)
                                 -0.250000    9.750000   clock uncertainty
                                  0.000000    9.750000   clock reconvergence pessimism
                                 -2.000000    7.750000   output external delay
                                              7.750000   data required time
---------------------------------------------------------------------------------------------
                                              7.750000   data required time
                                             -2.196333   data arrival time
---------------------------------------------------------------------------------------------
                                              5.553667   slack (MET)


Startpoint: PRDATA[27] (input port clocked by HCLK)
Endpoint: HRDATA[27] (output port clocked by HCLK)
Path Group: HCLK
Path Type: max

Fanout         Cap        Slew       Delay        Time   Description
---------------------------------------------------------------------------------------------
                                  0.000000    0.000000   clock HCLK (rise edge)
                                  0.000000    0.000000   clock network delay (propagated)
                                  2.000000    2.000000 ^ input external delay
     1    0.004712    0.020709    0.012274    2.012274 ^ PRDATA[27] (in)
                                                         PRDATA[27] (net)
                      0.020710    0.000000    2.012274 ^ _245_/A (sky130_fd_sc_hd__clkbuf_1)
     1    0.002327    0.028269    0.046695    2.058968 ^ _245_/X (sky130_fd_sc_hd__clkbuf_1)
                                                         net90 (net)
                      0.028269    0.000067    2.059035 ^ output90/A (sky130_fd_sc_hd__buf_2)
     1    0.034245    0.128189    0.136303    2.195338 ^ output90/X (sky130_fd_sc_hd__buf_2)
                                                         HRDATA[27] (net)
                      0.128194    0.000709    2.196047 ^ HRDATA[27] (out)
                                              2.196047   data arrival time

                                 10.000000   10.000000   clock HCLK (rise edge)
                                  0.000000   10.000000   clock network delay (propagated)
                                 -0.250000    9.750000   clock uncertainty
                                  0.000000    9.750000   clock reconvergence pessimism
                                 -2.000000    7.750000   output external delay
                                              7.750000   data required time
---------------------------------------------------------------------------------------------
                                              7.750000   data required time
                                             -2.196047   data arrival time
---------------------------------------------------------------------------------------------
                                              5.553953   slack (MET)


Startpoint: PRDATA[2] (input port clocked by HCLK)
Endpoint: HRDATA[2] (output port clocked by HCLK)
Path Group: HCLK
Path Type: max

Fanout         Cap        Slew       Delay        Time   Description
---------------------------------------------------------------------------------------------
                                  0.000000    0.000000   clock HCLK (rise edge)
                                  0.000000    0.000000   clock network delay (propagated)
                                  2.000000    2.000000 ^ input external delay
     1    0.004193    0.018901    0.010914    2.010914 ^ PRDATA[2] (in)
                                                         PRDATA[2] (net)
                      0.018902    0.000000    2.010914 ^ _220_/A (sky130_fd_sc_hd__clkbuf_1)
     1    0.002515    0.029788    0.047341    2.058255 ^ _220_/X (sky130_fd_sc_hd__clkbuf_1)
                                                         net93 (net)
                      0.029788    0.000071    2.058326 ^ output93/A (sky130_fd_sc_hd__buf_2)
     1    0.034294    0.128366    0.136856    2.195182 ^ output93/X (sky130_fd_sc_hd__buf_2)
                                                         HRDATA[2] (net)
                      0.128372    0.000753    2.195935 ^ HRDATA[2] (out)
                                              2.195935   data arrival time

                                 10.000000   10.000000   clock HCLK (rise edge)
                                  0.000000   10.000000   clock network delay (propagated)
                                 -0.250000    9.750000   clock uncertainty
                                  0.000000    9.750000   clock reconvergence pessimism
                                 -2.000000    7.750000   output external delay
                                              7.750000   data required time
---------------------------------------------------------------------------------------------
                                              7.750000   data required time
                                             -2.195935   data arrival time
---------------------------------------------------------------------------------------------
                                              5.554065   slack (MET)


Startpoint: PRDATA[0] (input port clocked by HCLK)
Endpoint: HRDATA[0] (output port clocked by HCLK)
Path Group: HCLK
Path Type: max

Fanout         Cap        Slew       Delay        Time   Description
---------------------------------------------------------------------------------------------
                                  0.000000    0.000000   clock HCLK (rise edge)
                                  0.000000    0.000000   clock network delay (propagated)
                                  2.000000    2.000000 ^ input external delay
     1    0.003595    0.016774    0.009336    2.009336 ^ PRDATA[0] (in)
                                                         PRDATA[0] (net)
                      0.016774    0.000000    2.009336 ^ _218_/A (sky130_fd_sc_hd__clkbuf_1)
     1    0.002700    0.031290    0.047883    2.057219 ^ _218_/X (sky130_fd_sc_hd__clkbuf_1)
                                                         net71 (net)
                      0.031290    0.000075    2.057294 ^ output71/A (sky130_fd_sc_hd__buf_2)
     1    0.034393    0.128711    0.137558    2.194852 ^ output71/X (sky130_fd_sc_hd__buf_2)
                                                         HRDATA[0] (net)
                      0.128718    0.000747    2.195599 ^ HRDATA[0] (out)
                                              2.195599   data arrival time

                                 10.000000   10.000000   clock HCLK (rise edge)
                                  0.000000   10.000000   clock network delay (propagated)
                                 -0.250000    9.750000   clock uncertainty
                                  0.000000    9.750000   clock reconvergence pessimism
                                 -2.000000    7.750000   output external delay
                                              7.750000   data required time
---------------------------------------------------------------------------------------------
                                              7.750000   data required time
                                             -2.195599   data arrival time
---------------------------------------------------------------------------------------------
                                              5.554400   slack (MET)


Startpoint: PRDATA[8] (input port clocked by HCLK)
Endpoint: HRDATA[8] (output port clocked by HCLK)
Path Group: HCLK
Path Type: max

Fanout         Cap        Slew       Delay        Time   Description
---------------------------------------------------------------------------------------------
                                  0.000000    0.000000   clock HCLK (rise edge)
                                  0.000000    0.000000   clock network delay (propagated)
                                  2.000000    2.000000 ^ input external delay
     1    0.003632    0.016905    0.009432    2.009432 ^ PRDATA[8] (in)
                                                         PRDATA[8] (net)
                      0.016906    0.000000    2.009432 ^ _226_/A (sky130_fd_sc_hd__clkbuf_1)
     1    0.002637    0.030777    0.047539    2.056971 ^ _226_/X (sky130_fd_sc_hd__clkbuf_1)
                                                         net101 (net)
                      0.030777    0.000075    2.057047 ^ output101/A (sky130_fd_sc_hd__buf_2)
     1    0.034399    0.128736    0.137418    2.194464 ^ output101/X (sky130_fd_sc_hd__buf_2)
                                                         HRDATA[8] (net)
                      0.128742    0.000748    2.195212 ^ HRDATA[8] (out)
                                              2.195212   data arrival time

                                 10.000000   10.000000   clock HCLK (rise edge)
                                  0.000000   10.000000   clock network delay (propagated)
                                 -0.250000    9.750000   clock uncertainty
                                  0.000000    9.750000   clock reconvergence pessimism
                                 -2.000000    7.750000   output external delay
                                              7.750000   data required time
---------------------------------------------------------------------------------------------
                                              7.750000   data required time
                                             -2.195212   data arrival time
---------------------------------------------------------------------------------------------
                                              5.554788   slack (MET)


Startpoint: PRDATA[14] (input port clocked by HCLK)
Endpoint: HRDATA[14] (output port clocked by HCLK)
Path Group: HCLK
Path Type: max

Fanout         Cap        Slew       Delay        Time   Description
---------------------------------------------------------------------------------------------
                                  0.000000    0.000000   clock HCLK (rise edge)
                                  0.000000    0.000000   clock network delay (propagated)
                                  2.000000    2.000000 ^ input external delay
     1    0.004152    0.018755    0.010805    2.010805 ^ PRDATA[14] (in)
                                                         PRDATA[14] (net)
                      0.018756    0.000000    2.010805 ^ _232_/A (sky130_fd_sc_hd__clkbuf_1)
     1    0.002358    0.028518    0.046363    2.057168 ^ _232_/X (sky130_fd_sc_hd__clkbuf_1)
                                                         net76 (net)
                      0.028518    0.000066    2.057235 ^ output76/A (sky130_fd_sc_hd__buf_2)
     1    0.034318    0.128450    0.136543    2.193778 ^ output76/X (sky130_fd_sc_hd__buf_2)
                                                         HRDATA[14] (net)
                      0.128456    0.000733    2.194511 ^ HRDATA[14] (out)
                                              2.194511   data arrival time

                                 10.000000   10.000000   clock HCLK (rise edge)
                                  0.000000   10.000000   clock network delay (propagated)
                                 -0.250000    9.750000   clock uncertainty
                                  0.000000    9.750000   clock reconvergence pessimism
                                 -2.000000    7.750000   output external delay
                                              7.750000   data required time
---------------------------------------------------------------------------------------------
                                              7.750000   data required time
                                             -2.194511   data arrival time
---------------------------------------------------------------------------------------------
                                              5.555490   slack (MET)


Startpoint: PRDATA[30] (input port clocked by HCLK)
Endpoint: HRDATA[30] (output port clocked by HCLK)
Path Group: HCLK
Path Type: max

Fanout         Cap        Slew       Delay        Time   Description
---------------------------------------------------------------------------------------------
                                  0.000000    0.000000   clock HCLK (rise edge)
                                  0.000000    0.000000   clock network delay (propagated)
                                  2.000000    2.000000 ^ input external delay
     1    0.003632    0.016905    0.009429    2.009429 ^ PRDATA[30] (in)
                                                         PRDATA[30] (net)
                      0.016905    0.000000    2.009429 ^ _248_/A (sky130_fd_sc_hd__clkbuf_1)
     1    0.002244    0.027598    0.045191    2.054620 ^ _248_/X (sky130_fd_sc_hd__clkbuf_1)
                                                         net94 (net)
                      0.027598    0.000063    2.054683 ^ output94/A (sky130_fd_sc_hd__buf_2)
     1    0.035435    0.132437    0.138989    2.193672 ^ output94/X (sky130_fd_sc_hd__buf_2)
                                                         HRDATA[30] (net)
                      0.132443    0.000777    2.194449 ^ HRDATA[30] (out)
                                              2.194449   data arrival time

                                 10.000000   10.000000   clock HCLK (rise edge)
                                  0.000000   10.000000   clock network delay (propagated)
                                 -0.250000    9.750000   clock uncertainty
                                  0.000000    9.750000   clock reconvergence pessimism
                                 -2.000000    7.750000   output external delay
                                              7.750000   data required time
---------------------------------------------------------------------------------------------
                                              7.750000   data required time
                                             -2.194449   data arrival time
---------------------------------------------------------------------------------------------
                                              5.555551   slack (MET)


Startpoint: PRDATA[11] (input port clocked by HCLK)
Endpoint: HRDATA[11] (output port clocked by HCLK)
Path Group: HCLK
Path Type: max

Fanout         Cap        Slew       Delay        Time   Description
---------------------------------------------------------------------------------------------
                                  0.000000    0.000000   clock HCLK (rise edge)
                                  0.000000    0.000000   clock network delay (propagated)
                                  2.000000    2.000000 ^ input external delay
     1    0.003652    0.016977    0.009486    2.009486 ^ PRDATA[11] (in)
                                                         PRDATA[11] (net)
                      0.016978    0.000000    2.009486 ^ _229_/A (sky130_fd_sc_hd__clkbuf_1)
     1    0.002543    0.030013    0.046994    2.056480 ^ _229_/X (sky130_fd_sc_hd__clkbuf_1)
                                                         net73 (net)
                      0.030013    0.000077    2.056557 ^ output73/A (sky130_fd_sc_hd__buf_2)
     1    0.034216    0.128079    0.136760    2.193317 ^ output73/X (sky130_fd_sc_hd__buf_2)
                                                         HRDATA[11] (net)
                      0.128085    0.000708    2.194025 ^ HRDATA[11] (out)
                                              2.194025   data arrival time

                                 10.000000   10.000000   clock HCLK (rise edge)
                                  0.000000   10.000000   clock network delay (propagated)
                                 -0.250000    9.750000   clock uncertainty
                                  0.000000    9.750000   clock reconvergence pessimism
                                 -2.000000    7.750000   output external delay
                                              7.750000   data required time
---------------------------------------------------------------------------------------------
                                              7.750000   data required time
                                             -2.194025   data arrival time
---------------------------------------------------------------------------------------------
                                              5.555974   slack (MET)


Startpoint: PRDATA[1] (input port clocked by HCLK)
Endpoint: HRDATA[1] (output port clocked by HCLK)
Path Group: HCLK
Path Type: max

Fanout         Cap        Slew       Delay        Time   Description
---------------------------------------------------------------------------------------------
                                  0.000000    0.000000   clock HCLK (rise edge)
                                  0.000000    0.000000   clock network delay (propagated)
                                  2.000000    2.000000 ^ input external delay
     1    0.004331    0.019389    0.011275    2.011275 ^ PRDATA[1] (in)
                                                         PRDATA[1] (net)
                      0.019390    0.000000    2.011275 ^ _219_/A (sky130_fd_sc_hd__clkbuf_1)
     1    0.002215    0.027364    0.045673    2.056948 ^ _219_/X (sky130_fd_sc_hd__clkbuf_1)
                                                         net82 (net)
                      0.027364    0.000063    2.057011 ^ output82/A (sky130_fd_sc_hd__buf_2)
     1    0.034318    0.128453    0.136194    2.193205 ^ output82/X (sky130_fd_sc_hd__buf_2)
                                                         HRDATA[1] (net)
                      0.128459    0.000733    2.193938 ^ HRDATA[1] (out)
                                              2.193938   data arrival time

                                 10.000000   10.000000   clock HCLK (rise edge)
                                  0.000000   10.000000   clock network delay (propagated)
                                 -0.250000    9.750000   clock uncertainty
                                  0.000000    9.750000   clock reconvergence pessimism
                                 -2.000000    7.750000   output external delay
                                              7.750000   data required time
---------------------------------------------------------------------------------------------
                                              7.750000   data required time
                                             -2.193938   data arrival time
---------------------------------------------------------------------------------------------
                                              5.556062   slack (MET)


Startpoint: PRDATA[9] (input port clocked by HCLK)
Endpoint: HRDATA[9] (output port clocked by HCLK)
Path Group: HCLK
Path Type: max

Fanout         Cap        Slew       Delay        Time   Description
---------------------------------------------------------------------------------------------
                                  0.000000    0.000000   clock HCLK (rise edge)
                                  0.000000    0.000000   clock network delay (propagated)
                                  2.000000    2.000000 ^ input external delay
     1    0.004128    0.018670    0.010742    2.010742 ^ PRDATA[9] (in)
                                                         PRDATA[9] (net)
                      0.018671    0.000000    2.010742 ^ _227_/A (sky130_fd_sc_hd__clkbuf_1)
     1    0.002274    0.027839    0.045837    2.056579 ^ _227_/X (sky130_fd_sc_hd__clkbuf_1)
                                                         net102 (net)
                      0.027839    0.000064    2.056643 ^ output102/A (sky130_fd_sc_hd__buf_2)
     1    0.034294    0.128370    0.136265    2.192909 ^ output102/X (sky130_fd_sc_hd__buf_2)
                                                         HRDATA[9] (net)
                      0.128376    0.000753    2.193661 ^ HRDATA[9] (out)
                                              2.193661   data arrival time

                                 10.000000   10.000000   clock HCLK (rise edge)
                                  0.000000   10.000000   clock network delay (propagated)
                                 -0.250000    9.750000   clock uncertainty
                                  0.000000    9.750000   clock reconvergence pessimism
                                 -2.000000    7.750000   output external delay
                                              7.750000   data required time
---------------------------------------------------------------------------------------------
                                              7.750000   data required time
                                             -2.193661   data arrival time
---------------------------------------------------------------------------------------------
                                              5.556339   slack (MET)


Startpoint: PRDATA[3] (input port clocked by HCLK)
Endpoint: HRDATA[3] (output port clocked by HCLK)
Path Group: HCLK
Path Type: max

Fanout         Cap        Slew       Delay        Time   Description
---------------------------------------------------------------------------------------------
                                  0.000000    0.000000   clock HCLK (rise edge)
                                  0.000000    0.000000   clock network delay (propagated)
                                  2.000000    2.000000 ^ input external delay
     1    0.003468    0.016313    0.008999    2.008999 ^ PRDATA[3] (in)
                                                         PRDATA[3] (net)
                      0.016314    0.000000    2.008999 ^ _221_/A (sky130_fd_sc_hd__clkbuf_1)
     1    0.002514    0.029781    0.046650    2.055649 ^ _221_/X (sky130_fd_sc_hd__clkbuf_1)
                                                         net96 (net)
                      0.029781    0.000071    2.055720 ^ output96/A (sky130_fd_sc_hd__buf_2)
     1    0.034400    0.128745    0.137102    2.192822 ^ output96/X (sky130_fd_sc_hd__buf_2)
                                                         HRDATA[3] (net)
                      0.128751    0.000772    2.193594 ^ HRDATA[3] (out)
                                              2.193594   data arrival time

                                 10.000000   10.000000   clock HCLK (rise edge)
                                  0.000000   10.000000   clock network delay (propagated)
                                 -0.250000    9.750000   clock uncertainty
                                  0.000000    9.750000   clock reconvergence pessimism
                                 -2.000000    7.750000   output external delay
                                              7.750000   data required time
---------------------------------------------------------------------------------------------
                                              7.750000   data required time
                                             -2.193594   data arrival time
---------------------------------------------------------------------------------------------
                                              5.556406   slack (MET)


Startpoint: PRDATA[23] (input port clocked by HCLK)
Endpoint: HRDATA[23] (output port clocked by HCLK)
Path Group: HCLK
Path Type: max

Fanout         Cap        Slew       Delay        Time   Description
---------------------------------------------------------------------------------------------
                                  0.000000    0.000000   clock HCLK (rise edge)
                                  0.000000    0.000000   clock network delay (propagated)
                                  2.000000    2.000000 ^ input external delay
     1    0.004035    0.018342    0.010496    2.010496 ^ PRDATA[23] (in)
                                                         PRDATA[23] (net)
                      0.018342    0.000000    2.010496 ^ _241_/A (sky130_fd_sc_hd__clkbuf_1)
     1    0.002209    0.027317    0.045362    2.055858 ^ _241_/X (sky130_fd_sc_hd__clkbuf_1)
                                                         net86 (net)
                      0.027317    0.000062    2.055920 ^ output86/A (sky130_fd_sc_hd__buf_2)
     1    0.034318    0.128453    0.136180    2.192100 ^ output86/X (sky130_fd_sc_hd__buf_2)
                                                         HRDATA[23] (net)
                      0.128459    0.000733    2.192832 ^ HRDATA[23] (out)
                                              2.192832   data arrival time

                                 10.000000   10.000000   clock HCLK (rise edge)
                                  0.000000   10.000000   clock network delay (propagated)
                                 -0.250000    9.750000   clock uncertainty
                                  0.000000    9.750000   clock reconvergence pessimism
                                 -2.000000    7.750000   output external delay
                                              7.750000   data required time
---------------------------------------------------------------------------------------------
                                              7.750000   data required time
                                             -2.192832   data arrival time
---------------------------------------------------------------------------------------------
                                              5.557168   slack (MET)


Startpoint: _216_ (rising edge-triggered flip-flop clocked by HCLK)
Endpoint: PSEL[2] (output port clocked by HCLK)
Path Group: HCLK
Path Type: max

Fanout         Cap        Slew       Delay        Time   Description
---------------------------------------------------------------------------------------------
                                  0.000000    0.000000   clock HCLK (rise edge)
                                  0.000000    0.000000   clock source latency
     1    0.059439    0.203180    0.147358    0.147358 ^ HCLK (in)
                                                         HCLK (net)
                      0.204534    0.000000    0.147358 ^ clkbuf_0_HCLK/A (sky130_fd_sc_hd__clkbuf_16)
     5    0.134022    0.114650    0.179325    0.326684 ^ clkbuf_0_HCLK/X (sky130_fd_sc_hd__clkbuf_16)
                                                         clknet_0_HCLK (net)
                      0.116381    0.011108    0.337791 ^ clkbuf_2_3_0_HCLK/A (sky130_fd_sc_hd__clkbuf_8)
     2    0.039123    0.060921    0.128564    0.466355 ^ clkbuf_2_3_0_HCLK/X (sky130_fd_sc_hd__clkbuf_8)
                                                         clknet_2_3_0_HCLK (net)
                      0.060961    0.001246    0.467601 ^ clkbuf_3_7__f_HCLK/A (sky130_fd_sc_hd__clkbuf_16)
     7    0.049920    0.051834    0.108724    0.576325 ^ clkbuf_3_7__f_HCLK/X (sky130_fd_sc_hd__clkbuf_16)
                                                         clknet_3_7__leaf_HCLK (net)
                      0.053636    0.007436    0.583761 ^ _216_/CLK (sky130_fd_sc_hd__dfrtp_2)
     5    0.020271    0.057119    0.282116    0.865877 v _216_/Q (sky130_fd_sc_hd__dfrtp_2)
                                                         u_bridge_fsm.state[0] (net)
                      0.057122    0.000435    0.866313 v _076_/A (sky130_fd_sc_hd__xor2_2)
     6    0.017946    0.187521    0.192840    1.059153 ^ _076_/X (sky130_fd_sc_hd__xor2_2)
                                                         _070_ (net)
                      0.187521    0.000326    1.059479 ^ _079_/C (sky130_fd_sc_hd__and3b_1)
     1    0.005600    0.054479    0.124089    1.183568 ^ _079_/X (sky130_fd_sc_hd__and3b_1)
                                                         net140 (net)
                      0.054480    0.000245    1.183813 ^ output140/A (sky130_fd_sc_hd__buf_2)
     1    0.035859    0.133816    0.148061    1.331875 ^ output140/X (sky130_fd_sc_hd__buf_2)
                                                         PSEL[2] (net)
                      0.133823    0.000815    1.332689 ^ PSEL[2] (out)
                                              1.332689   data arrival time

                                 10.000000   10.000000   clock HCLK (rise edge)
                                  0.000000   10.000000   clock network delay (propagated)
                                 -0.250000    9.750000   clock uncertainty
                                  0.000000    9.750000   clock reconvergence pessimism
                                 -2.000000    7.750000   output external delay
                                              7.750000   data required time
---------------------------------------------------------------------------------------------
                                              7.750000   data required time
                                             -1.332689   data arrival time
---------------------------------------------------------------------------------------------
                                              6.417311   slack (MET)


Startpoint: _216_ (rising edge-triggered flip-flop clocked by HCLK)
Endpoint: PSEL[0] (output port clocked by HCLK)
Path Group: HCLK
Path Type: max

Fanout         Cap        Slew       Delay        Time   Description
---------------------------------------------------------------------------------------------
                                  0.000000    0.000000   clock HCLK (rise edge)
                                  0.000000    0.000000   clock source latency
     1    0.059439    0.203180    0.147358    0.147358 ^ HCLK (in)
                                                         HCLK (net)
                      0.204534    0.000000    0.147358 ^ clkbuf_0_HCLK/A (sky130_fd_sc_hd__clkbuf_16)
     5    0.134022    0.114650    0.179325    0.326684 ^ clkbuf_0_HCLK/X (sky130_fd_sc_hd__clkbuf_16)
                                                         clknet_0_HCLK (net)
                      0.116381    0.011108    0.337791 ^ clkbuf_2_3_0_HCLK/A (sky130_fd_sc_hd__clkbuf_8)
     2    0.039123    0.060921    0.128564    0.466355 ^ clkbuf_2_3_0_HCLK/X (sky130_fd_sc_hd__clkbuf_8)
                                                         clknet_2_3_0_HCLK (net)
                      0.060961    0.001246    0.467601 ^ clkbuf_3_7__f_HCLK/A (sky130_fd_sc_hd__clkbuf_16)
     7    0.049920    0.051834    0.108724    0.576325 ^ clkbuf_3_7__f_HCLK/X (sky130_fd_sc_hd__clkbuf_16)
                                                         clknet_3_7__leaf_HCLK (net)
                      0.053636    0.007436    0.583761 ^ _216_/CLK (sky130_fd_sc_hd__dfrtp_2)
     5    0.020271    0.057119    0.282116    0.865877 v _216_/Q (sky130_fd_sc_hd__dfrtp_2)
                                                         u_bridge_fsm.state[0] (net)
                      0.057122    0.000435    0.866313 v _076_/A (sky130_fd_sc_hd__xor2_2)
     6    0.017946    0.187521    0.192840    1.059153 ^ _076_/X (sky130_fd_sc_hd__xor2_2)
                                                         _070_ (net)
                      0.187522    0.000476    1.059630 ^ _077_/C_N (sky130_fd_sc_hd__nor3b_1)
     1    0.002270    0.098235    0.115690    1.175320 ^ _077_/Y (sky130_fd_sc_hd__nor3b_1)
                                                         net138 (net)
                      0.098235    0.000064    1.175384 ^ output138/A (sky130_fd_sc_hd__buf_2)
     1    0.034388    0.128583    0.154523    1.329907 ^ output138/X (sky130_fd_sc_hd__buf_2)
                                                         PSEL[0] (net)
                      0.128627    0.000732    1.330639 ^ PSEL[0] (out)
                                              1.330639   data arrival time

                                 10.000000   10.000000   clock HCLK (rise edge)
                                  0.000000   10.000000   clock network delay (propagated)
                                 -0.250000    9.750000   clock uncertainty
                                  0.000000    9.750000   clock reconvergence pessimism
                                 -2.000000    7.750000   output external delay
                                              7.750000   data required time
---------------------------------------------------------------------------------------------
                                              7.750000   data required time
                                             -1.330639   data arrival time
---------------------------------------------------------------------------------------------
                                              6.419361   slack (MET)


Startpoint: _216_ (rising edge-triggered flip-flop clocked by HCLK)
Endpoint: PSEL[1] (output port clocked by HCLK)
Path Group: HCLK
Path Type: max

Fanout         Cap        Slew       Delay        Time   Description
---------------------------------------------------------------------------------------------
                                  0.000000    0.000000   clock HCLK (rise edge)
                                  0.000000    0.000000   clock source latency
     1    0.059439    0.203180    0.147358    0.147358 ^ HCLK (in)
                                                         HCLK (net)
                      0.204534    0.000000    0.147358 ^ clkbuf_0_HCLK/A (sky130_fd_sc_hd__clkbuf_16)
     5    0.134022    0.114650    0.179325    0.326684 ^ clkbuf_0_HCLK/X (sky130_fd_sc_hd__clkbuf_16)
                                                         clknet_0_HCLK (net)
                      0.116381    0.011108    0.337791 ^ clkbuf_2_3_0_HCLK/A (sky130_fd_sc_hd__clkbuf_8)
     2    0.039123    0.060921    0.128564    0.466355 ^ clkbuf_2_3_0_HCLK/X (sky130_fd_sc_hd__clkbuf_8)
                                                         clknet_2_3_0_HCLK (net)
                      0.060961    0.001246    0.467601 ^ clkbuf_3_7__f_HCLK/A (sky130_fd_sc_hd__clkbuf_16)
     7    0.049920    0.051834    0.108724    0.576325 ^ clkbuf_3_7__f_HCLK/X (sky130_fd_sc_hd__clkbuf_16)
                                                         clknet_3_7__leaf_HCLK (net)
                      0.053636    0.007436    0.583761 ^ _216_/CLK (sky130_fd_sc_hd__dfrtp_2)
     5    0.020271    0.057119    0.282116    0.865877 v _216_/Q (sky130_fd_sc_hd__dfrtp_2)
                                                         u_bridge_fsm.state[0] (net)
                      0.057122    0.000435    0.866313 v _076_/A (sky130_fd_sc_hd__xor2_2)
     6    0.017946    0.187521    0.192840    1.059153 ^ _076_/X (sky130_fd_sc_hd__xor2_2)
                                                         _070_ (net)
                      0.187521    0.000298    1.059451 ^ _078_/B (sky130_fd_sc_hd__and3b_1)
     1    0.002470    0.034803    0.107835    1.167286 ^ _078_/X (sky130_fd_sc_hd__and3b_1)
                                                         net139 (net)
                      0.034803    0.000051    1.167337 ^ output139/A (sky130_fd_sc_hd__buf_2)
     1    0.035686    0.133299    0.141836    1.309173 ^ output139/X (sky130_fd_sc_hd__buf_2)
                                                         PSEL[1] (net)
                      0.133304    0.000714    1.309886 ^ PSEL[1] (out)
                                              1.309886   data arrival time

                                 10.000000   10.000000   clock HCLK (rise edge)
                                  0.000000   10.000000   clock network delay (propagated)
                                 -0.250000    9.750000   clock uncertainty
                                  0.000000    9.750000   clock reconvergence pessimism
                                 -2.000000    7.750000   output external delay
                                              7.750000   data required time
---------------------------------------------------------------------------------------------
                                              7.750000   data required time
                                             -1.309886   data arrival time
---------------------------------------------------------------------------------------------
                                              6.440114   slack (MET)


Startpoint: _216_ (rising edge-triggered flip-flop clocked by HCLK)
Endpoint: PSEL[3] (output port clocked by HCLK)
Path Group: HCLK
Path Type: max

Fanout         Cap        Slew       Delay        Time   Description
---------------------------------------------------------------------------------------------
                                  0.000000    0.000000   clock HCLK (rise edge)
                                  0.000000    0.000000   clock source latency
     1    0.059439    0.203180    0.147358    0.147358 ^ HCLK (in)
                                                         HCLK (net)
                      0.204534    0.000000    0.147358 ^ clkbuf_0_HCLK/A (sky130_fd_sc_hd__clkbuf_16)
     5    0.134022    0.114650    0.179325    0.326684 ^ clkbuf_0_HCLK/X (sky130_fd_sc_hd__clkbuf_16)
                                                         clknet_0_HCLK (net)
                      0.116381    0.011108    0.337791 ^ clkbuf_2_3_0_HCLK/A (sky130_fd_sc_hd__clkbuf_8)
     2    0.039123    0.060921    0.128564    0.466355 ^ clkbuf_2_3_0_HCLK/X (sky130_fd_sc_hd__clkbuf_8)
                                                         clknet_2_3_0_HCLK (net)
                      0.060961    0.001246    0.467601 ^ clkbuf_3_7__f_HCLK/A (sky130_fd_sc_hd__clkbuf_16)
     7    0.049920    0.051834    0.108724    0.576325 ^ clkbuf_3_7__f_HCLK/X (sky130_fd_sc_hd__clkbuf_16)
                                                         clknet_3_7__leaf_HCLK (net)
                      0.053636    0.007436    0.583761 ^ _216_/CLK (sky130_fd_sc_hd__dfrtp_2)
     5    0.020271    0.057119    0.282116    0.865877 v _216_/Q (sky130_fd_sc_hd__dfrtp_2)
                                                         u_bridge_fsm.state[0] (net)
                      0.057122    0.000435    0.866313 v _076_/A (sky130_fd_sc_hd__xor2_2)
     6    0.017946    0.187521    0.192840    1.059153 ^ _076_/X (sky130_fd_sc_hd__xor2_2)
                                                         _070_ (net)
                      0.187522    0.000404    1.059557 ^ _080_/C (sky130_fd_sc_hd__and3_1)
     1    0.002645    0.035458    0.106233    1.165790 ^ _080_/X (sky130_fd_sc_hd__and3_1)
                                                         net141 (net)
                      0.035458    0.000077    1.165867 ^ output141/A (sky130_fd_sc_hd__buf_2)
     1    0.035412    0.132316    0.141385    1.307252 ^ output141/X (sky130_fd_sc_hd__buf_2)
                                                         PSEL[3] (net)
                      0.132321    0.000675    1.307927 ^ PSEL[3] (out)
                                              1.307927   data arrival time

                                 10.000000   10.000000   clock HCLK (rise edge)
                                  0.000000   10.000000   clock network delay (propagated)
                                 -0.250000    9.750000   clock uncertainty
                                  0.000000    9.750000   clock reconvergence pessimism
                                 -2.000000    7.750000   output external delay
                                              7.750000   data required time
---------------------------------------------------------------------------------------------
                                              7.750000   data required time
                                             -1.307927   data arrival time
---------------------------------------------------------------------------------------------
                                              6.442073   slack (MET)


Startpoint: _216_ (rising edge-triggered flip-flop clocked by HCLK)
Endpoint: PENABLE (output port clocked by HCLK)
Path Group: HCLK
Path Type: max

Fanout         Cap        Slew       Delay        Time   Description
---------------------------------------------------------------------------------------------
                                  0.000000    0.000000   clock HCLK (rise edge)
                                  0.000000    0.000000   clock source latency
     1    0.059439    0.203180    0.147358    0.147358 ^ HCLK (in)
                                                         HCLK (net)
                      0.204534    0.000000    0.147358 ^ clkbuf_0_HCLK/A (sky130_fd_sc_hd__clkbuf_16)
     5    0.134022    0.114650    0.179325    0.326684 ^ clkbuf_0_HCLK/X (sky130_fd_sc_hd__clkbuf_16)
                                                         clknet_0_HCLK (net)
                      0.116381    0.011108    0.337791 ^ clkbuf_2_3_0_HCLK/A (sky130_fd_sc_hd__clkbuf_8)
     2    0.039123    0.060921    0.128564    0.466355 ^ clkbuf_2_3_0_HCLK/X (sky130_fd_sc_hd__clkbuf_8)
                                                         clknet_2_3_0_HCLK (net)
                      0.060961    0.001246    0.467601 ^ clkbuf_3_7__f_HCLK/A (sky130_fd_sc_hd__clkbuf_16)
     7    0.049920    0.051834    0.108724    0.576325 ^ clkbuf_3_7__f_HCLK/X (sky130_fd_sc_hd__clkbuf_16)
                                                         clknet_3_7__leaf_HCLK (net)
                      0.053636    0.007436    0.583761 ^ _216_/CLK (sky130_fd_sc_hd__dfrtp_2)
     5    0.020271    0.057119    0.282116    0.865877 v _216_/Q (sky130_fd_sc_hd__dfrtp_2)
                                                         u_bridge_fsm.state[0] (net)
                      0.057119    0.000206    0.866083 v _082_/A_N (sky130_fd_sc_hd__and2b_1)
     2    0.006934    0.055452    0.145668    1.011751 ^ _082_/X (sky130_fd_sc_hd__and2b_1)
                                                         net137 (net)
                      0.055452    0.000177    1.011928 ^ output137/A (sky130_fd_sc_hd__buf_2)
     1    0.035816    0.133680    0.148068    1.159996 ^ output137/X (sky130_fd_sc_hd__buf_2)
                                                         PENABLE (net)
                      0.133690    0.000971    1.160967 ^ PENABLE (out)
                                              1.160967   data arrival time

                                 10.000000   10.000000   clock HCLK (rise edge)
                                  0.000000   10.000000   clock network delay (propagated)
                                 -0.250000    9.750000   clock uncertainty
                                  0.000000    9.750000   clock reconvergence pessimism
                                 -2.000000    7.750000   output external delay
                                              7.750000   data required time
---------------------------------------------------------------------------------------------
                                              7.750000   data required time
                                             -1.160967   data arrival time
---------------------------------------------------------------------------------------------
                                              6.589033   slack (MET)


Startpoint: _217_ (rising edge-triggered flip-flop clocked by HCLK)
Endpoint: HRESP (output port clocked by HCLK)
Path Group: HCLK
Path Type: max

Fanout         Cap        Slew       Delay        Time   Description
---------------------------------------------------------------------------------------------
                                  0.000000    0.000000   clock HCLK (rise edge)
                                  0.000000    0.000000   clock source latency
     1    0.059439    0.203180    0.147358    0.147358 ^ HCLK (in)
                                                         HCLK (net)
                      0.204534    0.000000    0.147358 ^ clkbuf_0_HCLK/A (sky130_fd_sc_hd__clkbuf_16)
     5    0.134022    0.114650    0.179325    0.326684 ^ clkbuf_0_HCLK/X (sky130_fd_sc_hd__clkbuf_16)
                                                         clknet_0_HCLK (net)
                      0.116381    0.011108    0.337791 ^ clkbuf_2_3_0_HCLK/A (sky130_fd_sc_hd__clkbuf_8)
     2    0.039123    0.060921    0.128564    0.466355 ^ clkbuf_2_3_0_HCLK/X (sky130_fd_sc_hd__clkbuf_8)
                                                         clknet_2_3_0_HCLK (net)
                      0.060961    0.001246    0.467601 ^ clkbuf_3_7__f_HCLK/A (sky130_fd_sc_hd__clkbuf_16)
     7    0.049920    0.051834    0.108724    0.576325 ^ clkbuf_3_7__f_HCLK/X (sky130_fd_sc_hd__clkbuf_16)
                                                         clknet_3_7__leaf_HCLK (net)
                      0.053627    0.007415    0.583740 ^ _217_/CLK (sky130_fd_sc_hd__dfrtp_2)
     5    0.025072    0.097682    0.274045    0.857785 ^ _217_/Q (sky130_fd_sc_hd__dfrtp_2)
                                                         u_bridge_fsm.state[1] (net)
                      0.097693    0.001091    0.858876 ^ _074_/B (sky130_fd_sc_hd__and2_1)
     1    0.009009    0.074279    0.115954    0.974830 ^ _074_/X (sky130_fd_sc_hd__and2_1)
                                                         net104 (net)
                      0.074280    0.000477    0.975307 ^ output104/A (sky130_fd_sc_hd__buf_2)
     1    0.035174    0.131319    0.150990    1.126297 ^ output104/X (sky130_fd_sc_hd__buf_2)
                                                         HRESP (net)
                      0.131363    0.000700    1.126997 ^ HRESP (out)
                                              1.126997   data arrival time

                                 10.000000   10.000000   clock HCLK (rise edge)
                                  0.000000   10.000000   clock network delay (propagated)
                                 -0.250000    9.750000   clock uncertainty
                                  0.000000    9.750000   clock reconvergence pessimism
                                 -2.000000    7.750000   output external delay
                                              7.750000   data required time
---------------------------------------------------------------------------------------------
                                              7.750000   data required time
                                             -1.126997   data arrival time
---------------------------------------------------------------------------------------------
                                              6.623003   slack (MET)


Startpoint: _195_ (rising edge-triggered flip-flop clocked by HCLK)
Endpoint: PWDATA[12] (output port clocked by HCLK)
Path Group: HCLK
Path Type: max

Fanout         Cap        Slew       Delay        Time   Description
---------------------------------------------------------------------------------------------
                                  0.000000    0.000000   clock HCLK (rise edge)
                                  0.000000    0.000000   clock source latency
     1    0.059439    0.203180    0.147358    0.147358 ^ HCLK (in)
                                                         HCLK (net)
                      0.204534    0.000000    0.147358 ^ clkbuf_0_HCLK/A (sky130_fd_sc_hd__clkbuf_16)
     5    0.134022    0.114650    0.179325    0.326684 ^ clkbuf_0_HCLK/X (sky130_fd_sc_hd__clkbuf_16)
                                                         clknet_0_HCLK (net)
                      0.116381    0.011108    0.337791 ^ clkbuf_2_3_0_HCLK/A (sky130_fd_sc_hd__clkbuf_8)
     2    0.039123    0.060921    0.128564    0.466355 ^ clkbuf_2_3_0_HCLK/X (sky130_fd_sc_hd__clkbuf_8)
                                                         clknet_2_3_0_HCLK (net)
                      0.061123    0.002757    0.469112 ^ clkbuf_3_6__f_HCLK/A (sky130_fd_sc_hd__clkbuf_16)
     8    0.072928    0.069384    0.120378    0.589490 ^ clkbuf_3_6__f_HCLK/X (sky130_fd_sc_hd__clkbuf_16)
                                                         clknet_3_6__leaf_HCLK (net)
                      0.071034    0.008390    0.597880 ^ _195_/CLK (sky130_fd_sc_hd__dfrtp_4)
     2    0.037055    0.073553    0.341815    0.939695 v _195_/Q (sky130_fd_sc_hd__dfrtp_4)
                                                         net145 (net)
                      0.074322    0.005712    0.945407 v output145/A (sky130_fd_sc_hd__buf_2)
     1    0.034398    0.063076    0.135171    1.080578 v output145/X (sky130_fd_sc_hd__buf_2)
                                                         PWDATA[12] (net)
                      0.063086    0.000772    1.081350 v PWDATA[12] (out)
                                              1.081350   data arrival time

                                 10.000000   10.000000   clock HCLK (rise edge)
                                  0.000000   10.000000   clock network delay (propagated)
                                 -0.250000    9.750000   clock uncertainty
                                  0.000000    9.750000   clock reconvergence pessimism
                                 -2.000000    7.750000   output external delay
                                              7.750000   data required time
---------------------------------------------------------------------------------------------
                                              7.750000   data required time
                                             -1.081350   data arrival time
---------------------------------------------------------------------------------------------
                                              6.668650   slack (MET)


Startpoint: _164_ (rising edge-triggered flip-flop clocked by HCLK)
Endpoint: PADDR[13] (output port clocked by HCLK)
Path Group: HCLK
Path Type: max

Fanout         Cap        Slew       Delay        Time   Description
---------------------------------------------------------------------------------------------
                                  0.000000    0.000000   clock HCLK (rise edge)
                                  0.000000    0.000000   clock source latency
     1    0.059439    0.203180    0.147358    0.147358 ^ HCLK (in)
                                                         HCLK (net)
                      0.204534    0.000000    0.147358 ^ clkbuf_0_HCLK/A (sky130_fd_sc_hd__clkbuf_16)
     5    0.134022    0.114650    0.179325    0.326684 ^ clkbuf_0_HCLK/X (sky130_fd_sc_hd__clkbuf_16)
                                                         clknet_0_HCLK (net)
                      0.116381    0.011108    0.337791 ^ clkbuf_2_3_0_HCLK/A (sky130_fd_sc_hd__clkbuf_8)
     2    0.039123    0.060921    0.128564    0.466355 ^ clkbuf_2_3_0_HCLK/X (sky130_fd_sc_hd__clkbuf_8)
                                                         clknet_2_3_0_HCLK (net)
                      0.060961    0.001246    0.467601 ^ clkbuf_3_7__f_HCLK/A (sky130_fd_sc_hd__clkbuf_16)
     7    0.049920    0.051834    0.108724    0.576325 ^ clkbuf_3_7__f_HCLK/X (sky130_fd_sc_hd__clkbuf_16)
                                                         clknet_3_7__leaf_HCLK (net)
                      0.052841    0.005323    0.581648 ^ _164_/CLK (sky130_fd_sc_hd__dfrtp_4)
     6    0.035426    0.071921    0.335485    0.917133 v _164_/Q (sky130_fd_sc_hd__dfrtp_4)
                                                         net109 (net)
                      0.072230    0.003782    0.920914 v output109/A (sky130_fd_sc_hd__buf_2)
     1    0.034561    0.063306    0.134538    1.055453 v output109/X (sky130_fd_sc_hd__buf_2)
                                                         PADDR[13] (net)
                      0.063315    0.000757    1.056209 v PADDR[13] (out)
                                              1.056209   data arrival time

                                 10.000000   10.000000   clock HCLK (rise edge)
                                  0.000000   10.000000   clock network delay (propagated)
                                 -0.250000    9.750000   clock uncertainty
                                  0.000000    9.750000   clock reconvergence pessimism
                                 -2.000000    7.750000   output external delay
                                              7.750000   data required time
---------------------------------------------------------------------------------------------
                                              7.750000   data required time
                                             -1.056209   data arrival time
---------------------------------------------------------------------------------------------
                                              6.693790   slack (MET)


Startpoint: _163_ (rising edge-triggered flip-flop clocked by HCLK)
Endpoint: PADDR[12] (output port clocked by HCLK)
Path Group: HCLK
Path Type: max

Fanout         Cap        Slew       Delay        Time   Description
---------------------------------------------------------------------------------------------
                                  0.000000    0.000000   clock HCLK (rise edge)
                                  0.000000    0.000000   clock source latency
     1    0.059439    0.203180    0.147358    0.147358 ^ HCLK (in)
                                                         HCLK (net)
                      0.204534    0.000000    0.147358 ^ clkbuf_0_HCLK/A (sky130_fd_sc_hd__clkbuf_16)
     5    0.134022    0.114650    0.179325    0.326684 ^ clkbuf_0_HCLK/X (sky130_fd_sc_hd__clkbuf_16)
                                                         clknet_0_HCLK (net)
                      0.116381    0.011108    0.337791 ^ clkbuf_2_3_0_HCLK/A (sky130_fd_sc_hd__clkbuf_8)
     2    0.039123    0.060921    0.128564    0.466355 ^ clkbuf_2_3_0_HCLK/X (sky130_fd_sc_hd__clkbuf_8)
                                                         clknet_2_3_0_HCLK (net)
                      0.060961    0.001246    0.467601 ^ clkbuf_3_7__f_HCLK/A (sky130_fd_sc_hd__clkbuf_16)
     7    0.049920    0.051834    0.108724    0.576325 ^ clkbuf_3_7__f_HCLK/X (sky130_fd_sc_hd__clkbuf_16)
                                                         clknet_3_7__leaf_HCLK (net)
                      0.053548    0.007226    0.583551 ^ _163_/CLK (sky130_fd_sc_hd__dfrtp_1)
     6    0.023480    0.159325    0.299975    0.883527 ^ _163_/Q (sky130_fd_sc_hd__dfrtp_1)
                                                         net108 (net)
                      0.159325    0.000469    0.883996 ^ output108/A (sky130_fd_sc_hd__buf_2)
     1    0.034323    0.128509    0.163798    1.047794 ^ output108/X (sky130_fd_sc_hd__buf_2)
                                                         PADDR[12] (net)
                      0.128510    0.000635    1.048428 ^ PADDR[12] (out)
                                              1.048428   data arrival time

                                 10.000000   10.000000   clock HCLK (rise edge)
                                  0.000000   10.000000   clock network delay (propagated)
                                 -0.250000    9.750000   clock uncertainty
                                  0.000000    9.750000   clock reconvergence pessimism
                                 -2.000000    7.750000   output external delay
                                              7.750000   data required time
---------------------------------------------------------------------------------------------
                                              7.750000   data required time
                                             -1.048428   data arrival time
---------------------------------------------------------------------------------------------
                                              6.701572   slack (MET)


Startpoint: _181_ (rising edge-triggered flip-flop clocked by HCLK)
Endpoint: PADDR[30] (output port clocked by HCLK)
Path Group: HCLK
Path Type: max

Fanout         Cap        Slew       Delay        Time   Description
---------------------------------------------------------------------------------------------
                                  0.000000    0.000000   clock HCLK (rise edge)
                                  0.000000    0.000000   clock source latency
     1    0.059439    0.203180    0.147358    0.147358 ^ HCLK (in)
                                                         HCLK (net)
                      0.204534    0.000000    0.147358 ^ clkbuf_0_HCLK/A (sky130_fd_sc_hd__clkbuf_16)
     5    0.134022    0.114650    0.179325    0.326684 ^ clkbuf_0_HCLK/X (sky130_fd_sc_hd__clkbuf_16)
                                                         clknet_0_HCLK (net)
                      0.116431    0.011266    0.337950 ^ clkbuf_2_2_0_HCLK/A (sky130_fd_sc_hd__clkbuf_8)
     2    0.035419    0.056406    0.124539    0.462489 ^ clkbuf_2_2_0_HCLK/X (sky130_fd_sc_hd__clkbuf_8)
                                                         clknet_2_2_0_HCLK (net)
                      0.056729    0.003332    0.465821 ^ clkbuf_3_4__f_HCLK/A (sky130_fd_sc_hd__clkbuf_16)
    11    0.039914    0.045093    0.104073    0.569895 ^ clkbuf_3_4__f_HCLK/X (sky130_fd_sc_hd__clkbuf_16)
                                                         clknet_3_4__leaf_HCLK (net)
                      0.045127    0.001052    0.570947 ^ _181_/CLK (sky130_fd_sc_hd__dfrtp_1)
     2    0.019678    0.135253    0.279802    0.850748 ^ _181_/Q (sky130_fd_sc_hd__dfrtp_1)
                                                         net128 (net)
                      0.135269    0.001514    0.852262 ^ output128/A (sky130_fd_sc_hd__buf_2)
     1    0.035918    0.134042    0.165009    1.017271 ^ output128/X (sky130_fd_sc_hd__buf_2)
                                                         PADDR[30] (net)
                      0.134092    0.000957    1.018228 ^ PADDR[30] (out)
                                              1.018228   data arrival time

                                 10.000000   10.000000   clock HCLK (rise edge)
                                  0.000000   10.000000   clock network delay (propagated)
                                 -0.250000    9.750000   clock uncertainty
                                  0.000000    9.750000   clock reconvergence pessimism
                                 -2.000000    7.750000   output external delay
                                              7.750000   data required time
---------------------------------------------------------------------------------------------
                                              7.750000   data required time
                                             -1.018228   data arrival time
---------------------------------------------------------------------------------------------
                                              6.731772   slack (MET)


Startpoint: _191_ (rising edge-triggered flip-flop clocked by HCLK)
Endpoint: PWDATA[8] (output port clocked by HCLK)
Path Group: HCLK
Path Type: max

Fanout         Cap        Slew       Delay        Time   Description
---------------------------------------------------------------------------------------------
                                  0.000000    0.000000   clock HCLK (rise edge)
                                  0.000000    0.000000   clock source latency
     1    0.059439    0.203180    0.147358    0.147358 ^ HCLK (in)
                                                         HCLK (net)
                      0.204534    0.000000    0.147358 ^ clkbuf_0_HCLK/A (sky130_fd_sc_hd__clkbuf_16)
     5    0.134022    0.114650    0.179325    0.326684 ^ clkbuf_0_HCLK/X (sky130_fd_sc_hd__clkbuf_16)
                                                         clknet_0_HCLK (net)
                      0.116431    0.011266    0.337950 ^ clkbuf_2_2_0_HCLK/A (sky130_fd_sc_hd__clkbuf_8)
     2    0.035419    0.056406    0.124539    0.462489 ^ clkbuf_2_2_0_HCLK/X (sky130_fd_sc_hd__clkbuf_8)
                                                         clknet_2_2_0_HCLK (net)
                      0.056729    0.003332    0.465821 ^ clkbuf_3_4__f_HCLK/A (sky130_fd_sc_hd__clkbuf_16)
    11    0.039914    0.045093    0.104073    0.569895 ^ clkbuf_3_4__f_HCLK/X (sky130_fd_sc_hd__clkbuf_16)
                                                         clknet_3_4__leaf_HCLK (net)
                      0.045132    0.001125    0.571020 ^ _191_/CLK (sky130_fd_sc_hd__dfrtp_1)
     2    0.017791    0.123213    0.271476    0.842495 ^ _191_/Q (sky130_fd_sc_hd__dfrtp_1)
                                                         net172 (net)
                      0.123222    0.001134    0.843629 ^ output172/A (sky130_fd_sc_hd__buf_2)
     1    0.034074    0.127453    0.159471    1.003100 ^ output172/X (sky130_fd_sc_hd__buf_2)
                                                         PWDATA[8] (net)
                      0.127454    0.000612    1.003712 ^ PWDATA[8] (out)
                                              1.003712   data arrival time

                                 10.000000   10.000000   clock HCLK (rise edge)
                                  0.000000   10.000000   clock network delay (propagated)
                                 -0.250000    9.750000   clock uncertainty
                                  0.000000    9.750000   clock reconvergence pessimism
                                 -2.000000    7.750000   output external delay
                                              7.750000   data required time
---------------------------------------------------------------------------------------------
                                              7.750000   data required time
                                             -1.003712   data arrival time
---------------------------------------------------------------------------------------------
                                              6.746288   slack (MET)


Startpoint: _211_ (rising edge-triggered flip-flop clocked by HCLK)
Endpoint: PWDATA[28] (output port clocked by HCLK)
Path Group: HCLK
Path Type: max

Fanout         Cap        Slew       Delay        Time   Description
---------------------------------------------------------------------------------------------
                                  0.000000    0.000000   clock HCLK (rise edge)
                                  0.000000    0.000000   clock source latency
     1    0.059439    0.203180    0.147358    0.147358 ^ HCLK (in)
                                                         HCLK (net)
                      0.204534    0.000000    0.147358 ^ clkbuf_0_HCLK/A (sky130_fd_sc_hd__clkbuf_16)
     5    0.134022    0.114650    0.179325    0.326684 ^ clkbuf_0_HCLK/X (sky130_fd_sc_hd__clkbuf_16)
                                                         clknet_0_HCLK (net)
                      0.117120    0.013264    0.339947 ^ clkbuf_2_1_0_HCLK/A (sky130_fd_sc_hd__clkbuf_8)
     2    0.036936    0.058213    0.125711    0.465659 ^ clkbuf_2_1_0_HCLK/X (sky130_fd_sc_hd__clkbuf_8)
                                                         clknet_2_1_0_HCLK (net)
                      0.058723    0.004261    0.469920 ^ clkbuf_3_3__f_HCLK/A (sky130_fd_sc_hd__clkbuf_16)
    10    0.027954    0.036768    0.097675    0.567595 ^ clkbuf_3_3__f_HCLK/X (sky130_fd_sc_hd__clkbuf_16)
                                                         clknet_3_3__leaf_HCLK (net)
                      0.036782    0.000643    0.568238 ^ _211_/CLK (sky130_fd_sc_hd__dfrtp_1)
     2    0.018035    0.124761    0.269981    0.838219 ^ _211_/Q (sky130_fd_sc_hd__dfrtp_1)
                                                         net162 (net)
                      0.124772    0.001244    0.839462 ^ output162/A (sky130_fd_sc_hd__buf_2)
     1    0.034290    0.128241    0.160069    0.999532 ^ output162/X (sky130_fd_sc_hd__buf_2)
                                                         PWDATA[28] (net)
                      0.128243    0.000749    1.000281 ^ PWDATA[28] (out)
                                              1.000281   data arrival time

                                 10.000000   10.000000   clock HCLK (rise edge)
                                  0.000000   10.000000   clock network delay (propagated)
                                 -0.250000    9.750000   clock uncertainty
                                  0.000000    9.750000   clock reconvergence pessimism
                                 -2.000000    7.750000   output external delay
                                              7.750000   data required time
---------------------------------------------------------------------------------------------
                                              7.750000   data required time
                                             -1.000281   data arrival time
---------------------------------------------------------------------------------------------
                                              6.749719   slack (MET)


Startpoint: _207_ (rising edge-triggered flip-flop clocked by HCLK)
Endpoint: PWDATA[24] (output port clocked by HCLK)
Path Group: HCLK
Path Type: max

Fanout         Cap        Slew       Delay        Time   Description
---------------------------------------------------------------------------------------------
                                  0.000000    0.000000   clock HCLK (rise edge)
                                  0.000000    0.000000   clock source latency
     1    0.059439    0.203180    0.147358    0.147358 ^ HCLK (in)
                                                         HCLK (net)
                      0.204534    0.000000    0.147358 ^ clkbuf_0_HCLK/A (sky130_fd_sc_hd__clkbuf_16)
     5    0.134022    0.114650    0.179325    0.326684 ^ clkbuf_0_HCLK/X (sky130_fd_sc_hd__clkbuf_16)
                                                         clknet_0_HCLK (net)
                      0.116959    0.012824    0.339507 ^ clkbuf_2_0_0_HCLK/A (sky130_fd_sc_hd__clkbuf_8)
     2    0.040129    0.062153    0.129216    0.468723 ^ clkbuf_2_0_0_HCLK/X (sky130_fd_sc_hd__clkbuf_8)
                                                         clknet_2_0_0_HCLK (net)
                      0.062259    0.002040    0.470762 ^ clkbuf_3_0__f_HCLK/A (sky130_fd_sc_hd__clkbuf_16)
     8    0.097836    0.087373    0.134038    0.604801 ^ clkbuf_3_0__f_HCLK/X (sky130_fd_sc_hd__clkbuf_16)
                                                         clknet_3_0__leaf_HCLK (net)
                      0.089244    0.010109    0.614910 ^ _207_/CLK (sky130_fd_sc_hd__dfrtp_1)
     2    0.006772    0.054881    0.232766    0.847676 ^ _207_/Q (sky130_fd_sc_hd__dfrtp_1)
                                                         net158 (net)
                      0.054881    0.000217    0.847893 ^ output158/A (sky130_fd_sc_hd__buf_2)
     1    0.035294    0.131795    0.146845    0.994738 ^ output158/X (sky130_fd_sc_hd__buf_2)
                                                         PWDATA[24] (net)
                      0.131800    0.000684    0.995422 ^ PWDATA[24] (out)
                                              0.995422   data arrival time

                                 10.000000   10.000000   clock HCLK (rise edge)
                                  0.000000   10.000000   clock network delay (propagated)
                                 -0.250000    9.750000   clock uncertainty
                                  0.000000    9.750000   clock reconvergence pessimism
                                 -2.000000    7.750000   output external delay
                                              7.750000   data required time
---------------------------------------------------------------------------------------------
                                              7.750000   data required time
                                             -0.995422   data arrival time
---------------------------------------------------------------------------------------------
                                              6.754579   slack (MET)


Startpoint: _215_ (rising edge-triggered flip-flop clocked by HCLK)
Endpoint: PWRITE (output port clocked by HCLK)
Path Group: HCLK
Path Type: max

Fanout         Cap        Slew       Delay        Time   Description
---------------------------------------------------------------------------------------------
                                  0.000000    0.000000   clock HCLK (rise edge)
                                  0.000000    0.000000   clock source latency
     1    0.059439    0.203180    0.147358    0.147358 ^ HCLK (in)
                                                         HCLK (net)
                      0.204534    0.000000    0.147358 ^ clkbuf_0_HCLK/A (sky130_fd_sc_hd__clkbuf_16)
     5    0.134022    0.114650    0.179325    0.326684 ^ clkbuf_0_HCLK/X (sky130_fd_sc_hd__clkbuf_16)
                                                         clknet_0_HCLK (net)
                      0.116381    0.011108    0.337791 ^ clkbuf_2_3_0_HCLK/A (sky130_fd_sc_hd__clkbuf_8)
     2    0.039123    0.060921    0.128564    0.466355 ^ clkbuf_2_3_0_HCLK/X (sky130_fd_sc_hd__clkbuf_8)
                                                         clknet_2_3_0_HCLK (net)
                      0.060961    0.001246    0.467601 ^ clkbuf_3_7__f_HCLK/A (sky130_fd_sc_hd__clkbuf_16)
     7    0.049920    0.051834    0.108724    0.576325 ^ clkbuf_3_7__f_HCLK/X (sky130_fd_sc_hd__clkbuf_16)
                                                         clknet_3_7__leaf_HCLK (net)
                      0.053671    0.007519    0.583844 ^ _215_/CLK (sky130_fd_sc_hd__dfrtp_1)
     2    0.012287    0.088295    0.249319    0.833163 ^ _215_/Q (sky130_fd_sc_hd__dfrtp_1)
                                                         net174 (net)
                      0.088298    0.000617    0.833780 ^ output174/A (sky130_fd_sc_hd__buf_2)
     1    0.034187    0.127858    0.151826    0.985606 ^ output174/X (sky130_fd_sc_hd__buf_2)
                                                         PWRITE (net)
                      0.127900    0.000616    0.986221 ^ PWRITE (out)
                                              0.986221   data arrival time

                                 10.000000   10.000000   clock HCLK (rise edge)
                                  0.000000   10.000000   clock network delay (propagated)
                                 -0.250000    9.750000   clock uncertainty
                                  0.000000    9.750000   clock reconvergence pessimism
                                 -2.000000    7.750000   output external delay
                                              7.750000   data required time
---------------------------------------------------------------------------------------------
                                              7.750000   data required time
                                             -0.986221   data arrival time
---------------------------------------------------------------------------------------------
                                              6.763779   slack (MET)


Startpoint: _172_ (rising edge-triggered flip-flop clocked by HCLK)
Endpoint: PADDR[21] (output port clocked by HCLK)
Path Group: HCLK
Path Type: max

Fanout         Cap        Slew       Delay        Time   Description
---------------------------------------------------------------------------------------------
                                  0.000000    0.000000   clock HCLK (rise edge)
                                  0.000000    0.000000   clock source latency
     1    0.059439    0.203180    0.147358    0.147358 ^ HCLK (in)
                                                         HCLK (net)
                      0.204534    0.000000    0.147358 ^ clkbuf_0_HCLK/A (sky130_fd_sc_hd__clkbuf_16)
     5    0.134022    0.114650    0.179325    0.326684 ^ clkbuf_0_HCLK/X (sky130_fd_sc_hd__clkbuf_16)
                                                         clknet_0_HCLK (net)
                      0.116959    0.012824    0.339507 ^ clkbuf_2_0_0_HCLK/A (sky130_fd_sc_hd__clkbuf_8)
     2    0.040129    0.062153    0.129216    0.468723 ^ clkbuf_2_0_0_HCLK/X (sky130_fd_sc_hd__clkbuf_8)
                                                         clknet_2_0_0_HCLK (net)
                      0.062259    0.002040    0.470762 ^ clkbuf_3_0__f_HCLK/A (sky130_fd_sc_hd__clkbuf_16)
     8    0.097836    0.087373    0.134038    0.604801 ^ clkbuf_3_0__f_HCLK/X (sky130_fd_sc_hd__clkbuf_16)
                                                         clknet_3_0__leaf_HCLK (net)
                      0.089236    0.010086    0.614887 ^ _172_/CLK (sky130_fd_sc_hd__dfrtp_1)
     2    0.005591    0.047798    0.227124    0.842011 ^ _172_/Q (sky130_fd_sc_hd__dfrtp_1)
                                                         net118 (net)
                      0.047798    0.000122    0.842134 ^ output118/A (sky130_fd_sc_hd__buf_2)
     1    0.034484    0.128942    0.142776    0.984910 ^ output118/X (sky130_fd_sc_hd__buf_2)
                                                         PADDR[21] (net)
                      0.128948    0.000756    0.985666 ^ PADDR[21] (out)
                                              0.985666   data arrival time

                                 10.000000   10.000000   clock HCLK (rise edge)
                                  0.000000   10.000000   clock network delay (propagated)
                                 -0.250000    9.750000   clock uncertainty
                                  0.000000    9.750000   clock reconvergence pessimism
                                 -2.000000    7.750000   output external delay
                                              7.750000   data required time
---------------------------------------------------------------------------------------------
                                              7.750000   data required time
                                             -0.985666   data arrival time
---------------------------------------------------------------------------------------------
                                              6.764334   slack (MET)


Startpoint: _203_ (rising edge-triggered flip-flop clocked by HCLK)
Endpoint: PWDATA[20] (output port clocked by HCLK)
Path Group: HCLK
Path Type: max

Fanout         Cap        Slew       Delay        Time   Description
---------------------------------------------------------------------------------------------
                                  0.000000    0.000000   clock HCLK (rise edge)
                                  0.000000    0.000000   clock source latency
     1    0.059439    0.203180    0.147358    0.147358 ^ HCLK (in)
                                                         HCLK (net)
                      0.204534    0.000000    0.147358 ^ clkbuf_0_HCLK/A (sky130_fd_sc_hd__clkbuf_16)
     5    0.134022    0.114650    0.179325    0.326684 ^ clkbuf_0_HCLK/X (sky130_fd_sc_hd__clkbuf_16)
                                                         clknet_0_HCLK (net)
                      0.116959    0.012824    0.339507 ^ clkbuf_2_0_0_HCLK/A (sky130_fd_sc_hd__clkbuf_8)
     2    0.040129    0.062153    0.129216    0.468723 ^ clkbuf_2_0_0_HCLK/X (sky130_fd_sc_hd__clkbuf_8)
                                                         clknet_2_0_0_HCLK (net)
                      0.062259    0.002040    0.470762 ^ clkbuf_3_0__f_HCLK/A (sky130_fd_sc_hd__clkbuf_16)
     8    0.097836    0.087373    0.134038    0.604801 ^ clkbuf_3_0__f_HCLK/X (sky130_fd_sc_hd__clkbuf_16)
                                                         clknet_3_0__leaf_HCLK (net)
                      0.088578    0.008123    0.612924 ^ _203_/CLK (sky130_fd_sc_hd__dfrtp_1)
     2    0.005231    0.045665    0.225220    0.838144 ^ _203_/Q (sky130_fd_sc_hd__dfrtp_1)
                                                         net154 (net)
                      0.045665    0.000103    0.838247 ^ output154/A (sky130_fd_sc_hd__buf_2)
     1    0.036114    0.134782    0.145882    0.984129 ^ output154/X (sky130_fd_sc_hd__buf_2)
                                                         PWDATA[20] (net)
                      0.134796    0.001159    0.985288 ^ PWDATA[20] (out)
                                              0.985288   data arrival time

                                 10.000000   10.000000   clock HCLK (rise edge)
                                  0.000000   10.000000   clock network delay (propagated)
                                 -0.250000    9.750000   clock uncertainty
                                  0.000000    9.750000   clock reconvergence pessimism
                                 -2.000000    7.750000   output external delay
                                              7.750000   data required time
---------------------------------------------------------------------------------------------
                                              7.750000   data required time
                                             -0.985288   data arrival time
---------------------------------------------------------------------------------------------
                                              6.764712   slack (MET)


Startpoint: _177_ (rising edge-triggered flip-flop clocked by HCLK)
Endpoint: PADDR[26] (output port clocked by HCLK)
Path Group: HCLK
Path Type: max

Fanout         Cap        Slew       Delay        Time   Description
---------------------------------------------------------------------------------------------
                                  0.000000    0.000000   clock HCLK (rise edge)
                                  0.000000    0.000000   clock source latency
     1    0.059439    0.203180    0.147358    0.147358 ^ HCLK (in)
                                                         HCLK (net)
                      0.204534    0.000000    0.147358 ^ clkbuf_0_HCLK/A (sky130_fd_sc_hd__clkbuf_16)
     5    0.134022    0.114650    0.179325    0.326684 ^ clkbuf_0_HCLK/X (sky130_fd_sc_hd__clkbuf_16)
                                                         clknet_0_HCLK (net)
                      0.116959    0.012824    0.339507 ^ clkbuf_2_0_0_HCLK/A (sky130_fd_sc_hd__clkbuf_8)
     2    0.040129    0.062153    0.129216    0.468723 ^ clkbuf_2_0_0_HCLK/X (sky130_fd_sc_hd__clkbuf_8)
                                                         clknet_2_0_0_HCLK (net)
                      0.062259    0.002040    0.470762 ^ clkbuf_3_0__f_HCLK/A (sky130_fd_sc_hd__clkbuf_16)
     8    0.097836    0.087373    0.134038    0.604801 ^ clkbuf_3_0__f_HCLK/X (sky130_fd_sc_hd__clkbuf_16)
                                                         clknet_3_0__leaf_HCLK (net)
                      0.089222    0.010049    0.614850 ^ _177_/CLK (sky130_fd_sc_hd__dfrtp_1)
     2    0.005551    0.047564    0.226927    0.841777 ^ _177_/Q (sky130_fd_sc_hd__dfrtp_1)
                                                         net123 (net)
                      0.047564    0.000123    0.841900 ^ output123/A (sky130_fd_sc_hd__buf_2)
     1    0.034099    0.127564    0.141832    0.983732 ^ output123/X (sky130_fd_sc_hd__buf_2)
                                                         PADDR[26] (net)
                      0.127569    0.000647    0.984379 ^ PADDR[26] (out)
                                              0.984379   data arrival time

                                 10.000000   10.000000   clock HCLK (rise edge)
                                  0.000000   10.000000   clock network delay (propagated)
                                 -0.250000    9.750000   clock uncertainty
                                  0.000000    9.750000   clock reconvergence pessimism
                                 -2.000000    7.750000   output external delay
                                              7.750000   data required time
---------------------------------------------------------------------------------------------
                                              7.750000   data required time
                                             -0.984379   data arrival time
---------------------------------------------------------------------------------------------
                                              6.765621   slack (MET)


Startpoint: _214_ (rising edge-triggered flip-flop clocked by HCLK)
Endpoint: PWDATA[31] (output port clocked by HCLK)
Path Group: HCLK
Path Type: max

Fanout         Cap        Slew       Delay        Time   Description
---------------------------------------------------------------------------------------------
                                  0.000000    0.000000   clock HCLK (rise edge)
                                  0.000000    0.000000   clock source latency
     1    0.059439    0.203180    0.147358    0.147358 ^ HCLK (in)
                                                         HCLK (net)
                      0.204534    0.000000    0.147358 ^ clkbuf_0_HCLK/A (sky130_fd_sc_hd__clkbuf_16)
     5    0.134022    0.114650    0.179325    0.326684 ^ clkbuf_0_HCLK/X (sky130_fd_sc_hd__clkbuf_16)
                                                         clknet_0_HCLK (net)
                      0.116959    0.012824    0.339507 ^ clkbuf_2_0_0_HCLK/A (sky130_fd_sc_hd__clkbuf_8)
     2    0.040129    0.062153    0.129216    0.468723 ^ clkbuf_2_0_0_HCLK/X (sky130_fd_sc_hd__clkbuf_8)
                                                         clknet_2_0_0_HCLK (net)
                      0.062259    0.002040    0.470762 ^ clkbuf_3_0__f_HCLK/A (sky130_fd_sc_hd__clkbuf_16)
     8    0.097836    0.087373    0.134038    0.604801 ^ clkbuf_3_0__f_HCLK/X (sky130_fd_sc_hd__clkbuf_16)
                                                         clknet_3_0__leaf_HCLK (net)
                      0.089192    0.009969    0.614769 ^ _214_/CLK (sky130_fd_sc_hd__dfrtp_1)
     2    0.005065    0.044687    0.224579    0.839348 ^ _214_/Q (sky130_fd_sc_hd__dfrtp_1)
                                                         net166 (net)
                      0.044687    0.000120    0.839468 ^ output166/A (sky130_fd_sc_hd__buf_2)
     1    0.034754    0.129911    0.142492    0.981960 ^ output166/X (sky130_fd_sc_hd__buf_2)
                                                         PWDATA[31] (net)
                      0.129917    0.000770    0.982730 ^ PWDATA[31] (out)
                                              0.982730   data arrival time

                                 10.000000   10.000000   clock HCLK (rise edge)
                                  0.000000   10.000000   clock network delay (propagated)
                                 -0.250000    9.750000   clock uncertainty
                                  0.000000    9.750000   clock reconvergence pessimism
                                 -2.000000    7.750000   output external delay
                                              7.750000   data required time
---------------------------------------------------------------------------------------------
                                              7.750000   data required time
                                             -0.982730   data arrival time
---------------------------------------------------------------------------------------------
                                              6.767270   slack (MET)


Startpoint: _167_ (rising edge-triggered flip-flop clocked by HCLK)
Endpoint: PADDR[16] (output port clocked by HCLK)
Path Group: HCLK
Path Type: max

Fanout         Cap        Slew       Delay        Time   Description
---------------------------------------------------------------------------------------------
                                  0.000000    0.000000   clock HCLK (rise edge)
                                  0.000000    0.000000   clock source latency
     1    0.059439    0.203180    0.147358    0.147358 ^ HCLK (in)
                                                         HCLK (net)
                      0.204534    0.000000    0.147358 ^ clkbuf_0_HCLK/A (sky130_fd_sc_hd__clkbuf_16)
     5    0.134022    0.114650    0.179325    0.326684 ^ clkbuf_0_HCLK/X (sky130_fd_sc_hd__clkbuf_16)
                                                         clknet_0_HCLK (net)
                      0.116431    0.011266    0.337950 ^ clkbuf_2_2_0_HCLK/A (sky130_fd_sc_hd__clkbuf_8)
     2    0.035419    0.056406    0.124539    0.462489 ^ clkbuf_2_2_0_HCLK/X (sky130_fd_sc_hd__clkbuf_8)
                                                         clknet_2_2_0_HCLK (net)
                      0.056729    0.003332    0.465821 ^ clkbuf_3_4__f_HCLK/A (sky130_fd_sc_hd__clkbuf_16)
    11    0.039914    0.045093    0.104073    0.569895 ^ clkbuf_3_4__f_HCLK/X (sky130_fd_sc_hd__clkbuf_16)
                                                         clknet_3_4__leaf_HCLK (net)
                      0.045131    0.001109    0.571004 ^ _167_/CLK (sky130_fd_sc_hd__dfrtp_1)
     2    0.013958    0.098900    0.254109    0.825113 ^ _167_/Q (sky130_fd_sc_hd__dfrtp_1)
                                                         net112 (net)
                      0.098909    0.001005    0.826118 ^ output112/A (sky130_fd_sc_hd__buf_2)
     1    0.034527    0.129077    0.155001    0.981118 ^ output112/X (sky130_fd_sc_hd__buf_2)
                                                         PADDR[16] (net)
                      0.129121    0.000757    0.981875 ^ PADDR[16] (out)
                                              0.981875   data arrival time

                                 10.000000   10.000000   clock HCLK (rise edge)
                                  0.000000   10.000000   clock network delay (propagated)
                                 -0.250000    9.750000   clock uncertainty
                                  0.000000    9.750000   clock reconvergence pessimism
                                 -2.000000    7.750000   output external delay
                                              7.750000   data required time
---------------------------------------------------------------------------------------------
                                              7.750000   data required time
                                             -0.981875   data arrival time
---------------------------------------------------------------------------------------------
                                              6.768125   slack (MET)


Startpoint: _174_ (rising edge-triggered flip-flop clocked by HCLK)
Endpoint: PADDR[23] (output port clocked by HCLK)
Path Group: HCLK
Path Type: max

Fanout         Cap        Slew       Delay        Time   Description
---------------------------------------------------------------------------------------------
                                  0.000000    0.000000   clock HCLK (rise edge)
                                  0.000000    0.000000   clock source latency
     1    0.059439    0.203180    0.147358    0.147358 ^ HCLK (in)
                                                         HCLK (net)
                      0.204534    0.000000    0.147358 ^ clkbuf_0_HCLK/A (sky130_fd_sc_hd__clkbuf_16)
     5    0.134022    0.114650    0.179325    0.326684 ^ clkbuf_0_HCLK/X (sky130_fd_sc_hd__clkbuf_16)
                                                         clknet_0_HCLK (net)
                      0.116959    0.012824    0.339507 ^ clkbuf_2_0_0_HCLK/A (sky130_fd_sc_hd__clkbuf_8)
     2    0.040129    0.062153    0.129216    0.468723 ^ clkbuf_2_0_0_HCLK/X (sky130_fd_sc_hd__clkbuf_8)
                                                         clknet_2_0_0_HCLK (net)
                      0.062259    0.002040    0.470762 ^ clkbuf_3_0__f_HCLK/A (sky130_fd_sc_hd__clkbuf_16)
     8    0.097836    0.087373    0.134038    0.604801 ^ clkbuf_3_0__f_HCLK/X (sky130_fd_sc_hd__clkbuf_16)
                                                         clknet_3_0__leaf_HCLK (net)
                      0.088572    0.008106    0.612906 ^ _174_/CLK (sky130_fd_sc_hd__dfrtp_1)
     2    0.005131    0.045076    0.224740    0.837646 ^ _174_/Q (sky130_fd_sc_hd__dfrtp_1)
                                                         net120 (net)
                      0.045076    0.000120    0.837766 ^ output120/A (sky130_fd_sc_hd__buf_2)
     1    0.034570    0.129257    0.142162    0.979928 ^ output120/X (sky130_fd_sc_hd__buf_2)
                                                         PADDR[23] (net)
                      0.129263    0.000765    0.980693 ^ PADDR[23] (out)
                                              0.980693   data arrival time

                                 10.000000   10.000000   clock HCLK (rise edge)
                                  0.000000   10.000000   clock network delay (propagated)
                                 -0.250000    9.750000   clock uncertainty
                                  0.000000    9.750000   clock reconvergence pessimism
                                 -2.000000    7.750000   output external delay
                                              7.750000   data required time
---------------------------------------------------------------------------------------------
                                              7.750000   data required time
                                             -0.980693   data arrival time
---------------------------------------------------------------------------------------------
                                              6.769307   slack (MET)


Startpoint: _209_ (rising edge-triggered flip-flop clocked by HCLK)
Endpoint: PWDATA[26] (output port clocked by HCLK)
Path Group: HCLK
Path Type: max

Fanout         Cap        Slew       Delay        Time   Description
---------------------------------------------------------------------------------------------
                                  0.000000    0.000000   clock HCLK (rise edge)
                                  0.000000    0.000000   clock source latency
     1    0.059439    0.203180    0.147358    0.147358 ^ HCLK (in)
                                                         HCLK (net)
                      0.204534    0.000000    0.147358 ^ clkbuf_0_HCLK/A (sky130_fd_sc_hd__clkbuf_16)
     5    0.134022    0.114650    0.179325    0.326684 ^ clkbuf_0_HCLK/X (sky130_fd_sc_hd__clkbuf_16)
                                                         clknet_0_HCLK (net)
                      0.116381    0.011108    0.337791 ^ clkbuf_2_3_0_HCLK/A (sky130_fd_sc_hd__clkbuf_8)
     2    0.039123    0.060921    0.128564    0.466355 ^ clkbuf_2_3_0_HCLK/X (sky130_fd_sc_hd__clkbuf_8)
                                                         clknet_2_3_0_HCLK (net)
                      0.061123    0.002757    0.469112 ^ clkbuf_3_6__f_HCLK/A (sky130_fd_sc_hd__clkbuf_16)
     8    0.072928    0.069384    0.120378    0.589490 ^ clkbuf_3_6__f_HCLK/X (sky130_fd_sc_hd__clkbuf_16)
                                                         clknet_3_6__leaf_HCLK (net)
                      0.070258    0.006072    0.595562 ^ _209_/CLK (sky130_fd_sc_hd__dfrtp_1)
     2    0.006923    0.055816    0.228492    0.824054 ^ _209_/Q (sky130_fd_sc_hd__dfrtp_1)
                                                         net160 (net)
                      0.055816    0.000229    0.824284 ^ output160/A (sky130_fd_sc_hd__buf_2)
     1    0.035410    0.132240    0.147161    0.971445 ^ output160/X (sky130_fd_sc_hd__buf_2)
                                                         PWDATA[26] (net)
                      0.132250    0.000959    0.972403 ^ PWDATA[26] (out)
                                              0.972403   data arrival time

                                 10.000000   10.000000   clock HCLK (rise edge)
                                  0.000000   10.000000   clock network delay (propagated)
                                 -0.250000    9.750000   clock uncertainty
                                  0.000000    9.750000   clock reconvergence pessimism
                                 -2.000000    7.750000   output external delay
                                              7.750000   data required time
---------------------------------------------------------------------------------------------
                                              7.750000   data required time
                                             -0.972403   data arrival time
---------------------------------------------------------------------------------------------
                                              6.777597   slack (MET)


Startpoint: _183_ (rising edge-triggered flip-flop clocked by HCLK)
Endpoint: PWDATA[0] (output port clocked by HCLK)
Path Group: HCLK
Path Type: max

Fanout         Cap        Slew       Delay        Time   Description
---------------------------------------------------------------------------------------------
                                  0.000000    0.000000   clock HCLK (rise edge)
                                  0.000000    0.000000   clock source latency
     1    0.059439    0.203180    0.147358    0.147358 ^ HCLK (in)
                                                         HCLK (net)
                      0.204534    0.000000    0.147358 ^ clkbuf_0_HCLK/A (sky130_fd_sc_hd__clkbuf_16)
     5    0.134022    0.114650    0.179325    0.326684 ^ clkbuf_0_HCLK/X (sky130_fd_sc_hd__clkbuf_16)
                                                         clknet_0_HCLK (net)
                      0.116431    0.011266    0.337950 ^ clkbuf_2_2_0_HCLK/A (sky130_fd_sc_hd__clkbuf_8)
     2    0.035419    0.056406    0.124539    0.462489 ^ clkbuf_2_2_0_HCLK/X (sky130_fd_sc_hd__clkbuf_8)
                                                         clknet_2_2_0_HCLK (net)
                      0.056832    0.003837    0.466326 ^ clkbuf_3_5__f_HCLK/A (sky130_fd_sc_hd__clkbuf_16)
    11    0.035096    0.041718    0.101215    0.567541 ^ clkbuf_3_5__f_HCLK/X (sky130_fd_sc_hd__clkbuf_16)
                                                         clknet_3_5__leaf_HCLK (net)
                      0.041749    0.001185    0.568726 ^ _183_/CLK (sky130_fd_sc_hd__dfrtp_1)
     2    0.012656    0.090595    0.247401    0.816128 ^ _183_/Q (sky130_fd_sc_hd__dfrtp_1)
                                                         net142 (net)
                      0.090597    0.000599    0.816727 ^ output142/A (sky130_fd_sc_hd__buf_2)
     1    0.035135    0.131162    0.154665    0.971391 ^ output142/X (sky130_fd_sc_hd__buf_2)
                                                         PWDATA[0] (net)
                      0.131205    0.000656    0.972047 ^ PWDATA[0] (out)
                                              0.972047   data arrival time

                                 10.000000   10.000000   clock HCLK (rise edge)
                                  0.000000   10.000000   clock network delay (propagated)
                                 -0.250000    9.750000   clock uncertainty
                                  0.000000    9.750000   clock reconvergence pessimism
                                 -2.000000    7.750000   output external delay
                                              7.750000   data required time
---------------------------------------------------------------------------------------------
                                              7.750000   data required time
                                             -0.972047   data arrival time
---------------------------------------------------------------------------------------------
                                              6.777953   slack (MET)


Startpoint: _173_ (rising edge-triggered flip-flop clocked by HCLK)
Endpoint: PADDR[22] (output port clocked by HCLK)
Path Group: HCLK
Path Type: max

Fanout         Cap        Slew       Delay        Time   Description
---------------------------------------------------------------------------------------------
                                  0.000000    0.000000   clock HCLK (rise edge)
                                  0.000000    0.000000   clock source latency
     1    0.059439    0.203180    0.147358    0.147358 ^ HCLK (in)
                                                         HCLK (net)
                      0.204534    0.000000    0.147358 ^ clkbuf_0_HCLK/A (sky130_fd_sc_hd__clkbuf_16)
     5    0.134022    0.114650    0.179325    0.326684 ^ clkbuf_0_HCLK/X (sky130_fd_sc_hd__clkbuf_16)
                                                         clknet_0_HCLK (net)
                      0.116431    0.011266    0.337950 ^ clkbuf_2_2_0_HCLK/A (sky130_fd_sc_hd__clkbuf_8)
     2    0.035419    0.056406    0.124539    0.462489 ^ clkbuf_2_2_0_HCLK/X (sky130_fd_sc_hd__clkbuf_8)
                                                         clknet_2_2_0_HCLK (net)
                      0.056832    0.003837    0.466326 ^ clkbuf_3_5__f_HCLK/A (sky130_fd_sc_hd__clkbuf_16)
    11    0.035096    0.041718    0.101215    0.567541 ^ clkbuf_3_5__f_HCLK/X (sky130_fd_sc_hd__clkbuf_16)
                                                         clknet_3_5__leaf_HCLK (net)
                      0.041856    0.001637    0.569178 ^ _173_/CLK (sky130_fd_sc_hd__dfrtp_1)
     2    0.012012    0.086537    0.244450    0.813629 ^ _173_/Q (sky130_fd_sc_hd__dfrtp_1)
                                                         net119 (net)
                      0.086541    0.000713    0.814342 ^ output119/A (sky130_fd_sc_hd__buf_2)
     1    0.035307    0.131803    0.153966    0.968308 ^ output119/X (sky130_fd_sc_hd__buf_2)
                                                         PADDR[22] (net)
                      0.131852    0.000930    0.969238 ^ PADDR[22] (out)
                                              0.969238   data arrival time

                                 10.000000   10.000000   clock HCLK (rise edge)
                                  0.000000   10.000000   clock network delay (propagated)
                                 -0.250000    9.750000   clock uncertainty
                                  0.000000    9.750000   clock reconvergence pessimism
                                 -2.000000    7.750000   output external delay
                                              7.750000   data required time
---------------------------------------------------------------------------------------------
                                              7.750000   data required time
                                             -0.969238   data arrival time
---------------------------------------------------------------------------------------------
                                              6.780762   slack (MET)


Startpoint: _153_ (rising edge-triggered flip-flop clocked by HCLK)
Endpoint: PADDR[2] (output port clocked by HCLK)
Path Group: HCLK
Path Type: max

Fanout         Cap        Slew       Delay        Time   Description
---------------------------------------------------------------------------------------------
                                  0.000000    0.000000   clock HCLK (rise edge)
                                  0.000000    0.000000   clock source latency
     1    0.059439    0.203180    0.147358    0.147358 ^ HCLK (in)
                                                         HCLK (net)
                      0.204534    0.000000    0.147358 ^ clkbuf_0_HCLK/A (sky130_fd_sc_hd__clkbuf_16)
     5    0.134022    0.114650    0.179325    0.326684 ^ clkbuf_0_HCLK/X (sky130_fd_sc_hd__clkbuf_16)
                                                         clknet_0_HCLK (net)
                      0.116431    0.011266    0.337950 ^ clkbuf_2_2_0_HCLK/A (sky130_fd_sc_hd__clkbuf_8)
     2    0.035419    0.056406    0.124539    0.462489 ^ clkbuf_2_2_0_HCLK/X (sky130_fd_sc_hd__clkbuf_8)
                                                         clknet_2_2_0_HCLK (net)
                      0.056832    0.003837    0.466326 ^ clkbuf_3_5__f_HCLK/A (sky130_fd_sc_hd__clkbuf_16)
    11    0.035096    0.041718    0.101215    0.567541 ^ clkbuf_3_5__f_HCLK/X (sky130_fd_sc_hd__clkbuf_16)
                                                         clknet_3_5__leaf_HCLK (net)
                      0.041869    0.001756    0.569297 ^ _153_/CLK (sky130_fd_sc_hd__dfrtp_1)
     2    0.011688    0.084481    0.243021    0.812319 ^ _153_/Q (sky130_fd_sc_hd__dfrtp_1)
                                                         net127 (net)
                      0.084485    0.000686    0.813004 ^ output127/A (sky130_fd_sc_hd__buf_2)
     1    0.035237    0.131529    0.153511    0.966515 ^ output127/X (sky130_fd_sc_hd__buf_2)
                                                         PADDR[2] (net)
                      0.131572    0.000662    0.967177 ^ PADDR[2] (out)
                                              0.967177   data arrival time

                                 10.000000   10.000000   clock HCLK (rise edge)
                                  0.000000   10.000000   clock network delay (propagated)
                                 -0.250000    9.750000   clock uncertainty
                                  0.000000    9.750000   clock reconvergence pessimism
                                 -2.000000    7.750000   output external delay
                                              7.750000   data required time
---------------------------------------------------------------------------------------------
                                              7.750000   data required time
                                             -0.967177   data arrival time
---------------------------------------------------------------------------------------------
                                              6.782823   slack (MET)


Startpoint: _200_ (rising edge-triggered flip-flop clocked by HCLK)
Endpoint: PWDATA[17] (output port clocked by HCLK)
Path Group: HCLK
Path Type: max

Fanout         Cap        Slew       Delay        Time   Description
---------------------------------------------------------------------------------------------
                                  0.000000    0.000000   clock HCLK (rise edge)
                                  0.000000    0.000000   clock source latency
     1    0.059439    0.203180    0.147358    0.147358 ^ HCLK (in)
                                                         HCLK (net)
                      0.204534    0.000000    0.147358 ^ clkbuf_0_HCLK/A (sky130_fd_sc_hd__clkbuf_16)
     5    0.134022    0.114650    0.179325    0.326684 ^ clkbuf_0_HCLK/X (sky130_fd_sc_hd__clkbuf_16)
                                                         clknet_0_HCLK (net)
                      0.116381    0.011108    0.337791 ^ clkbuf_2_3_0_HCLK/A (sky130_fd_sc_hd__clkbuf_8)
     2    0.039123    0.060921    0.128564    0.466355 ^ clkbuf_2_3_0_HCLK/X (sky130_fd_sc_hd__clkbuf_8)
                                                         clknet_2_3_0_HCLK (net)
                      0.061123    0.002757    0.469112 ^ clkbuf_3_6__f_HCLK/A (sky130_fd_sc_hd__clkbuf_16)
     8    0.072928    0.069384    0.120378    0.589490 ^ clkbuf_3_6__f_HCLK/X (sky130_fd_sc_hd__clkbuf_16)
                                                         clknet_3_6__leaf_HCLK (net)
                      0.070514    0.006910    0.596401 ^ _200_/CLK (sky130_fd_sc_hd__dfrtp_1)
     2    0.005336    0.046304    0.220961    0.817362 ^ _200_/Q (sky130_fd_sc_hd__dfrtp_1)
                                                         net150 (net)
                      0.046304    0.000116    0.817478 ^ output150/A (sky130_fd_sc_hd__buf_2)
     1    0.034630    0.129466    0.142679    0.960157 ^ output150/X (sky130_fd_sc_hd__buf_2)
                                                         PWDATA[17] (net)
                      0.129472    0.000764    0.960921 ^ PWDATA[17] (out)
                                              0.960921   data arrival time

                                 10.000000   10.000000   clock HCLK (rise edge)
                                  0.000000   10.000000   clock network delay (propagated)
                                 -0.250000    9.750000   clock uncertainty
                                  0.000000    9.750000   clock reconvergence pessimism
                                 -2.000000    7.750000   output external delay
                                              7.750000   data required time
---------------------------------------------------------------------------------------------
                                              7.750000   data required time
                                             -0.960921   data arrival time
---------------------------------------------------------------------------------------------
                                              6.789079   slack (MET)


Startpoint: _171_ (rising edge-triggered flip-flop clocked by HCLK)
Endpoint: PADDR[20] (output port clocked by HCLK)
Path Group: HCLK
Path Type: max

Fanout         Cap        Slew       Delay        Time   Description
---------------------------------------------------------------------------------------------
                                  0.000000    0.000000   clock HCLK (rise edge)
                                  0.000000    0.000000   clock source latency
     1    0.059439    0.203180    0.147358    0.147358 ^ HCLK (in)
                                                         HCLK (net)
                      0.204534    0.000000    0.147358 ^ clkbuf_0_HCLK/A (sky130_fd_sc_hd__clkbuf_16)
     5    0.134022    0.114650    0.179325    0.326684 ^ clkbuf_0_HCLK/X (sky130_fd_sc_hd__clkbuf_16)
                                                         clknet_0_HCLK (net)
                      0.116381    0.011108    0.337791 ^ clkbuf_2_3_0_HCLK/A (sky130_fd_sc_hd__clkbuf_8)
     2    0.039123    0.060921    0.128564    0.466355 ^ clkbuf_2_3_0_HCLK/X (sky130_fd_sc_hd__clkbuf_8)
                                                         clknet_2_3_0_HCLK (net)
                      0.061123    0.002757    0.469112 ^ clkbuf_3_6__f_HCLK/A (sky130_fd_sc_hd__clkbuf_16)
     8    0.072928    0.069384    0.120378    0.589490 ^ clkbuf_3_6__f_HCLK/X (sky130_fd_sc_hd__clkbuf_16)
                                                         clknet_3_6__leaf_HCLK (net)
                      0.070527    0.006949    0.596440 ^ _171_/CLK (sky130_fd_sc_hd__dfrtp_1)
     2    0.005430    0.046860    0.221424    0.817864 ^ _171_/Q (sky130_fd_sc_hd__dfrtp_1)
                                                         net117 (net)
                      0.046860    0.000113    0.817977 ^ output117/A (sky130_fd_sc_hd__buf_2)
     1    0.034339    0.128431    0.142131    0.960108 ^ output117/X (sky130_fd_sc_hd__buf_2)
                                                         PADDR[20] (net)
                      0.128438    0.000767    0.960876 ^ PADDR[20] (out)
                                              0.960876   data arrival time

                                 10.000000   10.000000   clock HCLK (rise edge)
                                  0.000000   10.000000   clock network delay (propagated)
                                 -0.250000    9.750000   clock uncertainty
                                  0.000000    9.750000   clock reconvergence pessimism
                                 -2.000000    7.750000   output external delay
                                              7.750000   data required time
---------------------------------------------------------------------------------------------
                                              7.750000   data required time
                                             -0.960876   data arrival time
---------------------------------------------------------------------------------------------
                                              6.789124   slack (MET)


Startpoint: _190_ (rising edge-triggered flip-flop clocked by HCLK)
Endpoint: PWDATA[7] (output port clocked by HCLK)
Path Group: HCLK
Path Type: max

Fanout         Cap        Slew       Delay        Time   Description
---------------------------------------------------------------------------------------------
                                  0.000000    0.000000   clock HCLK (rise edge)
                                  0.000000    0.000000   clock source latency
     1    0.059439    0.203180    0.147358    0.147358 ^ HCLK (in)
                                                         HCLK (net)
                      0.204534    0.000000    0.147358 ^ clkbuf_0_HCLK/A (sky130_fd_sc_hd__clkbuf_16)
     5    0.134022    0.114650    0.179325    0.326684 ^ clkbuf_0_HCLK/X (sky130_fd_sc_hd__clkbuf_16)
                                                         clknet_0_HCLK (net)
                      0.116381    0.011108    0.337791 ^ clkbuf_2_3_0_HCLK/A (sky130_fd_sc_hd__clkbuf_8)
     2    0.039123    0.060921    0.128564    0.466355 ^ clkbuf_2_3_0_HCLK/X (sky130_fd_sc_hd__clkbuf_8)
                                                         clknet_2_3_0_HCLK (net)
                      0.061123    0.002757    0.469112 ^ clkbuf_3_6__f_HCLK/A (sky130_fd_sc_hd__clkbuf_16)
     8    0.072928    0.069384    0.120378    0.589490 ^ clkbuf_3_6__f_HCLK/X (sky130_fd_sc_hd__clkbuf_16)
                                                         clknet_3_6__leaf_HCLK (net)
                      0.070445    0.006693    0.596183 ^ _190_/CLK (sky130_fd_sc_hd__dfrtp_1)
     2    0.005035    0.044527    0.219501    0.815685 ^ _190_/Q (sky130_fd_sc_hd__dfrtp_1)
                                                         net171 (net)
                      0.044527    0.000108    0.815793 ^ output171/A (sky130_fd_sc_hd__buf_2)
     1    0.034571    0.129265    0.141972    0.957765 ^ output171/X (sky130_fd_sc_hd__buf_2)
                                                         PWDATA[7] (net)
                      0.129272    0.000803    0.958568 ^ PWDATA[7] (out)
                                              0.958568   data arrival time

                                 10.000000   10.000000   clock HCLK (rise edge)
                                  0.000000   10.000000   clock network delay (propagated)
                                 -0.250000    9.750000   clock uncertainty
                                  0.000000    9.750000   clock reconvergence pessimism
                                 -2.000000    7.750000   output external delay
                                              7.750000   data required time
---------------------------------------------------------------------------------------------
                                              7.750000   data required time
                                             -0.958568   data arrival time
---------------------------------------------------------------------------------------------
                                              6.791431   slack (MET)


Startpoint: _156_ (rising edge-triggered flip-flop clocked by HCLK)
Endpoint: PADDR[5] (output port clocked by HCLK)
Path Group: HCLK
Path Type: max

Fanout         Cap        Slew       Delay        Time   Description
---------------------------------------------------------------------------------------------
                                  0.000000    0.000000   clock HCLK (rise edge)
                                  0.000000    0.000000   clock source latency
     1    0.059439    0.203180    0.147358    0.147358 ^ HCLK (in)
                                                         HCLK (net)
                      0.204534    0.000000    0.147358 ^ clkbuf_0_HCLK/A (sky130_fd_sc_hd__clkbuf_16)
     5    0.134022    0.114650    0.179325    0.326684 ^ clkbuf_0_HCLK/X (sky130_fd_sc_hd__clkbuf_16)
                                                         clknet_0_HCLK (net)
                      0.116381    0.011108    0.337791 ^ clkbuf_2_3_0_HCLK/A (sky130_fd_sc_hd__clkbuf_8)
     2    0.039123    0.060921    0.128564    0.466355 ^ clkbuf_2_3_0_HCLK/X (sky130_fd_sc_hd__clkbuf_8)
                                                         clknet_2_3_0_HCLK (net)
                      0.061123    0.002757    0.469112 ^ clkbuf_3_6__f_HCLK/A (sky130_fd_sc_hd__clkbuf_16)
     8    0.072928    0.069384    0.120378    0.589490 ^ clkbuf_3_6__f_HCLK/X (sky130_fd_sc_hd__clkbuf_16)
                                                         clknet_3_6__leaf_HCLK (net)
                      0.070497    0.006857    0.596347 ^ _156_/CLK (sky130_fd_sc_hd__dfrtp_1)
     2    0.004910    0.043790    0.218905    0.815252 ^ _156_/Q (sky130_fd_sc_hd__dfrtp_1)
                                                         net132 (net)
                      0.043790    0.000127    0.815379 ^ output132/A (sky130_fd_sc_hd__buf_2)
     1    0.034720    0.129801    0.142089    0.957468 ^ output132/X (sky130_fd_sc_hd__buf_2)
                                                         PADDR[5] (net)
                      0.129809    0.000846    0.958314 ^ PADDR[5] (out)
                                              0.958314   data arrival time

                                 10.000000   10.000000   clock HCLK (rise edge)
                                  0.000000   10.000000   clock network delay (propagated)
                                 -0.250000    9.750000   clock uncertainty
                                  0.000000    9.750000   clock reconvergence pessimism
                                 -2.000000    7.750000   output external delay
                                              7.750000   data required time
---------------------------------------------------------------------------------------------
                                              7.750000   data required time
                                             -0.958314   data arrival time
---------------------------------------------------------------------------------------------
                                              6.791686   slack (MET)


Startpoint: _199_ (rising edge-triggered flip-flop clocked by HCLK)
Endpoint: PWDATA[16] (output port clocked by HCLK)
Path Group: HCLK
Path Type: max

Fanout         Cap        Slew       Delay        Time   Description
---------------------------------------------------------------------------------------------
                                  0.000000    0.000000   clock HCLK (rise edge)
                                  0.000000    0.000000   clock source latency
     1    0.059439    0.203180    0.147358    0.147358 ^ HCLK (in)
                                                         HCLK (net)
                      0.204534    0.000000    0.147358 ^ clkbuf_0_HCLK/A (sky130_fd_sc_hd__clkbuf_16)
     5    0.134022    0.114650    0.179325    0.326684 ^ clkbuf_0_HCLK/X (sky130_fd_sc_hd__clkbuf_16)
                                                         clknet_0_HCLK (net)
                      0.116381    0.011108    0.337791 ^ clkbuf_2_3_0_HCLK/A (sky130_fd_sc_hd__clkbuf_8)
     2    0.039123    0.060921    0.128564    0.466355 ^ clkbuf_2_3_0_HCLK/X (sky130_fd_sc_hd__clkbuf_8)
                                                         clknet_2_3_0_HCLK (net)
                      0.061123    0.002757    0.469112 ^ clkbuf_3_6__f_HCLK/A (sky130_fd_sc_hd__clkbuf_16)
     8    0.072928    0.069384    0.120378    0.589490 ^ clkbuf_3_6__f_HCLK/X (sky130_fd_sc_hd__clkbuf_16)
                                                         clknet_3_6__leaf_HCLK (net)
                      0.070360    0.006418    0.595909 ^ _199_/CLK (sky130_fd_sc_hd__dfrtp_1)
     2    0.004957    0.044071    0.219099    0.815008 ^ _199_/Q (sky130_fd_sc_hd__dfrtp_1)
                                                         net149 (net)
                      0.044071    0.000122    0.815129 ^ output149/A (sky130_fd_sc_hd__buf_2)
     1    0.034299    0.128293    0.141197    0.956326 ^ output149/X (sky130_fd_sc_hd__buf_2)
                                                         PWDATA[16] (net)
                      0.128300    0.000753    0.957079 ^ PWDATA[16] (out)
                                              0.957079   data arrival time

                                 10.000000   10.000000   clock HCLK (rise edge)
                                  0.000000   10.000000   clock network delay (propagated)
                                 -0.250000    9.750000   clock uncertainty
                                  0.000000    9.750000   clock reconvergence pessimism
                                 -2.000000    7.750000   output external delay
                                              7.750000   data required time
---------------------------------------------------------------------------------------------
                                              7.750000   data required time
                                             -0.957079   data arrival time
---------------------------------------------------------------------------------------------
                                              6.792921   slack (MET)


Startpoint: _206_ (rising edge-triggered flip-flop clocked by HCLK)
Endpoint: PWDATA[23] (output port clocked by HCLK)
Path Group: HCLK
Path Type: max

Fanout         Cap        Slew       Delay        Time   Description
---------------------------------------------------------------------------------------------
                                  0.000000    0.000000   clock HCLK (rise edge)
                                  0.000000    0.000000   clock source latency
     1    0.059439    0.203180    0.147358    0.147358 ^ HCLK (in)
                                                         HCLK (net)
                      0.204534    0.000000    0.147358 ^ clkbuf_0_HCLK/A (sky130_fd_sc_hd__clkbuf_16)
     5    0.134022    0.114650    0.179325    0.326684 ^ clkbuf_0_HCLK/X (sky130_fd_sc_hd__clkbuf_16)
                                                         clknet_0_HCLK (net)
                      0.116381    0.011108    0.337791 ^ clkbuf_2_3_0_HCLK/A (sky130_fd_sc_hd__clkbuf_8)
     2    0.039123    0.060921    0.128564    0.466355 ^ clkbuf_2_3_0_HCLK/X (sky130_fd_sc_hd__clkbuf_8)
                                                         clknet_2_3_0_HCLK (net)
                      0.061123    0.002757    0.469112 ^ clkbuf_3_6__f_HCLK/A (sky130_fd_sc_hd__clkbuf_16)
     8    0.072928    0.069384    0.120378    0.589490 ^ clkbuf_3_6__f_HCLK/X (sky130_fd_sc_hd__clkbuf_16)
                                                         clknet_3_6__leaf_HCLK (net)
                      0.070498    0.006860    0.596350 ^ _206_/CLK (sky130_fd_sc_hd__dfrtp_1)
     2    0.004254    0.039919    0.215764    0.812114 ^ _206_/Q (sky130_fd_sc_hd__dfrtp_1)
                                                         net157 (net)
                      0.039919    0.000105    0.812220 ^ output157/A (sky130_fd_sc_hd__buf_2)
     1    0.035003    0.130825    0.141543    0.953763 ^ output157/X (sky130_fd_sc_hd__buf_2)
                                                         PWDATA[23] (net)
                      0.130835    0.000948    0.954711 ^ PWDATA[23] (out)
                                              0.954711   data arrival time

                                 10.000000   10.000000   clock HCLK (rise edge)
                                  0.000000   10.000000   clock network delay (propagated)
                                 -0.250000    9.750000   clock uncertainty
                                  0.000000    9.750000   clock reconvergence pessimism
                                 -2.000000    7.750000   output external delay
                                              7.750000   data required time
---------------------------------------------------------------------------------------------
                                              7.750000   data required time
                                             -0.954711   data arrival time
---------------------------------------------------------------------------------------------
                                              6.795289   slack (MET)


Startpoint: _210_ (rising edge-triggered flip-flop clocked by HCLK)
Endpoint: PWDATA[27] (output port clocked by HCLK)
Path Group: HCLK
Path Type: max

Fanout         Cap        Slew       Delay        Time   Description
---------------------------------------------------------------------------------------------
                                  0.000000    0.000000   clock HCLK (rise edge)
                                  0.000000    0.000000   clock source latency
     1    0.059439    0.203180    0.147358    0.147358 ^ HCLK (in)
                                                         HCLK (net)
                      0.204534    0.000000    0.147358 ^ clkbuf_0_HCLK/A (sky130_fd_sc_hd__clkbuf_16)
     5    0.134022    0.114650    0.179325    0.326684 ^ clkbuf_0_HCLK/X (sky130_fd_sc_hd__clkbuf_16)
                                                         clknet_0_HCLK (net)
                      0.117120    0.013264    0.339947 ^ clkbuf_2_1_0_HCLK/A (sky130_fd_sc_hd__clkbuf_8)
     2    0.036936    0.058213    0.125711    0.465659 ^ clkbuf_2_1_0_HCLK/X (sky130_fd_sc_hd__clkbuf_8)
                                                         clknet_2_1_0_HCLK (net)
                      0.058723    0.004261    0.469920 ^ clkbuf_3_3__f_HCLK/A (sky130_fd_sc_hd__clkbuf_16)
    10    0.027954    0.036768    0.097675    0.567595 ^ clkbuf_3_3__f_HCLK/X (sky130_fd_sc_hd__clkbuf_16)
                                                         clknet_3_3__leaf_HCLK (net)
                      0.036774    0.000452    0.568047 ^ _210_/CLK (sky130_fd_sc_hd__dfrtp_1)
     2    0.010196    0.075466    0.234724    0.802771 ^ _210_/Q (sky130_fd_sc_hd__dfrtp_1)
                                                         net161 (net)
                      0.075466    0.000318    0.803088 ^ output161/A (sky130_fd_sc_hd__buf_2)
     1    0.034413    0.128630    0.149334    0.952423 ^ output161/X (sky130_fd_sc_hd__buf_2)
                                                         PWDATA[27] (net)
                      0.128675    0.000771    0.953194 ^ PWDATA[27] (out)
                                              0.953194   data arrival time

                                 10.000000   10.000000   clock HCLK (rise edge)
                                  0.000000   10.000000   clock network delay (propagated)
                                 -0.250000    9.750000   clock uncertainty
                                  0.000000    9.750000   clock reconvergence pessimism
                                 -2.000000    7.750000   output external delay
                                              7.750000   data required time
---------------------------------------------------------------------------------------------
                                              7.750000   data required time
                                             -0.953194   data arrival time
---------------------------------------------------------------------------------------------
                                              6.796806   slack (MET)


Startpoint: _165_ (rising edge-triggered flip-flop clocked by HCLK)
Endpoint: PADDR[14] (output port clocked by HCLK)
Path Group: HCLK
Path Type: max

Fanout         Cap        Slew       Delay        Time   Description
---------------------------------------------------------------------------------------------
                                  0.000000    0.000000   clock HCLK (rise edge)
                                  0.000000    0.000000   clock source latency
     1    0.059439    0.203180    0.147358    0.147358 ^ HCLK (in)
                                                         HCLK (net)
                      0.204534    0.000000    0.147358 ^ clkbuf_0_HCLK/A (sky130_fd_sc_hd__clkbuf_16)
     5    0.134022    0.114650    0.179325    0.326684 ^ clkbuf_0_HCLK/X (sky130_fd_sc_hd__clkbuf_16)
                                                         clknet_0_HCLK (net)
                      0.116959    0.012824    0.339507 ^ clkbuf_2_0_0_HCLK/A (sky130_fd_sc_hd__clkbuf_8)
     2    0.040129    0.062153    0.129216    0.468723 ^ clkbuf_2_0_0_HCLK/X (sky130_fd_sc_hd__clkbuf_8)
                                                         clknet_2_0_0_HCLK (net)
                      0.062464    0.003471    0.472194 ^ clkbuf_3_1__f_HCLK/A (sky130_fd_sc_hd__clkbuf_16)
     7    0.035580    0.041831    0.102191    0.574385 ^ clkbuf_3_1__f_HCLK/X (sky130_fd_sc_hd__clkbuf_16)
                                                         clknet_3_1__leaf_HCLK (net)
                      0.042604    0.004367    0.578752 ^ _165_/CLK (sky130_fd_sc_hd__dfrtp_1)
     2    0.007618    0.060017    0.224158    0.802911 ^ _165_/Q (sky130_fd_sc_hd__dfrtp_1)
                                                         net110 (net)
                      0.060017    0.000198    0.803109 ^ output110/A (sky130_fd_sc_hd__buf_2)
     1    0.034933    0.130537    0.146976    0.950085 ^ output110/X (sky130_fd_sc_hd__buf_2)
                                                         PADDR[14] (net)
                      0.130546    0.000915    0.951000 ^ PADDR[14] (out)
                                              0.951000   data arrival time

                                 10.000000   10.000000   clock HCLK (rise edge)
                                  0.000000   10.000000   clock network delay (propagated)
                                 -0.250000    9.750000   clock uncertainty
                                  0.000000    9.750000   clock reconvergence pessimism
                                 -2.000000    7.750000   output external delay
                                              7.750000   data required time
---------------------------------------------------------------------------------------------
                                              7.750000   data required time
                                             -0.951000   data arrival time
---------------------------------------------------------------------------------------------
                                              6.799000   slack (MET)


Startpoint: _175_ (rising edge-triggered flip-flop clocked by HCLK)
Endpoint: PADDR[24] (output port clocked by HCLK)
Path Group: HCLK
Path Type: max

Fanout         Cap        Slew       Delay        Time   Description
---------------------------------------------------------------------------------------------
                                  0.000000    0.000000   clock HCLK (rise edge)
                                  0.000000    0.000000   clock source latency
     1    0.059439    0.203180    0.147358    0.147358 ^ HCLK (in)
                                                         HCLK (net)
                      0.204534    0.000000    0.147358 ^ clkbuf_0_HCLK/A (sky130_fd_sc_hd__clkbuf_16)
     5    0.134022    0.114650    0.179325    0.326684 ^ clkbuf_0_HCLK/X (sky130_fd_sc_hd__clkbuf_16)
                                                         clknet_0_HCLK (net)
                      0.117120    0.013264    0.339947 ^ clkbuf_2_1_0_HCLK/A (sky130_fd_sc_hd__clkbuf_8)
     2    0.036936    0.058213    0.125711    0.465659 ^ clkbuf_2_1_0_HCLK/X (sky130_fd_sc_hd__clkbuf_8)
                                                         clknet_2_1_0_HCLK (net)
                      0.058761    0.004422    0.470081 ^ clkbuf_3_2__f_HCLK/A (sky130_fd_sc_hd__clkbuf_16)
    10    0.036695    0.042800    0.102531    0.572612 ^ clkbuf_3_2__f_HCLK/X (sky130_fd_sc_hd__clkbuf_16)
                                                         clknet_3_2__leaf_HCLK (net)
                      0.043033    0.002050    0.574661 ^ _175_/CLK (sky130_fd_sc_hd__dfrtp_1)
     2    0.007760    0.060882    0.224947    0.799608 ^ _175_/Q (sky130_fd_sc_hd__dfrtp_1)
                                                         net121 (net)
                      0.060882    0.000246    0.799854 ^ output121/A (sky130_fd_sc_hd__buf_2)
     1    0.034500    0.128983    0.146230    0.946085 ^ output121/X (sky130_fd_sc_hd__buf_2)
                                                         PADDR[24] (net)
                      0.128989    0.000727    0.946812 ^ PADDR[24] (out)
                                              0.946812   data arrival time

                                 10.000000   10.000000   clock HCLK (rise edge)
                                  0.000000   10.000000   clock network delay (propagated)
                                 -0.250000    9.750000   clock uncertainty
                                  0.000000    9.750000   clock reconvergence pessimism
                                 -2.000000    7.750000   output external delay
                                              7.750000   data required time
---------------------------------------------------------------------------------------------
                                              7.750000   data required time
                                             -0.946812   data arrival time
---------------------------------------------------------------------------------------------
                                              6.803188   slack (MET)


Startpoint: _184_ (rising edge-triggered flip-flop clocked by HCLK)
Endpoint: PWDATA[1] (output port clocked by HCLK)
Path Group: HCLK
Path Type: max

Fanout         Cap        Slew       Delay        Time   Description
---------------------------------------------------------------------------------------------
                                  0.000000    0.000000   clock HCLK (rise edge)
                                  0.000000    0.000000   clock source latency
     1    0.059439    0.203180    0.147358    0.147358 ^ HCLK (in)
                                                         HCLK (net)
                      0.204534    0.000000    0.147358 ^ clkbuf_0_HCLK/A (sky130_fd_sc_hd__clkbuf_16)
     5    0.134022    0.114650    0.179325    0.326684 ^ clkbuf_0_HCLK/X (sky130_fd_sc_hd__clkbuf_16)
                                                         clknet_0_HCLK (net)
                      0.117120    0.013264    0.339947 ^ clkbuf_2_1_0_HCLK/A (sky130_fd_sc_hd__clkbuf_8)
     2    0.036936    0.058213    0.125711    0.465659 ^ clkbuf_2_1_0_HCLK/X (sky130_fd_sc_hd__clkbuf_8)
                                                         clknet_2_1_0_HCLK (net)
                      0.058761    0.004422    0.470081 ^ clkbuf_3_2__f_HCLK/A (sky130_fd_sc_hd__clkbuf_16)
    10    0.036695    0.042800    0.102531    0.572612 ^ clkbuf_3_2__f_HCLK/X (sky130_fd_sc_hd__clkbuf_16)
                                                         clknet_3_2__leaf_HCLK (net)
                      0.043011    0.001877    0.574488 ^ _184_/CLK (sky130_fd_sc_hd__dfrtp_1)
     2    0.007290    0.058036    0.222675    0.797163 ^ _184_/Q (sky130_fd_sc_hd__dfrtp_1)
                                                         net153 (net)
                      0.058036    0.000230    0.797393 ^ output153/A (sky130_fd_sc_hd__buf_2)
     1    0.035026    0.130860    0.146820    0.944213 ^ output153/X (sky130_fd_sc_hd__buf_2)
                                                         PWDATA[1] (net)
                      0.130867    0.000811    0.945024 ^ PWDATA[1] (out)
                                              0.945024   data arrival time

                                 10.000000   10.000000   clock HCLK (rise edge)
                                  0.000000   10.000000   clock network delay (propagated)
                                 -0.250000    9.750000   clock uncertainty
                                  0.000000    9.750000   clock reconvergence pessimism
                                 -2.000000    7.750000   output external delay
                                              7.750000   data required time
---------------------------------------------------------------------------------------------
                                              7.750000   data required time
                                             -0.945024   data arrival time
---------------------------------------------------------------------------------------------
                                              6.804976   slack (MET)


Startpoint: _208_ (rising edge-triggered flip-flop clocked by HCLK)
Endpoint: PWDATA[25] (output port clocked by HCLK)
Path Group: HCLK
Path Type: max

Fanout         Cap        Slew       Delay        Time   Description
---------------------------------------------------------------------------------------------
                                  0.000000    0.000000   clock HCLK (rise edge)
                                  0.000000    0.000000   clock source latency
     1    0.059439    0.203180    0.147358    0.147358 ^ HCLK (in)
                                                         HCLK (net)
                      0.204534    0.000000    0.147358 ^ clkbuf_0_HCLK/A (sky130_fd_sc_hd__clkbuf_16)
     5    0.134022    0.114650    0.179325    0.326684 ^ clkbuf_0_HCLK/X (sky130_fd_sc_hd__clkbuf_16)
                                                         clknet_0_HCLK (net)
                      0.116431    0.011266    0.337950 ^ clkbuf_2_2_0_HCLK/A (sky130_fd_sc_hd__clkbuf_8)
     2    0.035419    0.056406    0.124539    0.462489 ^ clkbuf_2_2_0_HCLK/X (sky130_fd_sc_hd__clkbuf_8)
                                                         clknet_2_2_0_HCLK (net)
                      0.056832    0.003837    0.466326 ^ clkbuf_3_5__f_HCLK/A (sky130_fd_sc_hd__clkbuf_16)
    11    0.035096    0.041718    0.101215    0.567541 ^ clkbuf_3_5__f_HCLK/X (sky130_fd_sc_hd__clkbuf_16)
                                                         clknet_3_5__leaf_HCLK (net)
                      0.041745    0.001142    0.568684 ^ _208_/CLK (sky130_fd_sc_hd__dfrtp_1)
     2    0.007892    0.061690    0.225166    0.793850 ^ _208_/Q (sky130_fd_sc_hd__dfrtp_1)
                                                         net159 (net)
                      0.061690    0.000290    0.794140 ^ output159/A (sky130_fd_sc_hd__buf_2)
     1    0.035200    0.131457    0.148198    0.942337 ^ output159/X (sky130_fd_sc_hd__buf_2)
                                                         PWDATA[25] (net)
                      0.131461    0.000653    0.942990 ^ PWDATA[25] (out)
                                              0.942990   data arrival time

                                 10.000000   10.000000   clock HCLK (rise edge)
                                  0.000000   10.000000   clock network delay (propagated)
                                 -0.250000    9.750000   clock uncertainty
                                  0.000000    9.750000   clock reconvergence pessimism
                                 -2.000000    7.750000   output external delay
                                              7.750000   data required time
---------------------------------------------------------------------------------------------
                                              7.750000   data required time
                                             -0.942990   data arrival time
---------------------------------------------------------------------------------------------
                                              6.807010   slack (MET)


Startpoint: _162_ (rising edge-triggered flip-flop clocked by HCLK)
Endpoint: PADDR[11] (output port clocked by HCLK)
Path Group: HCLK
Path Type: max

Fanout         Cap        Slew       Delay        Time   Description
---------------------------------------------------------------------------------------------
                                  0.000000    0.000000   clock HCLK (rise edge)
                                  0.000000    0.000000   clock source latency
     1    0.059439    0.203180    0.147358    0.147358 ^ HCLK (in)
                                                         HCLK (net)
                      0.204534    0.000000    0.147358 ^ clkbuf_0_HCLK/A (sky130_fd_sc_hd__clkbuf_16)
     5    0.134022    0.114650    0.179325    0.326684 ^ clkbuf_0_HCLK/X (sky130_fd_sc_hd__clkbuf_16)
                                                         clknet_0_HCLK (net)
                      0.116431    0.011266    0.337950 ^ clkbuf_2_2_0_HCLK/A (sky130_fd_sc_hd__clkbuf_8)
     2    0.035419    0.056406    0.124539    0.462489 ^ clkbuf_2_2_0_HCLK/X (sky130_fd_sc_hd__clkbuf_8)
                                                         clknet_2_2_0_HCLK (net)
                      0.056729    0.003332    0.465821 ^ clkbuf_3_4__f_HCLK/A (sky130_fd_sc_hd__clkbuf_16)
    11    0.039914    0.045093    0.104073    0.569895 ^ clkbuf_3_4__f_HCLK/X (sky130_fd_sc_hd__clkbuf_16)
                                                         clknet_3_4__leaf_HCLK (net)
                      0.045130    0.001092    0.570987 ^ _162_/CLK (sky130_fd_sc_hd__dfrtp_1)
     2    0.007029    0.056464    0.222057    0.793044 ^ _162_/Q (sky130_fd_sc_hd__dfrtp_1)
                                                         net107 (net)
                      0.056464    0.000240    0.793284 ^ output107/A (sky130_fd_sc_hd__buf_2)
     1    0.035359    0.132045    0.147269    0.940554 ^ output107/X (sky130_fd_sc_hd__buf_2)
                                                         PADDR[11] (net)
                      0.132052    0.000829    0.941383 ^ PADDR[11] (out)
                                              0.941383   data arrival time

                                 10.000000   10.000000   clock HCLK (rise edge)
                                  0.000000   10.000000   clock network delay (propagated)
                                 -0.250000    9.750000   clock uncertainty
                                  0.000000    9.750000   clock reconvergence pessimism
                                 -2.000000    7.750000   output external delay
                                              7.750000   data required time
---------------------------------------------------------------------------------------------
                                              7.750000   data required time
                                             -0.941383   data arrival time
---------------------------------------------------------------------------------------------
                                              6.808618   slack (MET)


Startpoint: _158_ (rising edge-triggered flip-flop clocked by HCLK)
Endpoint: PADDR[7] (output port clocked by HCLK)
Path Group: HCLK
Path Type: max

Fanout         Cap        Slew       Delay        Time   Description
---------------------------------------------------------------------------------------------
                                  0.000000    0.000000   clock HCLK (rise edge)
                                  0.000000    0.000000   clock source latency
     1    0.059439    0.203180    0.147358    0.147358 ^ HCLK (in)
                                                         HCLK (net)
                      0.204534    0.000000    0.147358 ^ clkbuf_0_HCLK/A (sky130_fd_sc_hd__clkbuf_16)
     5    0.134022    0.114650    0.179325    0.326684 ^ clkbuf_0_HCLK/X (sky130_fd_sc_hd__clkbuf_16)
                                                         clknet_0_HCLK (net)
                      0.117120    0.013264    0.339947 ^ clkbuf_2_1_0_HCLK/A (sky130_fd_sc_hd__clkbuf_8)
     2    0.036936    0.058213    0.125711    0.465659 ^ clkbuf_2_1_0_HCLK/X (sky130_fd_sc_hd__clkbuf_8)
                                                         clknet_2_1_0_HCLK (net)
                      0.058723    0.004261    0.469920 ^ clkbuf_3_3__f_HCLK/A (sky130_fd_sc_hd__clkbuf_16)
    10    0.027954    0.036768    0.097675    0.567595 ^ clkbuf_3_3__f_HCLK/X (sky130_fd_sc_hd__clkbuf_16)
                                                         clknet_3_3__leaf_HCLK (net)
                      0.036781    0.000620    0.568216 ^ _158_/CLK (sky130_fd_sc_hd__dfrtp_1)
     2    0.008136    0.063168    0.224825    0.793041 ^ _158_/Q (sky130_fd_sc_hd__dfrtp_1)
                                                         net134 (net)
                      0.063169    0.000292    0.793333 ^ output134/A (sky130_fd_sc_hd__buf_2)
     1    0.034630    0.129401    0.147098    0.940431 ^ output134/X (sky130_fd_sc_hd__buf_2)
                                                         PADDR[7] (net)
                      0.129445    0.000696    0.941126 ^ PADDR[7] (out)
                                              0.941126   data arrival time

                                 10.000000   10.000000   clock HCLK (rise edge)
                                  0.000000   10.000000   clock network delay (propagated)
                                 -0.250000    9.750000   clock uncertainty
                                  0.000000    9.750000   clock reconvergence pessimism
                                 -2.000000    7.750000   output external delay
                                              7.750000   data required time
---------------------------------------------------------------------------------------------
                                              7.750000   data required time
                                             -0.941126   data arrival time
---------------------------------------------------------------------------------------------
                                              6.808874   slack (MET)


Startpoint: _202_ (rising edge-triggered flip-flop clocked by HCLK)
Endpoint: PWDATA[19] (output port clocked by HCLK)
Path Group: HCLK
Path Type: max

Fanout         Cap        Slew       Delay        Time   Description
---------------------------------------------------------------------------------------------
                                  0.000000    0.000000   clock HCLK (rise edge)
                                  0.000000    0.000000   clock source latency
     1    0.059439    0.203180    0.147358    0.147358 ^ HCLK (in)
                                                         HCLK (net)
                      0.204534    0.000000    0.147358 ^ clkbuf_0_HCLK/A (sky130_fd_sc_hd__clkbuf_16)
     5    0.134022    0.114650    0.179325    0.326684 ^ clkbuf_0_HCLK/X (sky130_fd_sc_hd__clkbuf_16)
                                                         clknet_0_HCLK (net)
                      0.116959    0.012824    0.339507 ^ clkbuf_2_0_0_HCLK/A (sky130_fd_sc_hd__clkbuf_8)
     2    0.040129    0.062153    0.129216    0.468723 ^ clkbuf_2_0_0_HCLK/X (sky130_fd_sc_hd__clkbuf_8)
                                                         clknet_2_0_0_HCLK (net)
                      0.062464    0.003471    0.472194 ^ clkbuf_3_1__f_HCLK/A (sky130_fd_sc_hd__clkbuf_16)
     7    0.035580    0.041831    0.102191    0.574385 ^ clkbuf_3_1__f_HCLK/X (sky130_fd_sc_hd__clkbuf_16)
                                                         clknet_3_1__leaf_HCLK (net)
                      0.042545    0.004152    0.578537 ^ _202_/CLK (sky130_fd_sc_hd__dfrtp_1)
     2    0.006188    0.051387    0.217274    0.795811 ^ _202_/Q (sky130_fd_sc_hd__dfrtp_1)
                                                         net152 (net)
                      0.051387    0.000138    0.795949 ^ output152/A (sky130_fd_sc_hd__buf_2)
     1    0.034551    0.129173    0.144028    0.939977 ^ output152/X (sky130_fd_sc_hd__buf_2)
                                                         PWDATA[19] (net)
                      0.129180    0.000765    0.940742 ^ PWDATA[19] (out)
                                              0.940742   data arrival time

                                 10.000000   10.000000   clock HCLK (rise edge)
                                  0.000000   10.000000   clock network delay (propagated)
                                 -0.250000    9.750000   clock uncertainty
                                  0.000000    9.750000   clock reconvergence pessimism
                                 -2.000000    7.750000   output external delay
                                              7.750000   data required time
---------------------------------------------------------------------------------------------
                                              7.750000   data required time
                                             -0.940742   data arrival time
---------------------------------------------------------------------------------------------
                                              6.809258   slack (MET)


Startpoint: _185_ (rising edge-triggered flip-flop clocked by HCLK)
Endpoint: PWDATA[2] (output port clocked by HCLK)
Path Group: HCLK
Path Type: max

Fanout         Cap        Slew       Delay        Time   Description
---------------------------------------------------------------------------------------------
                                  0.000000    0.000000   clock HCLK (rise edge)
                                  0.000000    0.000000   clock source latency
     1    0.059439    0.203180    0.147358    0.147358 ^ HCLK (in)
                                                         HCLK (net)
                      0.204534    0.000000    0.147358 ^ clkbuf_0_HCLK/A (sky130_fd_sc_hd__clkbuf_16)
     5    0.134022    0.114650    0.179325    0.326684 ^ clkbuf_0_HCLK/X (sky130_fd_sc_hd__clkbuf_16)
                                                         clknet_0_HCLK (net)
                      0.116431    0.011266    0.337950 ^ clkbuf_2_2_0_HCLK/A (sky130_fd_sc_hd__clkbuf_8)
     2    0.035419    0.056406    0.124539    0.462489 ^ clkbuf_2_2_0_HCLK/X (sky130_fd_sc_hd__clkbuf_8)
                                                         clknet_2_2_0_HCLK (net)
                      0.056832    0.003837    0.466326 ^ clkbuf_3_5__f_HCLK/A (sky130_fd_sc_hd__clkbuf_16)
    11    0.035096    0.041718    0.101215    0.567541 ^ clkbuf_3_5__f_HCLK/X (sky130_fd_sc_hd__clkbuf_16)
                                                         clknet_3_5__leaf_HCLK (net)
                      0.041744    0.001136    0.568677 ^ _185_/CLK (sky130_fd_sc_hd__dfrtp_1)
     2    0.007248    0.057791    0.222060    0.790737 ^ _185_/Q (sky130_fd_sc_hd__dfrtp_1)
                                                         net164 (net)
                      0.057792    0.000304    0.791042 ^ output164/A (sky130_fd_sc_hd__buf_2)
     1    0.035725    0.133336    0.148504    0.939546 ^ output164/X (sky130_fd_sc_hd__buf_2)
                                                         PWDATA[2] (net)
                      0.133343    0.000792    0.940338 ^ PWDATA[2] (out)
                                              0.940338   data arrival time

                                 10.000000   10.000000   clock HCLK (rise edge)
                                  0.000000   10.000000   clock network delay (propagated)
                                 -0.250000    9.750000   clock uncertainty
                                  0.000000    9.750000   clock reconvergence pessimism
                                 -2.000000    7.750000   output external delay
                                              7.750000   data required time
---------------------------------------------------------------------------------------------
                                              7.750000   data required time
                                             -0.940338   data arrival time
---------------------------------------------------------------------------------------------
                                              6.809662   slack (MET)


Startpoint: _159_ (rising edge-triggered flip-flop clocked by HCLK)
Endpoint: PADDR[8] (output port clocked by HCLK)
Path Group: HCLK
Path Type: max

Fanout         Cap        Slew       Delay        Time   Description
---------------------------------------------------------------------------------------------
                                  0.000000    0.000000   clock HCLK (rise edge)
                                  0.000000    0.000000   clock source latency
     1    0.059439    0.203180    0.147358    0.147358 ^ HCLK (in)
                                                         HCLK (net)
                      0.204534    0.000000    0.147358 ^ clkbuf_0_HCLK/A (sky130_fd_sc_hd__clkbuf_16)
     5    0.134022    0.114650    0.179325    0.326684 ^ clkbuf_0_HCLK/X (sky130_fd_sc_hd__clkbuf_16)
                                                         clknet_0_HCLK (net)
                      0.117120    0.013264    0.339947 ^ clkbuf_2_1_0_HCLK/A (sky130_fd_sc_hd__clkbuf_8)
     2    0.036936    0.058213    0.125711    0.465659 ^ clkbuf_2_1_0_HCLK/X (sky130_fd_sc_hd__clkbuf_8)
                                                         clknet_2_1_0_HCLK (net)
                      0.058761    0.004422    0.470081 ^ clkbuf_3_2__f_HCLK/A (sky130_fd_sc_hd__clkbuf_16)
    10    0.036695    0.042800    0.102531    0.572612 ^ clkbuf_3_2__f_HCLK/X (sky130_fd_sc_hd__clkbuf_16)
                                                         clknet_3_2__leaf_HCLK (net)
                      0.043000    0.001787    0.574399 ^ _159_/CLK (sky130_fd_sc_hd__dfrtp_1)
     2    0.006587    0.053799    0.219276    0.793675 ^ _159_/Q (sky130_fd_sc_hd__dfrtp_1)
                                                         net135 (net)
                      0.053799    0.000263    0.793938 ^ output135/A (sky130_fd_sc_hd__buf_2)
     1    0.034580    0.129273    0.144803    0.938741 ^ output135/X (sky130_fd_sc_hd__buf_2)
                                                         PADDR[8] (net)
                      0.129279    0.000728    0.939469 ^ PADDR[8] (out)
                                              0.939469   data arrival time

                                 10.000000   10.000000   clock HCLK (rise edge)
                                  0.000000   10.000000   clock network delay (propagated)
                                 -0.250000    9.750000   clock uncertainty
                                  0.000000    9.750000   clock reconvergence pessimism
                                 -2.000000    7.750000   output external delay
                                              7.750000   data required time
---------------------------------------------------------------------------------------------
                                              7.750000   data required time
                                             -0.939469   data arrival time
---------------------------------------------------------------------------------------------
                                              6.810531   slack (MET)


Startpoint: _180_ (rising edge-triggered flip-flop clocked by HCLK)
Endpoint: PADDR[29] (output port clocked by HCLK)
Path Group: HCLK
Path Type: max

Fanout         Cap        Slew       Delay        Time   Description
---------------------------------------------------------------------------------------------
                                  0.000000    0.000000   clock HCLK (rise edge)
                                  0.000000    0.000000   clock source latency
     1    0.059439    0.203180    0.147358    0.147358 ^ HCLK (in)
                                                         HCLK (net)
                      0.204534    0.000000    0.147358 ^ clkbuf_0_HCLK/A (sky130_fd_sc_hd__clkbuf_16)
     5    0.134022    0.114650    0.179325    0.326684 ^ clkbuf_0_HCLK/X (sky130_fd_sc_hd__clkbuf_16)
                                                         clknet_0_HCLK (net)
                      0.117120    0.013264    0.339947 ^ clkbuf_2_1_0_HCLK/A (sky130_fd_sc_hd__clkbuf_8)
     2    0.036936    0.058213    0.125711    0.465659 ^ clkbuf_2_1_0_HCLK/X (sky130_fd_sc_hd__clkbuf_8)
                                                         clknet_2_1_0_HCLK (net)
                      0.058761    0.004422    0.470081 ^ clkbuf_3_2__f_HCLK/A (sky130_fd_sc_hd__clkbuf_16)
    10    0.036695    0.042800    0.102531    0.572612 ^ clkbuf_3_2__f_HCLK/X (sky130_fd_sc_hd__clkbuf_16)
                                                         clknet_3_2__leaf_HCLK (net)
                      0.043025    0.001989    0.574601 ^ _180_/CLK (sky130_fd_sc_hd__dfrtp_1)
     2    0.005952    0.049973    0.216284    0.790885 ^ _180_/Q (sky130_fd_sc_hd__dfrtp_1)
                                                         net126 (net)
                      0.049973    0.000157    0.791042 ^ output126/A (sky130_fd_sc_hd__buf_2)
     1    0.035335    0.131955    0.145563    0.936606 ^ output126/X (sky130_fd_sc_hd__buf_2)
                                                         PADDR[29] (net)
                      0.131960    0.000723    0.937329 ^ PADDR[29] (out)
                                              0.937329   data arrival time

                                 10.000000   10.000000   clock HCLK (rise edge)
                                  0.000000   10.000000   clock network delay (propagated)
                                 -0.250000    9.750000   clock uncertainty
                                  0.000000    9.750000   clock reconvergence pessimism
                                 -2.000000    7.750000   output external delay
                                              7.750000   data required time
---------------------------------------------------------------------------------------------
                                              7.750000   data required time
                                             -0.937329   data arrival time
---------------------------------------------------------------------------------------------
                                              6.812671   slack (MET)


Startpoint: _212_ (rising edge-triggered flip-flop clocked by HCLK)
Endpoint: PWDATA[29] (output port clocked by HCLK)
Path Group: HCLK
Path Type: max

Fanout         Cap        Slew       Delay        Time   Description
---------------------------------------------------------------------------------------------
                                  0.000000    0.000000   clock HCLK (rise edge)
                                  0.000000    0.000000   clock source latency
     1    0.059439    0.203180    0.147358    0.147358 ^ HCLK (in)
                                                         HCLK (net)
                      0.204534    0.000000    0.147358 ^ clkbuf_0_HCLK/A (sky130_fd_sc_hd__clkbuf_16)
     5    0.134022    0.114650    0.179325    0.326684 ^ clkbuf_0_HCLK/X (sky130_fd_sc_hd__clkbuf_16)
                                                         clknet_0_HCLK (net)
                      0.116959    0.012824    0.339507 ^ clkbuf_2_0_0_HCLK/A (sky130_fd_sc_hd__clkbuf_8)
     2    0.040129    0.062153    0.129216    0.468723 ^ clkbuf_2_0_0_HCLK/X (sky130_fd_sc_hd__clkbuf_8)
                                                         clknet_2_0_0_HCLK (net)
                      0.062464    0.003471    0.472194 ^ clkbuf_3_1__f_HCLK/A (sky130_fd_sc_hd__clkbuf_16)
     7    0.035580    0.041831    0.102191    0.574385 ^ clkbuf_3_1__f_HCLK/X (sky130_fd_sc_hd__clkbuf_16)
                                                         clknet_3_1__leaf_HCLK (net)
                      0.042394    0.003566    0.577951 ^ _212_/CLK (sky130_fd_sc_hd__dfrtp_1)
     2    0.005596    0.047853    0.214379    0.792330 ^ _212_/Q (sky130_fd_sc_hd__dfrtp_1)
                                                         net163 (net)
                      0.047853    0.000136    0.792466 ^ output163/A (sky130_fd_sc_hd__buf_2)
     1    0.034395    0.128625    0.142593    0.935058 ^ output163/X (sky130_fd_sc_hd__buf_2)
                                                         PWDATA[29] (net)
                      0.128631    0.000735    0.935793 ^ PWDATA[29] (out)
                                              0.935793   data arrival time

                                 10.000000   10.000000   clock HCLK (rise edge)
                                  0.000000   10.000000   clock network delay (propagated)
                                 -0.250000    9.750000   clock uncertainty
                                  0.000000    9.750000   clock reconvergence pessimism
                                 -2.000000    7.750000   output external delay
                                              7.750000   data required time
---------------------------------------------------------------------------------------------
                                              7.750000   data required time
                                             -0.935793   data arrival time
---------------------------------------------------------------------------------------------
                                              6.814207   slack (MET)


Startpoint: _168_ (rising edge-triggered flip-flop clocked by HCLK)
Endpoint: PADDR[17] (output port clocked by HCLK)
Path Group: HCLK
Path Type: max

Fanout         Cap        Slew       Delay        Time   Description
---------------------------------------------------------------------------------------------
                                  0.000000    0.000000   clock HCLK (rise edge)
                                  0.000000    0.000000   clock source latency
     1    0.059439    0.203180    0.147358    0.147358 ^ HCLK (in)
                                                         HCLK (net)
                      0.204534    0.000000    0.147358 ^ clkbuf_0_HCLK/A (sky130_fd_sc_hd__clkbuf_16)
     5    0.134022    0.114650    0.179325    0.326684 ^ clkbuf_0_HCLK/X (sky130_fd_sc_hd__clkbuf_16)
                                                         clknet_0_HCLK (net)
                      0.117120    0.013264    0.339947 ^ clkbuf_2_1_0_HCLK/A (sky130_fd_sc_hd__clkbuf_8)
     2    0.036936    0.058213    0.125711    0.465659 ^ clkbuf_2_1_0_HCLK/X (sky130_fd_sc_hd__clkbuf_8)
                                                         clknet_2_1_0_HCLK (net)
                      0.058761    0.004422    0.470081 ^ clkbuf_3_2__f_HCLK/A (sky130_fd_sc_hd__clkbuf_16)
    10    0.036695    0.042800    0.102531    0.572612 ^ clkbuf_3_2__f_HCLK/X (sky130_fd_sc_hd__clkbuf_16)
                                                         clknet_3_2__leaf_HCLK (net)
                      0.043042    0.002122    0.574733 ^ _168_/CLK (sky130_fd_sc_hd__dfrtp_1)
     2    0.006018    0.050375    0.216586    0.791319 ^ _168_/Q (sky130_fd_sc_hd__dfrtp_1)
                                                         net113 (net)
                      0.050375    0.000203    0.791522 ^ output113/A (sky130_fd_sc_hd__buf_2)
     1    0.034429    0.128742    0.143422    0.934943 ^ output113/X (sky130_fd_sc_hd__buf_2)
                                                         PADDR[17] (net)
                      0.128749    0.000762    0.935705 ^ PADDR[17] (out)
                                              0.935705   data arrival time

                                 10.000000   10.000000   clock HCLK (rise edge)
                                  0.000000   10.000000   clock network delay (propagated)
                                 -0.250000    9.750000   clock uncertainty
                                  0.000000    9.750000   clock reconvergence pessimism
                                 -2.000000    7.750000   output external delay
                                              7.750000   data required time
---------------------------------------------------------------------------------------------
                                              7.750000   data required time
                                             -0.935705   data arrival time
---------------------------------------------------------------------------------------------
                                              6.814295   slack (MET)


Startpoint: _192_ (rising edge-triggered flip-flop clocked by HCLK)
Endpoint: PWDATA[9] (output port clocked by HCLK)
Path Group: HCLK
Path Type: max

Fanout         Cap        Slew       Delay        Time   Description
---------------------------------------------------------------------------------------------
                                  0.000000    0.000000   clock HCLK (rise edge)
                                  0.000000    0.000000   clock source latency
     1    0.059439    0.203180    0.147358    0.147358 ^ HCLK (in)
                                                         HCLK (net)
                      0.204534    0.000000    0.147358 ^ clkbuf_0_HCLK/A (sky130_fd_sc_hd__clkbuf_16)
     5    0.134022    0.114650    0.179325    0.326684 ^ clkbuf_0_HCLK/X (sky130_fd_sc_hd__clkbuf_16)
                                                         clknet_0_HCLK (net)
                      0.116431    0.011266    0.337950 ^ clkbuf_2_2_0_HCLK/A (sky130_fd_sc_hd__clkbuf_8)
     2    0.035419    0.056406    0.124539    0.462489 ^ clkbuf_2_2_0_HCLK/X (sky130_fd_sc_hd__clkbuf_8)
                                                         clknet_2_2_0_HCLK (net)
                      0.056832    0.003837    0.466326 ^ clkbuf_3_5__f_HCLK/A (sky130_fd_sc_hd__clkbuf_16)
    11    0.035096    0.041718    0.101215    0.567541 ^ clkbuf_3_5__f_HCLK/X (sky130_fd_sc_hd__clkbuf_16)
                                                         clknet_3_5__leaf_HCLK (net)
                      0.041740    0.001095    0.568636 ^ _192_/CLK (sky130_fd_sc_hd__dfrtp_1)
     2    0.006122    0.050998    0.216691    0.785327 ^ _192_/Q (sky130_fd_sc_hd__dfrtp_1)
                                                         net173 (net)
                      0.050998    0.000184    0.785511 ^ output173/A (sky130_fd_sc_hd__buf_2)
     1    0.036421    0.135817    0.148503    0.934014 ^ output173/X (sky130_fd_sc_hd__buf_2)
                                                         PWDATA[9] (net)
                      0.135824    0.000804    0.934818 ^ PWDATA[9] (out)
                                              0.934818   data arrival time

                                 10.000000   10.000000   clock HCLK (rise edge)
                                  0.000000   10.000000   clock network delay (propagated)
                                 -0.250000    9.750000   clock uncertainty
                                  0.000000    9.750000   clock reconvergence pessimism
                                 -2.000000    7.750000   output external delay
                                              7.750000   data required time
---------------------------------------------------------------------------------------------
                                              7.750000   data required time
                                             -0.934818   data arrival time
---------------------------------------------------------------------------------------------
                                              6.815182   slack (MET)


Startpoint: _154_ (rising edge-triggered flip-flop clocked by HCLK)
Endpoint: PADDR[3] (output port clocked by HCLK)
Path Group: HCLK
Path Type: max

Fanout         Cap        Slew       Delay        Time   Description
---------------------------------------------------------------------------------------------
                                  0.000000    0.000000   clock HCLK (rise edge)
                                  0.000000    0.000000   clock source latency
     1    0.059439    0.203180    0.147358    0.147358 ^ HCLK (in)
                                                         HCLK (net)
                      0.204534    0.000000    0.147358 ^ clkbuf_0_HCLK/A (sky130_fd_sc_hd__clkbuf_16)
     5    0.134022    0.114650    0.179325    0.326684 ^ clkbuf_0_HCLK/X (sky130_fd_sc_hd__clkbuf_16)
                                                         clknet_0_HCLK (net)
                      0.116431    0.011266    0.337950 ^ clkbuf_2_2_0_HCLK/A (sky130_fd_sc_hd__clkbuf_8)
     2    0.035419    0.056406    0.124539    0.462489 ^ clkbuf_2_2_0_HCLK/X (sky130_fd_sc_hd__clkbuf_8)
                                                         clknet_2_2_0_HCLK (net)
                      0.056729    0.003332    0.465821 ^ clkbuf_3_4__f_HCLK/A (sky130_fd_sc_hd__clkbuf_16)
    11    0.039914    0.045093    0.104073    0.569895 ^ clkbuf_3_4__f_HCLK/X (sky130_fd_sc_hd__clkbuf_16)
                                                         clknet_3_4__leaf_HCLK (net)
                      0.045109    0.000782    0.570677 ^ _154_/CLK (sky130_fd_sc_hd__dfrtp_1)
     2    0.006020    0.050389    0.217237    0.787914 ^ _154_/Q (sky130_fd_sc_hd__dfrtp_1)
                                                         net130 (net)
                      0.050389    0.000140    0.788054 ^ output130/A (sky130_fd_sc_hd__buf_2)
     1    0.035339    0.131969    0.145709    0.933764 ^ output130/X (sky130_fd_sc_hd__buf_2)
                                                         PADDR[3] (net)
                      0.131974    0.000708    0.934472 ^ PADDR[3] (out)
                                              0.934472   data arrival time

                                 10.000000   10.000000   clock HCLK (rise edge)
                                  0.000000   10.000000   clock network delay (propagated)
                                 -0.250000    9.750000   clock uncertainty
                                  0.000000    9.750000   clock reconvergence pessimism
                                 -2.000000    7.750000   output external delay
                                              7.750000   data required time
---------------------------------------------------------------------------------------------
                                              7.750000   data required time
                                             -0.934472   data arrival time
---------------------------------------------------------------------------------------------
                                              6.815528   slack (MET)


Startpoint: _187_ (rising edge-triggered flip-flop clocked by HCLK)
Endpoint: PWDATA[4] (output port clocked by HCLK)
Path Group: HCLK
Path Type: max

Fanout         Cap        Slew       Delay        Time   Description
---------------------------------------------------------------------------------------------
                                  0.000000    0.000000   clock HCLK (rise edge)
                                  0.000000    0.000000   clock source latency
     1    0.059439    0.203180    0.147358    0.147358 ^ HCLK (in)
                                                         HCLK (net)
                      0.204534    0.000000    0.147358 ^ clkbuf_0_HCLK/A (sky130_fd_sc_hd__clkbuf_16)
     5    0.134022    0.114650    0.179325    0.326684 ^ clkbuf_0_HCLK/X (sky130_fd_sc_hd__clkbuf_16)
                                                         clknet_0_HCLK (net)
                      0.116959    0.012824    0.339507 ^ clkbuf_2_0_0_HCLK/A (sky130_fd_sc_hd__clkbuf_8)
     2    0.040129    0.062153    0.129216    0.468723 ^ clkbuf_2_0_0_HCLK/X (sky130_fd_sc_hd__clkbuf_8)
                                                         clknet_2_0_0_HCLK (net)
                      0.062464    0.003471    0.472194 ^ clkbuf_3_1__f_HCLK/A (sky130_fd_sc_hd__clkbuf_16)
     7    0.035580    0.041831    0.102191    0.574385 ^ clkbuf_3_1__f_HCLK/X (sky130_fd_sc_hd__clkbuf_16)
                                                         clknet_3_1__leaf_HCLK (net)
                      0.042448    0.003784    0.578169 ^ _187_/CLK (sky130_fd_sc_hd__dfrtp_1)
     2    0.005166    0.045301    0.212332    0.790502 ^ _187_/Q (sky130_fd_sc_hd__dfrtp_1)
                                                         net168 (net)
                      0.045301    0.000124    0.790625 ^ output168/A (sky130_fd_sc_hd__buf_2)
     1    0.034724    0.129811    0.142563    0.933189 ^ output168/X (sky130_fd_sc_hd__buf_2)
                                                         PWDATA[4] (net)
                      0.129819    0.000836    0.934024 ^ PWDATA[4] (out)
                                              0.934024   data arrival time

                                 10.000000   10.000000   clock HCLK (rise edge)
                                  0.000000   10.000000   clock network delay (propagated)
                                 -0.250000    9.750000   clock uncertainty
                                  0.000000    9.750000   clock reconvergence pessimism
                                 -2.000000    7.750000   output external delay
                                              7.750000   data required time
---------------------------------------------------------------------------------------------
                                              7.750000   data required time
                                             -0.934024   data arrival time
---------------------------------------------------------------------------------------------
                                              6.815976   slack (MET)


Startpoint: _155_ (rising edge-triggered flip-flop clocked by HCLK)
Endpoint: PADDR[4] (output port clocked by HCLK)
Path Group: HCLK
Path Type: max

Fanout         Cap        Slew       Delay        Time   Description
---------------------------------------------------------------------------------------------
                                  0.000000    0.000000   clock HCLK (rise edge)
                                  0.000000    0.000000   clock source latency
     1    0.059439    0.203180    0.147358    0.147358 ^ HCLK (in)
                                                         HCLK (net)
                      0.204534    0.000000    0.147358 ^ clkbuf_0_HCLK/A (sky130_fd_sc_hd__clkbuf_16)
     5    0.134022    0.114650    0.179325    0.326684 ^ clkbuf_0_HCLK/X (sky130_fd_sc_hd__clkbuf_16)
                                                         clknet_0_HCLK (net)
                      0.116431    0.011266    0.337950 ^ clkbuf_2_2_0_HCLK/A (sky130_fd_sc_hd__clkbuf_8)
     2    0.035419    0.056406    0.124539    0.462489 ^ clkbuf_2_2_0_HCLK/X (sky130_fd_sc_hd__clkbuf_8)
                                                         clknet_2_2_0_HCLK (net)
                      0.056729    0.003332    0.465821 ^ clkbuf_3_4__f_HCLK/A (sky130_fd_sc_hd__clkbuf_16)
    11    0.039914    0.045093    0.104073    0.569895 ^ clkbuf_3_4__f_HCLK/X (sky130_fd_sc_hd__clkbuf_16)
                                                         clknet_3_4__leaf_HCLK (net)
                      0.045101    0.000637    0.570532 ^ _155_/CLK (sky130_fd_sc_hd__dfrtp_1)
     2    0.006002    0.050280    0.217143    0.787675 ^ _155_/Q (sky130_fd_sc_hd__dfrtp_1)
                                                         net131 (net)
                      0.050280    0.000169    0.787845 ^ output131/A (sky130_fd_sc_hd__buf_2)
     1    0.034929    0.130507    0.144704    0.932549 ^ output131/X (sky130_fd_sc_hd__buf_2)
                                                         PADDR[4] (net)
                      0.130512    0.000651    0.933200 ^ PADDR[4] (out)
                                              0.933200   data arrival time

                                 10.000000   10.000000   clock HCLK (rise edge)
                                  0.000000   10.000000   clock network delay (propagated)
                                 -0.250000    9.750000   clock uncertainty
                                  0.000000    9.750000   clock reconvergence pessimism
                                 -2.000000    7.750000   output external delay
                                              7.750000   data required time
---------------------------------------------------------------------------------------------
                                              7.750000   data required time
                                             -0.933200   data arrival time
---------------------------------------------------------------------------------------------
                                              6.816800   slack (MET)


Startpoint: _189_ (rising edge-triggered flip-flop clocked by HCLK)
Endpoint: PWDATA[6] (output port clocked by HCLK)
Path Group: HCLK
Path Type: max

Fanout         Cap        Slew       Delay        Time   Description
---------------------------------------------------------------------------------------------
                                  0.000000    0.000000   clock HCLK (rise edge)
                                  0.000000    0.000000   clock source latency
     1    0.059439    0.203180    0.147358    0.147358 ^ HCLK (in)
                                                         HCLK (net)
                      0.204534    0.000000    0.147358 ^ clkbuf_0_HCLK/A (sky130_fd_sc_hd__clkbuf_16)
     5    0.134022    0.114650    0.179325    0.326684 ^ clkbuf_0_HCLK/X (sky130_fd_sc_hd__clkbuf_16)
                                                         clknet_0_HCLK (net)
                      0.117120    0.013264    0.339947 ^ clkbuf_2_1_0_HCLK/A (sky130_fd_sc_hd__clkbuf_8)
     2    0.036936    0.058213    0.125711    0.465659 ^ clkbuf_2_1_0_HCLK/X (sky130_fd_sc_hd__clkbuf_8)
                                                         clknet_2_1_0_HCLK (net)
                      0.058761    0.004422    0.470081 ^ clkbuf_3_2__f_HCLK/A (sky130_fd_sc_hd__clkbuf_16)
    10    0.036695    0.042800    0.102531    0.572612 ^ clkbuf_3_2__f_HCLK/X (sky130_fd_sc_hd__clkbuf_16)
                                                         clknet_3_2__leaf_HCLK (net)
                      0.042974    0.001563    0.574175 ^ _189_/CLK (sky130_fd_sc_hd__dfrtp_1)
     2    0.005776    0.048926    0.215432    0.789607 ^ _189_/Q (sky130_fd_sc_hd__dfrtp_1)
                                                         net170 (net)
                      0.048926    0.000138    0.789745 ^ output170/A (sky130_fd_sc_hd__buf_2)
     1    0.034191    0.127893    0.142439    0.932184 ^ output170/X (sky130_fd_sc_hd__buf_2)
                                                         PWDATA[6] (net)
                      0.127898    0.000696    0.932880 ^ PWDATA[6] (out)
                                              0.932880   data arrival time

                                 10.000000   10.000000   clock HCLK (rise edge)
                                  0.000000   10.000000   clock network delay (propagated)
                                 -0.250000    9.750000   clock uncertainty
                                  0.000000    9.750000   clock reconvergence pessimism
                                 -2.000000    7.750000   output external delay
                                              7.750000   data required time
---------------------------------------------------------------------------------------------
                                              7.750000   data required time
                                             -0.932880   data arrival time
---------------------------------------------------------------------------------------------
                                              6.817120   slack (MET)


Startpoint: _197_ (rising edge-triggered flip-flop clocked by HCLK)
Endpoint: PWDATA[14] (output port clocked by HCLK)
Path Group: HCLK
Path Type: max

Fanout         Cap        Slew       Delay        Time   Description
---------------------------------------------------------------------------------------------
                                  0.000000    0.000000   clock HCLK (rise edge)
                                  0.000000    0.000000   clock source latency
     1    0.059439    0.203180    0.147358    0.147358 ^ HCLK (in)
                                                         HCLK (net)
                      0.204534    0.000000    0.147358 ^ clkbuf_0_HCLK/A (sky130_fd_sc_hd__clkbuf_16)
     5    0.134022    0.114650    0.179325    0.326684 ^ clkbuf_0_HCLK/X (sky130_fd_sc_hd__clkbuf_16)
                                                         clknet_0_HCLK (net)
                      0.116959    0.012824    0.339507 ^ clkbuf_2_0_0_HCLK/A (sky130_fd_sc_hd__clkbuf_8)
     2    0.040129    0.062153    0.129216    0.468723 ^ clkbuf_2_0_0_HCLK/X (sky130_fd_sc_hd__clkbuf_8)
                                                         clknet_2_0_0_HCLK (net)
                      0.062464    0.003471    0.472194 ^ clkbuf_3_1__f_HCLK/A (sky130_fd_sc_hd__clkbuf_16)
     7    0.035580    0.041831    0.102191    0.574385 ^ clkbuf_3_1__f_HCLK/X (sky130_fd_sc_hd__clkbuf_16)
                                                         clknet_3_1__leaf_HCLK (net)
                      0.042611    0.004392    0.578777 ^ _197_/CLK (sky130_fd_sc_hd__dfrtp_1)
     2    0.005081    0.044803    0.211976    0.790753 ^ _197_/Q (sky130_fd_sc_hd__dfrtp_1)
                                                         net147 (net)
                      0.044803    0.000117    0.790871 ^ output147/A (sky130_fd_sc_hd__buf_2)
     1    0.034147    0.127746    0.141080    0.931951 ^ output147/X (sky130_fd_sc_hd__buf_2)
                                                         PWDATA[14] (net)
                      0.127752    0.000699    0.932650 ^ PWDATA[14] (out)
                                              0.932650   data arrival time

                                 10.000000   10.000000   clock HCLK (rise edge)
                                  0.000000   10.000000   clock network delay (propagated)
                                 -0.250000    9.750000   clock uncertainty
                                  0.000000    9.750000   clock reconvergence pessimism
                                 -2.000000    7.750000   output external delay
                                              7.750000   data required time
---------------------------------------------------------------------------------------------
                                              7.750000   data required time
                                             -0.932650   data arrival time
---------------------------------------------------------------------------------------------
                                              6.817350   slack (MET)


Startpoint: _160_ (rising edge-triggered flip-flop clocked by HCLK)
Endpoint: PADDR[9] (output port clocked by HCLK)
Path Group: HCLK
Path Type: max

Fanout         Cap        Slew       Delay        Time   Description
---------------------------------------------------------------------------------------------
                                  0.000000    0.000000   clock HCLK (rise edge)
                                  0.000000    0.000000   clock source latency
     1    0.059439    0.203180    0.147358    0.147358 ^ HCLK (in)
                                                         HCLK (net)
                      0.204534    0.000000    0.147358 ^ clkbuf_0_HCLK/A (sky130_fd_sc_hd__clkbuf_16)
     5    0.134022    0.114650    0.179325    0.326684 ^ clkbuf_0_HCLK/X (sky130_fd_sc_hd__clkbuf_16)
                                                         clknet_0_HCLK (net)
                      0.116959    0.012824    0.339507 ^ clkbuf_2_0_0_HCLK/A (sky130_fd_sc_hd__clkbuf_8)
     2    0.040129    0.062153    0.129216    0.468723 ^ clkbuf_2_0_0_HCLK/X (sky130_fd_sc_hd__clkbuf_8)
                                                         clknet_2_0_0_HCLK (net)
                      0.062464    0.003471    0.472194 ^ clkbuf_3_1__f_HCLK/A (sky130_fd_sc_hd__clkbuf_16)
     7    0.035580    0.041831    0.102191    0.574385 ^ clkbuf_3_1__f_HCLK/X (sky130_fd_sc_hd__clkbuf_16)
                                                         clknet_3_1__leaf_HCLK (net)
                      0.042514    0.004039    0.578424 ^ _160_/CLK (sky130_fd_sc_hd__dfrtp_1)
     2    0.005014    0.044406    0.211633    0.790057 ^ _160_/Q (sky130_fd_sc_hd__dfrtp_1)
                                                         net136 (net)
                      0.044406    0.000069    0.790126 ^ output136/A (sky130_fd_sc_hd__buf_2)
     1    0.034409    0.128686    0.141569    0.931695 ^ output136/X (sky130_fd_sc_hd__buf_2)
                                                         PADDR[9] (net)
                      0.128693    0.000757    0.932452 ^ PADDR[9] (out)
                                              0.932452   data arrival time

                                 10.000000   10.000000   clock HCLK (rise edge)
                                  0.000000   10.000000   clock network delay (propagated)
                                 -0.250000    9.750000   clock uncertainty
                                  0.000000    9.750000   clock reconvergence pessimism
                                 -2.000000    7.750000   output external delay
                                              7.750000   data required time
---------------------------------------------------------------------------------------------
                                              7.750000   data required time
                                             -0.932452   data arrival time
---------------------------------------------------------------------------------------------
                                              6.817548   slack (MET)


Startpoint: _161_ (rising edge-triggered flip-flop clocked by HCLK)
Endpoint: PADDR[10] (output port clocked by HCLK)
Path Group: HCLK
Path Type: max

Fanout         Cap        Slew       Delay        Time   Description
---------------------------------------------------------------------------------------------
                                  0.000000    0.000000   clock HCLK (rise edge)
                                  0.000000    0.000000   clock source latency
     1    0.059439    0.203180    0.147358    0.147358 ^ HCLK (in)
                                                         HCLK (net)
                      0.204534    0.000000    0.147358 ^ clkbuf_0_HCLK/A (sky130_fd_sc_hd__clkbuf_16)
     5    0.134022    0.114650    0.179325    0.326684 ^ clkbuf_0_HCLK/X (sky130_fd_sc_hd__clkbuf_16)
                                                         clknet_0_HCLK (net)
                      0.116959    0.012824    0.339507 ^ clkbuf_2_0_0_HCLK/A (sky130_fd_sc_hd__clkbuf_8)
     2    0.040129    0.062153    0.129216    0.468723 ^ clkbuf_2_0_0_HCLK/X (sky130_fd_sc_hd__clkbuf_8)
                                                         clknet_2_0_0_HCLK (net)
                      0.062464    0.003471    0.472194 ^ clkbuf_3_1__f_HCLK/A (sky130_fd_sc_hd__clkbuf_16)
     7    0.035580    0.041831    0.102191    0.574385 ^ clkbuf_3_1__f_HCLK/X (sky130_fd_sc_hd__clkbuf_16)
                                                         clknet_3_1__leaf_HCLK (net)
                      0.042570    0.004244    0.578630 ^ _161_/CLK (sky130_fd_sc_hd__dfrtp_1)
     2    0.004910    0.043795    0.211136    0.789765 ^ _161_/Q (sky130_fd_sc_hd__dfrtp_1)
                                                         net106 (net)
                      0.043795    0.000129    0.789895 ^ output106/A (sky130_fd_sc_hd__buf_2)
     1    0.034397    0.128643    0.141360    0.931255 ^ output106/X (sky130_fd_sc_hd__buf_2)
                                                         PADDR[10] (net)
                      0.128649    0.000748    0.932002 ^ PADDR[10] (out)
                                              0.932002   data arrival time

                                 10.000000   10.000000   clock HCLK (rise edge)
                                  0.000000   10.000000   clock network delay (propagated)
                                 -0.250000    9.750000   clock uncertainty
                                  0.000000    9.750000   clock reconvergence pessimism
                                 -2.000000    7.750000   output external delay
                                              7.750000   data required time
---------------------------------------------------------------------------------------------
                                              7.750000   data required time
                                             -0.932002   data arrival time
---------------------------------------------------------------------------------------------
                                              6.817998   slack (MET)


Startpoint: _157_ (rising edge-triggered flip-flop clocked by HCLK)
Endpoint: PADDR[6] (output port clocked by HCLK)
Path Group: HCLK
Path Type: max

Fanout         Cap        Slew       Delay        Time   Description
---------------------------------------------------------------------------------------------
                                  0.000000    0.000000   clock HCLK (rise edge)
                                  0.000000    0.000000   clock source latency
     1    0.059439    0.203180    0.147358    0.147358 ^ HCLK (in)
                                                         HCLK (net)
                      0.204534    0.000000    0.147358 ^ clkbuf_0_HCLK/A (sky130_fd_sc_hd__clkbuf_16)
     5    0.134022    0.114650    0.179325    0.326684 ^ clkbuf_0_HCLK/X (sky130_fd_sc_hd__clkbuf_16)
                                                         clknet_0_HCLK (net)
                      0.117120    0.013264    0.339947 ^ clkbuf_2_1_0_HCLK/A (sky130_fd_sc_hd__clkbuf_8)
     2    0.036936    0.058213    0.125711    0.465659 ^ clkbuf_2_1_0_HCLK/X (sky130_fd_sc_hd__clkbuf_8)
                                                         clknet_2_1_0_HCLK (net)
                      0.058761    0.004422    0.470081 ^ clkbuf_3_2__f_HCLK/A (sky130_fd_sc_hd__clkbuf_16)
    10    0.036695    0.042800    0.102531    0.572612 ^ clkbuf_3_2__f_HCLK/X (sky130_fd_sc_hd__clkbuf_16)
                                                         clknet_3_2__leaf_HCLK (net)
                      0.042982    0.001634    0.574245 ^ _157_/CLK (sky130_fd_sc_hd__dfrtp_1)
     2    0.005279    0.045971    0.213034    0.787279 ^ _157_/Q (sky130_fd_sc_hd__dfrtp_1)
                                                         net133 (net)
                      0.045971    0.000132    0.787411 ^ output133/A (sky130_fd_sc_hd__buf_2)
     1    0.035074    0.131058    0.143588    0.931000 ^ output133/X (sky130_fd_sc_hd__buf_2)
                                                         PADDR[6] (net)
                      0.131067    0.000894    0.931893 ^ PADDR[6] (out)
                                              0.931893   data arrival time

                                 10.000000   10.000000   clock HCLK (rise edge)
                                  0.000000   10.000000   clock network delay (propagated)
                                 -0.250000    9.750000   clock uncertainty
                                  0.000000    9.750000   clock reconvergence pessimism
                                 -2.000000    7.750000   output external delay
                                              7.750000   data required time
---------------------------------------------------------------------------------------------
                                              7.750000   data required time
                                             -0.931893   data arrival time
---------------------------------------------------------------------------------------------
                                              6.818107   slack (MET)


Startpoint: _178_ (rising edge-triggered flip-flop clocked by HCLK)
Endpoint: PADDR[27] (output port clocked by HCLK)
Path Group: HCLK
Path Type: max

Fanout         Cap        Slew       Delay        Time   Description
---------------------------------------------------------------------------------------------
                                  0.000000    0.000000   clock HCLK (rise edge)
                                  0.000000    0.000000   clock source latency
     1    0.059439    0.203180    0.147358    0.147358 ^ HCLK (in)
                                                         HCLK (net)
                      0.204534    0.000000    0.147358 ^ clkbuf_0_HCLK/A (sky130_fd_sc_hd__clkbuf_16)
     5    0.134022    0.114650    0.179325    0.326684 ^ clkbuf_0_HCLK/X (sky130_fd_sc_hd__clkbuf_16)
                                                         clknet_0_HCLK (net)
                      0.117120    0.013264    0.339947 ^ clkbuf_2_1_0_HCLK/A (sky130_fd_sc_hd__clkbuf_8)
     2    0.036936    0.058213    0.125711    0.465659 ^ clkbuf_2_1_0_HCLK/X (sky130_fd_sc_hd__clkbuf_8)
                                                         clknet_2_1_0_HCLK (net)
                      0.058761    0.004422    0.470081 ^ clkbuf_3_2__f_HCLK/A (sky130_fd_sc_hd__clkbuf_16)
    10    0.036695    0.042800    0.102531    0.572612 ^ clkbuf_3_2__f_HCLK/X (sky130_fd_sc_hd__clkbuf_16)
                                                         clknet_3_2__leaf_HCLK (net)
                      0.042957    0.001412    0.574023 ^ _178_/CLK (sky130_fd_sc_hd__dfrtp_1)
     2    0.005504    0.047305    0.214118    0.788142 ^ _178_/Q (sky130_fd_sc_hd__dfrtp_1)
                                                         net124 (net)
                      0.047305    0.000127    0.788269 ^ output124/A (sky130_fd_sc_hd__buf_2)
     1    0.034536    0.129134    0.142732    0.931001 ^ output124/X (sky130_fd_sc_hd__buf_2)
                                                         PADDR[27] (net)
                      0.129141    0.000793    0.931795 ^ PADDR[27] (out)
                                              0.931795   data arrival time

                                 10.000000   10.000000   clock HCLK (rise edge)
                                  0.000000   10.000000   clock network delay (propagated)
                                 -0.250000    9.750000   clock uncertainty
                                  0.000000    9.750000   clock reconvergence pessimism
                                 -2.000000    7.750000   output external delay
                                              7.750000   data required time
---------------------------------------------------------------------------------------------
                                              7.750000   data required time
                                             -0.931795   data arrival time
---------------------------------------------------------------------------------------------
                                              6.818205   slack (MET)


Startpoint: _170_ (rising edge-triggered flip-flop clocked by HCLK)
Endpoint: PADDR[19] (output port clocked by HCLK)
Path Group: HCLK
Path Type: max

Fanout         Cap        Slew       Delay        Time   Description
---------------------------------------------------------------------------------------------
                                  0.000000    0.000000   clock HCLK (rise edge)
                                  0.000000    0.000000   clock source latency
     1    0.059439    0.203180    0.147358    0.147358 ^ HCLK (in)
                                                         HCLK (net)
                      0.204534    0.000000    0.147358 ^ clkbuf_0_HCLK/A (sky130_fd_sc_hd__clkbuf_16)
     5    0.134022    0.114650    0.179325    0.326684 ^ clkbuf_0_HCLK/X (sky130_fd_sc_hd__clkbuf_16)
                                                         clknet_0_HCLK (net)
                      0.116431    0.011266    0.337950 ^ clkbuf_2_2_0_HCLK/A (sky130_fd_sc_hd__clkbuf_8)
     2    0.035419    0.056406    0.124539    0.462489 ^ clkbuf_2_2_0_HCLK/X (sky130_fd_sc_hd__clkbuf_8)
                                                         clknet_2_2_0_HCLK (net)
                      0.056729    0.003332    0.465821 ^ clkbuf_3_4__f_HCLK/A (sky130_fd_sc_hd__clkbuf_16)
    11    0.039914    0.045093    0.104073    0.569895 ^ clkbuf_3_4__f_HCLK/X (sky130_fd_sc_hd__clkbuf_16)
                                                         clknet_3_4__leaf_HCLK (net)
                      0.045136    0.001180    0.571075 ^ _170_/CLK (sky130_fd_sc_hd__dfrtp_1)
     2    0.005348    0.046387    0.214020    0.785095 ^ _170_/Q (sky130_fd_sc_hd__dfrtp_1)
                                                         net115 (net)
                      0.046387    0.000133    0.785228 ^ output115/A (sky130_fd_sc_hd__buf_2)
     1    0.035814    0.133665    0.145681    0.930909 ^ output115/X (sky130_fd_sc_hd__buf_2)
                                                         PADDR[19] (net)
                      0.133670    0.000694    0.931603 ^ PADDR[19] (out)
                                              0.931603   data arrival time

                                 10.000000   10.000000   clock HCLK (rise edge)
                                  0.000000   10.000000   clock network delay (propagated)
                                 -0.250000    9.750000   clock uncertainty
                                  0.000000    9.750000   clock reconvergence pessimism
                                 -2.000000    7.750000   output external delay
                                              7.750000   data required time
---------------------------------------------------------------------------------------------
                                              7.750000   data required time
                                             -0.931603   data arrival time
---------------------------------------------------------------------------------------------
                                              6.818397   slack (MET)


Startpoint: _182_ (rising edge-triggered flip-flop clocked by HCLK)
Endpoint: PADDR[31] (output port clocked by HCLK)
Path Group: HCLK
Path Type: max

Fanout         Cap        Slew       Delay        Time   Description
---------------------------------------------------------------------------------------------
                                  0.000000    0.000000   clock HCLK (rise edge)
                                  0.000000    0.000000   clock source latency
     1    0.059439    0.203180    0.147358    0.147358 ^ HCLK (in)
                                                         HCLK (net)
                      0.204534    0.000000    0.147358 ^ clkbuf_0_HCLK/A (sky130_fd_sc_hd__clkbuf_16)
     5    0.134022    0.114650    0.179325    0.326684 ^ clkbuf_0_HCLK/X (sky130_fd_sc_hd__clkbuf_16)
                                                         clknet_0_HCLK (net)
                      0.117120    0.013264    0.339947 ^ clkbuf_2_1_0_HCLK/A (sky130_fd_sc_hd__clkbuf_8)
     2    0.036936    0.058213    0.125711    0.465659 ^ clkbuf_2_1_0_HCLK/X (sky130_fd_sc_hd__clkbuf_8)
                                                         clknet_2_1_0_HCLK (net)
                      0.058761    0.004422    0.470081 ^ clkbuf_3_2__f_HCLK/A (sky130_fd_sc_hd__clkbuf_16)
    10    0.036695    0.042800    0.102531    0.572612 ^ clkbuf_3_2__f_HCLK/X (sky130_fd_sc_hd__clkbuf_16)
                                                         clknet_3_2__leaf_HCLK (net)
                      0.043070    0.002322    0.574934 ^ _182_/CLK (sky130_fd_sc_hd__dfrtp_1)
     2    0.005344    0.046357    0.213374    0.788309 ^ _182_/Q (sky130_fd_sc_hd__dfrtp_1)
                                                         net129 (net)
                      0.046357    0.000136    0.788444 ^ output129/A (sky130_fd_sc_hd__buf_2)
     1    0.034148    0.127744    0.141584    0.930028 ^ output129/X (sky130_fd_sc_hd__buf_2)
                                                         PADDR[31] (net)
                      0.127749    0.000656    0.930685 ^ PADDR[31] (out)
                                              0.930685   data arrival time

                                 10.000000   10.000000   clock HCLK (rise edge)
                                  0.000000   10.000000   clock network delay (propagated)
                                 -0.250000    9.750000   clock uncertainty
                                  0.000000    9.750000   clock reconvergence pessimism
                                 -2.000000    7.750000   output external delay
                                              7.750000   data required time
---------------------------------------------------------------------------------------------
                                              7.750000   data required time
                                             -0.930685   data arrival time
---------------------------------------------------------------------------------------------
                                              6.819315   slack (MET)


Startpoint: _194_ (rising edge-triggered flip-flop clocked by HCLK)
Endpoint: PWDATA[11] (output port clocked by HCLK)
Path Group: HCLK
Path Type: max

Fanout         Cap        Slew       Delay        Time   Description
---------------------------------------------------------------------------------------------
                                  0.000000    0.000000   clock HCLK (rise edge)
                                  0.000000    0.000000   clock source latency
     1    0.059439    0.203180    0.147358    0.147358 ^ HCLK (in)
                                                         HCLK (net)
                      0.204534    0.000000    0.147358 ^ clkbuf_0_HCLK/A (sky130_fd_sc_hd__clkbuf_16)
     5    0.134022    0.114650    0.179325    0.326684 ^ clkbuf_0_HCLK/X (sky130_fd_sc_hd__clkbuf_16)
                                                         clknet_0_HCLK (net)
                      0.116431    0.011266    0.337950 ^ clkbuf_2_2_0_HCLK/A (sky130_fd_sc_hd__clkbuf_8)
     2    0.035419    0.056406    0.124539    0.462489 ^ clkbuf_2_2_0_HCLK/X (sky130_fd_sc_hd__clkbuf_8)
                                                         clknet_2_2_0_HCLK (net)
                      0.056729    0.003332    0.465821 ^ clkbuf_3_4__f_HCLK/A (sky130_fd_sc_hd__clkbuf_16)
    11    0.039914    0.045093    0.104073    0.569895 ^ clkbuf_3_4__f_HCLK/X (sky130_fd_sc_hd__clkbuf_16)
                                                         clknet_3_4__leaf_HCLK (net)
                      0.045106    0.000724    0.570619 ^ _194_/CLK (sky130_fd_sc_hd__dfrtp_1)
     2    0.005073    0.044757    0.212691    0.783310 ^ _194_/Q (sky130_fd_sc_hd__dfrtp_1)
                                                         net144 (net)
                      0.044757    0.000109    0.783419 ^ output144/A (sky130_fd_sc_hd__buf_2)
     1    0.036304    0.135435    0.146241    0.929661 ^ output144/X (sky130_fd_sc_hd__buf_2)
                                                         PWDATA[11] (net)
                      0.135444    0.000915    0.930575 ^ PWDATA[11] (out)
                                              0.930575   data arrival time

                                 10.000000   10.000000   clock HCLK (rise edge)
                                  0.000000   10.000000   clock network delay (propagated)
                                 -0.250000    9.750000   clock uncertainty
                                  0.000000    9.750000   clock reconvergence pessimism
                                 -2.000000    7.750000   output external delay
                                              7.750000   data required time
---------------------------------------------------------------------------------------------
                                              7.750000   data required time
                                             -0.930575   data arrival time
---------------------------------------------------------------------------------------------
                                              6.819425   slack (MET)


Startpoint: _188_ (rising edge-triggered flip-flop clocked by HCLK)
Endpoint: PWDATA[5] (output port clocked by HCLK)
Path Group: HCLK
Path Type: max

Fanout         Cap        Slew       Delay        Time   Description
---------------------------------------------------------------------------------------------
                                  0.000000    0.000000   clock HCLK (rise edge)
                                  0.000000    0.000000   clock source latency
     1    0.059439    0.203180    0.147358    0.147358 ^ HCLK (in)
                                                         HCLK (net)
                      0.204534    0.000000    0.147358 ^ clkbuf_0_HCLK/A (sky130_fd_sc_hd__clkbuf_16)
     5    0.134022    0.114650    0.179325    0.326684 ^ clkbuf_0_HCLK/X (sky130_fd_sc_hd__clkbuf_16)
                                                         clknet_0_HCLK (net)
                      0.116431    0.011266    0.337950 ^ clkbuf_2_2_0_HCLK/A (sky130_fd_sc_hd__clkbuf_8)
     2    0.035419    0.056406    0.124539    0.462489 ^ clkbuf_2_2_0_HCLK/X (sky130_fd_sc_hd__clkbuf_8)
                                                         clknet_2_2_0_HCLK (net)
                      0.056832    0.003837    0.466326 ^ clkbuf_3_5__f_HCLK/A (sky130_fd_sc_hd__clkbuf_16)
    11    0.035096    0.041718    0.101215    0.567541 ^ clkbuf_3_5__f_HCLK/X (sky130_fd_sc_hd__clkbuf_16)
                                                         clknet_3_5__leaf_HCLK (net)
                      0.041770    0.001380    0.568921 ^ _188_/CLK (sky130_fd_sc_hd__dfrtp_1)
     2    0.005178    0.045370    0.212196    0.781117 ^ _188_/Q (sky130_fd_sc_hd__dfrtp_1)
                                                         net169 (net)
                      0.045370    0.000104    0.781221 ^ output169/A (sky130_fd_sc_hd__buf_2)
     1    0.035897    0.133991    0.145393    0.926614 ^ output169/X (sky130_fd_sc_hd__buf_2)
                                                         PWDATA[5] (net)
                      0.134001    0.000955    0.927569 ^ PWDATA[5] (out)
                                              0.927569   data arrival time

                                 10.000000   10.000000   clock HCLK (rise edge)
                                  0.000000   10.000000   clock network delay (propagated)
                                 -0.250000    9.750000   clock uncertainty
                                  0.000000    9.750000   clock reconvergence pessimism
                                 -2.000000    7.750000   output external delay
                                              7.750000   data required time
---------------------------------------------------------------------------------------------
                                              7.750000   data required time
                                             -0.927569   data arrival time
---------------------------------------------------------------------------------------------
                                              6.822431   slack (MET)


Startpoint: _151_ (rising edge-triggered flip-flop clocked by HCLK)
Endpoint: PADDR[0] (output port clocked by HCLK)
Path Group: HCLK
Path Type: max

Fanout         Cap        Slew       Delay        Time   Description
---------------------------------------------------------------------------------------------
                                  0.000000    0.000000   clock HCLK (rise edge)
                                  0.000000    0.000000   clock source latency
     1    0.059439    0.203180    0.147358    0.147358 ^ HCLK (in)
                                                         HCLK (net)
                      0.204534    0.000000    0.147358 ^ clkbuf_0_HCLK/A (sky130_fd_sc_hd__clkbuf_16)
     5    0.134022    0.114650    0.179325    0.326684 ^ clkbuf_0_HCLK/X (sky130_fd_sc_hd__clkbuf_16)
                                                         clknet_0_HCLK (net)
                      0.117120    0.013264    0.339947 ^ clkbuf_2_1_0_HCLK/A (sky130_fd_sc_hd__clkbuf_8)
     2    0.036936    0.058213    0.125711    0.465659 ^ clkbuf_2_1_0_HCLK/X (sky130_fd_sc_hd__clkbuf_8)
                                                         clknet_2_1_0_HCLK (net)
                      0.058723    0.004261    0.469920 ^ clkbuf_3_3__f_HCLK/A (sky130_fd_sc_hd__clkbuf_16)
    10    0.027954    0.036768    0.097675    0.567595 ^ clkbuf_3_3__f_HCLK/X (sky130_fd_sc_hd__clkbuf_16)
                                                         clknet_3_3__leaf_HCLK (net)
                      0.036776    0.000528    0.568123 ^ _151_/CLK (sky130_fd_sc_hd__dfrtp_1)
     2    0.005801    0.049065    0.213671    0.781795 ^ _151_/Q (sky130_fd_sc_hd__dfrtp_1)
                                                         net105 (net)
                      0.049065    0.000138    0.781932 ^ output105/A (sky130_fd_sc_hd__buf_2)
     1    0.034785    0.130009    0.143892    0.925824 ^ output105/X (sky130_fd_sc_hd__buf_2)
                                                         PADDR[0] (net)
                      0.130016    0.000777    0.926601 ^ PADDR[0] (out)
                                              0.926601   data arrival time

                                 10.000000   10.000000   clock HCLK (rise edge)
                                  0.000000   10.000000   clock network delay (propagated)
                                 -0.250000    9.750000   clock uncertainty
                                  0.000000    9.750000   clock reconvergence pessimism
                                 -2.000000    7.750000   output external delay
                                              7.750000   data required time
---------------------------------------------------------------------------------------------
                                              7.750000   data required time
                                             -0.926601   data arrival time
---------------------------------------------------------------------------------------------
                                              6.823399   slack (MET)


Startpoint: _196_ (rising edge-triggered flip-flop clocked by HCLK)
Endpoint: PWDATA[13] (output port clocked by HCLK)
Path Group: HCLK
Path Type: max

Fanout         Cap        Slew       Delay        Time   Description
---------------------------------------------------------------------------------------------
                                  0.000000    0.000000   clock HCLK (rise edge)
                                  0.000000    0.000000   clock source latency
     1    0.059439    0.203180    0.147358    0.147358 ^ HCLK (in)
                                                         HCLK (net)
                      0.204534    0.000000    0.147358 ^ clkbuf_0_HCLK/A (sky130_fd_sc_hd__clkbuf_16)
     5    0.134022    0.114650    0.179325    0.326684 ^ clkbuf_0_HCLK/X (sky130_fd_sc_hd__clkbuf_16)
                                                         clknet_0_HCLK (net)
                      0.116431    0.011266    0.337950 ^ clkbuf_2_2_0_HCLK/A (sky130_fd_sc_hd__clkbuf_8)
     2    0.035419    0.056406    0.124539    0.462489 ^ clkbuf_2_2_0_HCLK/X (sky130_fd_sc_hd__clkbuf_8)
                                                         clknet_2_2_0_HCLK (net)
                      0.056832    0.003837    0.466326 ^ clkbuf_3_5__f_HCLK/A (sky130_fd_sc_hd__clkbuf_16)
    11    0.035096    0.041718    0.101215    0.567541 ^ clkbuf_3_5__f_HCLK/X (sky130_fd_sc_hd__clkbuf_16)
                                                         clknet_3_5__leaf_HCLK (net)
                      0.041886    0.001899    0.569440 ^ _196_/CLK (sky130_fd_sc_hd__dfrtp_1)
     2    0.005386    0.046606    0.213227    0.782667 ^ _196_/Q (sky130_fd_sc_hd__dfrtp_1)
                                                         net146 (net)
                      0.046606    0.000118    0.782785 ^ output146/A (sky130_fd_sc_hd__buf_2)
     1    0.034455    0.128831    0.142428    0.925213 ^ output146/X (sky130_fd_sc_hd__buf_2)
                                                         PWDATA[13] (net)
                      0.128835    0.000639    0.925852 ^ PWDATA[13] (out)
                                              0.925852   data arrival time

                                 10.000000   10.000000   clock HCLK (rise edge)
                                  0.000000   10.000000   clock network delay (propagated)
                                 -0.250000    9.750000   clock uncertainty
                                  0.000000    9.750000   clock reconvergence pessimism
                                 -2.000000    7.750000   output external delay
                                              7.750000   data required time
---------------------------------------------------------------------------------------------
                                              7.750000   data required time
                                             -0.925852   data arrival time
---------------------------------------------------------------------------------------------
                                              6.824148   slack (MET)


Startpoint: _198_ (rising edge-triggered flip-flop clocked by HCLK)
Endpoint: PWDATA[15] (output port clocked by HCLK)
Path Group: HCLK
Path Type: max

Fanout         Cap        Slew       Delay        Time   Description
---------------------------------------------------------------------------------------------
                                  0.000000    0.000000   clock HCLK (rise edge)
                                  0.000000    0.000000   clock source latency
     1    0.059439    0.203180    0.147358    0.147358 ^ HCLK (in)
                                                         HCLK (net)
                      0.204534    0.000000    0.147358 ^ clkbuf_0_HCLK/A (sky130_fd_sc_hd__clkbuf_16)
     5    0.134022    0.114650    0.179325    0.326684 ^ clkbuf_0_HCLK/X (sky130_fd_sc_hd__clkbuf_16)
                                                         clknet_0_HCLK (net)
                      0.116431    0.011266    0.337950 ^ clkbuf_2_2_0_HCLK/A (sky130_fd_sc_hd__clkbuf_8)
     2    0.035419    0.056406    0.124539    0.462489 ^ clkbuf_2_2_0_HCLK/X (sky130_fd_sc_hd__clkbuf_8)
                                                         clknet_2_2_0_HCLK (net)
                      0.056729    0.003332    0.465821 ^ clkbuf_3_4__f_HCLK/A (sky130_fd_sc_hd__clkbuf_16)
    11    0.039914    0.045093    0.104073    0.569895 ^ clkbuf_3_4__f_HCLK/X (sky130_fd_sc_hd__clkbuf_16)
                                                         clknet_3_4__leaf_HCLK (net)
                      0.045104    0.000683    0.570578 ^ _198_/CLK (sky130_fd_sc_hd__dfrtp_1)
     2    0.004748    0.042847    0.211129    0.781707 ^ _198_/Q (sky130_fd_sc_hd__dfrtp_1)
                                                         net148 (net)
                      0.042847    0.000124    0.781831 ^ output148/A (sky130_fd_sc_hd__buf_2)
     1    0.035245    0.131650    0.143213    0.925045 ^ output148/X (sky130_fd_sc_hd__buf_2)
                                                         PWDATA[15] (net)
                      0.131654    0.000675    0.925719 ^ PWDATA[15] (out)
                                              0.925719   data arrival time

                                 10.000000   10.000000   clock HCLK (rise edge)
                                  0.000000   10.000000   clock network delay (propagated)
                                 -0.250000    9.750000   clock uncertainty
                                  0.000000    9.750000   clock reconvergence pessimism
                                 -2.000000    7.750000   output external delay
                                              7.750000   data required time
---------------------------------------------------------------------------------------------
                                              7.750000   data required time
                                             -0.925719   data arrival time
---------------------------------------------------------------------------------------------
                                              6.824281   slack (MET)


Startpoint: _193_ (rising edge-triggered flip-flop clocked by HCLK)
Endpoint: PWDATA[10] (output port clocked by HCLK)
Path Group: HCLK
Path Type: max

Fanout         Cap        Slew       Delay        Time   Description
---------------------------------------------------------------------------------------------
                                  0.000000    0.000000   clock HCLK (rise edge)
                                  0.000000    0.000000   clock source latency
     1    0.059439    0.203180    0.147358    0.147358 ^ HCLK (in)
                                                         HCLK (net)
                      0.204534    0.000000    0.147358 ^ clkbuf_0_HCLK/A (sky130_fd_sc_hd__clkbuf_16)
     5    0.134022    0.114650    0.179325    0.326684 ^ clkbuf_0_HCLK/X (sky130_fd_sc_hd__clkbuf_16)
                                                         clknet_0_HCLK (net)
                      0.116431    0.011266    0.337950 ^ clkbuf_2_2_0_HCLK/A (sky130_fd_sc_hd__clkbuf_8)
     2    0.035419    0.056406    0.124539    0.462489 ^ clkbuf_2_2_0_HCLK/X (sky130_fd_sc_hd__clkbuf_8)
                                                         clknet_2_2_0_HCLK (net)
                      0.056729    0.003332    0.465821 ^ clkbuf_3_4__f_HCLK/A (sky130_fd_sc_hd__clkbuf_16)
    11    0.039914    0.045093    0.104073    0.569895 ^ clkbuf_3_4__f_HCLK/X (sky130_fd_sc_hd__clkbuf_16)
                                                         clknet_3_4__leaf_HCLK (net)
                      0.045122    0.000980    0.570875 ^ _193_/CLK (sky130_fd_sc_hd__dfrtp_1)
     2    0.004440    0.041019    0.209660    0.780534 ^ _193_/Q (sky130_fd_sc_hd__dfrtp_1)
                                                         net143 (net)
                      0.041019    0.000101    0.780636 ^ output143/A (sky130_fd_sc_hd__buf_2)
     1    0.035846    0.133848    0.144128    0.924764 ^ output143/X (sky130_fd_sc_hd__buf_2)
                                                         PWDATA[10] (net)
                      0.133853    0.000695    0.925459 ^ PWDATA[10] (out)
                                              0.925459   data arrival time

                                 10.000000   10.000000   clock HCLK (rise edge)
                                  0.000000   10.000000   clock network delay (propagated)
                                 -0.250000    9.750000   clock uncertainty
                                  0.000000    9.750000   clock reconvergence pessimism
                                 -2.000000    7.750000   output external delay
                                              7.750000   data required time
---------------------------------------------------------------------------------------------
                                              7.750000   data required time
                                             -0.925459   data arrival time
---------------------------------------------------------------------------------------------
                                              6.824541   slack (MET)


Startpoint: _179_ (rising edge-triggered flip-flop clocked by HCLK)
Endpoint: PADDR[28] (output port clocked by HCLK)
Path Group: HCLK
Path Type: max

Fanout         Cap        Slew       Delay        Time   Description
---------------------------------------------------------------------------------------------
                                  0.000000    0.000000   clock HCLK (rise edge)
                                  0.000000    0.000000   clock source latency
     1    0.059439    0.203180    0.147358    0.147358 ^ HCLK (in)
                                                         HCLK (net)
                      0.204534    0.000000    0.147358 ^ clkbuf_0_HCLK/A (sky130_fd_sc_hd__clkbuf_16)
     5    0.134022    0.114650    0.179325    0.326684 ^ clkbuf_0_HCLK/X (sky130_fd_sc_hd__clkbuf_16)
                                                         clknet_0_HCLK (net)
                      0.117120    0.013264    0.339947 ^ clkbuf_2_1_0_HCLK/A (sky130_fd_sc_hd__clkbuf_8)
     2    0.036936    0.058213    0.125711    0.465659 ^ clkbuf_2_1_0_HCLK/X (sky130_fd_sc_hd__clkbuf_8)
                                                         clknet_2_1_0_HCLK (net)
                      0.058723    0.004261    0.469920 ^ clkbuf_3_3__f_HCLK/A (sky130_fd_sc_hd__clkbuf_16)
    10    0.027954    0.036768    0.097675    0.567595 ^ clkbuf_3_3__f_HCLK/X (sky130_fd_sc_hd__clkbuf_16)
                                                         clknet_3_3__leaf_HCLK (net)
                      0.036777    0.000550    0.568145 ^ _179_/CLK (sky130_fd_sc_hd__dfrtp_1)
     2    0.005717    0.048567    0.213254    0.781400 ^ _179_/Q (sky130_fd_sc_hd__dfrtp_1)
                                                         net125 (net)
                      0.048567    0.000145    0.781545 ^ output125/A (sky130_fd_sc_hd__buf_2)
     1    0.034107    0.127597    0.142118    0.923662 ^ output125/X (sky130_fd_sc_hd__buf_2)
                                                         PADDR[28] (net)
                      0.127603    0.000706    0.924368 ^ PADDR[28] (out)
                                              0.924368   data arrival time

                                 10.000000   10.000000   clock HCLK (rise edge)
                                  0.000000   10.000000   clock network delay (propagated)
                                 -0.250000    9.750000   clock uncertainty
                                  0.000000    9.750000   clock reconvergence pessimism
                                 -2.000000    7.750000   output external delay
                                              7.750000   data required time
---------------------------------------------------------------------------------------------
                                              7.750000   data required time
                                             -0.924368   data arrival time
---------------------------------------------------------------------------------------------
                                              6.825632   slack (MET)


Startpoint: _204_ (rising edge-triggered flip-flop clocked by HCLK)
Endpoint: PWDATA[21] (output port clocked by HCLK)
Path Group: HCLK
Path Type: max

Fanout         Cap        Slew       Delay        Time   Description
---------------------------------------------------------------------------------------------
                                  0.000000    0.000000   clock HCLK (rise edge)
                                  0.000000    0.000000   clock source latency
     1    0.059439    0.203180    0.147358    0.147358 ^ HCLK (in)
                                                         HCLK (net)
                      0.204534    0.000000    0.147358 ^ clkbuf_0_HCLK/A (sky130_fd_sc_hd__clkbuf_16)
     5    0.134022    0.114650    0.179325    0.326684 ^ clkbuf_0_HCLK/X (sky130_fd_sc_hd__clkbuf_16)
                                                         clknet_0_HCLK (net)
                      0.117120    0.013264    0.339947 ^ clkbuf_2_1_0_HCLK/A (sky130_fd_sc_hd__clkbuf_8)
     2    0.036936    0.058213    0.125711    0.465659 ^ clkbuf_2_1_0_HCLK/X (sky130_fd_sc_hd__clkbuf_8)
                                                         clknet_2_1_0_HCLK (net)
                      0.058723    0.004261    0.469920 ^ clkbuf_3_3__f_HCLK/A (sky130_fd_sc_hd__clkbuf_16)
    10    0.027954    0.036768    0.097675    0.567595 ^ clkbuf_3_3__f_HCLK/X (sky130_fd_sc_hd__clkbuf_16)
                                                         clknet_3_3__leaf_HCLK (net)
                      0.036778    0.000569    0.568164 ^ _204_/CLK (sky130_fd_sc_hd__dfrtp_1)
     2    0.005579    0.047738    0.212605    0.780770 ^ _204_/Q (sky130_fd_sc_hd__dfrtp_1)
                                                         net155 (net)
                      0.047738    0.000122    0.780892 ^ output155/A (sky130_fd_sc_hd__buf_2)
     1    0.034235    0.128057    0.142168    0.923060 ^ output155/X (sky130_fd_sc_hd__buf_2)
                                                         PWDATA[21] (net)
                      0.128063    0.000728    0.923788 ^ PWDATA[21] (out)
                                              0.923788   data arrival time

                                 10.000000   10.000000   clock HCLK (rise edge)
                                  0.000000   10.000000   clock network delay (propagated)
                                 -0.250000    9.750000   clock uncertainty
                                  0.000000    9.750000   clock reconvergence pessimism
                                 -2.000000    7.750000   output external delay
                                              7.750000   data required time
---------------------------------------------------------------------------------------------
                                              7.750000   data required time
                                             -0.923788   data arrival time
---------------------------------------------------------------------------------------------
                                              6.826212   slack (MET)


Startpoint: _176_ (rising edge-triggered flip-flop clocked by HCLK)
Endpoint: PADDR[25] (output port clocked by HCLK)
Path Group: HCLK
Path Type: max

Fanout         Cap        Slew       Delay        Time   Description
---------------------------------------------------------------------------------------------
                                  0.000000    0.000000   clock HCLK (rise edge)
                                  0.000000    0.000000   clock source latency
     1    0.059439    0.203180    0.147358    0.147358 ^ HCLK (in)
                                                         HCLK (net)
                      0.204534    0.000000    0.147358 ^ clkbuf_0_HCLK/A (sky130_fd_sc_hd__clkbuf_16)
     5    0.134022    0.114650    0.179325    0.326684 ^ clkbuf_0_HCLK/X (sky130_fd_sc_hd__clkbuf_16)
                                                         clknet_0_HCLK (net)
                      0.116431    0.011266    0.337950 ^ clkbuf_2_2_0_HCLK/A (sky130_fd_sc_hd__clkbuf_8)
     2    0.035419    0.056406    0.124539    0.462489 ^ clkbuf_2_2_0_HCLK/X (sky130_fd_sc_hd__clkbuf_8)
                                                         clknet_2_2_0_HCLK (net)
                      0.056729    0.003332    0.465821 ^ clkbuf_3_4__f_HCLK/A (sky130_fd_sc_hd__clkbuf_16)
    11    0.039914    0.045093    0.104073    0.569895 ^ clkbuf_3_4__f_HCLK/X (sky130_fd_sc_hd__clkbuf_16)
                                                         clknet_3_4__leaf_HCLK (net)
                      0.045114    0.000865    0.570760 ^ _176_/CLK (sky130_fd_sc_hd__dfrtp_1)
     2    0.004280    0.040078    0.208888    0.779648 ^ _176_/Q (sky130_fd_sc_hd__dfrtp_1)
                                                         net122 (net)
                      0.040078    0.000103    0.779751 ^ output122/A (sky130_fd_sc_hd__buf_2)
     1    0.035487    0.132518    0.142974    0.922725 ^ output122/X (sky130_fd_sc_hd__buf_2)
                                                         PADDR[25] (net)
                      0.132522    0.000673    0.923398 ^ PADDR[25] (out)
                                              0.923398   data arrival time

                                 10.000000   10.000000   clock HCLK (rise edge)
                                  0.000000   10.000000   clock network delay (propagated)
                                 -0.250000    9.750000   clock uncertainty
                                  0.000000    9.750000   clock reconvergence pessimism
                                 -2.000000    7.750000   output external delay
                                              7.750000   data required time
---------------------------------------------------------------------------------------------
                                              7.750000   data required time
                                             -0.923398   data arrival time
---------------------------------------------------------------------------------------------
                                              6.826602   slack (MET)


Startpoint: _186_ (rising edge-triggered flip-flop clocked by HCLK)
Endpoint: PWDATA[3] (output port clocked by HCLK)
Path Group: HCLK
Path Type: max

Fanout         Cap        Slew       Delay        Time   Description
---------------------------------------------------------------------------------------------
                                  0.000000    0.000000   clock HCLK (rise edge)
                                  0.000000    0.000000   clock source latency
     1    0.059439    0.203180    0.147358    0.147358 ^ HCLK (in)
                                                         HCLK (net)
                      0.204534    0.000000    0.147358 ^ clkbuf_0_HCLK/A (sky130_fd_sc_hd__clkbuf_16)
     5    0.134022    0.114650    0.179325    0.326684 ^ clkbuf_0_HCLK/X (sky130_fd_sc_hd__clkbuf_16)
                                                         clknet_0_HCLK (net)
                      0.116431    0.011266    0.337950 ^ clkbuf_2_2_0_HCLK/A (sky130_fd_sc_hd__clkbuf_8)
     2    0.035419    0.056406    0.124539    0.462489 ^ clkbuf_2_2_0_HCLK/X (sky130_fd_sc_hd__clkbuf_8)
                                                         clknet_2_2_0_HCLK (net)
                      0.056832    0.003837    0.466326 ^ clkbuf_3_5__f_HCLK/A (sky130_fd_sc_hd__clkbuf_16)
    11    0.035096    0.041718    0.101215    0.567541 ^ clkbuf_3_5__f_HCLK/X (sky130_fd_sc_hd__clkbuf_16)
                                                         clknet_3_5__leaf_HCLK (net)
                      0.041908    0.002081    0.569622 ^ _186_/CLK (sky130_fd_sc_hd__dfrtp_1)
     2    0.004731    0.042743    0.210082    0.779705 ^ _186_/Q (sky130_fd_sc_hd__dfrtp_1)
                                                         net167 (net)
                      0.042743    0.000100    0.779805 ^ output167/A (sky130_fd_sc_hd__buf_2)
     1    0.034739    0.129858    0.141892    0.921697 ^ output167/X (sky130_fd_sc_hd__buf_2)
                                                         PWDATA[3] (net)
                      0.129864    0.000734    0.922431 ^ PWDATA[3] (out)
                                              0.922431   data arrival time

                                 10.000000   10.000000   clock HCLK (rise edge)
                                  0.000000   10.000000   clock network delay (propagated)
                                 -0.250000    9.750000   clock uncertainty
                                  0.000000    9.750000   clock reconvergence pessimism
                                 -2.000000    7.750000   output external delay
                                              7.750000   data required time
---------------------------------------------------------------------------------------------
                                              7.750000   data required time
                                             -0.922431   data arrival time
---------------------------------------------------------------------------------------------
                                              6.827569   slack (MET)


Startpoint: _152_ (rising edge-triggered flip-flop clocked by HCLK)
Endpoint: PADDR[1] (output port clocked by HCLK)
Path Group: HCLK
Path Type: max

Fanout         Cap        Slew       Delay        Time   Description
---------------------------------------------------------------------------------------------
                                  0.000000    0.000000   clock HCLK (rise edge)
                                  0.000000    0.000000   clock source latency
     1    0.059439    0.203180    0.147358    0.147358 ^ HCLK (in)
                                                         HCLK (net)
                      0.204534    0.000000    0.147358 ^ clkbuf_0_HCLK/A (sky130_fd_sc_hd__clkbuf_16)
     5    0.134022    0.114650    0.179325    0.326684 ^ clkbuf_0_HCLK/X (sky130_fd_sc_hd__clkbuf_16)
                                                         clknet_0_HCLK (net)
                      0.116431    0.011266    0.337950 ^ clkbuf_2_2_0_HCLK/A (sky130_fd_sc_hd__clkbuf_8)
     2    0.035419    0.056406    0.124539    0.462489 ^ clkbuf_2_2_0_HCLK/X (sky130_fd_sc_hd__clkbuf_8)
                                                         clknet_2_2_0_HCLK (net)
                      0.056832    0.003837    0.466326 ^ clkbuf_3_5__f_HCLK/A (sky130_fd_sc_hd__clkbuf_16)
    11    0.035096    0.041718    0.101215    0.567541 ^ clkbuf_3_5__f_HCLK/X (sky130_fd_sc_hd__clkbuf_16)
                                                         clknet_3_5__leaf_HCLK (net)
                      0.041901    0.002027    0.569568 ^ _152_/CLK (sky130_fd_sc_hd__dfrtp_1)
     2    0.004734    0.042759    0.210081    0.779649 ^ _152_/Q (sky130_fd_sc_hd__dfrtp_1)
                                                         net116 (net)
                      0.042759    0.000145    0.779794 ^ output116/A (sky130_fd_sc_hd__buf_2)
     1    0.034450    0.128833    0.141170    0.920964 ^ output116/X (sky130_fd_sc_hd__buf_2)
                                                         PADDR[1] (net)
                      0.128839    0.000754    0.921718 ^ PADDR[1] (out)
                                              0.921718   data arrival time

                                 10.000000   10.000000   clock HCLK (rise edge)
                                  0.000000   10.000000   clock network delay (propagated)
                                 -0.250000    9.750000   clock uncertainty
                                  0.000000    9.750000   clock reconvergence pessimism
                                 -2.000000    7.750000   output external delay
                                              7.750000   data required time
---------------------------------------------------------------------------------------------
                                              7.750000   data required time
                                             -0.921718   data arrival time
---------------------------------------------------------------------------------------------
                                              6.828282   slack (MET)


Startpoint: _166_ (rising edge-triggered flip-flop clocked by HCLK)
Endpoint: PADDR[15] (output port clocked by HCLK)
Path Group: HCLK
Path Type: max

Fanout         Cap        Slew       Delay        Time   Description
---------------------------------------------------------------------------------------------
                                  0.000000    0.000000   clock HCLK (rise edge)
                                  0.000000    0.000000   clock source latency
     1    0.059439    0.203180    0.147358    0.147358 ^ HCLK (in)
                                                         HCLK (net)
                      0.204534    0.000000    0.147358 ^ clkbuf_0_HCLK/A (sky130_fd_sc_hd__clkbuf_16)
     5    0.134022    0.114650    0.179325    0.326684 ^ clkbuf_0_HCLK/X (sky130_fd_sc_hd__clkbuf_16)
                                                         clknet_0_HCLK (net)
                      0.117120    0.013264    0.339947 ^ clkbuf_2_1_0_HCLK/A (sky130_fd_sc_hd__clkbuf_8)
     2    0.036936    0.058213    0.125711    0.465659 ^ clkbuf_2_1_0_HCLK/X (sky130_fd_sc_hd__clkbuf_8)
                                                         clknet_2_1_0_HCLK (net)
                      0.058723    0.004261    0.469920 ^ clkbuf_3_3__f_HCLK/A (sky130_fd_sc_hd__clkbuf_16)
    10    0.027954    0.036768    0.097675    0.567595 ^ clkbuf_3_3__f_HCLK/X (sky130_fd_sc_hd__clkbuf_16)
                                                         clknet_3_3__leaf_HCLK (net)
                      0.036780    0.000610    0.568205 ^ _166_/CLK (sky130_fd_sc_hd__dfrtp_1)
     2    0.005091    0.044851    0.210252    0.778457 ^ _166_/Q (sky130_fd_sc_hd__dfrtp_1)
                                                         net111 (net)
                      0.044851    0.000122    0.778579 ^ output111/A (sky130_fd_sc_hd__buf_2)
     1    0.034621    0.129438    0.142212    0.920790 ^ output111/X (sky130_fd_sc_hd__buf_2)
                                                         PADDR[15] (net)
                      0.129444    0.000773    0.921564 ^ PADDR[15] (out)
                                              0.921564   data arrival time

                                 10.000000   10.000000   clock HCLK (rise edge)
                                  0.000000   10.000000   clock network delay (propagated)
                                 -0.250000    9.750000   clock uncertainty
                                  0.000000    9.750000   clock reconvergence pessimism
                                 -2.000000    7.750000   output external delay
                                              7.750000   data required time
---------------------------------------------------------------------------------------------
                                              7.750000   data required time
                                             -0.921564   data arrival time
---------------------------------------------------------------------------------------------
                                              6.828436   slack (MET)


Startpoint: _213_ (rising edge-triggered flip-flop clocked by HCLK)
Endpoint: PWDATA[30] (output port clocked by HCLK)
Path Group: HCLK
Path Type: max

Fanout         Cap        Slew       Delay        Time   Description
---------------------------------------------------------------------------------------------
                                  0.000000    0.000000   clock HCLK (rise edge)
                                  0.000000    0.000000   clock source latency
     1    0.059439    0.203180    0.147358    0.147358 ^ HCLK (in)
                                                         HCLK (net)
                      0.204534    0.000000    0.147358 ^ clkbuf_0_HCLK/A (sky130_fd_sc_hd__clkbuf_16)
     5    0.134022    0.114650    0.179325    0.326684 ^ clkbuf_0_HCLK/X (sky130_fd_sc_hd__clkbuf_16)
                                                         clknet_0_HCLK (net)
                      0.117120    0.013264    0.339947 ^ clkbuf_2_1_0_HCLK/A (sky130_fd_sc_hd__clkbuf_8)
     2    0.036936    0.058213    0.125711    0.465659 ^ clkbuf_2_1_0_HCLK/X (sky130_fd_sc_hd__clkbuf_8)
                                                         clknet_2_1_0_HCLK (net)
                      0.058723    0.004261    0.469920 ^ clkbuf_3_3__f_HCLK/A (sky130_fd_sc_hd__clkbuf_16)
    10    0.027954    0.036768    0.097675    0.567595 ^ clkbuf_3_3__f_HCLK/X (sky130_fd_sc_hd__clkbuf_16)
                                                         clknet_3_3__leaf_HCLK (net)
                      0.036775    0.000481    0.568076 ^ _213_/CLK (sky130_fd_sc_hd__dfrtp_1)
     2    0.004716    0.042647    0.208464    0.776540 ^ _213_/Q (sky130_fd_sc_hd__dfrtp_1)
                                                         net165 (net)
                      0.042647    0.000090    0.776630 ^ output165/A (sky130_fd_sc_hd__buf_2)
     1    0.035387    0.132155    0.143503    0.920133 ^ output165/X (sky130_fd_sc_hd__buf_2)
                                                         PWDATA[30] (net)
                      0.132160    0.000677    0.920810 ^ PWDATA[30] (out)
                                              0.920810   data arrival time

                                 10.000000   10.000000   clock HCLK (rise edge)
                                  0.000000   10.000000   clock network delay (propagated)
                                 -0.250000    9.750000   clock uncertainty
                                  0.000000    9.750000   clock reconvergence pessimism
                                 -2.000000    7.750000   output external delay
                                              7.750000   data required time
---------------------------------------------------------------------------------------------
                                              7.750000   data required time
                                             -0.920810   data arrival time
---------------------------------------------------------------------------------------------
                                              6.829190   slack (MET)


Startpoint: _169_ (rising edge-triggered flip-flop clocked by HCLK)
Endpoint: PADDR[18] (output port clocked by HCLK)
Path Group: HCLK
Path Type: max

Fanout         Cap        Slew       Delay        Time   Description
---------------------------------------------------------------------------------------------
                                  0.000000    0.000000   clock HCLK (rise edge)
                                  0.000000    0.000000   clock source latency
     1    0.059439    0.203180    0.147358    0.147358 ^ HCLK (in)
                                                         HCLK (net)
                      0.204534    0.000000    0.147358 ^ clkbuf_0_HCLK/A (sky130_fd_sc_hd__clkbuf_16)
     5    0.134022    0.114650    0.179325    0.326684 ^ clkbuf_0_HCLK/X (sky130_fd_sc_hd__clkbuf_16)
                                                         clknet_0_HCLK (net)
                      0.116431    0.011266    0.337950 ^ clkbuf_2_2_0_HCLK/A (sky130_fd_sc_hd__clkbuf_8)
     2    0.035419    0.056406    0.124539    0.462489 ^ clkbuf_2_2_0_HCLK/X (sky130_fd_sc_hd__clkbuf_8)
                                                         clknet_2_2_0_HCLK (net)
                      0.056832    0.003837    0.466326 ^ clkbuf_3_5__f_HCLK/A (sky130_fd_sc_hd__clkbuf_16)
    11    0.035096    0.041718    0.101215    0.567541 ^ clkbuf_3_5__f_HCLK/X (sky130_fd_sc_hd__clkbuf_16)
                                                         clknet_3_5__leaf_HCLK (net)
                      0.041911    0.002111    0.569652 ^ _169_/CLK (sky130_fd_sc_hd__dfrtp_1)
     2    0.004717    0.042659    0.210015    0.779666 ^ _169_/Q (sky130_fd_sc_hd__dfrtp_1)
                                                         net114 (net)
                      0.042659    0.000112    0.779778 ^ output114/A (sky130_fd_sc_hd__buf_2)
     1    0.034058    0.127428    0.140263    0.920042 ^ output114/X (sky130_fd_sc_hd__buf_2)
                                                         PADDR[18] (net)
                      0.127433    0.000623    0.920665 ^ PADDR[18] (out)
                                              0.920665   data arrival time

                                 10.000000   10.000000   clock HCLK (rise edge)
                                  0.000000   10.000000   clock network delay (propagated)
                                 -0.250000    9.750000   clock uncertainty
                                  0.000000    9.750000   clock reconvergence pessimism
                                 -2.000000    7.750000   output external delay
                                              7.750000   data required time
---------------------------------------------------------------------------------------------
                                              7.750000   data required time
                                             -0.920665   data arrival time
---------------------------------------------------------------------------------------------
                                              6.829336   slack (MET)


Startpoint: _205_ (rising edge-triggered flip-flop clocked by HCLK)
Endpoint: PWDATA[22] (output port clocked by HCLK)
Path Group: HCLK
Path Type: max

Fanout         Cap        Slew       Delay        Time   Description
---------------------------------------------------------------------------------------------
                                  0.000000    0.000000   clock HCLK (rise edge)
                                  0.000000    0.000000   clock source latency
     1    0.059439    0.203180    0.147358    0.147358 ^ HCLK (in)
                                                         HCLK (net)
                      0.204534    0.000000    0.147358 ^ clkbuf_0_HCLK/A (sky130_fd_sc_hd__clkbuf_16)
     5    0.134022    0.114650    0.179325    0.326684 ^ clkbuf_0_HCLK/X (sky130_fd_sc_hd__clkbuf_16)
                                                         clknet_0_HCLK (net)
                      0.117120    0.013264    0.339947 ^ clkbuf_2_1_0_HCLK/A (sky130_fd_sc_hd__clkbuf_8)
     2    0.036936    0.058213    0.125711    0.465659 ^ clkbuf_2_1_0_HCLK/X (sky130_fd_sc_hd__clkbuf_8)
                                                         clknet_2_1_0_HCLK (net)
                      0.058723    0.004261    0.469920 ^ clkbuf_3_3__f_HCLK/A (sky130_fd_sc_hd__clkbuf_16)
    10    0.027954    0.036768    0.097675    0.567595 ^ clkbuf_3_3__f_HCLK/X (sky130_fd_sc_hd__clkbuf_16)
                                                         clknet_3_3__leaf_HCLK (net)
                      0.036773    0.000444    0.568039 ^ _205_/CLK (sky130_fd_sc_hd__dfrtp_1)
     2    0.004192    0.039565    0.205948    0.773987 ^ _205_/Q (sky130_fd_sc_hd__dfrtp_1)
                                                         net156 (net)
                      0.039565    0.000061    0.774048 ^ output156/A (sky130_fd_sc_hd__buf_2)
     1    0.035802    0.133669    0.143396    0.917444 ^ output156/X (sky130_fd_sc_hd__buf_2)
                                                         PWDATA[22] (net)
                      0.133679    0.000966    0.918409 ^ PWDATA[22] (out)
                                              0.918409   data arrival time

                                 10.000000   10.000000   clock HCLK (rise edge)
                                  0.000000   10.000000   clock network delay (propagated)
                                 -0.250000    9.750000   clock uncertainty
                                  0.000000    9.750000   clock reconvergence pessimism
                                 -2.000000    7.750000   output external delay
                                              7.750000   data required time
---------------------------------------------------------------------------------------------
                                              7.750000   data required time
                                             -0.918409   data arrival time
---------------------------------------------------------------------------------------------
                                              6.831591   slack (MET)


Startpoint: _201_ (rising edge-triggered flip-flop clocked by HCLK)
Endpoint: PWDATA[18] (output port clocked by HCLK)
Path Group: HCLK
Path Type: max

Fanout         Cap        Slew       Delay        Time   Description
---------------------------------------------------------------------------------------------
                                  0.000000    0.000000   clock HCLK (rise edge)
                                  0.000000    0.000000   clock source latency
     1    0.059439    0.203180    0.147358    0.147358 ^ HCLK (in)
                                                         HCLK (net)
                      0.204534    0.000000    0.147358 ^ clkbuf_0_HCLK/A (sky130_fd_sc_hd__clkbuf_16)
     5    0.134022    0.114650    0.179325    0.326684 ^ clkbuf_0_HCLK/X (sky130_fd_sc_hd__clkbuf_16)
                                                         clknet_0_HCLK (net)
                      0.117120    0.013264    0.339947 ^ clkbuf_2_1_0_HCLK/A (sky130_fd_sc_hd__clkbuf_8)
     2    0.036936    0.058213    0.125711    0.465659 ^ clkbuf_2_1_0_HCLK/X (sky130_fd_sc_hd__clkbuf_8)
                                                         clknet_2_1_0_HCLK (net)
                      0.058723    0.004261    0.469920 ^ clkbuf_3_3__f_HCLK/A (sky130_fd_sc_hd__clkbuf_16)
    10    0.027954    0.036768    0.097675    0.567595 ^ clkbuf_3_3__f_HCLK/X (sky130_fd_sc_hd__clkbuf_16)
                                                         clknet_3_3__leaf_HCLK (net)
                      0.036779    0.000593    0.568188 ^ _201_/CLK (sky130_fd_sc_hd__dfrtp_1)
     2    0.004136    0.039238    0.205667    0.773855 ^ _201_/Q (sky130_fd_sc_hd__dfrtp_1)
                                                         net151 (net)
                      0.039238    0.000101    0.773956 ^ output151/A (sky130_fd_sc_hd__buf_2)
     1    0.035373    0.132118    0.142417    0.916373 ^ output151/X (sky130_fd_sc_hd__buf_2)
                                                         PWDATA[18] (net)
                      0.132124    0.000704    0.917077 ^ PWDATA[18] (out)
                                              0.917077   data arrival time

                                 10.000000   10.000000   clock HCLK (rise edge)
                                  0.000000   10.000000   clock network delay (propagated)
                                 -0.250000    9.750000   clock uncertainty
                                  0.000000    9.750000   clock reconvergence pessimism
                                 -2.000000    7.750000   output external delay
                                              7.750000   data required time
---------------------------------------------------------------------------------------------
                                              7.750000   data required time
                                             -0.917077   data arrival time
---------------------------------------------------------------------------------------------
                                              6.832923   slack (MET)


Startpoint: HTRANS[1] (input port clocked by HCLK)
Endpoint: _210_ (rising edge-triggered flip-flop clocked by HCLK)
Path Group: HCLK
Path Type: max

Fanout         Cap        Slew       Delay        Time   Description
---------------------------------------------------------------------------------------------
                                  0.000000    0.000000   clock HCLK (rise edge)
                                  0.000000    0.000000   clock network delay (propagated)
                                  2.000000    2.000000 v input external delay
     1    0.002800    0.004721    0.002277    2.002277 v HTRANS[1] (in)
                                                         HTRANS[1] (net)
                      0.004722    0.000000    2.002277 v input35/A (sky130_fd_sc_hd__buf_1)
     2    0.013877    0.058297    0.079915    2.082192 v input35/X (sky130_fd_sc_hd__buf_1)
                                                         net35 (net)
                      0.058344    0.001060    2.083252 v _083_/A (sky130_fd_sc_hd__nand2_1)
     1    0.009821    0.076996    0.081044    2.164296 ^ _083_/Y (sky130_fd_sc_hd__nand2_1)
                                                         _071_ (net)
                      0.076999    0.000382    2.164678 ^ fanout183/A (sky130_fd_sc_hd__buf_8)
     6    0.137828    0.166236    0.149379    2.314057 ^ fanout183/X (sky130_fd_sc_hd__buf_8)
                                                         net183 (net)
                      0.179542    0.035248    2.349305 ^ fanout178/A (sky130_fd_sc_hd__buf_8)
     5    0.123520    0.153247    0.161353    2.510658 ^ fanout178/X (sky130_fd_sc_hd__buf_8)
                                                         net178 (net)
                      0.154892    0.012725    2.523384 ^ fanout176/A (sky130_fd_sc_hd__buf_8)
    12    0.129657    0.158843    0.153834    2.677217 ^ fanout176/X (sky130_fd_sc_hd__buf_8)
                                                         net176 (net)
                      0.178766    0.043118    2.720335 ^ fanout175/A (sky130_fd_sc_hd__clkbuf_4)
    10    0.051849    0.122414    0.186789    2.907125 ^ fanout175/X (sky130_fd_sc_hd__clkbuf_4)
                                                         net175 (net)
                      0.122493    0.001584    2.908709 ^ _143_/S (sky130_fd_sc_hd__mux2_1)
     1    0.003823    0.042532    0.197609    3.106317 v _143_/X (sky130_fd_sc_hd__mux2_1)
                                                         _059_ (net)
                      0.042532    0.000116    3.106433 v _210_/D (sky130_fd_sc_hd__dfrtp_1)
                                              3.106433   data arrival time

                                 10.000000   10.000000   clock HCLK (rise edge)
                                  0.000000   10.000000   clock source latency
     1    0.059439    0.203180    0.147359   10.147359 ^ HCLK (in)
                                                         HCLK (net)
                      0.204534    0.000000   10.147359 ^ clkbuf_0_HCLK/A (sky130_fd_sc_hd__clkbuf_16)
     5    0.134022    0.114650    0.179325   10.326684 ^ clkbuf_0_HCLK/X (sky130_fd_sc_hd__clkbuf_16)
                                                         clknet_0_HCLK (net)
                      0.117120    0.013264   10.339948 ^ clkbuf_2_1_0_HCLK/A (sky130_fd_sc_hd__clkbuf_8)
     2    0.036936    0.058213    0.125711   10.465659 ^ clkbuf_2_1_0_HCLK/X (sky130_fd_sc_hd__clkbuf_8)
                                                         clknet_2_1_0_HCLK (net)
                      0.058723    0.004261   10.469920 ^ clkbuf_3_3__f_HCLK/A (sky130_fd_sc_hd__clkbuf_16)
    10    0.027954    0.036768    0.097675   10.567595 ^ clkbuf_3_3__f_HCLK/X (sky130_fd_sc_hd__clkbuf_16)
                                                         clknet_3_3__leaf_HCLK (net)
                      0.036774    0.000452   10.568048 ^ _210_/CLK (sky130_fd_sc_hd__dfrtp_1)
                                 -0.250000   10.318048   clock uncertainty
                                  0.000000   10.318048   clock reconvergence pessimism
                                 -0.075746   10.242302   library setup time
                                             10.242302   data required time
---------------------------------------------------------------------------------------------
                                             10.242302   data required time
                                             -3.106433   data arrival time
---------------------------------------------------------------------------------------------
                                              7.135868   slack (MET)


Startpoint: HTRANS[1] (input port clocked by HCLK)
Endpoint: _213_ (rising edge-triggered flip-flop clocked by HCLK)
Path Group: HCLK
Path Type: max

Fanout         Cap        Slew       Delay        Time   Description
---------------------------------------------------------------------------------------------
                                  0.000000    0.000000   clock HCLK (rise edge)
                                  0.000000    0.000000   clock network delay (propagated)
                                  2.000000    2.000000 v input external delay
     1    0.002800    0.004721    0.002277    2.002277 v HTRANS[1] (in)
                                                         HTRANS[1] (net)
                      0.004722    0.000000    2.002277 v input35/A (sky130_fd_sc_hd__buf_1)
     2    0.013877    0.058297    0.079915    2.082192 v input35/X (sky130_fd_sc_hd__buf_1)
                                                         net35 (net)
                      0.058344    0.001060    2.083252 v _083_/A (sky130_fd_sc_hd__nand2_1)
     1    0.009821    0.076996    0.081044    2.164296 ^ _083_/Y (sky130_fd_sc_hd__nand2_1)
                                                         _071_ (net)
                      0.076999    0.000382    2.164678 ^ fanout183/A (sky130_fd_sc_hd__buf_8)
     6    0.137828    0.166236    0.149379    2.314057 ^ fanout183/X (sky130_fd_sc_hd__buf_8)
                                                         net183 (net)
                      0.179542    0.035248    2.349305 ^ fanout178/A (sky130_fd_sc_hd__buf_8)
     5    0.123520    0.153247    0.161353    2.510658 ^ fanout178/X (sky130_fd_sc_hd__buf_8)
                                                         net178 (net)
                      0.154892    0.012725    2.523384 ^ fanout176/A (sky130_fd_sc_hd__buf_8)
    12    0.129657    0.158843    0.153834    2.677217 ^ fanout176/X (sky130_fd_sc_hd__buf_8)
                                                         net176 (net)
                      0.178766    0.043118    2.720335 ^ fanout175/A (sky130_fd_sc_hd__clkbuf_4)
    10    0.051849    0.122414    0.186789    2.907125 ^ fanout175/X (sky130_fd_sc_hd__clkbuf_4)
                                                         net175 (net)
                      0.122527    0.002303    2.909427 ^ _146_/S (sky130_fd_sc_hd__mux2_1)
     1    0.002437    0.036638    0.189079    3.098507 v _146_/X (sky130_fd_sc_hd__mux2_1)
                                                         _062_ (net)
                      0.036638    0.000070    3.098577 v _213_/D (sky130_fd_sc_hd__dfrtp_1)
                                              3.098577   data arrival time

                                 10.000000   10.000000   clock HCLK (rise edge)
                                  0.000000   10.000000   clock source latency
     1    0.059439    0.203180    0.147359   10.147359 ^ HCLK (in)
                                                         HCLK (net)
                      0.204534    0.000000   10.147359 ^ clkbuf_0_HCLK/A (sky130_fd_sc_hd__clkbuf_16)
     5    0.134022    0.114650    0.179325   10.326684 ^ clkbuf_0_HCLK/X (sky130_fd_sc_hd__clkbuf_16)
                                                         clknet_0_HCLK (net)
                      0.117120    0.013264   10.339948 ^ clkbuf_2_1_0_HCLK/A (sky130_fd_sc_hd__clkbuf_8)
     2    0.036936    0.058213    0.125711   10.465659 ^ clkbuf_2_1_0_HCLK/X (sky130_fd_sc_hd__clkbuf_8)
                                                         clknet_2_1_0_HCLK (net)
                      0.058723    0.004261   10.469920 ^ clkbuf_3_3__f_HCLK/A (sky130_fd_sc_hd__clkbuf_16)
    10    0.027954    0.036768    0.097675   10.567595 ^ clkbuf_3_3__f_HCLK/X (sky130_fd_sc_hd__clkbuf_16)
                                                         clknet_3_3__leaf_HCLK (net)
                      0.036775    0.000481   10.568076 ^ _213_/CLK (sky130_fd_sc_hd__dfrtp_1)
                                 -0.250000   10.318076   clock uncertainty
                                  0.000000   10.318076   clock reconvergence pessimism
                                 -0.073641   10.244435   library setup time
                                             10.244435   data required time
---------------------------------------------------------------------------------------------
                                             10.244435   data required time
                                             -3.098577   data arrival time
---------------------------------------------------------------------------------------------
                                              7.145858   slack (MET)


Startpoint: HTRANS[1] (input port clocked by HCLK)
Endpoint: _201_ (rising edge-triggered flip-flop clocked by HCLK)
Path Group: HCLK
Path Type: max

Fanout         Cap        Slew       Delay        Time   Description
---------------------------------------------------------------------------------------------
                                  0.000000    0.000000   clock HCLK (rise edge)
                                  0.000000    0.000000   clock network delay (propagated)
                                  2.000000    2.000000 v input external delay
     1    0.002800    0.004721    0.002277    2.002277 v HTRANS[1] (in)
                                                         HTRANS[1] (net)
                      0.004722    0.000000    2.002277 v input35/A (sky130_fd_sc_hd__buf_1)
     2    0.013877    0.058297    0.079915    2.082192 v input35/X (sky130_fd_sc_hd__buf_1)
                                                         net35 (net)
                      0.058344    0.001060    2.083252 v _083_/A (sky130_fd_sc_hd__nand2_1)
     1    0.009821    0.076996    0.081044    2.164296 ^ _083_/Y (sky130_fd_sc_hd__nand2_1)
                                                         _071_ (net)
                      0.076999    0.000382    2.164678 ^ fanout183/A (sky130_fd_sc_hd__buf_8)
     6    0.137828    0.166236    0.149379    2.314057 ^ fanout183/X (sky130_fd_sc_hd__buf_8)
                                                         net183 (net)
                      0.179542    0.035248    2.349305 ^ fanout178/A (sky130_fd_sc_hd__buf_8)
     5    0.123520    0.153247    0.161353    2.510658 ^ fanout178/X (sky130_fd_sc_hd__buf_8)
                                                         net178 (net)
                      0.154892    0.012725    2.523384 ^ fanout176/A (sky130_fd_sc_hd__buf_8)
    12    0.129657    0.158843    0.153834    2.677217 ^ fanout176/X (sky130_fd_sc_hd__buf_8)
                                                         net176 (net)
                      0.178766    0.043118    2.720335 ^ fanout175/A (sky130_fd_sc_hd__clkbuf_4)
    10    0.051849    0.122414    0.186789    2.907125 ^ fanout175/X (sky130_fd_sc_hd__clkbuf_4)
                                                         net175 (net)
                      0.122546    0.002626    2.909750 ^ _134_/S (sky130_fd_sc_hd__mux2_1)
     1    0.002400    0.036501    0.188852    3.098602 v _134_/X (sky130_fd_sc_hd__mux2_1)
                                                         _050_ (net)
                      0.036501    0.000068    3.098670 v _201_/D (sky130_fd_sc_hd__dfrtp_1)
                                              3.098670   data arrival time

                                 10.000000   10.000000   clock HCLK (rise edge)
                                  0.000000   10.000000   clock source latency
     1    0.059439    0.203180    0.147359   10.147359 ^ HCLK (in)
                                                         HCLK (net)
                      0.204534    0.000000   10.147359 ^ clkbuf_0_HCLK/A (sky130_fd_sc_hd__clkbuf_16)
     5    0.134022    0.114650    0.179325   10.326684 ^ clkbuf_0_HCLK/X (sky130_fd_sc_hd__clkbuf_16)
                                                         clknet_0_HCLK (net)
                      0.117120    0.013264   10.339948 ^ clkbuf_2_1_0_HCLK/A (sky130_fd_sc_hd__clkbuf_8)
     2    0.036936    0.058213    0.125711   10.465659 ^ clkbuf_2_1_0_HCLK/X (sky130_fd_sc_hd__clkbuf_8)
                                                         clknet_2_1_0_HCLK (net)
                      0.058723    0.004261   10.469920 ^ clkbuf_3_3__f_HCLK/A (sky130_fd_sc_hd__clkbuf_16)
    10    0.027954    0.036768    0.097675   10.567595 ^ clkbuf_3_3__f_HCLK/X (sky130_fd_sc_hd__clkbuf_16)
                                                         clknet_3_3__leaf_HCLK (net)
                      0.036779    0.000593   10.568189 ^ _201_/CLK (sky130_fd_sc_hd__dfrtp_1)
                                 -0.250000   10.318189   clock uncertainty
                                  0.000000   10.318189   clock reconvergence pessimism
                                 -0.073592   10.244596   library setup time
                                             10.244596   data required time
---------------------------------------------------------------------------------------------
                                             10.244596   data required time
                                             -3.098670   data arrival time
---------------------------------------------------------------------------------------------
                                              7.145926   slack (MET)


Startpoint: HTRANS[1] (input port clocked by HCLK)
Endpoint: _179_ (rising edge-triggered flip-flop clocked by HCLK)
Path Group: HCLK
Path Type: max

Fanout         Cap        Slew       Delay        Time   Description
---------------------------------------------------------------------------------------------
                                  0.000000    0.000000   clock HCLK (rise edge)
                                  0.000000    0.000000   clock network delay (propagated)
                                  2.000000    2.000000 v input external delay
     1    0.002800    0.004721    0.002277    2.002277 v HTRANS[1] (in)
                                                         HTRANS[1] (net)
                      0.004722    0.000000    2.002277 v input35/A (sky130_fd_sc_hd__buf_1)
     2    0.013877    0.058297    0.079915    2.082192 v input35/X (sky130_fd_sc_hd__buf_1)
                                                         net35 (net)
                      0.058344    0.001060    2.083252 v _083_/A (sky130_fd_sc_hd__nand2_1)
     1    0.009821    0.076996    0.081044    2.164296 ^ _083_/Y (sky130_fd_sc_hd__nand2_1)
                                                         _071_ (net)
                      0.076999    0.000382    2.164678 ^ fanout183/A (sky130_fd_sc_hd__buf_8)
     6    0.137828    0.166236    0.149379    2.314057 ^ fanout183/X (sky130_fd_sc_hd__buf_8)
                                                         net183 (net)
                      0.179542    0.035248    2.349305 ^ fanout178/A (sky130_fd_sc_hd__buf_8)
     5    0.123520    0.153247    0.161353    2.510658 ^ fanout178/X (sky130_fd_sc_hd__buf_8)
                                                         net178 (net)
                      0.154892    0.012725    2.523384 ^ fanout176/A (sky130_fd_sc_hd__buf_8)
    12    0.129657    0.158843    0.153834    2.677217 ^ fanout176/X (sky130_fd_sc_hd__buf_8)
                                                         net176 (net)
                      0.178766    0.043118    2.720335 ^ fanout175/A (sky130_fd_sc_hd__clkbuf_4)
    10    0.051849    0.122414    0.186789    2.907125 ^ fanout175/X (sky130_fd_sc_hd__clkbuf_4)
                                                         net175 (net)
                      0.122542    0.002566    2.909690 ^ _112_/S (sky130_fd_sc_hd__mux2_1)
     1    0.002373    0.036402    0.188688    3.098378 v _112_/X (sky130_fd_sc_hd__mux2_1)
                                                         _028_ (net)
                      0.036402    0.000068    3.098445 v _179_/D (sky130_fd_sc_hd__dfrtp_1)
                                              3.098445   data arrival time

                                 10.000000   10.000000   clock HCLK (rise edge)
                                  0.000000   10.000000   clock source latency
     1    0.059439    0.203180    0.147359   10.147359 ^ HCLK (in)
                                                         HCLK (net)
                      0.204534    0.000000   10.147359 ^ clkbuf_0_HCLK/A (sky130_fd_sc_hd__clkbuf_16)
     5    0.134022    0.114650    0.179325   10.326684 ^ clkbuf_0_HCLK/X (sky130_fd_sc_hd__clkbuf_16)
                                                         clknet_0_HCLK (net)
                      0.117120    0.013264   10.339948 ^ clkbuf_2_1_0_HCLK/A (sky130_fd_sc_hd__clkbuf_8)
     2    0.036936    0.058213    0.125711   10.465659 ^ clkbuf_2_1_0_HCLK/X (sky130_fd_sc_hd__clkbuf_8)
                                                         clknet_2_1_0_HCLK (net)
                      0.058723    0.004261   10.469920 ^ clkbuf_3_3__f_HCLK/A (sky130_fd_sc_hd__clkbuf_16)
    10    0.027954    0.036768    0.097675   10.567595 ^ clkbuf_3_3__f_HCLK/X (sky130_fd_sc_hd__clkbuf_16)
                                                         clknet_3_3__leaf_HCLK (net)
                      0.036777    0.000551   10.568146 ^ _179_/CLK (sky130_fd_sc_hd__dfrtp_1)
                                 -0.250000   10.318146   clock uncertainty
                                  0.000000   10.318146   clock reconvergence pessimism
                                 -0.073557   10.244589   library setup time
                                             10.244589   data required time
---------------------------------------------------------------------------------------------
                                             10.244589   data required time
                                             -3.098445   data arrival time
---------------------------------------------------------------------------------------------
                                              7.146143   slack (MET)


Startpoint: HTRANS[1] (input port clocked by HCLK)
Endpoint: _205_ (rising edge-triggered flip-flop clocked by HCLK)
Path Group: HCLK
Path Type: max

Fanout         Cap        Slew       Delay        Time   Description
---------------------------------------------------------------------------------------------
                                  0.000000    0.000000   clock HCLK (rise edge)
                                  0.000000    0.000000   clock network delay (propagated)
                                  2.000000    2.000000 v input external delay
     1    0.002800    0.004721    0.002277    2.002277 v HTRANS[1] (in)
                                                         HTRANS[1] (net)
                      0.004722    0.000000    2.002277 v input35/A (sky130_fd_sc_hd__buf_1)
     2    0.013877    0.058297    0.079915    2.082192 v input35/X (sky130_fd_sc_hd__buf_1)
                                                         net35 (net)
                      0.058344    0.001060    2.083252 v _083_/A (sky130_fd_sc_hd__nand2_1)
     1    0.009821    0.076996    0.081044    2.164296 ^ _083_/Y (sky130_fd_sc_hd__nand2_1)
                                                         _071_ (net)
                      0.076999    0.000382    2.164678 ^ fanout183/A (sky130_fd_sc_hd__buf_8)
     6    0.137828    0.166236    0.149379    2.314057 ^ fanout183/X (sky130_fd_sc_hd__buf_8)
                                                         net183 (net)
                      0.179542    0.035248    2.349305 ^ fanout178/A (sky130_fd_sc_hd__buf_8)
     5    0.123520    0.153247    0.161353    2.510658 ^ fanout178/X (sky130_fd_sc_hd__buf_8)
                                                         net178 (net)
                      0.154892    0.012725    2.523384 ^ fanout176/A (sky130_fd_sc_hd__buf_8)
    12    0.129657    0.158843    0.153834    2.677217 ^ fanout176/X (sky130_fd_sc_hd__buf_8)
                                                         net176 (net)
                      0.178766    0.043118    2.720335 ^ fanout175/A (sky130_fd_sc_hd__clkbuf_4)
    10    0.051849    0.122414    0.186789    2.907125 ^ fanout175/X (sky130_fd_sc_hd__clkbuf_4)
                                                         net175 (net)
                      0.122515    0.002087    2.909212 ^ _138_/S (sky130_fd_sc_hd__mux2_1)
     1    0.002387    0.036451    0.188769    3.097981 v _138_/X (sky130_fd_sc_hd__mux2_1)
                                                         _054_ (net)
                      0.036451    0.000068    3.098049 v _205_/D (sky130_fd_sc_hd__dfrtp_1)
                                              3.098049   data arrival time

                                 10.000000   10.000000   clock HCLK (rise edge)
                                  0.000000   10.000000   clock source latency
     1    0.059439    0.203180    0.147359   10.147359 ^ HCLK (in)
                                                         HCLK (net)
                      0.204534    0.000000   10.147359 ^ clkbuf_0_HCLK/A (sky130_fd_sc_hd__clkbuf_16)
     5    0.134022    0.114650    0.179325   10.326684 ^ clkbuf_0_HCLK/X (sky130_fd_sc_hd__clkbuf_16)
                                                         clknet_0_HCLK (net)
                      0.117120    0.013264   10.339948 ^ clkbuf_2_1_0_HCLK/A (sky130_fd_sc_hd__clkbuf_8)
     2    0.036936    0.058213    0.125711   10.465659 ^ clkbuf_2_1_0_HCLK/X (sky130_fd_sc_hd__clkbuf_8)
                                                         clknet_2_1_0_HCLK (net)
                      0.058723    0.004261   10.469920 ^ clkbuf_3_3__f_HCLK/A (sky130_fd_sc_hd__clkbuf_16)
    10    0.027954    0.036768    0.097675   10.567595 ^ clkbuf_3_3__f_HCLK/X (sky130_fd_sc_hd__clkbuf_16)
                                                         clknet_3_3__leaf_HCLK (net)
                      0.036773    0.000444   10.568039 ^ _205_/CLK (sky130_fd_sc_hd__dfrtp_1)
                                 -0.250000   10.318039   clock uncertainty
                                  0.000000   10.318039   clock reconvergence pessimism
                                 -0.073575   10.244464   library setup time
                                             10.244464   data required time
---------------------------------------------------------------------------------------------
                                             10.244464   data required time
                                             -3.098049   data arrival time
---------------------------------------------------------------------------------------------
                                              7.146416   slack (MET)


Startpoint: HTRANS[1] (input port clocked by HCLK)
Endpoint: _151_ (rising edge-triggered flip-flop clocked by HCLK)
Path Group: HCLK
Path Type: max

Fanout         Cap        Slew       Delay        Time   Description
---------------------------------------------------------------------------------------------
                                  0.000000    0.000000   clock HCLK (rise edge)
                                  0.000000    0.000000   clock network delay (propagated)
                                  2.000000    2.000000 v input external delay
     1    0.002800    0.004721    0.002277    2.002277 v HTRANS[1] (in)
                                                         HTRANS[1] (net)
                      0.004722    0.000000    2.002277 v input35/A (sky130_fd_sc_hd__buf_1)
     2    0.013877    0.058297    0.079915    2.082192 v input35/X (sky130_fd_sc_hd__buf_1)
                                                         net35 (net)
                      0.058344    0.001060    2.083252 v _083_/A (sky130_fd_sc_hd__nand2_1)
     1    0.009821    0.076996    0.081044    2.164296 ^ _083_/Y (sky130_fd_sc_hd__nand2_1)
                                                         _071_ (net)
                      0.076999    0.000382    2.164678 ^ fanout183/A (sky130_fd_sc_hd__buf_8)
     6    0.137828    0.166236    0.149379    2.314057 ^ fanout183/X (sky130_fd_sc_hd__buf_8)
                                                         net183 (net)
                      0.179542    0.035248    2.349305 ^ fanout178/A (sky130_fd_sc_hd__buf_8)
     5    0.123520    0.153247    0.161353    2.510658 ^ fanout178/X (sky130_fd_sc_hd__buf_8)
                                                         net178 (net)
                      0.154892    0.012725    2.523384 ^ fanout176/A (sky130_fd_sc_hd__buf_8)
    12    0.129657    0.158843    0.153834    2.677217 ^ fanout176/X (sky130_fd_sc_hd__buf_8)
                                                         net176 (net)
                      0.178766    0.043118    2.720335 ^ fanout175/A (sky130_fd_sc_hd__clkbuf_4)
    10    0.051849    0.122414    0.186789    2.907125 ^ fanout175/X (sky130_fd_sc_hd__clkbuf_4)
                                                         net175 (net)
                      0.122516    0.002103    2.909227 ^ _084_/S (sky130_fd_sc_hd__mux2_1)
     1    0.002370    0.036392    0.188670    3.097897 v _084_/X (sky130_fd_sc_hd__mux2_1)
                                                         _000_ (net)
                      0.036392    0.000067    3.097964 v _151_/D (sky130_fd_sc_hd__dfrtp_1)
                                              3.097964   data arrival time

                                 10.000000   10.000000   clock HCLK (rise edge)
                                  0.000000   10.000000   clock source latency
     1    0.059439    0.203180    0.147359   10.147359 ^ HCLK (in)
                                                         HCLK (net)
                      0.204534    0.000000   10.147359 ^ clkbuf_0_HCLK/A (sky130_fd_sc_hd__clkbuf_16)
     5    0.134022    0.114650    0.179325   10.326684 ^ clkbuf_0_HCLK/X (sky130_fd_sc_hd__clkbuf_16)
                                                         clknet_0_HCLK (net)
                      0.117120    0.013264   10.339948 ^ clkbuf_2_1_0_HCLK/A (sky130_fd_sc_hd__clkbuf_8)
     2    0.036936    0.058213    0.125711   10.465659 ^ clkbuf_2_1_0_HCLK/X (sky130_fd_sc_hd__clkbuf_8)
                                                         clknet_2_1_0_HCLK (net)
                      0.058723    0.004261   10.469920 ^ clkbuf_3_3__f_HCLK/A (sky130_fd_sc_hd__clkbuf_16)
    10    0.027954    0.036768    0.097675   10.567595 ^ clkbuf_3_3__f_HCLK/X (sky130_fd_sc_hd__clkbuf_16)
                                                         clknet_3_3__leaf_HCLK (net)
                      0.036776    0.000528   10.568124 ^ _151_/CLK (sky130_fd_sc_hd__dfrtp_1)
                                 -0.250000   10.318124   clock uncertainty
                                  0.000000   10.318124   clock reconvergence pessimism
                                 -0.073553   10.244570   library setup time
                                             10.244570   data required time
---------------------------------------------------------------------------------------------
                                             10.244570   data required time
                                             -3.097964   data arrival time
---------------------------------------------------------------------------------------------
                                              7.146606   slack (MET)


Startpoint: HTRANS[1] (input port clocked by HCLK)
Endpoint: _177_ (rising edge-triggered flip-flop clocked by HCLK)
Path Group: HCLK
Path Type: max

Fanout         Cap        Slew       Delay        Time   Description
---------------------------------------------------------------------------------------------
                                  0.000000    0.000000   clock HCLK (rise edge)
                                  0.000000    0.000000   clock network delay (propagated)
                                  2.000000    2.000000 v input external delay
     1    0.002800    0.004721    0.002277    2.002277 v HTRANS[1] (in)
                                                         HTRANS[1] (net)
                      0.004722    0.000000    2.002277 v input35/A (sky130_fd_sc_hd__buf_1)
     2    0.013877    0.058297    0.079915    2.082192 v input35/X (sky130_fd_sc_hd__buf_1)
                                                         net35 (net)
                      0.058344    0.001060    2.083252 v _083_/A (sky130_fd_sc_hd__nand2_1)
     1    0.009821    0.076996    0.081044    2.164296 ^ _083_/Y (sky130_fd_sc_hd__nand2_1)
                                                         _071_ (net)
                      0.076999    0.000382    2.164678 ^ fanout183/A (sky130_fd_sc_hd__buf_8)
     6    0.137828    0.166236    0.149379    2.314057 ^ fanout183/X (sky130_fd_sc_hd__buf_8)
                                                         net183 (net)
                      0.179542    0.035248    2.349305 ^ fanout178/A (sky130_fd_sc_hd__buf_8)
     5    0.123520    0.153247    0.161353    2.510658 ^ fanout178/X (sky130_fd_sc_hd__buf_8)
                                                         net178 (net)
                      0.154892    0.012725    2.523384 ^ fanout176/A (sky130_fd_sc_hd__buf_8)
    12    0.129657    0.158843    0.153834    2.677217 ^ fanout176/X (sky130_fd_sc_hd__buf_8)
                                                         net176 (net)
                      0.178766    0.043118    2.720335 ^ fanout175/A (sky130_fd_sc_hd__clkbuf_4)
    10    0.051849    0.122414    0.186789    2.907125 ^ fanout175/X (sky130_fd_sc_hd__clkbuf_4)
                                                         net175 (net)
                      0.122592    0.003250    2.910375 ^ _110_/S (sky130_fd_sc_hd__mux2_1)
     1    0.002382    0.036433    0.188740    3.099115 v _110_/X (sky130_fd_sc_hd__mux2_1)
                                                         _026_ (net)
                      0.036433    0.000068    3.099183 v _177_/D (sky130_fd_sc_hd__dfrtp_1)
                                              3.099183   data arrival time

                                 10.000000   10.000000   clock HCLK (rise edge)
                                  0.000000   10.000000   clock source latency
     1    0.059439    0.203180    0.147359   10.147359 ^ HCLK (in)
                                                         HCLK (net)
                      0.204534    0.000000   10.147359 ^ clkbuf_0_HCLK/A (sky130_fd_sc_hd__clkbuf_16)
     5    0.134022    0.114650    0.179325   10.326684 ^ clkbuf_0_HCLK/X (sky130_fd_sc_hd__clkbuf_16)
                                                         clknet_0_HCLK (net)
                      0.116959    0.012824   10.339507 ^ clkbuf_2_0_0_HCLK/A (sky130_fd_sc_hd__clkbuf_8)
     2    0.040129    0.062153    0.129216   10.468723 ^ clkbuf_2_0_0_HCLK/X (sky130_fd_sc_hd__clkbuf_8)
                                                         clknet_2_0_0_HCLK (net)
                      0.062259    0.002039   10.470762 ^ clkbuf_3_0__f_HCLK/A (sky130_fd_sc_hd__clkbuf_16)
     8    0.097836    0.087373    0.134039   10.604801 ^ clkbuf_3_0__f_HCLK/X (sky130_fd_sc_hd__clkbuf_16)
                                                         clknet_3_0__leaf_HCLK (net)
                      0.089222    0.010049   10.614850 ^ _177_/CLK (sky130_fd_sc_hd__dfrtp_1)
                                 -0.250000   10.364850   clock uncertainty
                                  0.000000   10.364850   clock reconvergence pessimism
                                 -0.068518   10.296332   library setup time
                                             10.296332   data required time
---------------------------------------------------------------------------------------------
                                             10.296332   data required time
                                             -3.099183   data arrival time
---------------------------------------------------------------------------------------------
                                              7.197150   slack (MET)


Startpoint: HTRANS[1] (input port clocked by HCLK)
Endpoint: _172_ (rising edge-triggered flip-flop clocked by HCLK)
Path Group: HCLK
Path Type: max

Fanout         Cap        Slew       Delay        Time   Description
---------------------------------------------------------------------------------------------
                                  0.000000    0.000000   clock HCLK (rise edge)
                                  0.000000    0.000000   clock network delay (propagated)
                                  2.000000    2.000000 v input external delay
     1    0.002800    0.004721    0.002277    2.002277 v HTRANS[1] (in)
                                                         HTRANS[1] (net)
                      0.004722    0.000000    2.002277 v input35/A (sky130_fd_sc_hd__buf_1)
     2    0.013877    0.058297    0.079915    2.082192 v input35/X (sky130_fd_sc_hd__buf_1)
                                                         net35 (net)
                      0.058344    0.001060    2.083252 v _083_/A (sky130_fd_sc_hd__nand2_1)
     1    0.009821    0.076996    0.081044    2.164296 ^ _083_/Y (sky130_fd_sc_hd__nand2_1)
                                                         _071_ (net)
                      0.076999    0.000382    2.164678 ^ fanout183/A (sky130_fd_sc_hd__buf_8)
     6    0.137828    0.166236    0.149379    2.314057 ^ fanout183/X (sky130_fd_sc_hd__buf_8)
                                                         net183 (net)
                      0.179542    0.035248    2.349305 ^ fanout178/A (sky130_fd_sc_hd__buf_8)
     5    0.123520    0.153247    0.161353    2.510658 ^ fanout178/X (sky130_fd_sc_hd__buf_8)
                                                         net178 (net)
                      0.154892    0.012725    2.523384 ^ fanout176/A (sky130_fd_sc_hd__buf_8)
    12    0.129657    0.158843    0.153834    2.677217 ^ fanout176/X (sky130_fd_sc_hd__buf_8)
                                                         net176 (net)
                      0.178766    0.043118    2.720335 ^ fanout175/A (sky130_fd_sc_hd__clkbuf_4)
    10    0.051849    0.122414    0.186789    2.907125 ^ fanout175/X (sky130_fd_sc_hd__clkbuf_4)
                                                         net175 (net)
                      0.122590    0.003222    2.910347 ^ _105_/S (sky130_fd_sc_hd__mux2_1)
     1    0.002366    0.036375    0.188642    3.098989 v _105_/X (sky130_fd_sc_hd__mux2_1)
                                                         _021_ (net)
                      0.036375    0.000068    3.099056 v _172_/D (sky130_fd_sc_hd__dfrtp_1)
                                              3.099056   data arrival time

                                 10.000000   10.000000   clock HCLK (rise edge)
                                  0.000000   10.000000   clock source latency
     1    0.059439    0.203180    0.147359   10.147359 ^ HCLK (in)
                                                         HCLK (net)
                      0.204534    0.000000   10.147359 ^ clkbuf_0_HCLK/A (sky130_fd_sc_hd__clkbuf_16)
     5    0.134022    0.114650    0.179325   10.326684 ^ clkbuf_0_HCLK/X (sky130_fd_sc_hd__clkbuf_16)
                                                         clknet_0_HCLK (net)
                      0.116959    0.012824   10.339507 ^ clkbuf_2_0_0_HCLK/A (sky130_fd_sc_hd__clkbuf_8)
     2    0.040129    0.062153    0.129216   10.468723 ^ clkbuf_2_0_0_HCLK/X (sky130_fd_sc_hd__clkbuf_8)
                                                         clknet_2_0_0_HCLK (net)
                      0.062259    0.002039   10.470762 ^ clkbuf_3_0__f_HCLK/A (sky130_fd_sc_hd__clkbuf_16)
     8    0.097836    0.087373    0.134039   10.604801 ^ clkbuf_3_0__f_HCLK/X (sky130_fd_sc_hd__clkbuf_16)
                                                         clknet_3_0__leaf_HCLK (net)
                      0.089236    0.010086   10.614887 ^ _172_/CLK (sky130_fd_sc_hd__dfrtp_1)
                                 -0.250000   10.364887   clock uncertainty
                                  0.000000   10.364887   clock reconvergence pessimism
                                 -0.068495   10.296391   library setup time
                                             10.296391   data required time
---------------------------------------------------------------------------------------------
                                             10.296391   data required time
                                             -3.099056   data arrival time
---------------------------------------------------------------------------------------------
                                              7.197335   slack (MET)


Startpoint: HTRANS[1] (input port clocked by HCLK)
Endpoint: _214_ (rising edge-triggered flip-flop clocked by HCLK)
Path Group: HCLK
Path Type: max

Fanout         Cap        Slew       Delay        Time   Description
---------------------------------------------------------------------------------------------
                                  0.000000    0.000000   clock HCLK (rise edge)
                                  0.000000    0.000000   clock network delay (propagated)
                                  2.000000    2.000000 v input external delay
     1    0.002800    0.004721    0.002277    2.002277 v HTRANS[1] (in)
                                                         HTRANS[1] (net)
                      0.004722    0.000000    2.002277 v input35/A (sky130_fd_sc_hd__buf_1)
     2    0.013877    0.058297    0.079915    2.082192 v input35/X (sky130_fd_sc_hd__buf_1)
                                                         net35 (net)
                      0.058344    0.001060    2.083252 v _083_/A (sky130_fd_sc_hd__nand2_1)
     1    0.009821    0.076996    0.081044    2.164296 ^ _083_/Y (sky130_fd_sc_hd__nand2_1)
                                                         _071_ (net)
                      0.076999    0.000382    2.164678 ^ fanout183/A (sky130_fd_sc_hd__buf_8)
     6    0.137828    0.166236    0.149379    2.314057 ^ fanout183/X (sky130_fd_sc_hd__buf_8)
                                                         net183 (net)
                      0.179542    0.035248    2.349305 ^ fanout178/A (sky130_fd_sc_hd__buf_8)
     5    0.123520    0.153247    0.161353    2.510658 ^ fanout178/X (sky130_fd_sc_hd__buf_8)
                                                         net178 (net)
                      0.154892    0.012725    2.523384 ^ fanout176/A (sky130_fd_sc_hd__buf_8)
    12    0.129657    0.158843    0.153834    2.677217 ^ fanout176/X (sky130_fd_sc_hd__buf_8)
                                                         net176 (net)
                      0.178766    0.043118    2.720335 ^ fanout175/A (sky130_fd_sc_hd__clkbuf_4)
    10    0.051849    0.122414    0.186789    2.907125 ^ fanout175/X (sky130_fd_sc_hd__clkbuf_4)
                                                         net175 (net)
                      0.122598    0.003328    2.910452 ^ _147_/S (sky130_fd_sc_hd__mux2_1)
     1    0.002319    0.036203    0.188356    3.098808 v _147_/X (sky130_fd_sc_hd__mux2_1)
                                                         _063_ (net)
                      0.036203    0.000066    3.098873 v _214_/D (sky130_fd_sc_hd__dfrtp_1)
                                              3.098873   data arrival time

                                 10.000000   10.000000   clock HCLK (rise edge)
                                  0.000000   10.000000   clock source latency
     1    0.059439    0.203180    0.147359   10.147359 ^ HCLK (in)
                                                         HCLK (net)
                      0.204534    0.000000   10.147359 ^ clkbuf_0_HCLK/A (sky130_fd_sc_hd__clkbuf_16)
     5    0.134022    0.114650    0.179325   10.326684 ^ clkbuf_0_HCLK/X (sky130_fd_sc_hd__clkbuf_16)
                                                         clknet_0_HCLK (net)
                      0.116959    0.012824   10.339507 ^ clkbuf_2_0_0_HCLK/A (sky130_fd_sc_hd__clkbuf_8)
     2    0.040129    0.062153    0.129216   10.468723 ^ clkbuf_2_0_0_HCLK/X (sky130_fd_sc_hd__clkbuf_8)
                                                         clknet_2_0_0_HCLK (net)
                      0.062259    0.002039   10.470762 ^ clkbuf_3_0__f_HCLK/A (sky130_fd_sc_hd__clkbuf_16)
     8    0.097836    0.087373    0.134039   10.604801 ^ clkbuf_3_0__f_HCLK/X (sky130_fd_sc_hd__clkbuf_16)
                                                         clknet_3_0__leaf_HCLK (net)
                      0.089192    0.009969   10.614770 ^ _214_/CLK (sky130_fd_sc_hd__dfrtp_1)
                                 -0.250000   10.364770   clock uncertainty
                                  0.000000   10.364770   clock reconvergence pessimism
                                 -0.068438   10.296331   library setup time
                                             10.296331   data required time
---------------------------------------------------------------------------------------------
                                             10.296331   data required time
                                             -3.098873   data arrival time
---------------------------------------------------------------------------------------------
                                              7.197458   slack (MET)


Startpoint: HTRANS[1] (input port clocked by HCLK)
Endpoint: _207_ (rising edge-triggered flip-flop clocked by HCLK)
Path Group: HCLK
Path Type: max

Fanout         Cap        Slew       Delay        Time   Description
---------------------------------------------------------------------------------------------
                                  0.000000    0.000000   clock HCLK (rise edge)
                                  0.000000    0.000000   clock network delay (propagated)
                                  2.000000    2.000000 v input external delay
     1    0.002800    0.004721    0.002277    2.002277 v HTRANS[1] (in)
                                                         HTRANS[1] (net)
                      0.004722    0.000000    2.002277 v input35/A (sky130_fd_sc_hd__buf_1)
     2    0.013877    0.058297    0.079915    2.082192 v input35/X (sky130_fd_sc_hd__buf_1)
                                                         net35 (net)
                      0.058344    0.001060    2.083252 v _083_/A (sky130_fd_sc_hd__nand2_1)
     1    0.009821    0.076996    0.081044    2.164296 ^ _083_/Y (sky130_fd_sc_hd__nand2_1)
                                                         _071_ (net)
                      0.076999    0.000382    2.164678 ^ fanout183/A (sky130_fd_sc_hd__buf_8)
     6    0.137828    0.166236    0.149379    2.314057 ^ fanout183/X (sky130_fd_sc_hd__buf_8)
                                                         net183 (net)
                      0.179542    0.035248    2.349305 ^ fanout178/A (sky130_fd_sc_hd__buf_8)
     5    0.123520    0.153247    0.161353    2.510658 ^ fanout178/X (sky130_fd_sc_hd__buf_8)
                                                         net178 (net)
                      0.154892    0.012725    2.523384 ^ fanout176/A (sky130_fd_sc_hd__buf_8)
    12    0.129657    0.158843    0.153834    2.677217 ^ fanout176/X (sky130_fd_sc_hd__buf_8)
                                                         net176 (net)
                      0.178766    0.043118    2.720335 ^ fanout175/A (sky130_fd_sc_hd__clkbuf_4)
    10    0.051849    0.122414    0.186789    2.907125 ^ fanout175/X (sky130_fd_sc_hd__clkbuf_4)
                                                         net175 (net)
                      0.122581    0.003118    2.910242 ^ _140_/S (sky130_fd_sc_hd__mux2_1)
     1    0.002332    0.036251    0.188436    3.098678 v _140_/X (sky130_fd_sc_hd__mux2_1)
                                                         _056_ (net)
                      0.036251    0.000066    3.098744 v _207_/D (sky130_fd_sc_hd__dfrtp_1)
                                              3.098744   data arrival time

                                 10.000000   10.000000   clock HCLK (rise edge)
                                  0.000000   10.000000   clock source latency
     1    0.059439    0.203180    0.147359   10.147359 ^ HCLK (in)
                                                         HCLK (net)
                      0.204534    0.000000   10.147359 ^ clkbuf_0_HCLK/A (sky130_fd_sc_hd__clkbuf_16)
     5    0.134022    0.114650    0.179325   10.326684 ^ clkbuf_0_HCLK/X (sky130_fd_sc_hd__clkbuf_16)
                                                         clknet_0_HCLK (net)
                      0.116959    0.012824   10.339507 ^ clkbuf_2_0_0_HCLK/A (sky130_fd_sc_hd__clkbuf_8)
     2    0.040129    0.062153    0.129216   10.468723 ^ clkbuf_2_0_0_HCLK/X (sky130_fd_sc_hd__clkbuf_8)
                                                         clknet_2_0_0_HCLK (net)
                      0.062259    0.002039   10.470762 ^ clkbuf_3_0__f_HCLK/A (sky130_fd_sc_hd__clkbuf_16)
     8    0.097836    0.087373    0.134039   10.604801 ^ clkbuf_3_0__f_HCLK/X (sky130_fd_sc_hd__clkbuf_16)
                                                         clknet_3_0__leaf_HCLK (net)
                      0.089244    0.010109   10.614910 ^ _207_/CLK (sky130_fd_sc_hd__dfrtp_1)
                                 -0.250000   10.364910   clock uncertainty
                                  0.000000   10.364910   clock reconvergence pessimism
                                 -0.068451   10.296459   library setup time
                                             10.296459   data required time
---------------------------------------------------------------------------------------------
                                             10.296459   data required time
                                             -3.098744   data arrival time
---------------------------------------------------------------------------------------------
                                              7.197715   slack (MET)


Startpoint: HTRANS[1] (input port clocked by HCLK)
Endpoint: _158_ (rising edge-triggered flip-flop clocked by HCLK)
Path Group: HCLK
Path Type: max

Fanout         Cap        Slew       Delay        Time   Description
---------------------------------------------------------------------------------------------
                                  0.000000    0.000000   clock HCLK (rise edge)
                                  0.000000    0.000000   clock network delay (propagated)
                                  2.000000    2.000000 v input external delay
     1    0.002800    0.004721    0.002277    2.002277 v HTRANS[1] (in)
                                                         HTRANS[1] (net)
                      0.004722    0.000000    2.002277 v input35/A (sky130_fd_sc_hd__buf_1)
     2    0.013877    0.058297    0.079915    2.082192 v input35/X (sky130_fd_sc_hd__buf_1)
                                                         net35 (net)
                      0.058344    0.001060    2.083252 v _083_/A (sky130_fd_sc_hd__nand2_1)
     1    0.009821    0.076996    0.081044    2.164296 ^ _083_/Y (sky130_fd_sc_hd__nand2_1)
                                                         _071_ (net)
                      0.076999    0.000382    2.164678 ^ fanout183/A (sky130_fd_sc_hd__buf_8)
     6    0.137828    0.166236    0.149379    2.314057 ^ fanout183/X (sky130_fd_sc_hd__buf_8)
                                                         net183 (net)
                      0.179542    0.035248    2.349305 ^ fanout178/A (sky130_fd_sc_hd__buf_8)
     5    0.123520    0.153247    0.161353    2.510658 ^ fanout178/X (sky130_fd_sc_hd__buf_8)
                                                         net178 (net)
                      0.154892    0.012725    2.523384 ^ fanout176/A (sky130_fd_sc_hd__buf_8)
    12    0.129657    0.158843    0.153834    2.677217 ^ fanout176/X (sky130_fd_sc_hd__buf_8)
                                                         net176 (net)
                      0.178470    0.042783    2.720000 ^ _091_/S (sky130_fd_sc_hd__mux2_1)
     1    0.002319    0.036116    0.189017    2.909017 v _091_/X (sky130_fd_sc_hd__mux2_1)
                                                         _007_ (net)
                      0.036116    0.000065    2.909083 v _158_/D (sky130_fd_sc_hd__dfrtp_1)
                                              2.909083   data arrival time

                                 10.000000   10.000000   clock HCLK (rise edge)
                                  0.000000   10.000000   clock source latency
     1    0.059439    0.203180    0.147359   10.147359 ^ HCLK (in)
                                                         HCLK (net)
                      0.204534    0.000000   10.147359 ^ clkbuf_0_HCLK/A (sky130_fd_sc_hd__clkbuf_16)
     5    0.134022    0.114650    0.179325   10.326684 ^ clkbuf_0_HCLK/X (sky130_fd_sc_hd__clkbuf_16)
                                                         clknet_0_HCLK (net)
                      0.117120    0.013264   10.339948 ^ clkbuf_2_1_0_HCLK/A (sky130_fd_sc_hd__clkbuf_8)
     2    0.036936    0.058213    0.125711   10.465659 ^ clkbuf_2_1_0_HCLK/X (sky130_fd_sc_hd__clkbuf_8)
                                                         clknet_2_1_0_HCLK (net)
                      0.058723    0.004261   10.469920 ^ clkbuf_3_3__f_HCLK/A (sky130_fd_sc_hd__clkbuf_16)
    10    0.027954    0.036768    0.097675   10.567595 ^ clkbuf_3_3__f_HCLK/X (sky130_fd_sc_hd__clkbuf_16)
                                                         clknet_3_3__leaf_HCLK (net)
                      0.036781    0.000621   10.568216 ^ _158_/CLK (sky130_fd_sc_hd__dfrtp_1)
                                 -0.250000   10.318216   clock uncertainty
                                  0.000000   10.318216   clock reconvergence pessimism
                                 -0.073454   10.244761   library setup time
                                             10.244761   data required time
---------------------------------------------------------------------------------------------
                                             10.244761   data required time
                                             -2.909083   data arrival time
---------------------------------------------------------------------------------------------
                                              7.335679   slack (MET)


Startpoint: HTRANS[1] (input port clocked by HCLK)
Endpoint: _204_ (rising edge-triggered flip-flop clocked by HCLK)
Path Group: HCLK
Path Type: max

Fanout         Cap        Slew       Delay        Time   Description
---------------------------------------------------------------------------------------------
                                  0.000000    0.000000   clock HCLK (rise edge)
                                  0.000000    0.000000   clock network delay (propagated)
                                  2.000000    2.000000 v input external delay
     1    0.002800    0.004721    0.002277    2.002277 v HTRANS[1] (in)
                                                         HTRANS[1] (net)
                      0.004722    0.000000    2.002277 v input35/A (sky130_fd_sc_hd__buf_1)
     2    0.013877    0.058297    0.079915    2.082192 v input35/X (sky130_fd_sc_hd__buf_1)
                                                         net35 (net)
                      0.058344    0.001060    2.083252 v _083_/A (sky130_fd_sc_hd__nand2_1)
     1    0.009821    0.076996    0.081044    2.164296 ^ _083_/Y (sky130_fd_sc_hd__nand2_1)
                                                         _071_ (net)
                      0.076999    0.000382    2.164678 ^ fanout183/A (sky130_fd_sc_hd__buf_8)
     6    0.137828    0.166236    0.149379    2.314057 ^ fanout183/X (sky130_fd_sc_hd__buf_8)
                                                         net183 (net)
                      0.179542    0.035248    2.349305 ^ fanout178/A (sky130_fd_sc_hd__buf_8)
     5    0.123520    0.153247    0.161353    2.510658 ^ fanout178/X (sky130_fd_sc_hd__buf_8)
                                                         net178 (net)
                      0.156864    0.018630    2.529288 ^ fanout177/A (sky130_fd_sc_hd__clkbuf_4)
    10    0.048026    0.114097    0.177826    2.707114 ^ fanout177/X (sky130_fd_sc_hd__clkbuf_4)
                                                         net177 (net)
                      0.114222    0.002462    2.709577 ^ _137_/S (sky130_fd_sc_hd__mux2_1)
     1    0.002374    0.036396    0.188010    2.897587 v _137_/X (sky130_fd_sc_hd__mux2_1)
                                                         _053_ (net)
                      0.036396    0.000068    2.897655 v _204_/D (sky130_fd_sc_hd__dfrtp_1)
                                              2.897655   data arrival time

                                 10.000000   10.000000   clock HCLK (rise edge)
                                  0.000000   10.000000   clock source latency
     1    0.059439    0.203180    0.147359   10.147359 ^ HCLK (in)
                                                         HCLK (net)
                      0.204534    0.000000   10.147359 ^ clkbuf_0_HCLK/A (sky130_fd_sc_hd__clkbuf_16)
     5    0.134022    0.114650    0.179325   10.326684 ^ clkbuf_0_HCLK/X (sky130_fd_sc_hd__clkbuf_16)
                                                         clknet_0_HCLK (net)
                      0.117120    0.013264   10.339948 ^ clkbuf_2_1_0_HCLK/A (sky130_fd_sc_hd__clkbuf_8)
     2    0.036936    0.058213    0.125711   10.465659 ^ clkbuf_2_1_0_HCLK/X (sky130_fd_sc_hd__clkbuf_8)
                                                         clknet_2_1_0_HCLK (net)
                      0.058723    0.004261   10.469920 ^ clkbuf_3_3__f_HCLK/A (sky130_fd_sc_hd__clkbuf_16)
    10    0.027954    0.036768    0.097675   10.567595 ^ clkbuf_3_3__f_HCLK/X (sky130_fd_sc_hd__clkbuf_16)
                                                         clknet_3_3__leaf_HCLK (net)
                      0.036778    0.000569   10.568165 ^ _204_/CLK (sky130_fd_sc_hd__dfrtp_1)
                                 -0.250000   10.318165   clock uncertainty
                                  0.000000   10.318165   clock reconvergence pessimism
                                 -0.073554   10.244610   library setup time
                                             10.244610   data required time
---------------------------------------------------------------------------------------------
                                             10.244610   data required time
                                             -2.897655   data arrival time
---------------------------------------------------------------------------------------------
                                              7.346955   slack (MET)


Startpoint: HTRANS[1] (input port clocked by HCLK)
Endpoint: _211_ (rising edge-triggered flip-flop clocked by HCLK)
Path Group: HCLK
Path Type: max

Fanout         Cap        Slew       Delay        Time   Description
---------------------------------------------------------------------------------------------
                                  0.000000    0.000000   clock HCLK (rise edge)
                                  0.000000    0.000000   clock network delay (propagated)
                                  2.000000    2.000000 v input external delay
     1    0.002800    0.004721    0.002277    2.002277 v HTRANS[1] (in)
                                                         HTRANS[1] (net)
                      0.004722    0.000000    2.002277 v input35/A (sky130_fd_sc_hd__buf_1)
     2    0.013877    0.058297    0.079915    2.082192 v input35/X (sky130_fd_sc_hd__buf_1)
                                                         net35 (net)
                      0.058344    0.001060    2.083252 v _083_/A (sky130_fd_sc_hd__nand2_1)
     1    0.009821    0.076996    0.081044    2.164296 ^ _083_/Y (sky130_fd_sc_hd__nand2_1)
                                                         _071_ (net)
                      0.076999    0.000382    2.164678 ^ fanout183/A (sky130_fd_sc_hd__buf_8)
     6    0.137828    0.166236    0.149379    2.314057 ^ fanout183/X (sky130_fd_sc_hd__buf_8)
                                                         net183 (net)
                      0.179542    0.035248    2.349305 ^ fanout178/A (sky130_fd_sc_hd__buf_8)
     5    0.123520    0.153247    0.161353    2.510658 ^ fanout178/X (sky130_fd_sc_hd__buf_8)
                                                         net178 (net)
                      0.156864    0.018630    2.529288 ^ fanout177/A (sky130_fd_sc_hd__clkbuf_4)
    10    0.048026    0.114097    0.177826    2.707114 ^ fanout177/X (sky130_fd_sc_hd__clkbuf_4)
                                                         net177 (net)
                      0.114215    0.002349    2.709463 ^ _144_/S (sky130_fd_sc_hd__mux2_1)
     1    0.002377    0.036405    0.188025    2.897488 v _144_/X (sky130_fd_sc_hd__mux2_1)
                                                         _060_ (net)
                      0.036405    0.000067    2.897556 v _211_/D (sky130_fd_sc_hd__dfrtp_1)
                                              2.897556   data arrival time

                                 10.000000   10.000000   clock HCLK (rise edge)
                                  0.000000   10.000000   clock source latency
     1    0.059439    0.203180    0.147359   10.147359 ^ HCLK (in)
                                                         HCLK (net)
                      0.204534    0.000000   10.147359 ^ clkbuf_0_HCLK/A (sky130_fd_sc_hd__clkbuf_16)
     5    0.134022    0.114650    0.179325   10.326684 ^ clkbuf_0_HCLK/X (sky130_fd_sc_hd__clkbuf_16)
                                                         clknet_0_HCLK (net)
                      0.117120    0.013264   10.339948 ^ clkbuf_2_1_0_HCLK/A (sky130_fd_sc_hd__clkbuf_8)
     2    0.036936    0.058213    0.125711   10.465659 ^ clkbuf_2_1_0_HCLK/X (sky130_fd_sc_hd__clkbuf_8)
                                                         clknet_2_1_0_HCLK (net)
                      0.058723    0.004261   10.469920 ^ clkbuf_3_3__f_HCLK/A (sky130_fd_sc_hd__clkbuf_16)
    10    0.027954    0.036768    0.097675   10.567595 ^ clkbuf_3_3__f_HCLK/X (sky130_fd_sc_hd__clkbuf_16)
                                                         clknet_3_3__leaf_HCLK (net)
                      0.036782    0.000643   10.568238 ^ _211_/CLK (sky130_fd_sc_hd__dfrtp_1)
                                 -0.250000   10.318238   clock uncertainty
                                  0.000000   10.318238   clock reconvergence pessimism
                                 -0.073557   10.244681   library setup time
                                             10.244681   data required time
---------------------------------------------------------------------------------------------
                                             10.244681   data required time
                                             -2.897556   data arrival time
---------------------------------------------------------------------------------------------
                                              7.347126   slack (MET)


Startpoint: HTRANS[1] (input port clocked by HCLK)
Endpoint: _166_ (rising edge-triggered flip-flop clocked by HCLK)
Path Group: HCLK
Path Type: max

Fanout         Cap        Slew       Delay        Time   Description
---------------------------------------------------------------------------------------------
                                  0.000000    0.000000   clock HCLK (rise edge)
                                  0.000000    0.000000   clock network delay (propagated)
                                  2.000000    2.000000 v input external delay
     1    0.002800    0.004721    0.002277    2.002277 v HTRANS[1] (in)
                                                         HTRANS[1] (net)
                      0.004722    0.000000    2.002277 v input35/A (sky130_fd_sc_hd__buf_1)
     2    0.013877    0.058297    0.079915    2.082192 v input35/X (sky130_fd_sc_hd__buf_1)
                                                         net35 (net)
                      0.058344    0.001060    2.083252 v _083_/A (sky130_fd_sc_hd__nand2_1)
     1    0.009821    0.076996    0.081044    2.164296 ^ _083_/Y (sky130_fd_sc_hd__nand2_1)
                                                         _071_ (net)
                      0.076999    0.000382    2.164678 ^ fanout183/A (sky130_fd_sc_hd__buf_8)
     6    0.137828    0.166236    0.149379    2.314057 ^ fanout183/X (sky130_fd_sc_hd__buf_8)
                                                         net183 (net)
                      0.179542    0.035248    2.349305 ^ fanout178/A (sky130_fd_sc_hd__buf_8)
     5    0.123520    0.153247    0.161353    2.510658 ^ fanout178/X (sky130_fd_sc_hd__buf_8)
                                                         net178 (net)
                      0.156864    0.018630    2.529288 ^ fanout177/A (sky130_fd_sc_hd__clkbuf_4)
    10    0.048026    0.114097    0.177826    2.707114 ^ fanout177/X (sky130_fd_sc_hd__clkbuf_4)
                                                         net177 (net)
                      0.114218    0.002396    2.709510 ^ _099_/S (sky130_fd_sc_hd__mux2_1)
     1    0.002363    0.036353    0.187940    2.897450 v _099_/X (sky130_fd_sc_hd__mux2_1)
                                                         _015_ (net)
                      0.036353    0.000067    2.897516 v _166_/D (sky130_fd_sc_hd__dfrtp_1)
                                              2.897516   data arrival time

                                 10.000000   10.000000   clock HCLK (rise edge)
                                  0.000000   10.000000   clock source latency
     1    0.059439    0.203180    0.147359   10.147359 ^ HCLK (in)
                                                         HCLK (net)
                      0.204534    0.000000   10.147359 ^ clkbuf_0_HCLK/A (sky130_fd_sc_hd__clkbuf_16)
     5    0.134022    0.114650    0.179325   10.326684 ^ clkbuf_0_HCLK/X (sky130_fd_sc_hd__clkbuf_16)
                                                         clknet_0_HCLK (net)
                      0.117120    0.013264   10.339948 ^ clkbuf_2_1_0_HCLK/A (sky130_fd_sc_hd__clkbuf_8)
     2    0.036936    0.058213    0.125711   10.465659 ^ clkbuf_2_1_0_HCLK/X (sky130_fd_sc_hd__clkbuf_8)
                                                         clknet_2_1_0_HCLK (net)
                      0.058723    0.004261   10.469920 ^ clkbuf_3_3__f_HCLK/A (sky130_fd_sc_hd__clkbuf_16)
    10    0.027954    0.036768    0.097675   10.567595 ^ clkbuf_3_3__f_HCLK/X (sky130_fd_sc_hd__clkbuf_16)
                                                         clknet_3_3__leaf_HCLK (net)
                      0.036780    0.000610   10.568205 ^ _166_/CLK (sky130_fd_sc_hd__dfrtp_1)
                                 -0.250000   10.318205   clock uncertainty
                                  0.000000   10.318205   clock reconvergence pessimism
                                 -0.073539   10.244666   library setup time
                                             10.244666   data required time
---------------------------------------------------------------------------------------------
                                             10.244666   data required time
                                             -2.897516   data arrival time
---------------------------------------------------------------------------------------------
                                              7.347149   slack (MET)


Startpoint: HTRANS[1] (input port clocked by HCLK)
Endpoint: _173_ (rising edge-triggered flip-flop clocked by HCLK)
Path Group: HCLK
Path Type: max

Fanout         Cap        Slew       Delay        Time   Description
---------------------------------------------------------------------------------------------
                                  0.000000    0.000000   clock HCLK (rise edge)
                                  0.000000    0.000000   clock network delay (propagated)
                                  2.000000    2.000000 v input external delay
     1    0.002800    0.004721    0.002277    2.002277 v HTRANS[1] (in)
                                                         HTRANS[1] (net)
                      0.004722    0.000000    2.002277 v input35/A (sky130_fd_sc_hd__buf_1)
     2    0.013877    0.058297    0.079915    2.082192 v input35/X (sky130_fd_sc_hd__buf_1)
                                                         net35 (net)
                      0.058344    0.001060    2.083252 v _083_/A (sky130_fd_sc_hd__nand2_1)
     1    0.009821    0.076996    0.081044    2.164296 ^ _083_/Y (sky130_fd_sc_hd__nand2_1)
                                                         _071_ (net)
                      0.076999    0.000382    2.164678 ^ fanout183/A (sky130_fd_sc_hd__buf_8)
     6    0.137828    0.166236    0.149379    2.314057 ^ fanout183/X (sky130_fd_sc_hd__buf_8)
                                                         net183 (net)
                      0.166443    0.005429    2.319486 ^ fanout180/A (sky130_fd_sc_hd__buf_2)
     7    0.046843    0.173077    0.192558    2.512044 ^ fanout180/X (sky130_fd_sc_hd__buf_2)
                                                         net180 (net)
                      0.173090    0.001294    2.513338 ^ fanout179/A (sky130_fd_sc_hd__clkbuf_4)
    10    0.051027    0.120612    0.184647    2.697985 ^ fanout179/X (sky130_fd_sc_hd__clkbuf_4)
                                                         net179 (net)
                      0.120800    0.003309    2.701295 ^ _106_/S (sky130_fd_sc_hd__mux2_1)
     1    0.003335    0.040284    0.194469    2.895763 v _106_/X (sky130_fd_sc_hd__mux2_1)
                                                         _022_ (net)
                      0.040284    0.000099    2.895863 v _173_/D (sky130_fd_sc_hd__dfrtp_1)
                                              2.895863   data arrival time

                                 10.000000   10.000000   clock HCLK (rise edge)
                                  0.000000   10.000000   clock source latency
     1    0.059439    0.203180    0.147359   10.147359 ^ HCLK (in)
                                                         HCLK (net)
                      0.204534    0.000000   10.147359 ^ clkbuf_0_HCLK/A (sky130_fd_sc_hd__clkbuf_16)
     5    0.134022    0.114650    0.179325   10.326684 ^ clkbuf_0_HCLK/X (sky130_fd_sc_hd__clkbuf_16)
                                                         clknet_0_HCLK (net)
                      0.116431    0.011266   10.337950 ^ clkbuf_2_2_0_HCLK/A (sky130_fd_sc_hd__clkbuf_8)
     2    0.035419    0.056406    0.124539   10.462489 ^ clkbuf_2_2_0_HCLK/X (sky130_fd_sc_hd__clkbuf_8)
                                                         clknet_2_2_0_HCLK (net)
                      0.056832    0.003838   10.466327 ^ clkbuf_3_5__f_HCLK/A (sky130_fd_sc_hd__clkbuf_16)
    11    0.035096    0.041718    0.101215   10.567542 ^ clkbuf_3_5__f_HCLK/X (sky130_fd_sc_hd__clkbuf_16)
                                                         clknet_3_5__leaf_HCLK (net)
                      0.041856    0.001637   10.569179 ^ _173_/CLK (sky130_fd_sc_hd__dfrtp_1)
                                 -0.250000   10.319179   clock uncertainty
                                  0.000000   10.319179   clock reconvergence pessimism
                                 -0.074453   10.244725   library setup time
                                             10.244725   data required time
---------------------------------------------------------------------------------------------
                                             10.244725   data required time
                                             -2.895863   data arrival time
---------------------------------------------------------------------------------------------
                                              7.348863   slack (MET)


Startpoint: HTRANS[1] (input port clocked by HCLK)
Endpoint: _208_ (rising edge-triggered flip-flop clocked by HCLK)
Path Group: HCLK
Path Type: max

Fanout         Cap        Slew       Delay        Time   Description
---------------------------------------------------------------------------------------------
                                  0.000000    0.000000   clock HCLK (rise edge)
                                  0.000000    0.000000   clock network delay (propagated)
                                  2.000000    2.000000 v input external delay
     1    0.002800    0.004721    0.002277    2.002277 v HTRANS[1] (in)
                                                         HTRANS[1] (net)
                      0.004722    0.000000    2.002277 v input35/A (sky130_fd_sc_hd__buf_1)
     2    0.013877    0.058297    0.079915    2.082192 v input35/X (sky130_fd_sc_hd__buf_1)
                                                         net35 (net)
                      0.058344    0.001060    2.083252 v _083_/A (sky130_fd_sc_hd__nand2_1)
     1    0.009821    0.076996    0.081044    2.164296 ^ _083_/Y (sky130_fd_sc_hd__nand2_1)
                                                         _071_ (net)
                      0.076999    0.000382    2.164678 ^ fanout183/A (sky130_fd_sc_hd__buf_8)
     6    0.137828    0.166236    0.149379    2.314057 ^ fanout183/X (sky130_fd_sc_hd__buf_8)
                                                         net183 (net)
                      0.166443    0.005429    2.319486 ^ fanout180/A (sky130_fd_sc_hd__buf_2)
     7    0.046843    0.173077    0.192558    2.512044 ^ fanout180/X (sky130_fd_sc_hd__buf_2)
                                                         net180 (net)
                      0.173090    0.001294    2.513338 ^ fanout179/A (sky130_fd_sc_hd__clkbuf_4)
    10    0.051027    0.120612    0.184647    2.697985 ^ fanout179/X (sky130_fd_sc_hd__clkbuf_4)
                                                         net179 (net)
                      0.120785    0.003122    2.701108 ^ _141_/S (sky130_fd_sc_hd__mux2_1)
     1    0.003097    0.039223    0.193002    2.894110 v _141_/X (sky130_fd_sc_hd__mux2_1)
                                                         _057_ (net)
                      0.039223    0.000089    2.894199 v _208_/D (sky130_fd_sc_hd__dfrtp_1)
                                              2.894199   data arrival time

                                 10.000000   10.000000   clock HCLK (rise edge)
                                  0.000000   10.000000   clock source latency
     1    0.059439    0.203180    0.147359   10.147359 ^ HCLK (in)
                                                         HCLK (net)
                      0.204534    0.000000   10.147359 ^ clkbuf_0_HCLK/A (sky130_fd_sc_hd__clkbuf_16)
     5    0.134022    0.114650    0.179325   10.326684 ^ clkbuf_0_HCLK/X (sky130_fd_sc_hd__clkbuf_16)
                                                         clknet_0_HCLK (net)
                      0.116431    0.011266   10.337950 ^ clkbuf_2_2_0_HCLK/A (sky130_fd_sc_hd__clkbuf_8)
     2    0.035419    0.056406    0.124539   10.462489 ^ clkbuf_2_2_0_HCLK/X (sky130_fd_sc_hd__clkbuf_8)
                                                         clknet_2_2_0_HCLK (net)
                      0.056832    0.003838   10.466327 ^ clkbuf_3_5__f_HCLK/A (sky130_fd_sc_hd__clkbuf_16)
    11    0.035096    0.041718    0.101215   10.567542 ^ clkbuf_3_5__f_HCLK/X (sky130_fd_sc_hd__clkbuf_16)
                                                         clknet_3_5__leaf_HCLK (net)
                      0.041745    0.001142   10.568684 ^ _208_/CLK (sky130_fd_sc_hd__dfrtp_1)
                                 -0.250000   10.318684   clock uncertainty
                                  0.000000   10.318684   clock reconvergence pessimism
                                 -0.074085   10.244598   library setup time
                                             10.244598   data required time
---------------------------------------------------------------------------------------------
                                             10.244598   data required time
                                             -2.894199   data arrival time
---------------------------------------------------------------------------------------------
                                              7.350399   slack (MET)


Startpoint: HTRANS[1] (input port clocked by HCLK)
Endpoint: _183_ (rising edge-triggered flip-flop clocked by HCLK)
Path Group: HCLK
Path Type: max

Fanout         Cap        Slew       Delay        Time   Description
---------------------------------------------------------------------------------------------
                                  0.000000    0.000000   clock HCLK (rise edge)
                                  0.000000    0.000000   clock network delay (propagated)
                                  2.000000    2.000000 v input external delay
     1    0.002800    0.004721    0.002277    2.002277 v HTRANS[1] (in)
                                                         HTRANS[1] (net)
                      0.004722    0.000000    2.002277 v input35/A (sky130_fd_sc_hd__buf_1)
     2    0.013877    0.058297    0.079915    2.082192 v input35/X (sky130_fd_sc_hd__buf_1)
                                                         net35 (net)
                      0.058344    0.001060    2.083252 v _083_/A (sky130_fd_sc_hd__nand2_1)
     1    0.009821    0.076996    0.081044    2.164296 ^ _083_/Y (sky130_fd_sc_hd__nand2_1)
                                                         _071_ (net)
                      0.076999    0.000382    2.164678 ^ fanout183/A (sky130_fd_sc_hd__buf_8)
     6    0.137828    0.166236    0.149379    2.314057 ^ fanout183/X (sky130_fd_sc_hd__buf_8)
                                                         net183 (net)
                      0.166443    0.005429    2.319486 ^ fanout180/A (sky130_fd_sc_hd__buf_2)
     7    0.046843    0.173077    0.192558    2.512044 ^ fanout180/X (sky130_fd_sc_hd__buf_2)
                                                         net180 (net)
                      0.173090    0.001294    2.513338 ^ fanout179/A (sky130_fd_sc_hd__clkbuf_4)
    10    0.051027    0.120612    0.184647    2.697985 ^ fanout179/X (sky130_fd_sc_hd__clkbuf_4)
                                                         net179 (net)
                      0.120749    0.002630    2.700615 ^ _116_/S (sky130_fd_sc_hd__mux2_1)
     1    0.003029    0.038927    0.192585    2.893201 v _116_/X (sky130_fd_sc_hd__mux2_1)
                                                         _032_ (net)
                      0.038927    0.000085    2.893286 v _183_/D (sky130_fd_sc_hd__dfrtp_1)
                                              2.893286   data arrival time

                                 10.000000   10.000000   clock HCLK (rise edge)
                                  0.000000   10.000000   clock source latency
     1    0.059439    0.203180    0.147359   10.147359 ^ HCLK (in)
                                                         HCLK (net)
                      0.204534    0.000000   10.147359 ^ clkbuf_0_HCLK/A (sky130_fd_sc_hd__clkbuf_16)
     5    0.134022    0.114650    0.179325   10.326684 ^ clkbuf_0_HCLK/X (sky130_fd_sc_hd__clkbuf_16)
                                                         clknet_0_HCLK (net)
                      0.116431    0.011266   10.337950 ^ clkbuf_2_2_0_HCLK/A (sky130_fd_sc_hd__clkbuf_8)
     2    0.035419    0.056406    0.124539   10.462489 ^ clkbuf_2_2_0_HCLK/X (sky130_fd_sc_hd__clkbuf_8)
                                                         clknet_2_2_0_HCLK (net)
                      0.056832    0.003838   10.466327 ^ clkbuf_3_5__f_HCLK/A (sky130_fd_sc_hd__clkbuf_16)
    11    0.035096    0.041718    0.101215   10.567542 ^ clkbuf_3_5__f_HCLK/X (sky130_fd_sc_hd__clkbuf_16)
                                                         clknet_3_5__leaf_HCLK (net)
                      0.041749    0.001185   10.568727 ^ _183_/CLK (sky130_fd_sc_hd__dfrtp_1)
                                 -0.250000   10.318727   clock uncertainty
                                  0.000000   10.318727   clock reconvergence pessimism
                                 -0.073979   10.244747   library setup time
                                             10.244747   data required time
---------------------------------------------------------------------------------------------
                                             10.244747   data required time
                                             -2.893286   data arrival time
---------------------------------------------------------------------------------------------
                                              7.351462   slack (MET)


Startpoint: HTRANS[1] (input port clocked by HCLK)
Endpoint: _178_ (rising edge-triggered flip-flop clocked by HCLK)
Path Group: HCLK
Path Type: max

Fanout         Cap        Slew       Delay        Time   Description
---------------------------------------------------------------------------------------------
                                  0.000000    0.000000   clock HCLK (rise edge)
                                  0.000000    0.000000   clock network delay (propagated)
                                  2.000000    2.000000 v input external delay
     1    0.002800    0.004721    0.002277    2.002277 v HTRANS[1] (in)
                                                         HTRANS[1] (net)
                      0.004722    0.000000    2.002277 v input35/A (sky130_fd_sc_hd__buf_1)
     2    0.013877    0.058297    0.079915    2.082192 v input35/X (sky130_fd_sc_hd__buf_1)
                                                         net35 (net)
                      0.058344    0.001060    2.083252 v _083_/A (sky130_fd_sc_hd__nand2_1)
     1    0.009821    0.076996    0.081044    2.164296 ^ _083_/Y (sky130_fd_sc_hd__nand2_1)
                                                         _071_ (net)
                      0.076999    0.000382    2.164678 ^ fanout183/A (sky130_fd_sc_hd__buf_8)
     6    0.137828    0.166236    0.149379    2.314057 ^ fanout183/X (sky130_fd_sc_hd__buf_8)
                                                         net183 (net)
                      0.179542    0.035248    2.349305 ^ fanout178/A (sky130_fd_sc_hd__buf_8)
     5    0.123520    0.153247    0.161353    2.510658 ^ fanout178/X (sky130_fd_sc_hd__buf_8)
                                                         net178 (net)
                      0.156864    0.018630    2.529288 ^ fanout177/A (sky130_fd_sc_hd__clkbuf_4)
    10    0.048026    0.114097    0.177826    2.707114 ^ fanout177/X (sky130_fd_sc_hd__clkbuf_4)
                                                         net177 (net)
                      0.114203    0.002145    2.709259 ^ _111_/S (sky130_fd_sc_hd__mux2_1)
     1    0.002477    0.036774    0.188639    2.897897 v _111_/X (sky130_fd_sc_hd__mux2_1)
                                                         _027_ (net)
                      0.036774    0.000071    2.897969 v _178_/D (sky130_fd_sc_hd__dfrtp_1)
                                              2.897969   data arrival time

                                 10.000000   10.000000   clock HCLK (rise edge)
                                  0.000000   10.000000   clock source latency
     1    0.059439    0.203180    0.147359   10.147359 ^ HCLK (in)
                                                         HCLK (net)
                      0.204534    0.000000   10.147359 ^ clkbuf_0_HCLK/A (sky130_fd_sc_hd__clkbuf_16)
     5    0.134022    0.114650    0.179325   10.326684 ^ clkbuf_0_HCLK/X (sky130_fd_sc_hd__clkbuf_16)
                                                         clknet_0_HCLK (net)
                      0.117120    0.013264   10.339948 ^ clkbuf_2_1_0_HCLK/A (sky130_fd_sc_hd__clkbuf_8)
     2    0.036936    0.058213    0.125711   10.465659 ^ clkbuf_2_1_0_HCLK/X (sky130_fd_sc_hd__clkbuf_8)
                                                         clknet_2_1_0_HCLK (net)
                      0.058761    0.004422   10.470081 ^ clkbuf_3_2__f_HCLK/A (sky130_fd_sc_hd__clkbuf_16)
    10    0.036695    0.042800    0.102530   10.572612 ^ clkbuf_3_2__f_HCLK/X (sky130_fd_sc_hd__clkbuf_16)
                                                         clknet_3_2__leaf_HCLK (net)
                      0.042957    0.001412   10.574024 ^ _178_/CLK (sky130_fd_sc_hd__dfrtp_1)
                                 -0.250000   10.324023   clock uncertainty
                                  0.000000   10.324023   clock reconvergence pessimism
                                 -0.073094   10.250929   library setup time
                                             10.250929   data required time
---------------------------------------------------------------------------------------------
                                             10.250929   data required time
                                             -2.897969   data arrival time
---------------------------------------------------------------------------------------------
                                              7.352960   slack (MET)


Startpoint: HTRANS[1] (input port clocked by HCLK)
Endpoint: _189_ (rising edge-triggered flip-flop clocked by HCLK)
Path Group: HCLK
Path Type: max

Fanout         Cap        Slew       Delay        Time   Description
---------------------------------------------------------------------------------------------
                                  0.000000    0.000000   clock HCLK (rise edge)
                                  0.000000    0.000000   clock network delay (propagated)
                                  2.000000    2.000000 v input external delay
     1    0.002800    0.004721    0.002277    2.002277 v HTRANS[1] (in)
                                                         HTRANS[1] (net)
                      0.004722    0.000000    2.002277 v input35/A (sky130_fd_sc_hd__buf_1)
     2    0.013877    0.058297    0.079915    2.082192 v input35/X (sky130_fd_sc_hd__buf_1)
                                                         net35 (net)
                      0.058344    0.001060    2.083252 v _083_/A (sky130_fd_sc_hd__nand2_1)
     1    0.009821    0.076996    0.081044    2.164296 ^ _083_/Y (sky130_fd_sc_hd__nand2_1)
                                                         _071_ (net)
                      0.076999    0.000382    2.164678 ^ fanout183/A (sky130_fd_sc_hd__buf_8)
     6    0.137828    0.166236    0.149379    2.314057 ^ fanout183/X (sky130_fd_sc_hd__buf_8)
                                                         net183 (net)
                      0.179542    0.035248    2.349305 ^ fanout178/A (sky130_fd_sc_hd__buf_8)
     5    0.123520    0.153247    0.161353    2.510658 ^ fanout178/X (sky130_fd_sc_hd__buf_8)
                                                         net178 (net)
                      0.156864    0.018630    2.529288 ^ fanout177/A (sky130_fd_sc_hd__clkbuf_4)
    10    0.048026    0.114097    0.177826    2.707114 ^ fanout177/X (sky130_fd_sc_hd__clkbuf_4)
                                                         net177 (net)
                      0.114208    0.002238    2.709353 ^ _122_/S (sky130_fd_sc_hd__mux2_1)
     1    0.002444    0.036654    0.188439    2.897792 v _122_/X (sky130_fd_sc_hd__mux2_1)
                                                         _038_ (net)
                      0.036654    0.000070    2.897862 v _189_/D (sky130_fd_sc_hd__dfrtp_1)
                                              2.897862   data arrival time

                                 10.000000   10.000000   clock HCLK (rise edge)
                                  0.000000   10.000000   clock source latency
     1    0.059439    0.203180    0.147359   10.147359 ^ HCLK (in)
                                                         HCLK (net)
                      0.204534    0.000000   10.147359 ^ clkbuf_0_HCLK/A (sky130_fd_sc_hd__clkbuf_16)
     5    0.134022    0.114650    0.179325   10.326684 ^ clkbuf_0_HCLK/X (sky130_fd_sc_hd__clkbuf_16)
                                                         clknet_0_HCLK (net)
                      0.117120    0.013264   10.339948 ^ clkbuf_2_1_0_HCLK/A (sky130_fd_sc_hd__clkbuf_8)
     2    0.036936    0.058213    0.125711   10.465659 ^ clkbuf_2_1_0_HCLK/X (sky130_fd_sc_hd__clkbuf_8)
                                                         clknet_2_1_0_HCLK (net)
                      0.058761    0.004422   10.470081 ^ clkbuf_3_2__f_HCLK/A (sky130_fd_sc_hd__clkbuf_16)
    10    0.036695    0.042800    0.102530   10.572612 ^ clkbuf_3_2__f_HCLK/X (sky130_fd_sc_hd__clkbuf_16)
                                                         clknet_3_2__leaf_HCLK (net)
                      0.042974    0.001563   10.574175 ^ _189_/CLK (sky130_fd_sc_hd__dfrtp_1)
                                 -0.250000   10.324175   clock uncertainty
                                  0.000000   10.324175   clock reconvergence pessimism
                                 -0.073050   10.251124   library setup time
                                             10.251124   data required time
---------------------------------------------------------------------------------------------
                                             10.251124   data required time
                                             -2.897862   data arrival time
---------------------------------------------------------------------------------------------
                                              7.353262   slack (MET)


Startpoint: HTRANS[1] (input port clocked by HCLK)
Endpoint: _185_ (rising edge-triggered flip-flop clocked by HCLK)
Path Group: HCLK
Path Type: max

Fanout         Cap        Slew       Delay        Time   Description
---------------------------------------------------------------------------------------------
                                  0.000000    0.000000   clock HCLK (rise edge)
                                  0.000000    0.000000   clock network delay (propagated)
                                  2.000000    2.000000 v input external delay
     1    0.002800    0.004721    0.002277    2.002277 v HTRANS[1] (in)
                                                         HTRANS[1] (net)
                      0.004722    0.000000    2.002277 v input35/A (sky130_fd_sc_hd__buf_1)
     2    0.013877    0.058297    0.079915    2.082192 v input35/X (sky130_fd_sc_hd__buf_1)
                                                         net35 (net)
                      0.058344    0.001060    2.083252 v _083_/A (sky130_fd_sc_hd__nand2_1)
     1    0.009821    0.076996    0.081044    2.164296 ^ _083_/Y (sky130_fd_sc_hd__nand2_1)
                                                         _071_ (net)
                      0.076999    0.000382    2.164678 ^ fanout183/A (sky130_fd_sc_hd__buf_8)
     6    0.137828    0.166236    0.149379    2.314057 ^ fanout183/X (sky130_fd_sc_hd__buf_8)
                                                         net183 (net)
                      0.166443    0.005429    2.319486 ^ fanout180/A (sky130_fd_sc_hd__buf_2)
     7    0.046843    0.173077    0.192558    2.512044 ^ fanout180/X (sky130_fd_sc_hd__buf_2)
                                                         net180 (net)
                      0.173090    0.001294    2.513338 ^ fanout179/A (sky130_fd_sc_hd__clkbuf_4)
    10    0.051027    0.120612    0.184647    2.697985 ^ fanout179/X (sky130_fd_sc_hd__clkbuf_4)
                                                         net179 (net)
                      0.120763    0.002830    2.700815 ^ _118_/S (sky130_fd_sc_hd__mux2_1)
     1    0.002676    0.037517    0.190408    2.891224 v _118_/X (sky130_fd_sc_hd__mux2_1)
                                                         _034_ (net)
                      0.037517    0.000078    2.891302 v _185_/D (sky130_fd_sc_hd__dfrtp_1)
                                              2.891302   data arrival time

                                 10.000000   10.000000   clock HCLK (rise edge)
                                  0.000000   10.000000   clock source latency
     1    0.059439    0.203180    0.147359   10.147359 ^ HCLK (in)
                                                         HCLK (net)
                      0.204534    0.000000   10.147359 ^ clkbuf_0_HCLK/A (sky130_fd_sc_hd__clkbuf_16)
     5    0.134022    0.114650    0.179325   10.326684 ^ clkbuf_0_HCLK/X (sky130_fd_sc_hd__clkbuf_16)
                                                         clknet_0_HCLK (net)
                      0.116431    0.011266   10.337950 ^ clkbuf_2_2_0_HCLK/A (sky130_fd_sc_hd__clkbuf_8)
     2    0.035419    0.056406    0.124539   10.462489 ^ clkbuf_2_2_0_HCLK/X (sky130_fd_sc_hd__clkbuf_8)
                                                         clknet_2_2_0_HCLK (net)
                      0.056832    0.003838   10.466327 ^ clkbuf_3_5__f_HCLK/A (sky130_fd_sc_hd__clkbuf_16)
    11    0.035096    0.041718    0.101215   10.567542 ^ clkbuf_3_5__f_HCLK/X (sky130_fd_sc_hd__clkbuf_16)
                                                         clknet_3_5__leaf_HCLK (net)
                      0.041744    0.001136   10.568678 ^ _185_/CLK (sky130_fd_sc_hd__dfrtp_1)
                                 -0.250000   10.318678   clock uncertainty
                                  0.000000   10.318678   clock reconvergence pessimism
                                 -0.073477   10.245201   library setup time
                                             10.245201   data required time
---------------------------------------------------------------------------------------------
                                             10.245201   data required time
                                             -2.891302   data arrival time
---------------------------------------------------------------------------------------------
                                              7.353899   slack (MET)


Startpoint: HTRANS[1] (input port clocked by HCLK)
Endpoint: _192_ (rising edge-triggered flip-flop clocked by HCLK)
Path Group: HCLK
Path Type: max

Fanout         Cap        Slew       Delay        Time   Description
---------------------------------------------------------------------------------------------
                                  0.000000    0.000000   clock HCLK (rise edge)
                                  0.000000    0.000000   clock network delay (propagated)
                                  2.000000    2.000000 v input external delay
     1    0.002800    0.004721    0.002277    2.002277 v HTRANS[1] (in)
                                                         HTRANS[1] (net)
                      0.004722    0.000000    2.002277 v input35/A (sky130_fd_sc_hd__buf_1)
     2    0.013877    0.058297    0.079915    2.082192 v input35/X (sky130_fd_sc_hd__buf_1)
                                                         net35 (net)
                      0.058344    0.001060    2.083252 v _083_/A (sky130_fd_sc_hd__nand2_1)
     1    0.009821    0.076996    0.081044    2.164296 ^ _083_/Y (sky130_fd_sc_hd__nand2_1)
                                                         _071_ (net)
                      0.076999    0.000382    2.164678 ^ fanout183/A (sky130_fd_sc_hd__buf_8)
     6    0.137828    0.166236    0.149379    2.314057 ^ fanout183/X (sky130_fd_sc_hd__buf_8)
                                                         net183 (net)
                      0.166443    0.005429    2.319486 ^ fanout180/A (sky130_fd_sc_hd__buf_2)
     7    0.046843    0.173077    0.192558    2.512044 ^ fanout180/X (sky130_fd_sc_hd__buf_2)
                                                         net180 (net)
                      0.173090    0.001294    2.513338 ^ fanout179/A (sky130_fd_sc_hd__clkbuf_4)
    10    0.051027    0.120612    0.184647    2.697985 ^ fanout179/X (sky130_fd_sc_hd__clkbuf_4)
                                                         net179 (net)
                      0.120771    0.002951    2.700936 ^ _125_/S (sky130_fd_sc_hd__mux2_1)
     1    0.002652    0.037427    0.190258    2.891194 v _125_/X (sky130_fd_sc_hd__mux2_1)
                                                         _041_ (net)
                      0.037427    0.000078    2.891272 v _192_/D (sky130_fd_sc_hd__dfrtp_1)
                                              2.891272   data arrival time

                                 10.000000   10.000000   clock HCLK (rise edge)
                                  0.000000   10.000000   clock source latency
     1    0.059439    0.203180    0.147359   10.147359 ^ HCLK (in)
                                                         HCLK (net)
                      0.204534    0.000000   10.147359 ^ clkbuf_0_HCLK/A (sky130_fd_sc_hd__clkbuf_16)
     5    0.134022    0.114650    0.179325   10.326684 ^ clkbuf_0_HCLK/X (sky130_fd_sc_hd__clkbuf_16)
                                                         clknet_0_HCLK (net)
                      0.116431    0.011266   10.337950 ^ clkbuf_2_2_0_HCLK/A (sky130_fd_sc_hd__clkbuf_8)
     2    0.035419    0.056406    0.124539   10.462489 ^ clkbuf_2_2_0_HCLK/X (sky130_fd_sc_hd__clkbuf_8)
                                                         clknet_2_2_0_HCLK (net)
                      0.056832    0.003838   10.466327 ^ clkbuf_3_5__f_HCLK/A (sky130_fd_sc_hd__clkbuf_16)
    11    0.035096    0.041718    0.101215   10.567542 ^ clkbuf_3_5__f_HCLK/X (sky130_fd_sc_hd__clkbuf_16)
                                                         clknet_3_5__leaf_HCLK (net)
                      0.041740    0.001095   10.568637 ^ _192_/CLK (sky130_fd_sc_hd__dfrtp_1)
                                 -0.250000   10.318637   clock uncertainty
                                  0.000000   10.318637   clock reconvergence pessimism
                                 -0.073445   10.245193   library setup time
                                             10.245193   data required time
---------------------------------------------------------------------------------------------
                                             10.245193   data required time
                                             -2.891272   data arrival time
---------------------------------------------------------------------------------------------
                                              7.353920   slack (MET)


Startpoint: HTRANS[1] (input port clocked by HCLK)
Endpoint: _188_ (rising edge-triggered flip-flop clocked by HCLK)
Path Group: HCLK
Path Type: max

Fanout         Cap        Slew       Delay        Time   Description
---------------------------------------------------------------------------------------------
                                  0.000000    0.000000   clock HCLK (rise edge)
                                  0.000000    0.000000   clock network delay (propagated)
                                  2.000000    2.000000 v input external delay
     1    0.002800    0.004721    0.002277    2.002277 v HTRANS[1] (in)
                                                         HTRANS[1] (net)
                      0.004722    0.000000    2.002277 v input35/A (sky130_fd_sc_hd__buf_1)
     2    0.013877    0.058297    0.079915    2.082192 v input35/X (sky130_fd_sc_hd__buf_1)
                                                         net35 (net)
                      0.058344    0.001060    2.083252 v _083_/A (sky130_fd_sc_hd__nand2_1)
     1    0.009821    0.076996    0.081044    2.164296 ^ _083_/Y (sky130_fd_sc_hd__nand2_1)
                                                         _071_ (net)
                      0.076999    0.000382    2.164678 ^ fanout183/A (sky130_fd_sc_hd__buf_8)
     6    0.137828    0.166236    0.149379    2.314057 ^ fanout183/X (sky130_fd_sc_hd__buf_8)
                                                         net183 (net)
                      0.166443    0.005429    2.319486 ^ fanout180/A (sky130_fd_sc_hd__buf_2)
     7    0.046843    0.173077    0.192558    2.512044 ^ fanout180/X (sky130_fd_sc_hd__buf_2)
                                                         net180 (net)
                      0.173090    0.001294    2.513338 ^ fanout179/A (sky130_fd_sc_hd__clkbuf_4)
    10    0.051027    0.120612    0.184647    2.697985 ^ fanout179/X (sky130_fd_sc_hd__clkbuf_4)
                                                         net179 (net)
                      0.120794    0.003237    2.701222 ^ _121_/S (sky130_fd_sc_hd__mux2_1)
     1    0.002642    0.037392    0.190203    2.891425 v _121_/X (sky130_fd_sc_hd__mux2_1)
                                                         _037_ (net)
                      0.037392    0.000077    2.891502 v _188_/D (sky130_fd_sc_hd__dfrtp_1)
                                              2.891502   data arrival time

                                 10.000000   10.000000   clock HCLK (rise edge)
                                  0.000000   10.000000   clock source latency
     1    0.059439    0.203180    0.147359   10.147359 ^ HCLK (in)
                                                         HCLK (net)
                      0.204534    0.000000   10.147359 ^ clkbuf_0_HCLK/A (sky130_fd_sc_hd__clkbuf_16)
     5    0.134022    0.114650    0.179325   10.326684 ^ clkbuf_0_HCLK/X (sky130_fd_sc_hd__clkbuf_16)
                                                         clknet_0_HCLK (net)
                      0.116431    0.011266   10.337950 ^ clkbuf_2_2_0_HCLK/A (sky130_fd_sc_hd__clkbuf_8)
     2    0.035419    0.056406    0.124539   10.462489 ^ clkbuf_2_2_0_HCLK/X (sky130_fd_sc_hd__clkbuf_8)
                                                         clknet_2_2_0_HCLK (net)
                      0.056832    0.003838   10.466327 ^ clkbuf_3_5__f_HCLK/A (sky130_fd_sc_hd__clkbuf_16)
    11    0.035096    0.041718    0.101215   10.567542 ^ clkbuf_3_5__f_HCLK/X (sky130_fd_sc_hd__clkbuf_16)
                                                         clknet_3_5__leaf_HCLK (net)
                      0.041770    0.001379   10.568921 ^ _188_/CLK (sky130_fd_sc_hd__dfrtp_1)
                                 -0.250000   10.318921   clock uncertainty
                                  0.000000   10.318921   clock reconvergence pessimism
                                 -0.073429   10.245492   library setup time
                                             10.245492   data required time
---------------------------------------------------------------------------------------------
                                             10.245492   data required time
                                             -2.891502   data arrival time
---------------------------------------------------------------------------------------------
                                              7.353990   slack (MET)


Startpoint: HTRANS[1] (input port clocked by HCLK)
Endpoint: _157_ (rising edge-triggered flip-flop clocked by HCLK)
Path Group: HCLK
Path Type: max

Fanout         Cap        Slew       Delay        Time   Description
---------------------------------------------------------------------------------------------
                                  0.000000    0.000000   clock HCLK (rise edge)
                                  0.000000    0.000000   clock network delay (propagated)
                                  2.000000    2.000000 v input external delay
     1    0.002800    0.004721    0.002277    2.002277 v HTRANS[1] (in)
                                                         HTRANS[1] (net)
                      0.004722    0.000000    2.002277 v input35/A (sky130_fd_sc_hd__buf_1)
     2    0.013877    0.058297    0.079915    2.082192 v input35/X (sky130_fd_sc_hd__buf_1)
                                                         net35 (net)
                      0.058344    0.001060    2.083252 v _083_/A (sky130_fd_sc_hd__nand2_1)
     1    0.009821    0.076996    0.081044    2.164296 ^ _083_/Y (sky130_fd_sc_hd__nand2_1)
                                                         _071_ (net)
                      0.076999    0.000382    2.164678 ^ fanout183/A (sky130_fd_sc_hd__buf_8)
     6    0.137828    0.166236    0.149379    2.314057 ^ fanout183/X (sky130_fd_sc_hd__buf_8)
                                                         net183 (net)
                      0.179542    0.035248    2.349305 ^ fanout178/A (sky130_fd_sc_hd__buf_8)
     5    0.123520    0.153247    0.161353    2.510658 ^ fanout178/X (sky130_fd_sc_hd__buf_8)
                                                         net178 (net)
                      0.156864    0.018630    2.529288 ^ fanout177/A (sky130_fd_sc_hd__clkbuf_4)
    10    0.048026    0.114097    0.177826    2.707114 ^ fanout177/X (sky130_fd_sc_hd__clkbuf_4)
                                                         net177 (net)
                      0.114184    0.001786    2.708900 ^ _090_/S (sky130_fd_sc_hd__mux2_1)
     1    0.002373    0.036392    0.188000    2.896900 v _090_/X (sky130_fd_sc_hd__mux2_1)
                                                         _006_ (net)
                      0.036392    0.000068    2.896968 v _157_/D (sky130_fd_sc_hd__dfrtp_1)
                                              2.896968   data arrival time

                                 10.000000   10.000000   clock HCLK (rise edge)
                                  0.000000   10.000000   clock source latency
     1    0.059439    0.203180    0.147359   10.147359 ^ HCLK (in)
                                                         HCLK (net)
                      0.204534    0.000000   10.147359 ^ clkbuf_0_HCLK/A (sky130_fd_sc_hd__clkbuf_16)
     5    0.134022    0.114650    0.179325   10.326684 ^ clkbuf_0_HCLK/X (sky130_fd_sc_hd__clkbuf_16)
                                                         clknet_0_HCLK (net)
                      0.117120    0.013264   10.339948 ^ clkbuf_2_1_0_HCLK/A (sky130_fd_sc_hd__clkbuf_8)
     2    0.036936    0.058213    0.125711   10.465659 ^ clkbuf_2_1_0_HCLK/X (sky130_fd_sc_hd__clkbuf_8)
                                                         clknet_2_1_0_HCLK (net)
                      0.058761    0.004422   10.470081 ^ clkbuf_3_2__f_HCLK/A (sky130_fd_sc_hd__clkbuf_16)
    10    0.036695    0.042800    0.102530   10.572612 ^ clkbuf_3_2__f_HCLK/X (sky130_fd_sc_hd__clkbuf_16)
                                                         clknet_3_2__leaf_HCLK (net)
                      0.042982    0.001634   10.574245 ^ _157_/CLK (sky130_fd_sc_hd__dfrtp_1)
                                 -0.250000   10.324245   clock uncertainty
                                  0.000000   10.324245   clock reconvergence pessimism
                                 -0.072956   10.251290   library setup time
                                             10.251290   data required time
---------------------------------------------------------------------------------------------
                                             10.251290   data required time
                                             -2.896968   data arrival time
---------------------------------------------------------------------------------------------
                                              7.354322   slack (MET)


Startpoint: HTRANS[1] (input port clocked by HCLK)
Endpoint: _153_ (rising edge-triggered flip-flop clocked by HCLK)
Path Group: HCLK
Path Type: max

Fanout         Cap        Slew       Delay        Time   Description
---------------------------------------------------------------------------------------------
                                  0.000000    0.000000   clock HCLK (rise edge)
                                  0.000000    0.000000   clock network delay (propagated)
                                  2.000000    2.000000 v input external delay
     1    0.002800    0.004721    0.002277    2.002277 v HTRANS[1] (in)
                                                         HTRANS[1] (net)
                      0.004722    0.000000    2.002277 v input35/A (sky130_fd_sc_hd__buf_1)
     2    0.013877    0.058297    0.079915    2.082192 v input35/X (sky130_fd_sc_hd__buf_1)
                                                         net35 (net)
                      0.058344    0.001060    2.083252 v _083_/A (sky130_fd_sc_hd__nand2_1)
     1    0.009821    0.076996    0.081044    2.164296 ^ _083_/Y (sky130_fd_sc_hd__nand2_1)
                                                         _071_ (net)
                      0.076999    0.000382    2.164678 ^ fanout183/A (sky130_fd_sc_hd__buf_8)
     6    0.137828    0.166236    0.149379    2.314057 ^ fanout183/X (sky130_fd_sc_hd__buf_8)
                                                         net183 (net)
                      0.166443    0.005429    2.319486 ^ fanout180/A (sky130_fd_sc_hd__buf_2)
     7    0.046843    0.173077    0.192558    2.512044 ^ fanout180/X (sky130_fd_sc_hd__buf_2)
                                                         net180 (net)
                      0.173090    0.001294    2.513338 ^ fanout179/A (sky130_fd_sc_hd__clkbuf_4)
    10    0.051027    0.120612    0.184647    2.697985 ^ fanout179/X (sky130_fd_sc_hd__clkbuf_4)
                                                         net179 (net)
                      0.120803    0.003350    2.701335 ^ _086_/S (sky130_fd_sc_hd__mux2_1)
     1    0.002626    0.037331    0.190101    2.891437 v _086_/X (sky130_fd_sc_hd__mux2_1)
                                                         _002_ (net)
                      0.037331    0.000077    2.891513 v _153_/D (sky130_fd_sc_hd__dfrtp_1)
                                              2.891513   data arrival time

                                 10.000000   10.000000   clock HCLK (rise edge)
                                  0.000000   10.000000   clock source latency
     1    0.059439    0.203180    0.147359   10.147359 ^ HCLK (in)
                                                         HCLK (net)
                      0.204534    0.000000   10.147359 ^ clkbuf_0_HCLK/A (sky130_fd_sc_hd__clkbuf_16)
     5    0.134022    0.114650    0.179325   10.326684 ^ clkbuf_0_HCLK/X (sky130_fd_sc_hd__clkbuf_16)
                                                         clknet_0_HCLK (net)
                      0.116431    0.011266   10.337950 ^ clkbuf_2_2_0_HCLK/A (sky130_fd_sc_hd__clkbuf_8)
     2    0.035419    0.056406    0.124539   10.462489 ^ clkbuf_2_2_0_HCLK/X (sky130_fd_sc_hd__clkbuf_8)
                                                         clknet_2_2_0_HCLK (net)
                      0.056832    0.003838   10.466327 ^ clkbuf_3_5__f_HCLK/A (sky130_fd_sc_hd__clkbuf_16)
    11    0.035096    0.041718    0.101215   10.567542 ^ clkbuf_3_5__f_HCLK/X (sky130_fd_sc_hd__clkbuf_16)
                                                         clknet_3_5__leaf_HCLK (net)
                      0.041869    0.001756   10.569298 ^ _153_/CLK (sky130_fd_sc_hd__dfrtp_1)
                                 -0.250000   10.319298   clock uncertainty
                                  0.000000   10.319298   clock reconvergence pessimism
                                 -0.073398   10.245899   library setup time
                                             10.245899   data required time
---------------------------------------------------------------------------------------------
                                             10.245899   data required time
                                             -2.891513   data arrival time
---------------------------------------------------------------------------------------------
                                              7.354387   slack (MET)


Startpoint: HTRANS[1] (input port clocked by HCLK)
Endpoint: _184_ (rising edge-triggered flip-flop clocked by HCLK)
Path Group: HCLK
Path Type: max

Fanout         Cap        Slew       Delay        Time   Description
---------------------------------------------------------------------------------------------
                                  0.000000    0.000000   clock HCLK (rise edge)
                                  0.000000    0.000000   clock network delay (propagated)
                                  2.000000    2.000000 v input external delay
     1    0.002800    0.004721    0.002277    2.002277 v HTRANS[1] (in)
                                                         HTRANS[1] (net)
                      0.004722    0.000000    2.002277 v input35/A (sky130_fd_sc_hd__buf_1)
     2    0.013877    0.058297    0.079915    2.082192 v input35/X (sky130_fd_sc_hd__buf_1)
                                                         net35 (net)
                      0.058344    0.001060    2.083252 v _083_/A (sky130_fd_sc_hd__nand2_1)
     1    0.009821    0.076996    0.081044    2.164296 ^ _083_/Y (sky130_fd_sc_hd__nand2_1)
                                                         _071_ (net)
                      0.076999    0.000382    2.164678 ^ fanout183/A (sky130_fd_sc_hd__buf_8)
     6    0.137828    0.166236    0.149379    2.314057 ^ fanout183/X (sky130_fd_sc_hd__buf_8)
                                                         net183 (net)
                      0.179542    0.035248    2.349305 ^ fanout178/A (sky130_fd_sc_hd__buf_8)
     5    0.123520    0.153247    0.161353    2.510658 ^ fanout178/X (sky130_fd_sc_hd__buf_8)
                                                         net178 (net)
                      0.156864    0.018630    2.529288 ^ fanout177/A (sky130_fd_sc_hd__clkbuf_4)
    10    0.048026    0.114097    0.177826    2.707114 ^ fanout177/X (sky130_fd_sc_hd__clkbuf_4)
                                                         net177 (net)
                      0.114165    0.001300    2.708415 ^ _117_/S (sky130_fd_sc_hd__mux2_1)
     1    0.002390    0.036452    0.188099    2.896513 v _117_/X (sky130_fd_sc_hd__mux2_1)
                                                         _033_ (net)
                      0.036452    0.000068    2.896581 v _184_/D (sky130_fd_sc_hd__dfrtp_1)
                                              2.896581   data arrival time

                                 10.000000   10.000000   clock HCLK (rise edge)
                                  0.000000   10.000000   clock source latency
     1    0.059439    0.203180    0.147359   10.147359 ^ HCLK (in)
                                                         HCLK (net)
                      0.204534    0.000000   10.147359 ^ clkbuf_0_HCLK/A (sky130_fd_sc_hd__clkbuf_16)
     5    0.134022    0.114650    0.179325   10.326684 ^ clkbuf_0_HCLK/X (sky130_fd_sc_hd__clkbuf_16)
                                                         clknet_0_HCLK (net)
                      0.117120    0.013264   10.339948 ^ clkbuf_2_1_0_HCLK/A (sky130_fd_sc_hd__clkbuf_8)
     2    0.036936    0.058213    0.125711   10.465659 ^ clkbuf_2_1_0_HCLK/X (sky130_fd_sc_hd__clkbuf_8)
                                                         clknet_2_1_0_HCLK (net)
                      0.058761    0.004422   10.470081 ^ clkbuf_3_2__f_HCLK/A (sky130_fd_sc_hd__clkbuf_16)
    10    0.036695    0.042800    0.102530   10.572612 ^ clkbuf_3_2__f_HCLK/X (sky130_fd_sc_hd__clkbuf_16)
                                                         clknet_3_2__leaf_HCLK (net)
                      0.043011    0.001877   10.574489 ^ _184_/CLK (sky130_fd_sc_hd__dfrtp_1)
                                 -0.250000   10.324489   clock uncertainty
                                  0.000000   10.324489   clock reconvergence pessimism
                                 -0.072974   10.251513   library setup time
                                             10.251513   data required time
---------------------------------------------------------------------------------------------
                                             10.251513   data required time
                                             -2.896581   data arrival time
---------------------------------------------------------------------------------------------
                                              7.354932   slack (MET)


Startpoint: HTRANS[1] (input port clocked by HCLK)
Endpoint: _180_ (rising edge-triggered flip-flop clocked by HCLK)
Path Group: HCLK
Path Type: max

Fanout         Cap        Slew       Delay        Time   Description
---------------------------------------------------------------------------------------------
                                  0.000000    0.000000   clock HCLK (rise edge)
                                  0.000000    0.000000   clock network delay (propagated)
                                  2.000000    2.000000 v input external delay
     1    0.002800    0.004721    0.002277    2.002277 v HTRANS[1] (in)
                                                         HTRANS[1] (net)
                      0.004722    0.000000    2.002277 v input35/A (sky130_fd_sc_hd__buf_1)
     2    0.013877    0.058297    0.079915    2.082192 v input35/X (sky130_fd_sc_hd__buf_1)
                                                         net35 (net)
                      0.058344    0.001060    2.083252 v _083_/A (sky130_fd_sc_hd__nand2_1)
     1    0.009821    0.076996    0.081044    2.164296 ^ _083_/Y (sky130_fd_sc_hd__nand2_1)
                                                         _071_ (net)
                      0.076999    0.000382    2.164678 ^ fanout183/A (sky130_fd_sc_hd__buf_8)
     6    0.137828    0.166236    0.149379    2.314057 ^ fanout183/X (sky130_fd_sc_hd__buf_8)
                                                         net183 (net)
                      0.179542    0.035248    2.349305 ^ fanout178/A (sky130_fd_sc_hd__buf_8)
     5    0.123520    0.153247    0.161353    2.510658 ^ fanout178/X (sky130_fd_sc_hd__buf_8)
                                                         net178 (net)
                      0.156864    0.018630    2.529288 ^ fanout177/A (sky130_fd_sc_hd__clkbuf_4)
    10    0.048026    0.114097    0.177826    2.707114 ^ fanout177/X (sky130_fd_sc_hd__clkbuf_4)
                                                         net177 (net)
                      0.114107    0.001179    2.708293 ^ _113_/S (sky130_fd_sc_hd__mux2_1)
     1    0.002395    0.036471    0.188126    2.896419 v _113_/X (sky130_fd_sc_hd__mux2_1)
                                                         _029_ (net)
                      0.036471    0.000068    2.896487 v _180_/D (sky130_fd_sc_hd__dfrtp_1)
                                              2.896487   data arrival time

                                 10.000000   10.000000   clock HCLK (rise edge)
                                  0.000000   10.000000   clock source latency
     1    0.059439    0.203180    0.147359   10.147359 ^ HCLK (in)
                                                         HCLK (net)
                      0.204534    0.000000   10.147359 ^ clkbuf_0_HCLK/A (sky130_fd_sc_hd__clkbuf_16)
     5    0.134022    0.114650    0.179325   10.326684 ^ clkbuf_0_HCLK/X (sky130_fd_sc_hd__clkbuf_16)
                                                         clknet_0_HCLK (net)
                      0.117120    0.013264   10.339948 ^ clkbuf_2_1_0_HCLK/A (sky130_fd_sc_hd__clkbuf_8)
     2    0.036936    0.058213    0.125711   10.465659 ^ clkbuf_2_1_0_HCLK/X (sky130_fd_sc_hd__clkbuf_8)
                                                         clknet_2_1_0_HCLK (net)
                      0.058761    0.004422   10.470081 ^ clkbuf_3_2__f_HCLK/A (sky130_fd_sc_hd__clkbuf_16)
    10    0.036695    0.042800    0.102530   10.572612 ^ clkbuf_3_2__f_HCLK/X (sky130_fd_sc_hd__clkbuf_16)
                                                         clknet_3_2__leaf_HCLK (net)
                      0.043025    0.001990   10.574601 ^ _180_/CLK (sky130_fd_sc_hd__dfrtp_1)
                                 -0.250000   10.324601   clock uncertainty
                                  0.000000   10.324601   clock reconvergence pessimism
                                 -0.072980   10.251621   library setup time
                                             10.251621   data required time
---------------------------------------------------------------------------------------------
                                             10.251621   data required time
                                             -2.896487   data arrival time
---------------------------------------------------------------------------------------------
                                              7.355134   slack (MET)


Startpoint: HTRANS[1] (input port clocked by HCLK)
Endpoint: _175_ (rising edge-triggered flip-flop clocked by HCLK)
Path Group: HCLK
Path Type: max

Fanout         Cap        Slew       Delay        Time   Description
---------------------------------------------------------------------------------------------
                                  0.000000    0.000000   clock HCLK (rise edge)
                                  0.000000    0.000000   clock network delay (propagated)
                                  2.000000    2.000000 v input external delay
     1    0.002800    0.004721    0.002277    2.002277 v HTRANS[1] (in)
                                                         HTRANS[1] (net)
                      0.004722    0.000000    2.002277 v input35/A (sky130_fd_sc_hd__buf_1)
     2    0.013877    0.058297    0.079915    2.082192 v input35/X (sky130_fd_sc_hd__buf_1)
                                                         net35 (net)
                      0.058344    0.001060    2.083252 v _083_/A (sky130_fd_sc_hd__nand2_1)
     1    0.009821    0.076996    0.081044    2.164296 ^ _083_/Y (sky130_fd_sc_hd__nand2_1)
                                                         _071_ (net)
                      0.076999    0.000382    2.164678 ^ fanout183/A (sky130_fd_sc_hd__buf_8)
     6    0.137828    0.166236    0.149379    2.314057 ^ fanout183/X (sky130_fd_sc_hd__buf_8)
                                                         net183 (net)
                      0.179542    0.035248    2.349305 ^ fanout178/A (sky130_fd_sc_hd__buf_8)
     5    0.123520    0.153247    0.161353    2.510658 ^ fanout178/X (sky130_fd_sc_hd__buf_8)
                                                         net178 (net)
                      0.156864    0.018630    2.529288 ^ fanout177/A (sky130_fd_sc_hd__clkbuf_4)
    10    0.048026    0.114097    0.177826    2.707114 ^ fanout177/X (sky130_fd_sc_hd__clkbuf_4)
                                                         net177 (net)
                      0.114103    0.000985    2.708099 ^ _108_/S (sky130_fd_sc_hd__mux2_1)
     1    0.002383    0.036428    0.188054    2.896153 v _108_/X (sky130_fd_sc_hd__mux2_1)
                                                         _024_ (net)
                      0.036428    0.000068    2.896221 v _175_/D (sky130_fd_sc_hd__dfrtp_1)
                                              2.896221   data arrival time

                                 10.000000   10.000000   clock HCLK (rise edge)
                                  0.000000   10.000000   clock source latency
     1    0.059439    0.203180    0.147359   10.147359 ^ HCLK (in)
                                                         HCLK (net)
                      0.204534    0.000000   10.147359 ^ clkbuf_0_HCLK/A (sky130_fd_sc_hd__clkbuf_16)
     5    0.134022    0.114650    0.179325   10.326684 ^ clkbuf_0_HCLK/X (sky130_fd_sc_hd__clkbuf_16)
                                                         clknet_0_HCLK (net)
                      0.117120    0.013264   10.339948 ^ clkbuf_2_1_0_HCLK/A (sky130_fd_sc_hd__clkbuf_8)
     2    0.036936    0.058213    0.125711   10.465659 ^ clkbuf_2_1_0_HCLK/X (sky130_fd_sc_hd__clkbuf_8)
                                                         clknet_2_1_0_HCLK (net)
                      0.058761    0.004422   10.470081 ^ clkbuf_3_2__f_HCLK/A (sky130_fd_sc_hd__clkbuf_16)
    10    0.036695    0.042800    0.102530   10.572612 ^ clkbuf_3_2__f_HCLK/X (sky130_fd_sc_hd__clkbuf_16)
                                                         clknet_3_2__leaf_HCLK (net)
                      0.043033    0.002050   10.574661 ^ _175_/CLK (sky130_fd_sc_hd__dfrtp_1)
                                 -0.250000   10.324661   clock uncertainty
                                  0.000000   10.324661   clock reconvergence pessimism
                                 -0.072964   10.251698   library setup time
                                             10.251698   data required time
---------------------------------------------------------------------------------------------
                                             10.251698   data required time
                                             -2.896221   data arrival time
---------------------------------------------------------------------------------------------
                                              7.355476   slack (MET)


Startpoint: HTRANS[1] (input port clocked by HCLK)
Endpoint: _168_ (rising edge-triggered flip-flop clocked by HCLK)
Path Group: HCLK
Path Type: max

Fanout         Cap        Slew       Delay        Time   Description
---------------------------------------------------------------------------------------------
                                  0.000000    0.000000   clock HCLK (rise edge)
                                  0.000000    0.000000   clock network delay (propagated)
                                  2.000000    2.000000 v input external delay
     1    0.002800    0.004721    0.002277    2.002277 v HTRANS[1] (in)
                                                         HTRANS[1] (net)
                      0.004722    0.000000    2.002277 v input35/A (sky130_fd_sc_hd__buf_1)
     2    0.013877    0.058297    0.079915    2.082192 v input35/X (sky130_fd_sc_hd__buf_1)
                                                         net35 (net)
                      0.058344    0.001060    2.083252 v _083_/A (sky130_fd_sc_hd__nand2_1)
     1    0.009821    0.076996    0.081044    2.164296 ^ _083_/Y (sky130_fd_sc_hd__nand2_1)
                                                         _071_ (net)
                      0.076999    0.000382    2.164678 ^ fanout183/A (sky130_fd_sc_hd__buf_8)
     6    0.137828    0.166236    0.149379    2.314057 ^ fanout183/X (sky130_fd_sc_hd__buf_8)
                                                         net183 (net)
                      0.179542    0.035248    2.349305 ^ fanout178/A (sky130_fd_sc_hd__buf_8)
     5    0.123520    0.153247    0.161353    2.510658 ^ fanout178/X (sky130_fd_sc_hd__buf_8)
                                                         net178 (net)
                      0.156864    0.018630    2.529288 ^ fanout177/A (sky130_fd_sc_hd__clkbuf_4)
    10    0.048026    0.114097    0.177826    2.707114 ^ fanout177/X (sky130_fd_sc_hd__clkbuf_4)
                                                         net177 (net)
                      0.114099    0.000752    2.707866 ^ _101_/S (sky130_fd_sc_hd__mux2_1)
     1    0.002377    0.036405    0.188015    2.895882 v _101_/X (sky130_fd_sc_hd__mux2_1)
                                                         _017_ (net)
                      0.036405    0.000068    2.895949 v _168_/D (sky130_fd_sc_hd__dfrtp_1)
                                              2.895949   data arrival time

                                 10.000000   10.000000   clock HCLK (rise edge)
                                  0.000000   10.000000   clock source latency
     1    0.059439    0.203180    0.147359   10.147359 ^ HCLK (in)
                                                         HCLK (net)
                      0.204534    0.000000   10.147359 ^ clkbuf_0_HCLK/A (sky130_fd_sc_hd__clkbuf_16)
     5    0.134022    0.114650    0.179325   10.326684 ^ clkbuf_0_HCLK/X (sky130_fd_sc_hd__clkbuf_16)
                                                         clknet_0_HCLK (net)
                      0.117120    0.013264   10.339948 ^ clkbuf_2_1_0_HCLK/A (sky130_fd_sc_hd__clkbuf_8)
     2    0.036936    0.058213    0.125711   10.465659 ^ clkbuf_2_1_0_HCLK/X (sky130_fd_sc_hd__clkbuf_8)
                                                         clknet_2_1_0_HCLK (net)
                      0.058761    0.004422   10.470081 ^ clkbuf_3_2__f_HCLK/A (sky130_fd_sc_hd__clkbuf_16)
    10    0.036695    0.042800    0.102530   10.572612 ^ clkbuf_3_2__f_HCLK/X (sky130_fd_sc_hd__clkbuf_16)
                                                         clknet_3_2__leaf_HCLK (net)
                      0.043042    0.002122   10.574734 ^ _168_/CLK (sky130_fd_sc_hd__dfrtp_1)
                                 -0.250000   10.324734   clock uncertainty
                                  0.000000   10.324734   clock reconvergence pessimism
                                 -0.072954   10.251780   library setup time
                                             10.251780   data required time
---------------------------------------------------------------------------------------------
                                             10.251780   data required time
                                             -2.895949   data arrival time
---------------------------------------------------------------------------------------------
                                              7.355830   slack (MET)


Startpoint: HTRANS[1] (input port clocked by HCLK)
Endpoint: _191_ (rising edge-triggered flip-flop clocked by HCLK)
Path Group: HCLK
Path Type: max

Fanout         Cap        Slew       Delay        Time   Description
---------------------------------------------------------------------------------------------
                                  0.000000    0.000000   clock HCLK (rise edge)
                                  0.000000    0.000000   clock network delay (propagated)
                                  2.000000    2.000000 v input external delay
     1    0.002800    0.004721    0.002277    2.002277 v HTRANS[1] (in)
                                                         HTRANS[1] (net)
                      0.004722    0.000000    2.002277 v input35/A (sky130_fd_sc_hd__buf_1)
     2    0.013877    0.058297    0.079915    2.082192 v input35/X (sky130_fd_sc_hd__buf_1)
                                                         net35 (net)
                      0.058344    0.001060    2.083252 v _083_/A (sky130_fd_sc_hd__nand2_1)
     1    0.009821    0.076996    0.081044    2.164296 ^ _083_/Y (sky130_fd_sc_hd__nand2_1)
                                                         _071_ (net)
                      0.076999    0.000382    2.164678 ^ fanout183/A (sky130_fd_sc_hd__buf_8)
     6    0.137828    0.166236    0.149379    2.314057 ^ fanout183/X (sky130_fd_sc_hd__buf_8)
                                                         net183 (net)
                      0.166443    0.005429    2.319486 ^ fanout180/A (sky130_fd_sc_hd__buf_2)
     7    0.046843    0.173077    0.192558    2.512044 ^ fanout180/X (sky130_fd_sc_hd__buf_2)
                                                         net180 (net)
                      0.173090    0.001294    2.513338 ^ fanout179/A (sky130_fd_sc_hd__clkbuf_4)
    10    0.051027    0.120612    0.184647    2.697985 ^ fanout179/X (sky130_fd_sc_hd__clkbuf_4)
                                                         net179 (net)
                      0.120702    0.001769    2.699755 ^ _124_/S (sky130_fd_sc_hd__mux2_1)
     1    0.002578    0.037156    0.189802    2.889557 v _124_/X (sky130_fd_sc_hd__mux2_1)
                                                         _040_ (net)
                      0.037156    0.000075    2.889632 v _191_/D (sky130_fd_sc_hd__dfrtp_1)
                                              2.889632   data arrival time

                                 10.000000   10.000000   clock HCLK (rise edge)
                                  0.000000   10.000000   clock source latency
     1    0.059439    0.203180    0.147359   10.147359 ^ HCLK (in)
                                                         HCLK (net)
                      0.204534    0.000000   10.147359 ^ clkbuf_0_HCLK/A (sky130_fd_sc_hd__clkbuf_16)
     5    0.134022    0.114650    0.179325   10.326684 ^ clkbuf_0_HCLK/X (sky130_fd_sc_hd__clkbuf_16)
                                                         clknet_0_HCLK (net)
                      0.116431    0.011266   10.337950 ^ clkbuf_2_2_0_HCLK/A (sky130_fd_sc_hd__clkbuf_8)
     2    0.035419    0.056406    0.124539   10.462489 ^ clkbuf_2_2_0_HCLK/X (sky130_fd_sc_hd__clkbuf_8)
                                                         clknet_2_2_0_HCLK (net)
                      0.056729    0.003332   10.465821 ^ clkbuf_3_4__f_HCLK/A (sky130_fd_sc_hd__clkbuf_16)
    11    0.039914    0.045093    0.104074   10.569896 ^ clkbuf_3_4__f_HCLK/X (sky130_fd_sc_hd__clkbuf_16)
                                                         clknet_3_4__leaf_HCLK (net)
                      0.045132    0.001124   10.571020 ^ _191_/CLK (sky130_fd_sc_hd__dfrtp_1)
                                 -0.250000   10.321020   clock uncertainty
                                  0.000000   10.321020   clock reconvergence pessimism
                                 -0.073021   10.247998   library setup time
                                             10.247998   data required time
---------------------------------------------------------------------------------------------
                                             10.247998   data required time
                                             -2.889632   data arrival time
---------------------------------------------------------------------------------------------
                                              7.358366   slack (MET)


Startpoint: HTRANS[1] (input port clocked by HCLK)
Endpoint: _181_ (rising edge-triggered flip-flop clocked by HCLK)
Path Group: HCLK
Path Type: max

Fanout         Cap        Slew       Delay        Time   Description
---------------------------------------------------------------------------------------------
                                  0.000000    0.000000   clock HCLK (rise edge)
                                  0.000000    0.000000   clock network delay (propagated)
                                  2.000000    2.000000 v input external delay
     1    0.002800    0.004721    0.002277    2.002277 v HTRANS[1] (in)
                                                         HTRANS[1] (net)
                      0.004722    0.000000    2.002277 v input35/A (sky130_fd_sc_hd__buf_1)
     2    0.013877    0.058297    0.079915    2.082192 v input35/X (sky130_fd_sc_hd__buf_1)
                                                         net35 (net)
                      0.058344    0.001060    2.083252 v _083_/A (sky130_fd_sc_hd__nand2_1)
     1    0.009821    0.076996    0.081044    2.164296 ^ _083_/Y (sky130_fd_sc_hd__nand2_1)
                                                         _071_ (net)
                      0.076999    0.000382    2.164678 ^ fanout183/A (sky130_fd_sc_hd__buf_8)
     6    0.137828    0.166236    0.149379    2.314057 ^ fanout183/X (sky130_fd_sc_hd__buf_8)
                                                         net183 (net)
                      0.166443    0.005429    2.319486 ^ fanout180/A (sky130_fd_sc_hd__buf_2)
     7    0.046843    0.173077    0.192558    2.512044 ^ fanout180/X (sky130_fd_sc_hd__buf_2)
                                                         net180 (net)
                      0.173090    0.001294    2.513338 ^ fanout179/A (sky130_fd_sc_hd__clkbuf_4)
    10    0.051027    0.120612    0.184647    2.697985 ^ fanout179/X (sky130_fd_sc_hd__clkbuf_4)
                                                         net179 (net)
                      0.120686    0.001358    2.699343 ^ _114_/S (sky130_fd_sc_hd__mux2_1)
     1    0.002617    0.037297    0.190039    2.889382 v _114_/X (sky130_fd_sc_hd__mux2_1)
                                                         _030_ (net)
                      0.037297    0.000074    2.889456 v _181_/D (sky130_fd_sc_hd__dfrtp_1)
                                              2.889456   data arrival time

                                 10.000000   10.000000   clock HCLK (rise edge)
                                  0.000000   10.000000   clock source latency
     1    0.059439    0.203180    0.147359   10.147359 ^ HCLK (in)
                                                         HCLK (net)
                      0.204534    0.000000   10.147359 ^ clkbuf_0_HCLK/A (sky130_fd_sc_hd__clkbuf_16)
     5    0.134022    0.114650    0.179325   10.326684 ^ clkbuf_0_HCLK/X (sky130_fd_sc_hd__clkbuf_16)
                                                         clknet_0_HCLK (net)
                      0.116431    0.011266   10.337950 ^ clkbuf_2_2_0_HCLK/A (sky130_fd_sc_hd__clkbuf_8)
     2    0.035419    0.056406    0.124539   10.462489 ^ clkbuf_2_2_0_HCLK/X (sky130_fd_sc_hd__clkbuf_8)
                                                         clknet_2_2_0_HCLK (net)
                      0.056729    0.003332   10.465821 ^ clkbuf_3_4__f_HCLK/A (sky130_fd_sc_hd__clkbuf_16)
    11    0.039914    0.045093    0.104074   10.569896 ^ clkbuf_3_4__f_HCLK/X (sky130_fd_sc_hd__clkbuf_16)
                                                         clknet_3_4__leaf_HCLK (net)
                      0.045127    0.001052   10.570947 ^ _181_/CLK (sky130_fd_sc_hd__dfrtp_1)
                                 -0.250000   10.320947   clock uncertainty
                                  0.000000   10.320947   clock reconvergence pessimism
                                 -0.073072   10.247875   library setup time
                                             10.247875   data required time
---------------------------------------------------------------------------------------------
                                             10.247875   data required time
                                             -2.889456   data arrival time
---------------------------------------------------------------------------------------------
                                              7.358419   slack (MET)


Startpoint: HTRANS[1] (input port clocked by HCLK)
Endpoint: _194_ (rising edge-triggered flip-flop clocked by HCLK)
Path Group: HCLK
Path Type: max

Fanout         Cap        Slew       Delay        Time   Description
---------------------------------------------------------------------------------------------
                                  0.000000    0.000000   clock HCLK (rise edge)
                                  0.000000    0.000000   clock network delay (propagated)
                                  2.000000    2.000000 v input external delay
     1    0.002800    0.004721    0.002277    2.002277 v HTRANS[1] (in)
                                                         HTRANS[1] (net)
                      0.004722    0.000000    2.002277 v input35/A (sky130_fd_sc_hd__buf_1)
     2    0.013877    0.058297    0.079915    2.082192 v input35/X (sky130_fd_sc_hd__buf_1)
                                                         net35 (net)
                      0.058344    0.001060    2.083252 v _083_/A (sky130_fd_sc_hd__nand2_1)
     1    0.009821    0.076996    0.081044    2.164296 ^ _083_/Y (sky130_fd_sc_hd__nand2_1)
                                                         _071_ (net)
                      0.076999    0.000382    2.164678 ^ fanout183/A (sky130_fd_sc_hd__buf_8)
     6    0.137828    0.166236    0.149379    2.314057 ^ fanout183/X (sky130_fd_sc_hd__buf_8)
                                                         net183 (net)
                      0.166443    0.005429    2.319486 ^ fanout180/A (sky130_fd_sc_hd__buf_2)
     7    0.046843    0.173077    0.192558    2.512044 ^ fanout180/X (sky130_fd_sc_hd__buf_2)
                                                         net180 (net)
                      0.173090    0.001294    2.513338 ^ fanout179/A (sky130_fd_sc_hd__clkbuf_4)
    10    0.051027    0.120612    0.184647    2.697985 ^ fanout179/X (sky130_fd_sc_hd__clkbuf_4)
                                                         net179 (net)
                      0.120672    0.000811    2.698796 ^ _127_/S (sky130_fd_sc_hd__mux2_1)
     1    0.002549    0.037048    0.189621    2.888417 v _127_/X (sky130_fd_sc_hd__mux2_1)
                                                         _043_ (net)
                      0.037048    0.000072    2.888489 v _194_/D (sky130_fd_sc_hd__dfrtp_1)
                                              2.888489   data arrival time

                                 10.000000   10.000000   clock HCLK (rise edge)
                                  0.000000   10.000000   clock source latency
     1    0.059439    0.203180    0.147359   10.147359 ^ HCLK (in)
                                                         HCLK (net)
                      0.204534    0.000000   10.147359 ^ clkbuf_0_HCLK/A (sky130_fd_sc_hd__clkbuf_16)
     5    0.134022    0.114650    0.179325   10.326684 ^ clkbuf_0_HCLK/X (sky130_fd_sc_hd__clkbuf_16)
                                                         clknet_0_HCLK (net)
                      0.116431    0.011266   10.337950 ^ clkbuf_2_2_0_HCLK/A (sky130_fd_sc_hd__clkbuf_8)
     2    0.035419    0.056406    0.124539   10.462489 ^ clkbuf_2_2_0_HCLK/X (sky130_fd_sc_hd__clkbuf_8)
                                                         clknet_2_2_0_HCLK (net)
                      0.056729    0.003332   10.465821 ^ clkbuf_3_4__f_HCLK/A (sky130_fd_sc_hd__clkbuf_16)
    11    0.039914    0.045093    0.104074   10.569896 ^ clkbuf_3_4__f_HCLK/X (sky130_fd_sc_hd__clkbuf_16)
                                                         clknet_3_4__leaf_HCLK (net)
                      0.045106    0.000724   10.570620 ^ _194_/CLK (sky130_fd_sc_hd__dfrtp_1)
                                 -0.250000   10.320620   clock uncertainty
                                  0.000000   10.320620   clock reconvergence pessimism
                                 -0.072985   10.247634   library setup time
                                             10.247634   data required time
---------------------------------------------------------------------------------------------
                                             10.247634   data required time
                                             -2.888489   data arrival time
---------------------------------------------------------------------------------------------
                                              7.359146   slack (MET)


Startpoint: HTRANS[1] (input port clocked by HCLK)
Endpoint: _187_ (rising edge-triggered flip-flop clocked by HCLK)
Path Group: HCLK
Path Type: max

Fanout         Cap        Slew       Delay        Time   Description
---------------------------------------------------------------------------------------------
                                  0.000000    0.000000   clock HCLK (rise edge)
                                  0.000000    0.000000   clock network delay (propagated)
                                  2.000000    2.000000 v input external delay
     1    0.002800    0.004721    0.002277    2.002277 v HTRANS[1] (in)
                                                         HTRANS[1] (net)
                      0.004722    0.000000    2.002277 v input35/A (sky130_fd_sc_hd__buf_1)
     2    0.013877    0.058297    0.079915    2.082192 v input35/X (sky130_fd_sc_hd__buf_1)
                                                         net35 (net)
                      0.058344    0.001060    2.083252 v _083_/A (sky130_fd_sc_hd__nand2_1)
     1    0.009821    0.076996    0.081044    2.164296 ^ _083_/Y (sky130_fd_sc_hd__nand2_1)
                                                         _071_ (net)
                      0.076999    0.000382    2.164678 ^ fanout183/A (sky130_fd_sc_hd__buf_8)
     6    0.137828    0.166236    0.149379    2.314057 ^ fanout183/X (sky130_fd_sc_hd__buf_8)
                                                         net183 (net)
                      0.179542    0.035248    2.349305 ^ fanout178/A (sky130_fd_sc_hd__buf_8)
     5    0.123520    0.153247    0.161353    2.510658 ^ fanout178/X (sky130_fd_sc_hd__buf_8)
                                                         net178 (net)
                      0.154892    0.012725    2.523384 ^ fanout176/A (sky130_fd_sc_hd__buf_8)
    12    0.129657    0.158843    0.153834    2.677217 ^ fanout176/X (sky130_fd_sc_hd__buf_8)
                                                         net176 (net)
                      0.159545    0.008953    2.686171 ^ _120_/S (sky130_fd_sc_hd__mux2_1)
     1    0.003701    0.041943    0.197277    2.883447 v _120_/X (sky130_fd_sc_hd__mux2_1)
                                                         _036_ (net)
                      0.041943    0.000121    2.883568 v _187_/D (sky130_fd_sc_hd__dfrtp_1)
                                              2.883568   data arrival time

                                 10.000000   10.000000   clock HCLK (rise edge)
                                  0.000000   10.000000   clock source latency
     1    0.059439    0.203180    0.147359   10.147359 ^ HCLK (in)
                                                         HCLK (net)
                      0.204534    0.000000   10.147359 ^ clkbuf_0_HCLK/A (sky130_fd_sc_hd__clkbuf_16)
     5    0.134022    0.114650    0.179325   10.326684 ^ clkbuf_0_HCLK/X (sky130_fd_sc_hd__clkbuf_16)
                                                         clknet_0_HCLK (net)
                      0.116959    0.012824   10.339507 ^ clkbuf_2_0_0_HCLK/A (sky130_fd_sc_hd__clkbuf_8)
     2    0.040129    0.062153    0.129216   10.468723 ^ clkbuf_2_0_0_HCLK/X (sky130_fd_sc_hd__clkbuf_8)
                                                         clknet_2_0_0_HCLK (net)
                      0.062464    0.003471   10.472194 ^ clkbuf_3_1__f_HCLK/A (sky130_fd_sc_hd__clkbuf_16)
     7    0.035580    0.041831    0.102191   10.574386 ^ clkbuf_3_1__f_HCLK/X (sky130_fd_sc_hd__clkbuf_16)
                                                         clknet_3_1__leaf_HCLK (net)
                      0.042448    0.003785   10.578170 ^ _187_/CLK (sky130_fd_sc_hd__dfrtp_1)
                                 -0.250000   10.328170   clock uncertainty
                                  0.000000   10.328170   clock reconvergence pessimism
                                 -0.074989   10.253181   library setup time
                                             10.253181   data required time
---------------------------------------------------------------------------------------------
                                             10.253181   data required time
                                             -2.883568   data arrival time
---------------------------------------------------------------------------------------------
                                              7.369613   slack (MET)


Startpoint: HTRANS[1] (input port clocked by HCLK)
Endpoint: _212_ (rising edge-triggered flip-flop clocked by HCLK)
Path Group: HCLK
Path Type: max

Fanout         Cap        Slew       Delay        Time   Description
---------------------------------------------------------------------------------------------
                                  0.000000    0.000000   clock HCLK (rise edge)
                                  0.000000    0.000000   clock network delay (propagated)
                                  2.000000    2.000000 v input external delay
     1    0.002800    0.004721    0.002277    2.002277 v HTRANS[1] (in)
                                                         HTRANS[1] (net)
                      0.004722    0.000000    2.002277 v input35/A (sky130_fd_sc_hd__buf_1)
     2    0.013877    0.058297    0.079915    2.082192 v input35/X (sky130_fd_sc_hd__buf_1)
                                                         net35 (net)
                      0.058344    0.001060    2.083252 v _083_/A (sky130_fd_sc_hd__nand2_1)
     1    0.009821    0.076996    0.081044    2.164296 ^ _083_/Y (sky130_fd_sc_hd__nand2_1)
                                                         _071_ (net)
                      0.076999    0.000382    2.164678 ^ fanout183/A (sky130_fd_sc_hd__buf_8)
     6    0.137828    0.166236    0.149379    2.314057 ^ fanout183/X (sky130_fd_sc_hd__buf_8)
                                                         net183 (net)
                      0.179542    0.035248    2.349305 ^ fanout178/A (sky130_fd_sc_hd__buf_8)
     5    0.123520    0.153247    0.161353    2.510658 ^ fanout178/X (sky130_fd_sc_hd__buf_8)
                                                         net178 (net)
                      0.154892    0.012725    2.523384 ^ fanout176/A (sky130_fd_sc_hd__buf_8)
    12    0.129657    0.158843    0.153834    2.677217 ^ fanout176/X (sky130_fd_sc_hd__buf_8)
                                                         net176 (net)
                      0.159629    0.009430    2.686648 ^ _145_/S (sky130_fd_sc_hd__mux2_1)
     1    0.003158    0.039457    0.193949    2.880597 v _145_/X (sky130_fd_sc_hd__mux2_1)
                                                         _061_ (net)
                      0.039457    0.000076    2.880673 v _212_/D (sky130_fd_sc_hd__dfrtp_1)
                                              2.880673   data arrival time

                                 10.000000   10.000000   clock HCLK (rise edge)
                                  0.000000   10.000000   clock source latency
     1    0.059439    0.203180    0.147359   10.147359 ^ HCLK (in)
                                                         HCLK (net)
                      0.204534    0.000000   10.147359 ^ clkbuf_0_HCLK/A (sky130_fd_sc_hd__clkbuf_16)
     5    0.134022    0.114650    0.179325   10.326684 ^ clkbuf_0_HCLK/X (sky130_fd_sc_hd__clkbuf_16)
                                                         clknet_0_HCLK (net)
                      0.116959    0.012824   10.339507 ^ clkbuf_2_0_0_HCLK/A (sky130_fd_sc_hd__clkbuf_8)
     2    0.040129    0.062153    0.129216   10.468723 ^ clkbuf_2_0_0_HCLK/X (sky130_fd_sc_hd__clkbuf_8)
                                                         clknet_2_0_0_HCLK (net)
                      0.062464    0.003471   10.472194 ^ clkbuf_3_1__f_HCLK/A (sky130_fd_sc_hd__clkbuf_16)
     7    0.035580    0.041831    0.102191   10.574386 ^ clkbuf_3_1__f_HCLK/X (sky130_fd_sc_hd__clkbuf_16)
                                                         clknet_3_1__leaf_HCLK (net)
                      0.042394    0.003566   10.577951 ^ _212_/CLK (sky130_fd_sc_hd__dfrtp_1)
                                 -0.250000   10.327951   clock uncertainty
                                  0.000000   10.327951   clock reconvergence pessimism
                                 -0.074106   10.253845   library setup time
                                             10.253845   data required time
---------------------------------------------------------------------------------------------
                                             10.253845   data required time
                                             -2.880673   data arrival time
---------------------------------------------------------------------------------------------
                                              7.373172   slack (MET)


Startpoint: HTRANS[1] (input port clocked by HCLK)
Endpoint: _160_ (rising edge-triggered flip-flop clocked by HCLK)
Path Group: HCLK
Path Type: max

Fanout         Cap        Slew       Delay        Time   Description
---------------------------------------------------------------------------------------------
                                  0.000000    0.000000   clock HCLK (rise edge)
                                  0.000000    0.000000   clock network delay (propagated)
                                  2.000000    2.000000 v input external delay
     1    0.002800    0.004721    0.002277    2.002277 v HTRANS[1] (in)
                                                         HTRANS[1] (net)
                      0.004722    0.000000    2.002277 v input35/A (sky130_fd_sc_hd__buf_1)
     2    0.013877    0.058297    0.079915    2.082192 v input35/X (sky130_fd_sc_hd__buf_1)
                                                         net35 (net)
                      0.058344    0.001060    2.083252 v _083_/A (sky130_fd_sc_hd__nand2_1)
     1    0.009821    0.076996    0.081044    2.164296 ^ _083_/Y (sky130_fd_sc_hd__nand2_1)
                                                         _071_ (net)
                      0.076999    0.000382    2.164678 ^ fanout183/A (sky130_fd_sc_hd__buf_8)
     6    0.137828    0.166236    0.149379    2.314057 ^ fanout183/X (sky130_fd_sc_hd__buf_8)
                                                         net183 (net)
                      0.179542    0.035248    2.349305 ^ fanout178/A (sky130_fd_sc_hd__buf_8)
     5    0.123520    0.153247    0.161353    2.510658 ^ fanout178/X (sky130_fd_sc_hd__buf_8)
                                                         net178 (net)
                      0.154892    0.012725    2.523384 ^ fanout176/A (sky130_fd_sc_hd__buf_8)
    12    0.129657    0.158843    0.153834    2.677217 ^ fanout176/X (sky130_fd_sc_hd__buf_8)
                                                         net176 (net)
                      0.159266    0.007058    2.684276 ^ _093_/S (sky130_fd_sc_hd__mux2_1)
     1    0.003110    0.039245    0.193644    2.877919 v _093_/X (sky130_fd_sc_hd__mux2_1)
                                                         _009_ (net)
                      0.039245    0.000094    2.878013 v _160_/D (sky130_fd_sc_hd__dfrtp_1)
                                              2.878013   data arrival time

                                 10.000000   10.000000   clock HCLK (rise edge)
                                  0.000000   10.000000   clock source latency
     1    0.059439    0.203180    0.147359   10.147359 ^ HCLK (in)
                                                         HCLK (net)
                      0.204534    0.000000   10.147359 ^ clkbuf_0_HCLK/A (sky130_fd_sc_hd__clkbuf_16)
     5    0.134022    0.114650    0.179325   10.326684 ^ clkbuf_0_HCLK/X (sky130_fd_sc_hd__clkbuf_16)
                                                         clknet_0_HCLK (net)
                      0.116959    0.012824   10.339507 ^ clkbuf_2_0_0_HCLK/A (sky130_fd_sc_hd__clkbuf_8)
     2    0.040129    0.062153    0.129216   10.468723 ^ clkbuf_2_0_0_HCLK/X (sky130_fd_sc_hd__clkbuf_8)
                                                         clknet_2_0_0_HCLK (net)
                      0.062464    0.003471   10.472194 ^ clkbuf_3_1__f_HCLK/A (sky130_fd_sc_hd__clkbuf_16)
     7    0.035580    0.041831    0.102191   10.574386 ^ clkbuf_3_1__f_HCLK/X (sky130_fd_sc_hd__clkbuf_16)
                                                         clknet_3_1__leaf_HCLK (net)
                      0.042514    0.004039   10.578424 ^ _160_/CLK (sky130_fd_sc_hd__dfrtp_1)
                                 -0.250000   10.328424   clock uncertainty
                                  0.000000   10.328424   clock reconvergence pessimism
                                 -0.074019   10.254405   library setup time
                                             10.254405   data required time
---------------------------------------------------------------------------------------------
                                             10.254405   data required time
                                             -2.878013   data arrival time
---------------------------------------------------------------------------------------------
                                              7.376391   slack (MET)


Startpoint: HTRANS[1] (input port clocked by HCLK)
Endpoint: _202_ (rising edge-triggered flip-flop clocked by HCLK)
Path Group: HCLK
Path Type: max

Fanout         Cap        Slew       Delay        Time   Description
---------------------------------------------------------------------------------------------
                                  0.000000    0.000000   clock HCLK (rise edge)
                                  0.000000    0.000000   clock network delay (propagated)
                                  2.000000    2.000000 v input external delay
     1    0.002800    0.004721    0.002277    2.002277 v HTRANS[1] (in)
                                                         HTRANS[1] (net)
                      0.004722    0.000000    2.002277 v input35/A (sky130_fd_sc_hd__buf_1)
     2    0.013877    0.058297    0.079915    2.082192 v input35/X (sky130_fd_sc_hd__buf_1)
                                                         net35 (net)
                      0.058344    0.001060    2.083252 v _083_/A (sky130_fd_sc_hd__nand2_1)
     1    0.009821    0.076996    0.081044    2.164296 ^ _083_/Y (sky130_fd_sc_hd__nand2_1)
                                                         _071_ (net)
                      0.076999    0.000382    2.164678 ^ fanout183/A (sky130_fd_sc_hd__buf_8)
     6    0.137828    0.166236    0.149379    2.314057 ^ fanout183/X (sky130_fd_sc_hd__buf_8)
                                                         net183 (net)
                      0.179542    0.035248    2.349305 ^ fanout178/A (sky130_fd_sc_hd__buf_8)
     5    0.123520    0.153247    0.161353    2.510658 ^ fanout178/X (sky130_fd_sc_hd__buf_8)
                                                         net178 (net)
                      0.154892    0.012725    2.523384 ^ fanout176/A (sky130_fd_sc_hd__buf_8)
    12    0.129657    0.158843    0.153834    2.677217 ^ fanout176/X (sky130_fd_sc_hd__buf_8)
                                                         net176 (net)
                      0.159033    0.004709    2.681926 ^ _135_/S (sky130_fd_sc_hd__mux2_1)
     1    0.003279    0.040002    0.194679    2.876606 v _135_/X (sky130_fd_sc_hd__mux2_1)
                                                         _051_ (net)
                      0.040002    0.000104    2.876709 v _202_/D (sky130_fd_sc_hd__dfrtp_1)
                                              2.876709   data arrival time

                                 10.000000   10.000000   clock HCLK (rise edge)
                                  0.000000   10.000000   clock source latency
     1    0.059439    0.203180    0.147359   10.147359 ^ HCLK (in)
                                                         HCLK (net)
                      0.204534    0.000000   10.147359 ^ clkbuf_0_HCLK/A (sky130_fd_sc_hd__clkbuf_16)
     5    0.134022    0.114650    0.179325   10.326684 ^ clkbuf_0_HCLK/X (sky130_fd_sc_hd__clkbuf_16)
                                                         clknet_0_HCLK (net)
                      0.116959    0.012824   10.339507 ^ clkbuf_2_0_0_HCLK/A (sky130_fd_sc_hd__clkbuf_8)
     2    0.040129    0.062153    0.129216   10.468723 ^ clkbuf_2_0_0_HCLK/X (sky130_fd_sc_hd__clkbuf_8)
                                                         clknet_2_0_0_HCLK (net)
                      0.062464    0.003471   10.472194 ^ clkbuf_3_1__f_HCLK/A (sky130_fd_sc_hd__clkbuf_16)
     7    0.035580    0.041831    0.102191   10.574386 ^ clkbuf_3_1__f_HCLK/X (sky130_fd_sc_hd__clkbuf_16)
                                                         clknet_3_1__leaf_HCLK (net)
                      0.042545    0.004151   10.578537 ^ _202_/CLK (sky130_fd_sc_hd__dfrtp_1)
                                 -0.250000   10.328537   clock uncertainty
                                  0.000000   10.328537   clock reconvergence pessimism
                                 -0.074287   10.254251   library setup time
                                             10.254251   data required time
---------------------------------------------------------------------------------------------
                                             10.254251   data required time
                                             -2.876709   data arrival time
---------------------------------------------------------------------------------------------
                                              7.377541   slack (MET)


Startpoint: HTRANS[1] (input port clocked by HCLK)
Endpoint: _161_ (rising edge-triggered flip-flop clocked by HCLK)
Path Group: HCLK
Path Type: max

Fanout         Cap        Slew       Delay        Time   Description
---------------------------------------------------------------------------------------------
                                  0.000000    0.000000   clock HCLK (rise edge)
                                  0.000000    0.000000   clock network delay (propagated)
                                  2.000000    2.000000 v input external delay
     1    0.002800    0.004721    0.002277    2.002277 v HTRANS[1] (in)
                                                         HTRANS[1] (net)
                      0.004722    0.000000    2.002277 v input35/A (sky130_fd_sc_hd__buf_1)
     2    0.013877    0.058297    0.079915    2.082192 v input35/X (sky130_fd_sc_hd__buf_1)
                                                         net35 (net)
                      0.058344    0.001060    2.083252 v _083_/A (sky130_fd_sc_hd__nand2_1)
     1    0.009821    0.076996    0.081044    2.164296 ^ _083_/Y (sky130_fd_sc_hd__nand2_1)
                                                         _071_ (net)
                      0.076999    0.000382    2.164678 ^ fanout183/A (sky130_fd_sc_hd__buf_8)
     6    0.137828    0.166236    0.149379    2.314057 ^ fanout183/X (sky130_fd_sc_hd__buf_8)
                                                         net183 (net)
                      0.179542    0.035248    2.349305 ^ fanout178/A (sky130_fd_sc_hd__buf_8)
     5    0.123520    0.153247    0.161353    2.510658 ^ fanout178/X (sky130_fd_sc_hd__buf_8)
                                                         net178 (net)
                      0.154892    0.012725    2.523384 ^ fanout176/A (sky130_fd_sc_hd__buf_8)
    12    0.129657    0.158843    0.153834    2.677217 ^ fanout176/X (sky130_fd_sc_hd__buf_8)
                                                         net176 (net)
                      0.158962    0.004108    2.681325 ^ _094_/S (sky130_fd_sc_hd__mux2_1)
     1    0.002571    0.037078    0.190329    2.871654 v _094_/X (sky130_fd_sc_hd__mux2_1)
                                                         _010_ (net)
                      0.037078    0.000074    2.871728 v _161_/D (sky130_fd_sc_hd__dfrtp_1)
                                              2.871728   data arrival time

                                 10.000000   10.000000   clock HCLK (rise edge)
                                  0.000000   10.000000   clock source latency
     1    0.059439    0.203180    0.147359   10.147359 ^ HCLK (in)
                                                         HCLK (net)
                      0.204534    0.000000   10.147359 ^ clkbuf_0_HCLK/A (sky130_fd_sc_hd__clkbuf_16)
     5    0.134022    0.114650    0.179325   10.326684 ^ clkbuf_0_HCLK/X (sky130_fd_sc_hd__clkbuf_16)
                                                         clknet_0_HCLK (net)
                      0.116959    0.012824   10.339507 ^ clkbuf_2_0_0_HCLK/A (sky130_fd_sc_hd__clkbuf_8)
     2    0.040129    0.062153    0.129216   10.468723 ^ clkbuf_2_0_0_HCLK/X (sky130_fd_sc_hd__clkbuf_8)
                                                         clknet_2_0_0_HCLK (net)
                      0.062464    0.003471   10.472194 ^ clkbuf_3_1__f_HCLK/A (sky130_fd_sc_hd__clkbuf_16)
     7    0.035580    0.041831    0.102191   10.574386 ^ clkbuf_3_1__f_HCLK/X (sky130_fd_sc_hd__clkbuf_16)
                                                         clknet_3_1__leaf_HCLK (net)
                      0.042570    0.004245   10.578629 ^ _161_/CLK (sky130_fd_sc_hd__dfrtp_1)
                                 -0.250000   10.328629   clock uncertainty
                                  0.000000   10.328629   clock reconvergence pessimism
                                 -0.073240   10.255390   library setup time
                                             10.255390   data required time
---------------------------------------------------------------------------------------------
                                             10.255390   data required time
                                             -2.871728   data arrival time
---------------------------------------------------------------------------------------------
                                              7.383662   slack (MET)


Startpoint: HTRANS[1] (input port clocked by HCLK)
Endpoint: _197_ (rising edge-triggered flip-flop clocked by HCLK)
Path Group: HCLK
Path Type: max

Fanout         Cap        Slew       Delay        Time   Description
---------------------------------------------------------------------------------------------
                                  0.000000    0.000000   clock HCLK (rise edge)
                                  0.000000    0.000000   clock network delay (propagated)
                                  2.000000    2.000000 v input external delay
     1    0.002800    0.004721    0.002277    2.002277 v HTRANS[1] (in)
                                                         HTRANS[1] (net)
                      0.004722    0.000000    2.002277 v input35/A (sky130_fd_sc_hd__buf_1)
     2    0.013877    0.058297    0.079915    2.082192 v input35/X (sky130_fd_sc_hd__buf_1)
                                                         net35 (net)
                      0.058344    0.001060    2.083252 v _083_/A (sky130_fd_sc_hd__nand2_1)
     1    0.009821    0.076996    0.081044    2.164296 ^ _083_/Y (sky130_fd_sc_hd__nand2_1)
                                                         _071_ (net)
                      0.076999    0.000382    2.164678 ^ fanout183/A (sky130_fd_sc_hd__buf_8)
     6    0.137828    0.166236    0.149379    2.314057 ^ fanout183/X (sky130_fd_sc_hd__buf_8)
                                                         net183 (net)
                      0.179542    0.035248    2.349305 ^ fanout178/A (sky130_fd_sc_hd__buf_8)
     5    0.123520    0.153247    0.161353    2.510658 ^ fanout178/X (sky130_fd_sc_hd__buf_8)
                                                         net178 (net)
                      0.154892    0.012725    2.523384 ^ fanout176/A (sky130_fd_sc_hd__buf_8)
    12    0.129657    0.158843    0.153834    2.677217 ^ fanout176/X (sky130_fd_sc_hd__buf_8)
                                                         net176 (net)
                      0.158883    0.002476    2.679694 ^ _130_/S (sky130_fd_sc_hd__mux2_1)
     1    0.002642    0.037345    0.190768    2.870462 v _130_/X (sky130_fd_sc_hd__mux2_1)
                                                         _046_ (net)
                      0.037345    0.000077    2.870539 v _197_/D (sky130_fd_sc_hd__dfrtp_1)
                                              2.870539   data arrival time

                                 10.000000   10.000000   clock HCLK (rise edge)
                                  0.000000   10.000000   clock source latency
     1    0.059439    0.203180    0.147359   10.147359 ^ HCLK (in)
                                                         HCLK (net)
                      0.204534    0.000000   10.147359 ^ clkbuf_0_HCLK/A (sky130_fd_sc_hd__clkbuf_16)
     5    0.134022    0.114650    0.179325   10.326684 ^ clkbuf_0_HCLK/X (sky130_fd_sc_hd__clkbuf_16)
                                                         clknet_0_HCLK (net)
                      0.116959    0.012824   10.339507 ^ clkbuf_2_0_0_HCLK/A (sky130_fd_sc_hd__clkbuf_8)
     2    0.040129    0.062153    0.129216   10.468723 ^ clkbuf_2_0_0_HCLK/X (sky130_fd_sc_hd__clkbuf_8)
                                                         clknet_2_0_0_HCLK (net)
                      0.062464    0.003471   10.472194 ^ clkbuf_3_1__f_HCLK/A (sky130_fd_sc_hd__clkbuf_16)
     7    0.035580    0.041831    0.102191   10.574386 ^ clkbuf_3_1__f_HCLK/X (sky130_fd_sc_hd__clkbuf_16)
                                                         clknet_3_1__leaf_HCLK (net)
                      0.042611    0.004392   10.578777 ^ _197_/CLK (sky130_fd_sc_hd__dfrtp_1)
                                 -0.250000   10.328777   clock uncertainty
                                  0.000000   10.328777   clock reconvergence pessimism
                                 -0.073332   10.255445   library setup time
                                             10.255445   data required time
---------------------------------------------------------------------------------------------
                                             10.255445   data required time
                                             -2.870539   data arrival time
---------------------------------------------------------------------------------------------
                                              7.384907   slack (MET)


Startpoint: HTRANS[1] (input port clocked by HCLK)
Endpoint: _203_ (rising edge-triggered flip-flop clocked by HCLK)
Path Group: HCLK
Path Type: max

Fanout         Cap        Slew       Delay        Time   Description
---------------------------------------------------------------------------------------------
                                  0.000000    0.000000   clock HCLK (rise edge)
                                  0.000000    0.000000   clock network delay (propagated)
                                  2.000000    2.000000 v input external delay
     1    0.002800    0.004721    0.002277    2.002277 v HTRANS[1] (in)
                                                         HTRANS[1] (net)
                      0.004722    0.000000    2.002277 v input35/A (sky130_fd_sc_hd__buf_1)
     2    0.013877    0.058297    0.079915    2.082192 v input35/X (sky130_fd_sc_hd__buf_1)
                                                         net35 (net)
                      0.058344    0.001060    2.083252 v _083_/A (sky130_fd_sc_hd__nand2_1)
     1    0.009821    0.076996    0.081044    2.164296 ^ _083_/Y (sky130_fd_sc_hd__nand2_1)
                                                         _071_ (net)
                      0.076999    0.000382    2.164678 ^ fanout183/A (sky130_fd_sc_hd__buf_8)
     6    0.137828    0.166236    0.149379    2.314057 ^ fanout183/X (sky130_fd_sc_hd__buf_8)
                                                         net183 (net)
                      0.179542    0.035248    2.349305 ^ fanout178/A (sky130_fd_sc_hd__buf_8)
     5    0.123520    0.153247    0.161353    2.510658 ^ fanout178/X (sky130_fd_sc_hd__buf_8)
                                                         net178 (net)
                      0.154892    0.012725    2.523384 ^ fanout176/A (sky130_fd_sc_hd__buf_8)
    12    0.129657    0.158843    0.153834    2.677217 ^ fanout176/X (sky130_fd_sc_hd__buf_8)
                                                         net176 (net)
                      0.160481    0.013119    2.690336 ^ _136_/S (sky130_fd_sc_hd__mux2_1)
     1    0.002620    0.037258    0.190649    2.880985 v _136_/X (sky130_fd_sc_hd__mux2_1)
                                                         _052_ (net)
                      0.037258    0.000075    2.881061 v _203_/D (sky130_fd_sc_hd__dfrtp_1)
                                              2.881061   data arrival time

                                 10.000000   10.000000   clock HCLK (rise edge)
                                  0.000000   10.000000   clock source latency
     1    0.059439    0.203180    0.147359   10.147359 ^ HCLK (in)
                                                         HCLK (net)
                      0.204534    0.000000   10.147359 ^ clkbuf_0_HCLK/A (sky130_fd_sc_hd__clkbuf_16)
     5    0.134022    0.114650    0.179325   10.326684 ^ clkbuf_0_HCLK/X (sky130_fd_sc_hd__clkbuf_16)
                                                         clknet_0_HCLK (net)
                      0.116959    0.012824   10.339507 ^ clkbuf_2_0_0_HCLK/A (sky130_fd_sc_hd__clkbuf_8)
     2    0.040129    0.062153    0.129216   10.468723 ^ clkbuf_2_0_0_HCLK/X (sky130_fd_sc_hd__clkbuf_8)
                                                         clknet_2_0_0_HCLK (net)
                      0.062259    0.002039   10.470762 ^ clkbuf_3_0__f_HCLK/A (sky130_fd_sc_hd__clkbuf_16)
     8    0.097836    0.087373    0.134039   10.604801 ^ clkbuf_3_0__f_HCLK/X (sky130_fd_sc_hd__clkbuf_16)
                                                         clknet_3_0__leaf_HCLK (net)
                      0.088578    0.008123   10.612925 ^ _203_/CLK (sky130_fd_sc_hd__dfrtp_1)
                                 -0.250000   10.362925   clock uncertainty
                                  0.000000   10.362925   clock reconvergence pessimism
                                 -0.068873   10.294050   library setup time
                                             10.294050   data required time
---------------------------------------------------------------------------------------------
                                             10.294050   data required time
                                             -2.881061   data arrival time
---------------------------------------------------------------------------------------------
                                              7.412990   slack (MET)


Startpoint: HTRANS[1] (input port clocked by HCLK)
Endpoint: _174_ (rising edge-triggered flip-flop clocked by HCLK)
Path Group: HCLK
Path Type: max

Fanout         Cap        Slew       Delay        Time   Description
---------------------------------------------------------------------------------------------
                                  0.000000    0.000000   clock HCLK (rise edge)
                                  0.000000    0.000000   clock network delay (propagated)
                                  2.000000    2.000000 v input external delay
     1    0.002800    0.004721    0.002277    2.002277 v HTRANS[1] (in)
                                                         HTRANS[1] (net)
                      0.004722    0.000000    2.002277 v input35/A (sky130_fd_sc_hd__buf_1)
     2    0.013877    0.058297    0.079915    2.082192 v input35/X (sky130_fd_sc_hd__buf_1)
                                                         net35 (net)
                      0.058344    0.001060    2.083252 v _083_/A (sky130_fd_sc_hd__nand2_1)
     1    0.009821    0.076996    0.081044    2.164296 ^ _083_/Y (sky130_fd_sc_hd__nand2_1)
                                                         _071_ (net)
                      0.076999    0.000382    2.164678 ^ fanout183/A (sky130_fd_sc_hd__buf_8)
     6    0.137828    0.166236    0.149379    2.314057 ^ fanout183/X (sky130_fd_sc_hd__buf_8)
                                                         net183 (net)
                      0.179542    0.035248    2.349305 ^ fanout178/A (sky130_fd_sc_hd__buf_8)
     5    0.123520    0.153247    0.161353    2.510658 ^ fanout178/X (sky130_fd_sc_hd__buf_8)
                                                         net178 (net)
                      0.154892    0.012725    2.523384 ^ fanout176/A (sky130_fd_sc_hd__buf_8)
    12    0.129657    0.158843    0.153834    2.677217 ^ fanout176/X (sky130_fd_sc_hd__buf_8)
                                                         net176 (net)
                      0.160473    0.013092    2.690309 ^ _107_/S (sky130_fd_sc_hd__mux2_1)
     1    0.002613    0.037233    0.190606    2.880915 v _107_/X (sky130_fd_sc_hd__mux2_1)
                                                         _023_ (net)
                      0.037233    0.000076    2.880991 v _174_/D (sky130_fd_sc_hd__dfrtp_1)
                                              2.880991   data arrival time

                                 10.000000   10.000000   clock HCLK (rise edge)
                                  0.000000   10.000000   clock source latency
     1    0.059439    0.203180    0.147359   10.147359 ^ HCLK (in)
                                                         HCLK (net)
                      0.204534    0.000000   10.147359 ^ clkbuf_0_HCLK/A (sky130_fd_sc_hd__clkbuf_16)
     5    0.134022    0.114650    0.179325   10.326684 ^ clkbuf_0_HCLK/X (sky130_fd_sc_hd__clkbuf_16)
                                                         clknet_0_HCLK (net)
                      0.116959    0.012824   10.339507 ^ clkbuf_2_0_0_HCLK/A (sky130_fd_sc_hd__clkbuf_8)
     2    0.040129    0.062153    0.129216   10.468723 ^ clkbuf_2_0_0_HCLK/X (sky130_fd_sc_hd__clkbuf_8)
                                                         clknet_2_0_0_HCLK (net)
                      0.062259    0.002039   10.470762 ^ clkbuf_3_0__f_HCLK/A (sky130_fd_sc_hd__clkbuf_16)
     8    0.097836    0.087373    0.134039   10.604801 ^ clkbuf_3_0__f_HCLK/X (sky130_fd_sc_hd__clkbuf_16)
                                                         clknet_3_0__leaf_HCLK (net)
                      0.088572    0.008106   10.612906 ^ _174_/CLK (sky130_fd_sc_hd__dfrtp_1)
                                 -0.250000   10.362906   clock uncertainty
                                  0.000000   10.362906   clock reconvergence pessimism
                                 -0.068865   10.294042   library setup time
                                             10.294042   data required time
---------------------------------------------------------------------------------------------
                                             10.294042   data required time
                                             -2.880991   data arrival time
---------------------------------------------------------------------------------------------
                                              7.413050   slack (MET)


Startpoint: HTRANS[1] (input port clocked by HCLK)
Endpoint: _167_ (rising edge-triggered flip-flop clocked by HCLK)
Path Group: HCLK
Path Type: max

Fanout         Cap        Slew       Delay        Time   Description
---------------------------------------------------------------------------------------------
                                  0.000000    0.000000   clock HCLK (rise edge)
                                  0.000000    0.000000   clock network delay (propagated)
                                  2.000000    2.000000 v input external delay
     1    0.002800    0.004721    0.002277    2.002277 v HTRANS[1] (in)
                                                         HTRANS[1] (net)
                      0.004722    0.000000    2.002277 v input35/A (sky130_fd_sc_hd__buf_1)
     2    0.013877    0.058297    0.079915    2.082192 v input35/X (sky130_fd_sc_hd__buf_1)
                                                         net35 (net)
                      0.058344    0.001060    2.083252 v _083_/A (sky130_fd_sc_hd__nand2_1)
     1    0.009821    0.076996    0.081044    2.164296 ^ _083_/Y (sky130_fd_sc_hd__nand2_1)
                                                         _071_ (net)
                      0.076999    0.000382    2.164678 ^ fanout183/A (sky130_fd_sc_hd__buf_8)
     6    0.137828    0.166236    0.149379    2.314057 ^ fanout183/X (sky130_fd_sc_hd__buf_8)
                                                         net183 (net)
                      0.166249    0.001434    2.315491 ^ fanout182/A (sky130_fd_sc_hd__buf_2)
     6    0.050109    0.184474    0.202307    2.517798 ^ fanout182/X (sky130_fd_sc_hd__buf_2)
                                                         net182 (net)
                      0.184531    0.002685    2.520483 ^ _100_/S (sky130_fd_sc_hd__mux2_1)
     1    0.003140    0.039353    0.194122    2.714605 v _100_/X (sky130_fd_sc_hd__mux2_1)
                                                         _016_ (net)
                      0.039353    0.000091    2.714696 v _167_/D (sky130_fd_sc_hd__dfrtp_1)
                                              2.714696   data arrival time

                                 10.000000   10.000000   clock HCLK (rise edge)
                                  0.000000   10.000000   clock source latency
     1    0.059439    0.203180    0.147359   10.147359 ^ HCLK (in)
                                                         HCLK (net)
                      0.204534    0.000000   10.147359 ^ clkbuf_0_HCLK/A (sky130_fd_sc_hd__clkbuf_16)
     5    0.134022    0.114650    0.179325   10.326684 ^ clkbuf_0_HCLK/X (sky130_fd_sc_hd__clkbuf_16)
                                                         clknet_0_HCLK (net)
                      0.116431    0.011266   10.337950 ^ clkbuf_2_2_0_HCLK/A (sky130_fd_sc_hd__clkbuf_8)
     2    0.035419    0.056406    0.124539   10.462489 ^ clkbuf_2_2_0_HCLK/X (sky130_fd_sc_hd__clkbuf_8)
                                                         clknet_2_2_0_HCLK (net)
                      0.056729    0.003332   10.465821 ^ clkbuf_3_4__f_HCLK/A (sky130_fd_sc_hd__clkbuf_16)
    11    0.039914    0.045093    0.104074   10.569896 ^ clkbuf_3_4__f_HCLK/X (sky130_fd_sc_hd__clkbuf_16)
                                                         clknet_3_4__leaf_HCLK (net)
                      0.045131    0.001108   10.571004 ^ _167_/CLK (sky130_fd_sc_hd__dfrtp_1)
                                 -0.250000   10.321004   clock uncertainty
                                  0.000000   10.321004   clock reconvergence pessimism
                                 -0.073806   10.247198   library setup time
                                             10.247198   data required time
---------------------------------------------------------------------------------------------
                                             10.247198   data required time
                                             -2.714696   data arrival time
---------------------------------------------------------------------------------------------
                                              7.532502   slack (MET)


Startpoint: HTRANS[1] (input port clocked by HCLK)
Endpoint: _159_ (rising edge-triggered flip-flop clocked by HCLK)
Path Group: HCLK
Path Type: max

Fanout         Cap        Slew       Delay        Time   Description
---------------------------------------------------------------------------------------------
                                  0.000000    0.000000   clock HCLK (rise edge)
                                  0.000000    0.000000   clock network delay (propagated)
                                  2.000000    2.000000 v input external delay
     1    0.002800    0.004721    0.002277    2.002277 v HTRANS[1] (in)
                                                         HTRANS[1] (net)
                      0.004722    0.000000    2.002277 v input35/A (sky130_fd_sc_hd__buf_1)
     2    0.013877    0.058297    0.079915    2.082192 v input35/X (sky130_fd_sc_hd__buf_1)
                                                         net35 (net)
                      0.058344    0.001060    2.083252 v _083_/A (sky130_fd_sc_hd__nand2_1)
     1    0.009821    0.076996    0.081044    2.164296 ^ _083_/Y (sky130_fd_sc_hd__nand2_1)
                                                         _071_ (net)
                      0.076999    0.000382    2.164678 ^ fanout183/A (sky130_fd_sc_hd__buf_8)
     6    0.137828    0.166236    0.149379    2.314057 ^ fanout183/X (sky130_fd_sc_hd__buf_8)
                                                         net183 (net)
                      0.179542    0.035248    2.349305 ^ fanout178/A (sky130_fd_sc_hd__buf_8)
     5    0.123520    0.153247    0.161353    2.510658 ^ fanout178/X (sky130_fd_sc_hd__buf_8)
                                                         net178 (net)
                      0.156851    0.018597    2.529255 ^ _092_/S (sky130_fd_sc_hd__mux2_1)
     1    0.002418    0.036517    0.189369    2.718624 v _092_/X (sky130_fd_sc_hd__mux2_1)
                                                         _008_ (net)
                      0.036517    0.000069    2.718693 v _159_/D (sky130_fd_sc_hd__dfrtp_1)
                                              2.718693   data arrival time

                                 10.000000   10.000000   clock HCLK (rise edge)
                                  0.000000   10.000000   clock source latency
     1    0.059439    0.203180    0.147359   10.147359 ^ HCLK (in)
                                                         HCLK (net)
                      0.204534    0.000000   10.147359 ^ clkbuf_0_HCLK/A (sky130_fd_sc_hd__clkbuf_16)
     5    0.134022    0.114650    0.179325   10.326684 ^ clkbuf_0_HCLK/X (sky130_fd_sc_hd__clkbuf_16)
                                                         clknet_0_HCLK (net)
                      0.117120    0.013264   10.339948 ^ clkbuf_2_1_0_HCLK/A (sky130_fd_sc_hd__clkbuf_8)
     2    0.036936    0.058213    0.125711   10.465659 ^ clkbuf_2_1_0_HCLK/X (sky130_fd_sc_hd__clkbuf_8)
                                                         clknet_2_1_0_HCLK (net)
                      0.058761    0.004422   10.470081 ^ clkbuf_3_2__f_HCLK/A (sky130_fd_sc_hd__clkbuf_16)
    10    0.036695    0.042800    0.102530   10.572612 ^ clkbuf_3_2__f_HCLK/X (sky130_fd_sc_hd__clkbuf_16)
                                                         clknet_3_2__leaf_HCLK (net)
                      0.043000    0.001787   10.574399 ^ _159_/CLK (sky130_fd_sc_hd__dfrtp_1)
                                 -0.250000   10.324398   clock uncertainty
                                  0.000000   10.324398   clock reconvergence pessimism
                                 -0.072998   10.251400   library setup time
                                             10.251400   data required time
---------------------------------------------------------------------------------------------
                                             10.251400   data required time
                                             -2.718693   data arrival time
---------------------------------------------------------------------------------------------
                                              7.532707   slack (MET)


Startpoint: HTRANS[1] (input port clocked by HCLK)
Endpoint: _182_ (rising edge-triggered flip-flop clocked by HCLK)
Path Group: HCLK
Path Type: max

Fanout         Cap        Slew       Delay        Time   Description
---------------------------------------------------------------------------------------------
                                  0.000000    0.000000   clock HCLK (rise edge)
                                  0.000000    0.000000   clock network delay (propagated)
                                  2.000000    2.000000 v input external delay
     1    0.002800    0.004721    0.002277    2.002277 v HTRANS[1] (in)
                                                         HTRANS[1] (net)
                      0.004722    0.000000    2.002277 v input35/A (sky130_fd_sc_hd__buf_1)
     2    0.013877    0.058297    0.079915    2.082192 v input35/X (sky130_fd_sc_hd__buf_1)
                                                         net35 (net)
                      0.058344    0.001060    2.083252 v _083_/A (sky130_fd_sc_hd__nand2_1)
     1    0.009821    0.076996    0.081044    2.164296 ^ _083_/Y (sky130_fd_sc_hd__nand2_1)
                                                         _071_ (net)
                      0.076999    0.000382    2.164678 ^ fanout183/A (sky130_fd_sc_hd__buf_8)
     6    0.137828    0.166236    0.149379    2.314057 ^ fanout183/X (sky130_fd_sc_hd__buf_8)
                                                         net183 (net)
                      0.179542    0.035248    2.349305 ^ fanout178/A (sky130_fd_sc_hd__buf_8)
     5    0.123520    0.153247    0.161353    2.510658 ^ fanout178/X (sky130_fd_sc_hd__buf_8)
                                                         net178 (net)
                      0.156977    0.018915    2.529573 ^ _115_/S (sky130_fd_sc_hd__mux2_1)
     1    0.002359    0.036296    0.189005    2.718578 v _115_/X (sky130_fd_sc_hd__mux2_1)
                                                         _031_ (net)
                      0.036296    0.000067    2.718646 v _182_/D (sky130_fd_sc_hd__dfrtp_1)
                                              2.718646   data arrival time

                                 10.000000   10.000000   clock HCLK (rise edge)
                                  0.000000   10.000000   clock source latency
     1    0.059439    0.203180    0.147359   10.147359 ^ HCLK (in)
                                                         HCLK (net)
                      0.204534    0.000000   10.147359 ^ clkbuf_0_HCLK/A (sky130_fd_sc_hd__clkbuf_16)
     5    0.134022    0.114650    0.179325   10.326684 ^ clkbuf_0_HCLK/X (sky130_fd_sc_hd__clkbuf_16)
                                                         clknet_0_HCLK (net)
                      0.117120    0.013264   10.339948 ^ clkbuf_2_1_0_HCLK/A (sky130_fd_sc_hd__clkbuf_8)
     2    0.036936    0.058213    0.125711   10.465659 ^ clkbuf_2_1_0_HCLK/X (sky130_fd_sc_hd__clkbuf_8)
                                                         clknet_2_1_0_HCLK (net)
                      0.058761    0.004422   10.470081 ^ clkbuf_3_2__f_HCLK/A (sky130_fd_sc_hd__clkbuf_16)
    10    0.036695    0.042800    0.102530   10.572612 ^ clkbuf_3_2__f_HCLK/X (sky130_fd_sc_hd__clkbuf_16)
                                                         clknet_3_2__leaf_HCLK (net)
                      0.043070    0.002323   10.574934 ^ _182_/CLK (sky130_fd_sc_hd__dfrtp_1)
                                 -0.250000   10.324934   clock uncertainty
                                  0.000000   10.324934   clock reconvergence pessimism
                                 -0.072913   10.252021   library setup time
                                             10.252021   data required time
---------------------------------------------------------------------------------------------
                                             10.252021   data required time
                                             -2.718646   data arrival time
---------------------------------------------------------------------------------------------
                                              7.533375   slack (MET)


Startpoint: HTRANS[1] (input port clocked by HCLK)
Endpoint: _186_ (rising edge-triggered flip-flop clocked by HCLK)
Path Group: HCLK
Path Type: max

Fanout         Cap        Slew       Delay        Time   Description
---------------------------------------------------------------------------------------------
                                  0.000000    0.000000   clock HCLK (rise edge)
                                  0.000000    0.000000   clock network delay (propagated)
                                  2.000000    2.000000 v input external delay
     1    0.002800    0.004721    0.002277    2.002277 v HTRANS[1] (in)
                                                         HTRANS[1] (net)
                      0.004722    0.000000    2.002277 v input35/A (sky130_fd_sc_hd__buf_1)
     2    0.013877    0.058297    0.079915    2.082192 v input35/X (sky130_fd_sc_hd__buf_1)
                                                         net35 (net)
                      0.058344    0.001060    2.083252 v _083_/A (sky130_fd_sc_hd__nand2_1)
     1    0.009821    0.076996    0.081044    2.164296 ^ _083_/Y (sky130_fd_sc_hd__nand2_1)
                                                         _071_ (net)
                      0.076999    0.000382    2.164678 ^ fanout183/A (sky130_fd_sc_hd__buf_8)
     6    0.137828    0.166236    0.149379    2.314057 ^ fanout183/X (sky130_fd_sc_hd__buf_8)
                                                         net183 (net)
                      0.166443    0.005429    2.319486 ^ fanout180/A (sky130_fd_sc_hd__buf_2)
     7    0.046843    0.173077    0.192558    2.512044 ^ fanout180/X (sky130_fd_sc_hd__buf_2)
                                                         net180 (net)
                      0.173371    0.005857    2.517901 ^ _119_/S (sky130_fd_sc_hd__mux2_1)
     1    0.003011    0.038792    0.193202    2.711103 v _119_/X (sky130_fd_sc_hd__mux2_1)
                                                         _035_ (net)
                      0.038792    0.000086    2.711189 v _186_/D (sky130_fd_sc_hd__dfrtp_1)
                                              2.711189   data arrival time

                                 10.000000   10.000000   clock HCLK (rise edge)
                                  0.000000   10.000000   clock source latency
     1    0.059439    0.203180    0.147359   10.147359 ^ HCLK (in)
                                                         HCLK (net)
                      0.204534    0.000000   10.147359 ^ clkbuf_0_HCLK/A (sky130_fd_sc_hd__clkbuf_16)
     5    0.134022    0.114650    0.179325   10.326684 ^ clkbuf_0_HCLK/X (sky130_fd_sc_hd__clkbuf_16)
                                                         clknet_0_HCLK (net)
                      0.116431    0.011266   10.337950 ^ clkbuf_2_2_0_HCLK/A (sky130_fd_sc_hd__clkbuf_8)
     2    0.035419    0.056406    0.124539   10.462489 ^ clkbuf_2_2_0_HCLK/X (sky130_fd_sc_hd__clkbuf_8)
                                                         clknet_2_2_0_HCLK (net)
                      0.056832    0.003838   10.466327 ^ clkbuf_3_5__f_HCLK/A (sky130_fd_sc_hd__clkbuf_16)
    11    0.035096    0.041718    0.101215   10.567542 ^ clkbuf_3_5__f_HCLK/X (sky130_fd_sc_hd__clkbuf_16)
                                                         clknet_3_5__leaf_HCLK (net)
                      0.041908    0.002081   10.569623 ^ _186_/CLK (sky130_fd_sc_hd__dfrtp_1)
                                 -0.250000   10.319623   clock uncertainty
                                  0.000000   10.319623   clock reconvergence pessimism
                                 -0.073916   10.245707   library setup time
                                             10.245707   data required time
---------------------------------------------------------------------------------------------
                                             10.245707   data required time
                                             -2.711189   data arrival time
---------------------------------------------------------------------------------------------
                                              7.534517   slack (MET)


Startpoint: HTRANS[1] (input port clocked by HCLK)
Endpoint: _152_ (rising edge-triggered flip-flop clocked by HCLK)
Path Group: HCLK
Path Type: max

Fanout         Cap        Slew       Delay        Time   Description
---------------------------------------------------------------------------------------------
                                  0.000000    0.000000   clock HCLK (rise edge)
                                  0.000000    0.000000   clock network delay (propagated)
                                  2.000000    2.000000 v input external delay
     1    0.002800    0.004721    0.002277    2.002277 v HTRANS[1] (in)
                                                         HTRANS[1] (net)
                      0.004722    0.000000    2.002277 v input35/A (sky130_fd_sc_hd__buf_1)
     2    0.013877    0.058297    0.079915    2.082192 v input35/X (sky130_fd_sc_hd__buf_1)
                                                         net35 (net)
                      0.058344    0.001060    2.083252 v _083_/A (sky130_fd_sc_hd__nand2_1)
     1    0.009821    0.076996    0.081044    2.164296 ^ _083_/Y (sky130_fd_sc_hd__nand2_1)
                                                         _071_ (net)
                      0.076999    0.000382    2.164678 ^ fanout183/A (sky130_fd_sc_hd__buf_8)
     6    0.137828    0.166236    0.149379    2.314057 ^ fanout183/X (sky130_fd_sc_hd__buf_8)
                                                         net183 (net)
                      0.166443    0.005429    2.319486 ^ fanout180/A (sky130_fd_sc_hd__buf_2)
     7    0.046843    0.173077    0.192558    2.512044 ^ fanout180/X (sky130_fd_sc_hd__buf_2)
                                                         net180 (net)
                      0.173366    0.005809    2.517853 ^ _085_/S (sky130_fd_sc_hd__mux2_1)
     1    0.002965    0.038591    0.192921    2.710774 v _085_/X (sky130_fd_sc_hd__mux2_1)
                                                         _001_ (net)
                      0.038591    0.000084    2.710858 v _152_/D (sky130_fd_sc_hd__dfrtp_1)
                                              2.710858   data arrival time

                                 10.000000   10.000000   clock HCLK (rise edge)
                                  0.000000   10.000000   clock source latency
     1    0.059439    0.203180    0.147359   10.147359 ^ HCLK (in)
                                                         HCLK (net)
                      0.204534    0.000000   10.147359 ^ clkbuf_0_HCLK/A (sky130_fd_sc_hd__clkbuf_16)
     5    0.134022    0.114650    0.179325   10.326684 ^ clkbuf_0_HCLK/X (sky130_fd_sc_hd__clkbuf_16)
                                                         clknet_0_HCLK (net)
                      0.116431    0.011266   10.337950 ^ clkbuf_2_2_0_HCLK/A (sky130_fd_sc_hd__clkbuf_8)
     2    0.035419    0.056406    0.124539   10.462489 ^ clkbuf_2_2_0_HCLK/X (sky130_fd_sc_hd__clkbuf_8)
                                                         clknet_2_2_0_HCLK (net)
                      0.056832    0.003838   10.466327 ^ clkbuf_3_5__f_HCLK/A (sky130_fd_sc_hd__clkbuf_16)
    11    0.035096    0.041718    0.101215   10.567542 ^ clkbuf_3_5__f_HCLK/X (sky130_fd_sc_hd__clkbuf_16)
                                                         clknet_3_5__leaf_HCLK (net)
                      0.041901    0.002027   10.569569 ^ _152_/CLK (sky130_fd_sc_hd__dfrtp_1)
                                 -0.250000   10.319569   clock uncertainty
                                  0.000000   10.319569   clock reconvergence pessimism
                                 -0.073845   10.245724   library setup time
                                             10.245724   data required time
---------------------------------------------------------------------------------------------
                                             10.245724   data required time
                                             -2.710858   data arrival time
---------------------------------------------------------------------------------------------
                                              7.534865   slack (MET)


Startpoint: HTRANS[1] (input port clocked by HCLK)
Endpoint: _196_ (rising edge-triggered flip-flop clocked by HCLK)
Path Group: HCLK
Path Type: max

Fanout         Cap        Slew       Delay        Time   Description
---------------------------------------------------------------------------------------------
                                  0.000000    0.000000   clock HCLK (rise edge)
                                  0.000000    0.000000   clock network delay (propagated)
                                  2.000000    2.000000 v input external delay
     1    0.002800    0.004721    0.002277    2.002277 v HTRANS[1] (in)
                                                         HTRANS[1] (net)
                      0.004722    0.000000    2.002277 v input35/A (sky130_fd_sc_hd__buf_1)
     2    0.013877    0.058297    0.079915    2.082192 v input35/X (sky130_fd_sc_hd__buf_1)
                                                         net35 (net)
                      0.058344    0.001060    2.083252 v _083_/A (sky130_fd_sc_hd__nand2_1)
     1    0.009821    0.076996    0.081044    2.164296 ^ _083_/Y (sky130_fd_sc_hd__nand2_1)
                                                         _071_ (net)
                      0.076999    0.000382    2.164678 ^ fanout183/A (sky130_fd_sc_hd__buf_8)
     6    0.137828    0.166236    0.149379    2.314057 ^ fanout183/X (sky130_fd_sc_hd__buf_8)
                                                         net183 (net)
                      0.166443    0.005429    2.319486 ^ fanout180/A (sky130_fd_sc_hd__buf_2)
     7    0.046843    0.173077    0.192558    2.512044 ^ fanout180/X (sky130_fd_sc_hd__buf_2)
                                                         net180 (net)
                      0.173344    0.005587    2.517631 ^ _129_/S (sky130_fd_sc_hd__mux2_1)
     1    0.002968    0.038606    0.192941    2.710573 v _129_/X (sky130_fd_sc_hd__mux2_1)
                                                         _045_ (net)
                      0.038606    0.000084    2.710657 v _196_/D (sky130_fd_sc_hd__dfrtp_1)
                                              2.710657   data arrival time

                                 10.000000   10.000000   clock HCLK (rise edge)
                                  0.000000   10.000000   clock source latency
     1    0.059439    0.203180    0.147359   10.147359 ^ HCLK (in)
                                                         HCLK (net)
                      0.204534    0.000000   10.147359 ^ clkbuf_0_HCLK/A (sky130_fd_sc_hd__clkbuf_16)
     5    0.134022    0.114650    0.179325   10.326684 ^ clkbuf_0_HCLK/X (sky130_fd_sc_hd__clkbuf_16)
                                                         clknet_0_HCLK (net)
                      0.116431    0.011266   10.337950 ^ clkbuf_2_2_0_HCLK/A (sky130_fd_sc_hd__clkbuf_8)
     2    0.035419    0.056406    0.124539   10.462489 ^ clkbuf_2_2_0_HCLK/X (sky130_fd_sc_hd__clkbuf_8)
                                                         clknet_2_2_0_HCLK (net)
                      0.056832    0.003838   10.466327 ^ clkbuf_3_5__f_HCLK/A (sky130_fd_sc_hd__clkbuf_16)
    11    0.035096    0.041718    0.101215   10.567542 ^ clkbuf_3_5__f_HCLK/X (sky130_fd_sc_hd__clkbuf_16)
                                                         clknet_3_5__leaf_HCLK (net)
                      0.041886    0.001899   10.569441 ^ _196_/CLK (sky130_fd_sc_hd__dfrtp_1)
                                 -0.250000   10.319441   clock uncertainty
                                  0.000000   10.319441   clock reconvergence pessimism
                                 -0.073852   10.245589   library setup time
                                             10.245589   data required time
---------------------------------------------------------------------------------------------
                                             10.245589   data required time
                                             -2.710657   data arrival time
---------------------------------------------------------------------------------------------
                                              7.534933   slack (MET)


Startpoint: HTRANS[1] (input port clocked by HCLK)
Endpoint: _162_ (rising edge-triggered flip-flop clocked by HCLK)
Path Group: HCLK
Path Type: max

Fanout         Cap        Slew       Delay        Time   Description
---------------------------------------------------------------------------------------------
                                  0.000000    0.000000   clock HCLK (rise edge)
                                  0.000000    0.000000   clock network delay (propagated)
                                  2.000000    2.000000 v input external delay
     1    0.002800    0.004721    0.002277    2.002277 v HTRANS[1] (in)
                                                         HTRANS[1] (net)
                      0.004722    0.000000    2.002277 v input35/A (sky130_fd_sc_hd__buf_1)
     2    0.013877    0.058297    0.079915    2.082192 v input35/X (sky130_fd_sc_hd__buf_1)
                                                         net35 (net)
                      0.058344    0.001060    2.083252 v _083_/A (sky130_fd_sc_hd__nand2_1)
     1    0.009821    0.076996    0.081044    2.164296 ^ _083_/Y (sky130_fd_sc_hd__nand2_1)
                                                         _071_ (net)
                      0.076999    0.000382    2.164678 ^ fanout183/A (sky130_fd_sc_hd__buf_8)
     6    0.137828    0.166236    0.149379    2.314057 ^ fanout183/X (sky130_fd_sc_hd__buf_8)
                                                         net183 (net)
                      0.166249    0.001434    2.315491 ^ fanout182/A (sky130_fd_sc_hd__buf_2)
     6    0.050109    0.184474    0.202307    2.517798 ^ fanout182/X (sky130_fd_sc_hd__buf_2)
                                                         net182 (net)
                      0.184540    0.002907    2.520705 ^ _095_/S (sky130_fd_sc_hd__mux2_1)
     1    0.002701    0.037529    0.191426    2.712132 v _095_/X (sky130_fd_sc_hd__mux2_1)
                                                         _011_ (net)
                      0.037529    0.000080    2.712212 v _162_/D (sky130_fd_sc_hd__dfrtp_1)
                                              2.712212   data arrival time

                                 10.000000   10.000000   clock HCLK (rise edge)
                                  0.000000   10.000000   clock source latency
     1    0.059439    0.203180    0.147359   10.147359 ^ HCLK (in)
                                                         HCLK (net)
                      0.204534    0.000000   10.147359 ^ clkbuf_0_HCLK/A (sky130_fd_sc_hd__clkbuf_16)
     5    0.134022    0.114650    0.179325   10.326684 ^ clkbuf_0_HCLK/X (sky130_fd_sc_hd__clkbuf_16)
                                                         clknet_0_HCLK (net)
                      0.116431    0.011266   10.337950 ^ clkbuf_2_2_0_HCLK/A (sky130_fd_sc_hd__clkbuf_8)
     2    0.035419    0.056406    0.124539   10.462489 ^ clkbuf_2_2_0_HCLK/X (sky130_fd_sc_hd__clkbuf_8)
                                                         clknet_2_2_0_HCLK (net)
                      0.056729    0.003332   10.465821 ^ clkbuf_3_4__f_HCLK/A (sky130_fd_sc_hd__clkbuf_16)
    11    0.039914    0.045093    0.104074   10.569896 ^ clkbuf_3_4__f_HCLK/X (sky130_fd_sc_hd__clkbuf_16)
                                                         clknet_3_4__leaf_HCLK (net)
                      0.045130    0.001092   10.570988 ^ _162_/CLK (sky130_fd_sc_hd__dfrtp_1)
                                 -0.250000   10.320988   clock uncertainty
                                  0.000000   10.320988   clock reconvergence pessimism
                                 -0.073155   10.247833   library setup time
                                             10.247833   data required time
---------------------------------------------------------------------------------------------
                                             10.247833   data required time
                                             -2.712212   data arrival time
---------------------------------------------------------------------------------------------
                                              7.535621   slack (MET)


Startpoint: HTRANS[1] (input port clocked by HCLK)
Endpoint: _198_ (rising edge-triggered flip-flop clocked by HCLK)
Path Group: HCLK
Path Type: max

Fanout         Cap        Slew       Delay        Time   Description
---------------------------------------------------------------------------------------------
                                  0.000000    0.000000   clock HCLK (rise edge)
                                  0.000000    0.000000   clock network delay (propagated)
                                  2.000000    2.000000 v input external delay
     1    0.002800    0.004721    0.002277    2.002277 v HTRANS[1] (in)
                                                         HTRANS[1] (net)
                      0.004722    0.000000    2.002277 v input35/A (sky130_fd_sc_hd__buf_1)
     2    0.013877    0.058297    0.079915    2.082192 v input35/X (sky130_fd_sc_hd__buf_1)
                                                         net35 (net)
                      0.058344    0.001060    2.083252 v _083_/A (sky130_fd_sc_hd__nand2_1)
     1    0.009821    0.076996    0.081044    2.164296 ^ _083_/Y (sky130_fd_sc_hd__nand2_1)
                                                         _071_ (net)
                      0.076999    0.000382    2.164678 ^ fanout183/A (sky130_fd_sc_hd__buf_8)
     6    0.137828    0.166236    0.149379    2.314057 ^ fanout183/X (sky130_fd_sc_hd__buf_8)
                                                         net183 (net)
                      0.166249    0.001434    2.315491 ^ fanout182/A (sky130_fd_sc_hd__buf_2)
     6    0.050109    0.184474    0.202307    2.517798 ^ fanout182/X (sky130_fd_sc_hd__buf_2)
                                                         net182 (net)
                      0.184550    0.003095    2.520893 ^ _131_/S (sky130_fd_sc_hd__mux2_1)
     1    0.002605    0.037172    0.190839    2.711732 v _131_/X (sky130_fd_sc_hd__mux2_1)
                                                         _047_ (net)
                      0.037172    0.000077    2.711809 v _198_/D (sky130_fd_sc_hd__dfrtp_1)
                                              2.711809   data arrival time

                                 10.000000   10.000000   clock HCLK (rise edge)
                                  0.000000   10.000000   clock source latency
     1    0.059439    0.203180    0.147359   10.147359 ^ HCLK (in)
                                                         HCLK (net)
                      0.204534    0.000000   10.147359 ^ clkbuf_0_HCLK/A (sky130_fd_sc_hd__clkbuf_16)
     5    0.134022    0.114650    0.179325   10.326684 ^ clkbuf_0_HCLK/X (sky130_fd_sc_hd__clkbuf_16)
                                                         clknet_0_HCLK (net)
                      0.116431    0.011266   10.337950 ^ clkbuf_2_2_0_HCLK/A (sky130_fd_sc_hd__clkbuf_8)
     2    0.035419    0.056406    0.124539   10.462489 ^ clkbuf_2_2_0_HCLK/X (sky130_fd_sc_hd__clkbuf_8)
                                                         clknet_2_2_0_HCLK (net)
                      0.056729    0.003332   10.465821 ^ clkbuf_3_4__f_HCLK/A (sky130_fd_sc_hd__clkbuf_16)
    11    0.039914    0.045093    0.104074   10.569896 ^ clkbuf_3_4__f_HCLK/X (sky130_fd_sc_hd__clkbuf_16)
                                                         clknet_3_4__leaf_HCLK (net)
                      0.045104    0.000683   10.570579 ^ _198_/CLK (sky130_fd_sc_hd__dfrtp_1)
                                 -0.250000   10.320579   clock uncertainty
                                  0.000000   10.320579   clock reconvergence pessimism
                                 -0.073030   10.247549   library setup time
                                             10.247549   data required time
---------------------------------------------------------------------------------------------
                                             10.247549   data required time
                                             -2.711809   data arrival time
---------------------------------------------------------------------------------------------
                                              7.535739   slack (MET)


Startpoint: HTRANS[1] (input port clocked by HCLK)
Endpoint: _154_ (rising edge-triggered flip-flop clocked by HCLK)
Path Group: HCLK
Path Type: max

Fanout         Cap        Slew       Delay        Time   Description
---------------------------------------------------------------------------------------------
                                  0.000000    0.000000   clock HCLK (rise edge)
                                  0.000000    0.000000   clock network delay (propagated)
                                  2.000000    2.000000 v input external delay
     1    0.002800    0.004721    0.002277    2.002277 v HTRANS[1] (in)
                                                         HTRANS[1] (net)
                      0.004722    0.000000    2.002277 v input35/A (sky130_fd_sc_hd__buf_1)
     2    0.013877    0.058297    0.079915    2.082192 v input35/X (sky130_fd_sc_hd__buf_1)
                                                         net35 (net)
                      0.058344    0.001060    2.083252 v _083_/A (sky130_fd_sc_hd__nand2_1)
     1    0.009821    0.076996    0.081044    2.164296 ^ _083_/Y (sky130_fd_sc_hd__nand2_1)
                                                         _071_ (net)
                      0.076999    0.000382    2.164678 ^ fanout183/A (sky130_fd_sc_hd__buf_8)
     6    0.137828    0.166236    0.149379    2.314057 ^ fanout183/X (sky130_fd_sc_hd__buf_8)
                                                         net183 (net)
                      0.166249    0.001434    2.315491 ^ fanout182/A (sky130_fd_sc_hd__buf_2)
     6    0.050109    0.184474    0.202307    2.517798 ^ fanout182/X (sky130_fd_sc_hd__buf_2)
                                                         net182 (net)
                      0.184547    0.003044    2.520842 ^ _087_/S (sky130_fd_sc_hd__mux2_1)
     1    0.002496    0.036763    0.190170    2.711012 v _087_/X (sky130_fd_sc_hd__mux2_1)
                                                         _003_ (net)
                      0.036763    0.000070    2.711082 v _154_/D (sky130_fd_sc_hd__dfrtp_1)
                                              2.711082   data arrival time

                                 10.000000   10.000000   clock HCLK (rise edge)
                                  0.000000   10.000000   clock source latency
     1    0.059439    0.203180    0.147359   10.147359 ^ HCLK (in)
                                                         HCLK (net)
                      0.204534    0.000000   10.147359 ^ clkbuf_0_HCLK/A (sky130_fd_sc_hd__clkbuf_16)
     5    0.134022    0.114650    0.179325   10.326684 ^ clkbuf_0_HCLK/X (sky130_fd_sc_hd__clkbuf_16)
                                                         clknet_0_HCLK (net)
                      0.116431    0.011266   10.337950 ^ clkbuf_2_2_0_HCLK/A (sky130_fd_sc_hd__clkbuf_8)
     2    0.035419    0.056406    0.124539   10.462489 ^ clkbuf_2_2_0_HCLK/X (sky130_fd_sc_hd__clkbuf_8)
                                                         clknet_2_2_0_HCLK (net)
                      0.056729    0.003332   10.465821 ^ clkbuf_3_4__f_HCLK/A (sky130_fd_sc_hd__clkbuf_16)
    11    0.039914    0.045093    0.104074   10.569896 ^ clkbuf_3_4__f_HCLK/X (sky130_fd_sc_hd__clkbuf_16)
                                                         clknet_3_4__leaf_HCLK (net)
                      0.045109    0.000782   10.570677 ^ _154_/CLK (sky130_fd_sc_hd__dfrtp_1)
                                 -0.250000   10.320677   clock uncertainty
                                  0.000000   10.320677   clock reconvergence pessimism
                                 -0.072883   10.247794   library setup time
                                             10.247794   data required time
---------------------------------------------------------------------------------------------
                                             10.247794   data required time
                                             -2.711082   data arrival time
---------------------------------------------------------------------------------------------
                                              7.536712   slack (MET)


Startpoint: HTRANS[1] (input port clocked by HCLK)
Endpoint: _169_ (rising edge-triggered flip-flop clocked by HCLK)
Path Group: HCLK
Path Type: max

Fanout         Cap        Slew       Delay        Time   Description
---------------------------------------------------------------------------------------------
                                  0.000000    0.000000   clock HCLK (rise edge)
                                  0.000000    0.000000   clock network delay (propagated)
                                  2.000000    2.000000 v input external delay
     1    0.002800    0.004721    0.002277    2.002277 v HTRANS[1] (in)
                                                         HTRANS[1] (net)
                      0.004722    0.000000    2.002277 v input35/A (sky130_fd_sc_hd__buf_1)
     2    0.013877    0.058297    0.079915    2.082192 v input35/X (sky130_fd_sc_hd__buf_1)
                                                         net35 (net)
                      0.058344    0.001060    2.083252 v _083_/A (sky130_fd_sc_hd__nand2_1)
     1    0.009821    0.076996    0.081044    2.164296 ^ _083_/Y (sky130_fd_sc_hd__nand2_1)
                                                         _071_ (net)
                      0.076999    0.000382    2.164678 ^ fanout183/A (sky130_fd_sc_hd__buf_8)
     6    0.137828    0.166236    0.149379    2.314057 ^ fanout183/X (sky130_fd_sc_hd__buf_8)
                                                         net183 (net)
                      0.166443    0.005429    2.319486 ^ fanout180/A (sky130_fd_sc_hd__buf_2)
     7    0.046843    0.173077    0.192558    2.512044 ^ fanout180/X (sky130_fd_sc_hd__buf_2)
                                                         net180 (net)
                      0.173378    0.005924    2.517968 ^ _102_/S (sky130_fd_sc_hd__mux2_1)
     1    0.002544    0.036961    0.190338    2.708306 v _102_/X (sky130_fd_sc_hd__mux2_1)
                                                         _018_ (net)
                      0.036961    0.000073    2.708380 v _169_/D (sky130_fd_sc_hd__dfrtp_1)
                                              2.708380   data arrival time

                                 10.000000   10.000000   clock HCLK (rise edge)
                                  0.000000   10.000000   clock source latency
     1    0.059439    0.203180    0.147359   10.147359 ^ HCLK (in)
                                                         HCLK (net)
                      0.204534    0.000000   10.147359 ^ clkbuf_0_HCLK/A (sky130_fd_sc_hd__clkbuf_16)
     5    0.134022    0.114650    0.179325   10.326684 ^ clkbuf_0_HCLK/X (sky130_fd_sc_hd__clkbuf_16)
                                                         clknet_0_HCLK (net)
                      0.116431    0.011266   10.337950 ^ clkbuf_2_2_0_HCLK/A (sky130_fd_sc_hd__clkbuf_8)
     2    0.035419    0.056406    0.124539   10.462489 ^ clkbuf_2_2_0_HCLK/X (sky130_fd_sc_hd__clkbuf_8)
                                                         clknet_2_2_0_HCLK (net)
                      0.056832    0.003838   10.466327 ^ clkbuf_3_5__f_HCLK/A (sky130_fd_sc_hd__clkbuf_16)
    11    0.035096    0.041718    0.101215   10.567542 ^ clkbuf_3_5__f_HCLK/X (sky130_fd_sc_hd__clkbuf_16)
                                                         clknet_3_5__leaf_HCLK (net)
                      0.041911    0.002110   10.569653 ^ _169_/CLK (sky130_fd_sc_hd__dfrtp_1)
                                 -0.250000   10.319653   clock uncertainty
                                  0.000000   10.319653   clock reconvergence pessimism
                                 -0.073262   10.246389   library setup time
                                             10.246389   data required time
---------------------------------------------------------------------------------------------
                                             10.246389   data required time
                                             -2.708380   data arrival time
---------------------------------------------------------------------------------------------
                                              7.538011   slack (MET)


Startpoint: HTRANS[1] (input port clocked by HCLK)
Endpoint: _176_ (rising edge-triggered flip-flop clocked by HCLK)
Path Group: HCLK
Path Type: max

Fanout         Cap        Slew       Delay        Time   Description
---------------------------------------------------------------------------------------------
                                  0.000000    0.000000   clock HCLK (rise edge)
                                  0.000000    0.000000   clock network delay (propagated)
                                  2.000000    2.000000 v input external delay
     1    0.002800    0.004721    0.002277    2.002277 v HTRANS[1] (in)
                                                         HTRANS[1] (net)
                      0.004722    0.000000    2.002277 v input35/A (sky130_fd_sc_hd__buf_1)
     2    0.013877    0.058297    0.079915    2.082192 v input35/X (sky130_fd_sc_hd__buf_1)
                                                         net35 (net)
                      0.058344    0.001060    2.083252 v _083_/A (sky130_fd_sc_hd__nand2_1)
     1    0.009821    0.076996    0.081044    2.164296 ^ _083_/Y (sky130_fd_sc_hd__nand2_1)
                                                         _071_ (net)
                      0.076999    0.000382    2.164678 ^ fanout183/A (sky130_fd_sc_hd__buf_8)
     6    0.137828    0.166236    0.149379    2.314057 ^ fanout183/X (sky130_fd_sc_hd__buf_8)
                                                         net183 (net)
                      0.166443    0.005429    2.319486 ^ fanout180/A (sky130_fd_sc_hd__buf_2)
     7    0.046843    0.173077    0.192558    2.512044 ^ fanout180/X (sky130_fd_sc_hd__buf_2)
                                                         net180 (net)
                      0.173115    0.002150    2.514194 ^ _109_/S (sky130_fd_sc_hd__mux2_1)
     1    0.002593    0.037141    0.190631    2.704826 v _109_/X (sky130_fd_sc_hd__mux2_1)
                                                         _025_ (net)
                      0.037141    0.000075    2.704901 v _176_/D (sky130_fd_sc_hd__dfrtp_1)
                                              2.704901   data arrival time

                                 10.000000   10.000000   clock HCLK (rise edge)
                                  0.000000   10.000000   clock source latency
     1    0.059439    0.203180    0.147359   10.147359 ^ HCLK (in)
                                                         HCLK (net)
                      0.204534    0.000000   10.147359 ^ clkbuf_0_HCLK/A (sky130_fd_sc_hd__clkbuf_16)
     5    0.134022    0.114650    0.179325   10.326684 ^ clkbuf_0_HCLK/X (sky130_fd_sc_hd__clkbuf_16)
                                                         clknet_0_HCLK (net)
                      0.116431    0.011266   10.337950 ^ clkbuf_2_2_0_HCLK/A (sky130_fd_sc_hd__clkbuf_8)
     2    0.035419    0.056406    0.124539   10.462489 ^ clkbuf_2_2_0_HCLK/X (sky130_fd_sc_hd__clkbuf_8)
                                                         clknet_2_2_0_HCLK (net)
                      0.056729    0.003332   10.465821 ^ clkbuf_3_4__f_HCLK/A (sky130_fd_sc_hd__clkbuf_16)
    11    0.039914    0.045093    0.104074   10.569896 ^ clkbuf_3_4__f_HCLK/X (sky130_fd_sc_hd__clkbuf_16)
                                                         clknet_3_4__leaf_HCLK (net)
                      0.045114    0.000864   10.570760 ^ _176_/CLK (sky130_fd_sc_hd__dfrtp_1)
                                 -0.250000   10.320760   clock uncertainty
                                  0.000000   10.320760   clock reconvergence pessimism
                                 -0.073018   10.247742   library setup time
                                             10.247742   data required time
---------------------------------------------------------------------------------------------
                                             10.247742   data required time
                                             -2.704901   data arrival time
---------------------------------------------------------------------------------------------
                                              7.542840   slack (MET)


Startpoint: HTRANS[1] (input port clocked by HCLK)
Endpoint: _170_ (rising edge-triggered flip-flop clocked by HCLK)
Path Group: HCLK
Path Type: max

Fanout         Cap        Slew       Delay        Time   Description
---------------------------------------------------------------------------------------------
                                  0.000000    0.000000   clock HCLK (rise edge)
                                  0.000000    0.000000   clock network delay (propagated)
                                  2.000000    2.000000 v input external delay
     1    0.002800    0.004721    0.002277    2.002277 v HTRANS[1] (in)
                                                         HTRANS[1] (net)
                      0.004722    0.000000    2.002277 v input35/A (sky130_fd_sc_hd__buf_1)
     2    0.013877    0.058297    0.079915    2.082192 v input35/X (sky130_fd_sc_hd__buf_1)
                                                         net35 (net)
                      0.058344    0.001060    2.083252 v _083_/A (sky130_fd_sc_hd__nand2_1)
     1    0.009821    0.076996    0.081044    2.164296 ^ _083_/Y (sky130_fd_sc_hd__nand2_1)
                                                         _071_ (net)
                      0.076999    0.000382    2.164678 ^ fanout183/A (sky130_fd_sc_hd__buf_8)
     6    0.137828    0.166236    0.149379    2.314057 ^ fanout183/X (sky130_fd_sc_hd__buf_8)
                                                         net183 (net)
                      0.166443    0.005429    2.319486 ^ fanout180/A (sky130_fd_sc_hd__buf_2)
     7    0.046843    0.173077    0.192558    2.512044 ^ fanout180/X (sky130_fd_sc_hd__buf_2)
                                                         net180 (net)
                      0.173188    0.003641    2.515686 ^ _103_/S (sky130_fd_sc_hd__mux2_1)
     1    0.002409    0.036457    0.189504    2.705190 v _103_/X (sky130_fd_sc_hd__mux2_1)
                                                         _019_ (net)
                      0.036457    0.000069    2.705259 v _170_/D (sky130_fd_sc_hd__dfrtp_1)
                                              2.705259   data arrival time

                                 10.000000   10.000000   clock HCLK (rise edge)
                                  0.000000   10.000000   clock source latency
     1    0.059439    0.203180    0.147359   10.147359 ^ HCLK (in)
                                                         HCLK (net)
                      0.204534    0.000000   10.147359 ^ clkbuf_0_HCLK/A (sky130_fd_sc_hd__clkbuf_16)
     5    0.134022    0.114650    0.179325   10.326684 ^ clkbuf_0_HCLK/X (sky130_fd_sc_hd__clkbuf_16)
                                                         clknet_0_HCLK (net)
                      0.116431    0.011266   10.337950 ^ clkbuf_2_2_0_HCLK/A (sky130_fd_sc_hd__clkbuf_8)
     2    0.035419    0.056406    0.124539   10.462489 ^ clkbuf_2_2_0_HCLK/X (sky130_fd_sc_hd__clkbuf_8)
                                                         clknet_2_2_0_HCLK (net)
                      0.056729    0.003332   10.465821 ^ clkbuf_3_4__f_HCLK/A (sky130_fd_sc_hd__clkbuf_16)
    11    0.039914    0.045093    0.104074   10.569896 ^ clkbuf_3_4__f_HCLK/X (sky130_fd_sc_hd__clkbuf_16)
                                                         clknet_3_4__leaf_HCLK (net)
                      0.045136    0.001180   10.571075 ^ _170_/CLK (sky130_fd_sc_hd__dfrtp_1)
                                 -0.250000   10.321074   clock uncertainty
                                  0.000000   10.321074   clock reconvergence pessimism
                                 -0.072772   10.248303   library setup time
                                             10.248303   data required time
---------------------------------------------------------------------------------------------
                                             10.248303   data required time
                                             -2.705259   data arrival time
---------------------------------------------------------------------------------------------
                                              7.543045   slack (MET)


Startpoint: HTRANS[1] (input port clocked by HCLK)
Endpoint: _164_ (rising edge-triggered flip-flop clocked by HCLK)
Path Group: HCLK
Path Type: max

Fanout         Cap        Slew       Delay        Time   Description
---------------------------------------------------------------------------------------------
                                  0.000000    0.000000   clock HCLK (rise edge)
                                  0.000000    0.000000   clock network delay (propagated)
                                  2.000000    2.000000 v input external delay
     1    0.002800    0.004721    0.002277    2.002277 v HTRANS[1] (in)
                                                         HTRANS[1] (net)
                      0.004722    0.000000    2.002277 v input35/A (sky130_fd_sc_hd__buf_1)
     2    0.013877    0.058297    0.079915    2.082192 v input35/X (sky130_fd_sc_hd__buf_1)
                                                         net35 (net)
                      0.058344    0.001060    2.083252 v _083_/A (sky130_fd_sc_hd__nand2_1)
     1    0.009821    0.076996    0.081044    2.164296 ^ _083_/Y (sky130_fd_sc_hd__nand2_1)
                                                         _071_ (net)
                      0.076999    0.000382    2.164678 ^ fanout183/A (sky130_fd_sc_hd__buf_8)
     6    0.137828    0.166236    0.149379    2.314057 ^ fanout183/X (sky130_fd_sc_hd__buf_8)
                                                         net183 (net)
                      0.166249    0.001434    2.315491 ^ fanout182/A (sky130_fd_sc_hd__buf_2)
     6    0.050109    0.184474    0.202307    2.517798 ^ fanout182/X (sky130_fd_sc_hd__buf_2)
                                                         net182 (net)
                      0.184492    0.001529    2.519327 ^ _097_/S (sky130_fd_sc_hd__mux2_1)
     1    0.002420    0.036482    0.189707    2.709033 v _097_/X (sky130_fd_sc_hd__mux2_1)
                                                         _013_ (net)
                      0.036482    0.000068    2.709101 v _164_/D (sky130_fd_sc_hd__dfrtp_4)
                                              2.709101   data arrival time

                                 10.000000   10.000000   clock HCLK (rise edge)
                                  0.000000   10.000000   clock source latency
     1    0.059439    0.203180    0.147359   10.147359 ^ HCLK (in)
                                                         HCLK (net)
                      0.204534    0.000000   10.147359 ^ clkbuf_0_HCLK/A (sky130_fd_sc_hd__clkbuf_16)
     5    0.134022    0.114650    0.179325   10.326684 ^ clkbuf_0_HCLK/X (sky130_fd_sc_hd__clkbuf_16)
                                                         clknet_0_HCLK (net)
                      0.116381    0.011108   10.337791 ^ clkbuf_2_3_0_HCLK/A (sky130_fd_sc_hd__clkbuf_8)
     2    0.039123    0.060921    0.128564   10.466355 ^ clkbuf_2_3_0_HCLK/X (sky130_fd_sc_hd__clkbuf_8)
                                                         clknet_2_3_0_HCLK (net)
                      0.060961    0.001246   10.467602 ^ clkbuf_3_7__f_HCLK/A (sky130_fd_sc_hd__clkbuf_16)
     7    0.049920    0.051834    0.108724   10.576325 ^ clkbuf_3_7__f_HCLK/X (sky130_fd_sc_hd__clkbuf_16)
                                                         clknet_3_7__leaf_HCLK (net)
                      0.052841    0.005323   10.581648 ^ _164_/CLK (sky130_fd_sc_hd__dfrtp_4)
                                 -0.250000   10.331648   clock uncertainty
                                  0.000000   10.331648   clock reconvergence pessimism
                                 -0.072139   10.259509   library setup time
                                             10.259509   data required time
---------------------------------------------------------------------------------------------
                                             10.259509   data required time
                                             -2.709101   data arrival time
---------------------------------------------------------------------------------------------
                                              7.550407   slack (MET)


Startpoint: HTRANS[1] (input port clocked by HCLK)
Endpoint: _163_ (rising edge-triggered flip-flop clocked by HCLK)
Path Group: HCLK
Path Type: max

Fanout         Cap        Slew       Delay        Time   Description
---------------------------------------------------------------------------------------------
                                  0.000000    0.000000   clock HCLK (rise edge)
                                  0.000000    0.000000   clock network delay (propagated)
                                  2.000000    2.000000 v input external delay
     1    0.002800    0.004721    0.002277    2.002277 v HTRANS[1] (in)
                                                         HTRANS[1] (net)
                      0.004722    0.000000    2.002277 v input35/A (sky130_fd_sc_hd__buf_1)
     2    0.013877    0.058297    0.079915    2.082192 v input35/X (sky130_fd_sc_hd__buf_1)
                                                         net35 (net)
                      0.058344    0.001060    2.083252 v _083_/A (sky130_fd_sc_hd__nand2_1)
     1    0.009821    0.076996    0.081044    2.164296 ^ _083_/Y (sky130_fd_sc_hd__nand2_1)
                                                         _071_ (net)
                      0.076999    0.000382    2.164678 ^ fanout183/A (sky130_fd_sc_hd__buf_8)
     6    0.137828    0.166236    0.149379    2.314057 ^ fanout183/X (sky130_fd_sc_hd__buf_8)
                                                         net183 (net)
                      0.166249    0.001434    2.315491 ^ fanout182/A (sky130_fd_sc_hd__buf_2)
     6    0.050109    0.184474    0.202307    2.517798 ^ fanout182/X (sky130_fd_sc_hd__buf_2)
                                                         net182 (net)
                      0.184478    0.000764    2.518562 ^ _096_/S (sky130_fd_sc_hd__mux2_1)
     1    0.002383    0.036343    0.189475    2.708037 v _096_/X (sky130_fd_sc_hd__mux2_1)
                                                         _012_ (net)
                      0.036343    0.000069    2.708106 v _163_/D (sky130_fd_sc_hd__dfrtp_1)
                                              2.708106   data arrival time

                                 10.000000   10.000000   clock HCLK (rise edge)
                                  0.000000   10.000000   clock source latency
     1    0.059439    0.203180    0.147359   10.147359 ^ HCLK (in)
                                                         HCLK (net)
                      0.204534    0.000000   10.147359 ^ clkbuf_0_HCLK/A (sky130_fd_sc_hd__clkbuf_16)
     5    0.134022    0.114650    0.179325   10.326684 ^ clkbuf_0_HCLK/X (sky130_fd_sc_hd__clkbuf_16)
                                                         clknet_0_HCLK (net)
                      0.116381    0.011108   10.337791 ^ clkbuf_2_3_0_HCLK/A (sky130_fd_sc_hd__clkbuf_8)
     2    0.039123    0.060921    0.128564   10.466355 ^ clkbuf_2_3_0_HCLK/X (sky130_fd_sc_hd__clkbuf_8)
                                                         clknet_2_3_0_HCLK (net)
                      0.060961    0.001246   10.467602 ^ clkbuf_3_7__f_HCLK/A (sky130_fd_sc_hd__clkbuf_16)
     7    0.049920    0.051834    0.108724   10.576325 ^ clkbuf_3_7__f_HCLK/X (sky130_fd_sc_hd__clkbuf_16)
                                                         clknet_3_7__leaf_HCLK (net)
                      0.053548    0.007226   10.583551 ^ _163_/CLK (sky130_fd_sc_hd__dfrtp_1)
                                 -0.250000   10.333551   clock uncertainty
                                  0.000000   10.333551   clock reconvergence pessimism
                                 -0.071921   10.261631   library setup time
                                             10.261631   data required time
---------------------------------------------------------------------------------------------
                                             10.261631   data required time
                                             -2.708106   data arrival time
---------------------------------------------------------------------------------------------
                                              7.553525   slack (MET)


Startpoint: HRESETn (input port clocked by HCLK)
Endpoint: _158_ (recovery check against rising-edge clock HCLK)
Path Group: asynchronous
Path Type: max

Fanout         Cap        Slew       Delay        Time   Description
---------------------------------------------------------------------------------------------
                                  0.000000    0.000000   clock HCLK (rise edge)
                                  0.000000    0.000000   clock network delay (propagated)
                                  2.000000    2.000000 ^ input external delay
     1    0.003025    0.014720    0.007830    2.007830 ^ HRESETn (in)
                                                         HRESETn (net)
                      0.014725    0.000000    2.007830 ^ input34/A (sky130_fd_sc_hd__buf_1)
     1    0.011183    0.102625    0.096864    2.104694 ^ input34/X (sky130_fd_sc_hd__buf_1)
                                                         net34 (net)
                      0.102628    0.000503    2.105197 ^ fanout192/A (sky130_fd_sc_hd__buf_8)
     6    0.134527    0.162201    0.147786    2.252983 ^ fanout192/X (sky130_fd_sc_hd__buf_8)
                                                         net192 (net)
                      0.176363    0.035785    2.288768 ^ fanout187/A (sky130_fd_sc_hd__buf_8)
     6    0.151222    0.185463    0.173946    2.462715 ^ fanout187/X (sky130_fd_sc_hd__buf_8)
                                                         net187 (net)
                      0.195771    0.034041    2.496756 ^ fanout185/A (sky130_fd_sc_hd__buf_8)
    11    0.136028    0.166400    0.160778    2.657534 ^ fanout185/X (sky130_fd_sc_hd__buf_8)
                                                         net185 (net)
                      0.186870    0.044702    2.702236 ^ fanout184/A (sky130_fd_sc_hd__clkbuf_4)
    10    0.045887    0.109955    0.179627    2.881862 ^ fanout184/X (sky130_fd_sc_hd__clkbuf_4)
                                                         net184 (net)
                      0.110053    0.001992    2.883854 ^ _158_/RESET_B (sky130_fd_sc_hd__dfrtp_1)
                                              2.883854   data arrival time

                                 10.000000   10.000000   clock HCLK (rise edge)
                                  0.000000   10.000000   clock source latency
     1    0.059439    0.203180    0.147359   10.147359 ^ HCLK (in)
                                                         HCLK (net)
                      0.204534    0.000000   10.147359 ^ clkbuf_0_HCLK/A (sky130_fd_sc_hd__clkbuf_16)
     5    0.134022    0.114650    0.179325   10.326684 ^ clkbuf_0_HCLK/X (sky130_fd_sc_hd__clkbuf_16)
                                                         clknet_0_HCLK (net)
                      0.117120    0.013264   10.339948 ^ clkbuf_2_1_0_HCLK/A (sky130_fd_sc_hd__clkbuf_8)
     2    0.036936    0.058213    0.125711   10.465659 ^ clkbuf_2_1_0_HCLK/X (sky130_fd_sc_hd__clkbuf_8)
                                                         clknet_2_1_0_HCLK (net)
                      0.058723    0.004261   10.469920 ^ clkbuf_3_3__f_HCLK/A (sky130_fd_sc_hd__clkbuf_16)
    10    0.027954    0.036768    0.097675   10.567595 ^ clkbuf_3_3__f_HCLK/X (sky130_fd_sc_hd__clkbuf_16)
                                                         clknet_3_3__leaf_HCLK (net)
                      0.036781    0.000621   10.568216 ^ _158_/CLK (sky130_fd_sc_hd__dfrtp_1)
                                 -0.250000   10.318216   clock uncertainty
                                  0.000000   10.318216   clock reconvergence pessimism
                                  0.129759   10.447975   library recovery time
                                             10.447975   data required time
---------------------------------------------------------------------------------------------
                                             10.447975   data required time
                                             -2.883854   data arrival time
---------------------------------------------------------------------------------------------
                                              7.564121   slack (MET)


Startpoint: HRESETn (input port clocked by HCLK)
Endpoint: _201_ (recovery check against rising-edge clock HCLK)
Path Group: asynchronous
Path Type: max

Fanout         Cap        Slew       Delay        Time   Description
---------------------------------------------------------------------------------------------
                                  0.000000    0.000000   clock HCLK (rise edge)
                                  0.000000    0.000000   clock network delay (propagated)
                                  2.000000    2.000000 ^ input external delay
     1    0.003025    0.014720    0.007830    2.007830 ^ HRESETn (in)
                                                         HRESETn (net)
                      0.014725    0.000000    2.007830 ^ input34/A (sky130_fd_sc_hd__buf_1)
     1    0.011183    0.102625    0.096864    2.104694 ^ input34/X (sky130_fd_sc_hd__buf_1)
                                                         net34 (net)
                      0.102628    0.000503    2.105197 ^ fanout192/A (sky130_fd_sc_hd__buf_8)
     6    0.134527    0.162201    0.147786    2.252983 ^ fanout192/X (sky130_fd_sc_hd__buf_8)
                                                         net192 (net)
                      0.176363    0.035785    2.288768 ^ fanout187/A (sky130_fd_sc_hd__buf_8)
     6    0.151222    0.185463    0.173946    2.462715 ^ fanout187/X (sky130_fd_sc_hd__buf_8)
                                                         net187 (net)
                      0.195771    0.034041    2.496756 ^ fanout185/A (sky130_fd_sc_hd__buf_8)
    11    0.136028    0.166400    0.160778    2.657534 ^ fanout185/X (sky130_fd_sc_hd__buf_8)
                                                         net185 (net)
                      0.186870    0.044702    2.702236 ^ fanout184/A (sky130_fd_sc_hd__clkbuf_4)
    10    0.045887    0.109955    0.179627    2.881862 ^ fanout184/X (sky130_fd_sc_hd__clkbuf_4)
                                                         net184 (net)
                      0.109987    0.001820    2.883682 ^ _201_/RESET_B (sky130_fd_sc_hd__dfrtp_1)
                                              2.883682   data arrival time

                                 10.000000   10.000000   clock HCLK (rise edge)
                                  0.000000   10.000000   clock source latency
     1    0.059439    0.203180    0.147359   10.147359 ^ HCLK (in)
                                                         HCLK (net)
                      0.204534    0.000000   10.147359 ^ clkbuf_0_HCLK/A (sky130_fd_sc_hd__clkbuf_16)
     5    0.134022    0.114650    0.179325   10.326684 ^ clkbuf_0_HCLK/X (sky130_fd_sc_hd__clkbuf_16)
                                                         clknet_0_HCLK (net)
                      0.117120    0.013264   10.339948 ^ clkbuf_2_1_0_HCLK/A (sky130_fd_sc_hd__clkbuf_8)
     2    0.036936    0.058213    0.125711   10.465659 ^ clkbuf_2_1_0_HCLK/X (sky130_fd_sc_hd__clkbuf_8)
                                                         clknet_2_1_0_HCLK (net)
                      0.058723    0.004261   10.469920 ^ clkbuf_3_3__f_HCLK/A (sky130_fd_sc_hd__clkbuf_16)
    10    0.027954    0.036768    0.097675   10.567595 ^ clkbuf_3_3__f_HCLK/X (sky130_fd_sc_hd__clkbuf_16)
                                                         clknet_3_3__leaf_HCLK (net)
                      0.036779    0.000593   10.568189 ^ _201_/CLK (sky130_fd_sc_hd__dfrtp_1)
                                 -0.250000   10.318189   clock uncertainty
                                  0.000000   10.318189   clock reconvergence pessimism
                                  0.129771   10.447959   library recovery time
                                             10.447959   data required time
---------------------------------------------------------------------------------------------
                                             10.447959   data required time
                                             -2.883682   data arrival time
---------------------------------------------------------------------------------------------
                                              7.564278   slack (MET)


Startpoint: HRESETn (input port clocked by HCLK)
Endpoint: _179_ (recovery check against rising-edge clock HCLK)
Path Group: asynchronous
Path Type: max

Fanout         Cap        Slew       Delay        Time   Description
---------------------------------------------------------------------------------------------
                                  0.000000    0.000000   clock HCLK (rise edge)
                                  0.000000    0.000000   clock network delay (propagated)
                                  2.000000    2.000000 ^ input external delay
     1    0.003025    0.014720    0.007830    2.007830 ^ HRESETn (in)
                                                         HRESETn (net)
                      0.014725    0.000000    2.007830 ^ input34/A (sky130_fd_sc_hd__buf_1)
     1    0.011183    0.102625    0.096864    2.104694 ^ input34/X (sky130_fd_sc_hd__buf_1)
                                                         net34 (net)
                      0.102628    0.000503    2.105197 ^ fanout192/A (sky130_fd_sc_hd__buf_8)
     6    0.134527    0.162201    0.147786    2.252983 ^ fanout192/X (sky130_fd_sc_hd__buf_8)
                                                         net192 (net)
                      0.176363    0.035785    2.288768 ^ fanout187/A (sky130_fd_sc_hd__buf_8)
     6    0.151222    0.185463    0.173946    2.462715 ^ fanout187/X (sky130_fd_sc_hd__buf_8)
                                                         net187 (net)
                      0.195771    0.034041    2.496756 ^ fanout185/A (sky130_fd_sc_hd__buf_8)
    11    0.136028    0.166400    0.160778    2.657534 ^ fanout185/X (sky130_fd_sc_hd__buf_8)
                                                         net185 (net)
                      0.186870    0.044702    2.702236 ^ fanout184/A (sky130_fd_sc_hd__clkbuf_4)
    10    0.045887    0.109955    0.179627    2.881862 ^ fanout184/X (sky130_fd_sc_hd__clkbuf_4)
                                                         net184 (net)
                      0.109980    0.001628    2.883490 ^ _179_/RESET_B (sky130_fd_sc_hd__dfrtp_1)
                                              2.883490   data arrival time

                                 10.000000   10.000000   clock HCLK (rise edge)
                                  0.000000   10.000000   clock source latency
     1    0.059439    0.203180    0.147359   10.147359 ^ HCLK (in)
                                                         HCLK (net)
                      0.204534    0.000000   10.147359 ^ clkbuf_0_HCLK/A (sky130_fd_sc_hd__clkbuf_16)
     5    0.134022    0.114650    0.179325   10.326684 ^ clkbuf_0_HCLK/X (sky130_fd_sc_hd__clkbuf_16)
                                                         clknet_0_HCLK (net)
                      0.117120    0.013264   10.339948 ^ clkbuf_2_1_0_HCLK/A (sky130_fd_sc_hd__clkbuf_8)
     2    0.036936    0.058213    0.125711   10.465659 ^ clkbuf_2_1_0_HCLK/X (sky130_fd_sc_hd__clkbuf_8)
                                                         clknet_2_1_0_HCLK (net)
                      0.058723    0.004261   10.469920 ^ clkbuf_3_3__f_HCLK/A (sky130_fd_sc_hd__clkbuf_16)
    10    0.027954    0.036768    0.097675   10.567595 ^ clkbuf_3_3__f_HCLK/X (sky130_fd_sc_hd__clkbuf_16)
                                                         clknet_3_3__leaf_HCLK (net)
                      0.036777    0.000551   10.568146 ^ _179_/CLK (sky130_fd_sc_hd__dfrtp_1)
                                 -0.250000   10.318146   clock uncertainty
                                  0.000000   10.318146   clock reconvergence pessimism
                                  0.129772   10.447918   library recovery time
                                             10.447918   data required time
---------------------------------------------------------------------------------------------
                                             10.447918   data required time
                                             -2.883490   data arrival time
---------------------------------------------------------------------------------------------
                                              7.564427   slack (MET)


Startpoint: HRESETn (input port clocked by HCLK)
Endpoint: _210_ (recovery check against rising-edge clock HCLK)
Path Group: asynchronous
Path Type: max

Fanout         Cap        Slew       Delay        Time   Description
---------------------------------------------------------------------------------------------
                                  0.000000    0.000000   clock HCLK (rise edge)
                                  0.000000    0.000000   clock network delay (propagated)
                                  2.000000    2.000000 ^ input external delay
     1    0.003025    0.014720    0.007830    2.007830 ^ HRESETn (in)
                                                         HRESETn (net)
                      0.014725    0.000000    2.007830 ^ input34/A (sky130_fd_sc_hd__buf_1)
     1    0.011183    0.102625    0.096864    2.104694 ^ input34/X (sky130_fd_sc_hd__buf_1)
                                                         net34 (net)
                      0.102628    0.000503    2.105197 ^ fanout192/A (sky130_fd_sc_hd__buf_8)
     6    0.134527    0.162201    0.147786    2.252983 ^ fanout192/X (sky130_fd_sc_hd__buf_8)
                                                         net192 (net)
                      0.176363    0.035785    2.288768 ^ fanout187/A (sky130_fd_sc_hd__buf_8)
     6    0.151222    0.185463    0.173946    2.462715 ^ fanout187/X (sky130_fd_sc_hd__buf_8)
                                                         net187 (net)
                      0.195771    0.034041    2.496756 ^ fanout185/A (sky130_fd_sc_hd__buf_8)
    11    0.136028    0.166400    0.160778    2.657534 ^ fanout185/X (sky130_fd_sc_hd__buf_8)
                                                         net185 (net)
                      0.186870    0.044702    2.702236 ^ fanout184/A (sky130_fd_sc_hd__clkbuf_4)
    10    0.045887    0.109955    0.179627    2.881862 ^ fanout184/X (sky130_fd_sc_hd__clkbuf_4)
                                                         net184 (net)
                      0.109968    0.001270    2.883132 ^ _210_/RESET_B (sky130_fd_sc_hd__dfrtp_1)
                                              2.883132   data arrival time

                                 10.000000   10.000000   clock HCLK (rise edge)
                                  0.000000   10.000000   clock source latency
     1    0.059439    0.203180    0.147359   10.147359 ^ HCLK (in)
                                                         HCLK (net)
                      0.204534    0.000000   10.147359 ^ clkbuf_0_HCLK/A (sky130_fd_sc_hd__clkbuf_16)
     5    0.134022    0.114650    0.179325   10.326684 ^ clkbuf_0_HCLK/X (sky130_fd_sc_hd__clkbuf_16)
                                                         clknet_0_HCLK (net)
                      0.117120    0.013264   10.339948 ^ clkbuf_2_1_0_HCLK/A (sky130_fd_sc_hd__clkbuf_8)
     2    0.036936    0.058213    0.125711   10.465659 ^ clkbuf_2_1_0_HCLK/X (sky130_fd_sc_hd__clkbuf_8)
                                                         clknet_2_1_0_HCLK (net)
                      0.058723    0.004261   10.469920 ^ clkbuf_3_3__f_HCLK/A (sky130_fd_sc_hd__clkbuf_16)
    10    0.027954    0.036768    0.097675   10.567595 ^ clkbuf_3_3__f_HCLK/X (sky130_fd_sc_hd__clkbuf_16)
                                                         clknet_3_3__leaf_HCLK (net)
                      0.036774    0.000452   10.568048 ^ _210_/CLK (sky130_fd_sc_hd__dfrtp_1)
                                 -0.250000   10.318048   clock uncertainty
                                  0.000000   10.318048   clock reconvergence pessimism
                                  0.129774   10.447821   library recovery time
                                             10.447821   data required time
---------------------------------------------------------------------------------------------
                                             10.447821   data required time
                                             -2.883132   data arrival time
---------------------------------------------------------------------------------------------
                                              7.564689   slack (MET)


Startpoint: HRESETn (input port clocked by HCLK)
Endpoint: _205_ (recovery check against rising-edge clock HCLK)
Path Group: asynchronous
Path Type: max

Fanout         Cap        Slew       Delay        Time   Description
---------------------------------------------------------------------------------------------
                                  0.000000    0.000000   clock HCLK (rise edge)
                                  0.000000    0.000000   clock network delay (propagated)
                                  2.000000    2.000000 ^ input external delay
     1    0.003025    0.014720    0.007830    2.007830 ^ HRESETn (in)
                                                         HRESETn (net)
                      0.014725    0.000000    2.007830 ^ input34/A (sky130_fd_sc_hd__buf_1)
     1    0.011183    0.102625    0.096864    2.104694 ^ input34/X (sky130_fd_sc_hd__buf_1)
                                                         net34 (net)
                      0.102628    0.000503    2.105197 ^ fanout192/A (sky130_fd_sc_hd__buf_8)
     6    0.134527    0.162201    0.147786    2.252983 ^ fanout192/X (sky130_fd_sc_hd__buf_8)
                                                         net192 (net)
                      0.176363    0.035785    2.288768 ^ fanout187/A (sky130_fd_sc_hd__buf_8)
     6    0.151222    0.185463    0.173946    2.462715 ^ fanout187/X (sky130_fd_sc_hd__buf_8)
                                                         net187 (net)
                      0.195771    0.034041    2.496756 ^ fanout185/A (sky130_fd_sc_hd__buf_8)
    11    0.136028    0.166400    0.160778    2.657534 ^ fanout185/X (sky130_fd_sc_hd__buf_8)
                                                         net185 (net)
                      0.186870    0.044702    2.702236 ^ fanout184/A (sky130_fd_sc_hd__clkbuf_4)
    10    0.045887    0.109955    0.179627    2.881862 ^ fanout184/X (sky130_fd_sc_hd__clkbuf_4)
                                                         net184 (net)
                      0.109964    0.001086    2.882949 ^ _205_/RESET_B (sky130_fd_sc_hd__dfrtp_1)
                                              2.882949   data arrival time

                                 10.000000   10.000000   clock HCLK (rise edge)
                                  0.000000   10.000000   clock source latency
     1    0.059439    0.203180    0.147359   10.147359 ^ HCLK (in)
                                                         HCLK (net)
                      0.204534    0.000000   10.147359 ^ clkbuf_0_HCLK/A (sky130_fd_sc_hd__clkbuf_16)
     5    0.134022    0.114650    0.179325   10.326684 ^ clkbuf_0_HCLK/X (sky130_fd_sc_hd__clkbuf_16)
                                                         clknet_0_HCLK (net)
                      0.117120    0.013264   10.339948 ^ clkbuf_2_1_0_HCLK/A (sky130_fd_sc_hd__clkbuf_8)
     2    0.036936    0.058213    0.125711   10.465659 ^ clkbuf_2_1_0_HCLK/X (sky130_fd_sc_hd__clkbuf_8)
                                                         clknet_2_1_0_HCLK (net)
                      0.058723    0.004261   10.469920 ^ clkbuf_3_3__f_HCLK/A (sky130_fd_sc_hd__clkbuf_16)
    10    0.027954    0.036768    0.097675   10.567595 ^ clkbuf_3_3__f_HCLK/X (sky130_fd_sc_hd__clkbuf_16)
                                                         clknet_3_3__leaf_HCLK (net)
                      0.036773    0.000444   10.568039 ^ _205_/CLK (sky130_fd_sc_hd__dfrtp_1)
                                 -0.250000   10.318039   clock uncertainty
                                  0.000000   10.318039   clock reconvergence pessimism
                                  0.129775   10.447814   library recovery time
                                             10.447814   data required time
---------------------------------------------------------------------------------------------
                                             10.447814   data required time
                                             -2.882949   data arrival time
---------------------------------------------------------------------------------------------
                                              7.564865   slack (MET)


Startpoint: HRESETn (input port clocked by HCLK)
Endpoint: _151_ (recovery check against rising-edge clock HCLK)
Path Group: asynchronous
Path Type: max

Fanout         Cap        Slew       Delay        Time   Description
---------------------------------------------------------------------------------------------
                                  0.000000    0.000000   clock HCLK (rise edge)
                                  0.000000    0.000000   clock network delay (propagated)
                                  2.000000    2.000000 ^ input external delay
     1    0.003025    0.014720    0.007830    2.007830 ^ HRESETn (in)
                                                         HRESETn (net)
                      0.014725    0.000000    2.007830 ^ input34/A (sky130_fd_sc_hd__buf_1)
     1    0.011183    0.102625    0.096864    2.104694 ^ input34/X (sky130_fd_sc_hd__buf_1)
                                                         net34 (net)
                      0.102628    0.000503    2.105197 ^ fanout192/A (sky130_fd_sc_hd__buf_8)
     6    0.134527    0.162201    0.147786    2.252983 ^ fanout192/X (sky130_fd_sc_hd__buf_8)
                                                         net192 (net)
                      0.176363    0.035785    2.288768 ^ fanout187/A (sky130_fd_sc_hd__buf_8)
     6    0.151222    0.185463    0.173946    2.462715 ^ fanout187/X (sky130_fd_sc_hd__buf_8)
                                                         net187 (net)
                      0.195771    0.034041    2.496756 ^ fanout185/A (sky130_fd_sc_hd__buf_8)
    11    0.136028    0.166400    0.160778    2.657534 ^ fanout185/X (sky130_fd_sc_hd__buf_8)
                                                         net185 (net)
                      0.186870    0.044702    2.702236 ^ fanout184/A (sky130_fd_sc_hd__clkbuf_4)
    10    0.045887    0.109955    0.179627    2.881862 ^ fanout184/X (sky130_fd_sc_hd__clkbuf_4)
                                                         net184 (net)
                      0.109958    0.000766    2.882628 ^ _151_/RESET_B (sky130_fd_sc_hd__dfrtp_1)
                                              2.882628   data arrival time

                                 10.000000   10.000000   clock HCLK (rise edge)
                                  0.000000   10.000000   clock source latency
     1    0.059439    0.203180    0.147359   10.147359 ^ HCLK (in)
                                                         HCLK (net)
                      0.204534    0.000000   10.147359 ^ clkbuf_0_HCLK/A (sky130_fd_sc_hd__clkbuf_16)
     5    0.134022    0.114650    0.179325   10.326684 ^ clkbuf_0_HCLK/X (sky130_fd_sc_hd__clkbuf_16)
                                                         clknet_0_HCLK (net)
                      0.117120    0.013264   10.339948 ^ clkbuf_2_1_0_HCLK/A (sky130_fd_sc_hd__clkbuf_8)
     2    0.036936    0.058213    0.125711   10.465659 ^ clkbuf_2_1_0_HCLK/X (sky130_fd_sc_hd__clkbuf_8)
                                                         clknet_2_1_0_HCLK (net)
                      0.058723    0.004261   10.469920 ^ clkbuf_3_3__f_HCLK/A (sky130_fd_sc_hd__clkbuf_16)
    10    0.027954    0.036768    0.097675   10.567595 ^ clkbuf_3_3__f_HCLK/X (sky130_fd_sc_hd__clkbuf_16)
                                                         clknet_3_3__leaf_HCLK (net)
                      0.036776    0.000528   10.568124 ^ _151_/CLK (sky130_fd_sc_hd__dfrtp_1)
                                 -0.250000   10.318124   clock uncertainty
                                  0.000000   10.318124   clock reconvergence pessimism
                                  0.129776   10.447900   library recovery time
                                             10.447900   data required time
---------------------------------------------------------------------------------------------
                                             10.447900   data required time
                                             -2.882628   data arrival time
---------------------------------------------------------------------------------------------
                                              7.565271   slack (MET)


Startpoint: HTRANS[1] (input port clocked by HCLK)
Endpoint: _156_ (rising edge-triggered flip-flop clocked by HCLK)
Path Group: HCLK
Path Type: max

Fanout         Cap        Slew       Delay        Time   Description
---------------------------------------------------------------------------------------------
                                  0.000000    0.000000   clock HCLK (rise edge)
                                  0.000000    0.000000   clock network delay (propagated)
                                  2.000000    2.000000 v input external delay
     1    0.002800    0.004721    0.002277    2.002277 v HTRANS[1] (in)
                                                         HTRANS[1] (net)
                      0.004722    0.000000    2.002277 v input35/A (sky130_fd_sc_hd__buf_1)
     2    0.013877    0.058297    0.079915    2.082192 v input35/X (sky130_fd_sc_hd__buf_1)
                                                         net35 (net)
                      0.058344    0.001060    2.083252 v _083_/A (sky130_fd_sc_hd__nand2_1)
     1    0.009821    0.076996    0.081044    2.164296 ^ _083_/Y (sky130_fd_sc_hd__nand2_1)
                                                         _071_ (net)
                      0.076999    0.000382    2.164678 ^ fanout183/A (sky130_fd_sc_hd__buf_8)
     6    0.137828    0.166236    0.149379    2.314057 ^ fanout183/X (sky130_fd_sc_hd__buf_8)
                                                         net183 (net)
                      0.166428    0.005234    2.319291 ^ fanout181/A (sky130_fd_sc_hd__buf_8)
    10    0.126311    0.154244    0.151459    2.470750 ^ fanout181/X (sky130_fd_sc_hd__buf_8)
                                                         net181 (net)
                      0.174423    0.042430    2.513180 ^ _089_/S (sky130_fd_sc_hd__mux2_1)
     1    0.002914    0.038365    0.192617    2.705796 v _089_/X (sky130_fd_sc_hd__mux2_1)
                                                         _005_ (net)
                      0.038365    0.000083    2.705879 v _156_/D (sky130_fd_sc_hd__dfrtp_1)
                                              2.705879   data arrival time

                                 10.000000   10.000000   clock HCLK (rise edge)
                                  0.000000   10.000000   clock source latency
     1    0.059439    0.203180    0.147359   10.147359 ^ HCLK (in)
                                                         HCLK (net)
                      0.204534    0.000000   10.147359 ^ clkbuf_0_HCLK/A (sky130_fd_sc_hd__clkbuf_16)
     5    0.134022    0.114650    0.179325   10.326684 ^ clkbuf_0_HCLK/X (sky130_fd_sc_hd__clkbuf_16)
                                                         clknet_0_HCLK (net)
                      0.116381    0.011108   10.337791 ^ clkbuf_2_3_0_HCLK/A (sky130_fd_sc_hd__clkbuf_8)
     2    0.039123    0.060921    0.128564   10.466355 ^ clkbuf_2_3_0_HCLK/X (sky130_fd_sc_hd__clkbuf_8)
                                                         clknet_2_3_0_HCLK (net)
                      0.061123    0.002757   10.469112 ^ clkbuf_3_6__f_HCLK/A (sky130_fd_sc_hd__clkbuf_16)
     8    0.072928    0.069384    0.120378   10.589491 ^ clkbuf_3_6__f_HCLK/X (sky130_fd_sc_hd__clkbuf_16)
                                                         clknet_3_6__leaf_HCLK (net)
                      0.070497    0.006857   10.596347 ^ _156_/CLK (sky130_fd_sc_hd__dfrtp_1)
                                 -0.250000   10.346347   clock uncertainty
                                  0.000000   10.346347   clock reconvergence pessimism
                                 -0.071010   10.275337   library setup time
                                             10.275337   data required time
---------------------------------------------------------------------------------------------
                                             10.275337   data required time
                                             -2.705879   data arrival time
---------------------------------------------------------------------------------------------
                                              7.569458   slack (MET)


Startpoint: HTRANS[1] (input port clocked by HCLK)
Endpoint: _200_ (rising edge-triggered flip-flop clocked by HCLK)
Path Group: HCLK
Path Type: max

Fanout         Cap        Slew       Delay        Time   Description
---------------------------------------------------------------------------------------------
                                  0.000000    0.000000   clock HCLK (rise edge)
                                  0.000000    0.000000   clock network delay (propagated)
                                  2.000000    2.000000 v input external delay
     1    0.002800    0.004721    0.002277    2.002277 v HTRANS[1] (in)
                                                         HTRANS[1] (net)
                      0.004722    0.000000    2.002277 v input35/A (sky130_fd_sc_hd__buf_1)
     2    0.013877    0.058297    0.079915    2.082192 v input35/X (sky130_fd_sc_hd__buf_1)
                                                         net35 (net)
                      0.058344    0.001060    2.083252 v _083_/A (sky130_fd_sc_hd__nand2_1)
     1    0.009821    0.076996    0.081044    2.164296 ^ _083_/Y (sky130_fd_sc_hd__nand2_1)
                                                         _071_ (net)
                      0.076999    0.000382    2.164678 ^ fanout183/A (sky130_fd_sc_hd__buf_8)
     6    0.137828    0.166236    0.149379    2.314057 ^ fanout183/X (sky130_fd_sc_hd__buf_8)
                                                         net183 (net)
                      0.166428    0.005234    2.319291 ^ fanout181/A (sky130_fd_sc_hd__buf_8)
    10    0.126311    0.154244    0.151459    2.470750 ^ fanout181/X (sky130_fd_sc_hd__buf_8)
                                                         net181 (net)
                      0.174679    0.042712    2.513462 ^ _133_/S (sky130_fd_sc_hd__mux2_1)
     1    0.002664    0.037404    0.191087    2.704549 v _133_/X (sky130_fd_sc_hd__mux2_1)
                                                         _049_ (net)
                      0.037404    0.000075    2.704625 v _200_/D (sky130_fd_sc_hd__dfrtp_1)
                                              2.704625   data arrival time

                                 10.000000   10.000000   clock HCLK (rise edge)
                                  0.000000   10.000000   clock source latency
     1    0.059439    0.203180    0.147359   10.147359 ^ HCLK (in)
                                                         HCLK (net)
                      0.204534    0.000000   10.147359 ^ clkbuf_0_HCLK/A (sky130_fd_sc_hd__clkbuf_16)
     5    0.134022    0.114650    0.179325   10.326684 ^ clkbuf_0_HCLK/X (sky130_fd_sc_hd__clkbuf_16)
                                                         clknet_0_HCLK (net)
                      0.116381    0.011108   10.337791 ^ clkbuf_2_3_0_HCLK/A (sky130_fd_sc_hd__clkbuf_8)
     2    0.039123    0.060921    0.128564   10.466355 ^ clkbuf_2_3_0_HCLK/X (sky130_fd_sc_hd__clkbuf_8)
                                                         clknet_2_3_0_HCLK (net)
                      0.061123    0.002757   10.469112 ^ clkbuf_3_6__f_HCLK/A (sky130_fd_sc_hd__clkbuf_16)
     8    0.072928    0.069384    0.120378   10.589491 ^ clkbuf_3_6__f_HCLK/X (sky130_fd_sc_hd__clkbuf_16)
                                                         clknet_3_6__leaf_HCLK (net)
                      0.070514    0.006911   10.596401 ^ _200_/CLK (sky130_fd_sc_hd__dfrtp_1)
                                 -0.250000   10.346401   clock uncertainty
                                  0.000000   10.346401   clock reconvergence pessimism
                                 -0.070665   10.275736   library setup time
                                             10.275736   data required time
---------------------------------------------------------------------------------------------
                                             10.275736   data required time
                                             -2.704625   data arrival time
---------------------------------------------------------------------------------------------
                                              7.571111   slack (MET)


Startpoint: HTRANS[1] (input port clocked by HCLK)
Endpoint: _209_ (rising edge-triggered flip-flop clocked by HCLK)
Path Group: HCLK
Path Type: max

Fanout         Cap        Slew       Delay        Time   Description
---------------------------------------------------------------------------------------------
                                  0.000000    0.000000   clock HCLK (rise edge)
                                  0.000000    0.000000   clock network delay (propagated)
                                  2.000000    2.000000 v input external delay
     1    0.002800    0.004721    0.002277    2.002277 v HTRANS[1] (in)
                                                         HTRANS[1] (net)
                      0.004722    0.000000    2.002277 v input35/A (sky130_fd_sc_hd__buf_1)
     2    0.013877    0.058297    0.079915    2.082192 v input35/X (sky130_fd_sc_hd__buf_1)
                                                         net35 (net)
                      0.058344    0.001060    2.083252 v _083_/A (sky130_fd_sc_hd__nand2_1)
     1    0.009821    0.076996    0.081044    2.164296 ^ _083_/Y (sky130_fd_sc_hd__nand2_1)
                                                         _071_ (net)
                      0.076999    0.000382    2.164678 ^ fanout183/A (sky130_fd_sc_hd__buf_8)
     6    0.137828    0.166236    0.149379    2.314057 ^ fanout183/X (sky130_fd_sc_hd__buf_8)
                                                         net183 (net)
                      0.166428    0.005234    2.319291 ^ fanout181/A (sky130_fd_sc_hd__buf_8)
    10    0.126311    0.154244    0.151459    2.470750 ^ fanout181/X (sky130_fd_sc_hd__buf_8)
                                                         net181 (net)
                      0.173598    0.041511    2.512261 ^ _142_/S (sky130_fd_sc_hd__mux2_1)
     1    0.002663    0.037402    0.191067    2.703328 v _142_/X (sky130_fd_sc_hd__mux2_1)
                                                         _058_ (net)
                      0.037402    0.000076    2.703404 v _209_/D (sky130_fd_sc_hd__dfrtp_1)
                                              2.703404   data arrival time

                                 10.000000   10.000000   clock HCLK (rise edge)
                                  0.000000   10.000000   clock source latency
     1    0.059439    0.203180    0.147359   10.147359 ^ HCLK (in)
                                                         HCLK (net)
                      0.204534    0.000000   10.147359 ^ clkbuf_0_HCLK/A (sky130_fd_sc_hd__clkbuf_16)
     5    0.134022    0.114650    0.179325   10.326684 ^ clkbuf_0_HCLK/X (sky130_fd_sc_hd__clkbuf_16)
                                                         clknet_0_HCLK (net)
                      0.116381    0.011108   10.337791 ^ clkbuf_2_3_0_HCLK/A (sky130_fd_sc_hd__clkbuf_8)
     2    0.039123    0.060921    0.128564   10.466355 ^ clkbuf_2_3_0_HCLK/X (sky130_fd_sc_hd__clkbuf_8)
                                                         clknet_2_3_0_HCLK (net)
                      0.061123    0.002757   10.469112 ^ clkbuf_3_6__f_HCLK/A (sky130_fd_sc_hd__clkbuf_16)
     8    0.072928    0.069384    0.120378   10.589491 ^ clkbuf_3_6__f_HCLK/X (sky130_fd_sc_hd__clkbuf_16)
                                                         clknet_3_6__leaf_HCLK (net)
                      0.070258    0.006072   10.595562 ^ _209_/CLK (sky130_fd_sc_hd__dfrtp_1)
                                 -0.250000   10.345562   clock uncertainty
                                  0.000000   10.345562   clock reconvergence pessimism
                                 -0.070689   10.274873   library setup time
                                             10.274873   data required time
---------------------------------------------------------------------------------------------
                                             10.274873   data required time
                                             -2.703404   data arrival time
---------------------------------------------------------------------------------------------
                                              7.571469   slack (MET)


Startpoint: HTRANS[1] (input port clocked by HCLK)
Endpoint: _171_ (rising edge-triggered flip-flop clocked by HCLK)
Path Group: HCLK
Path Type: max

Fanout         Cap        Slew       Delay        Time   Description
---------------------------------------------------------------------------------------------
                                  0.000000    0.000000   clock HCLK (rise edge)
                                  0.000000    0.000000   clock network delay (propagated)
                                  2.000000    2.000000 v input external delay
     1    0.002800    0.004721    0.002277    2.002277 v HTRANS[1] (in)
                                                         HTRANS[1] (net)
                      0.004722    0.000000    2.002277 v input35/A (sky130_fd_sc_hd__buf_1)
     2    0.013877    0.058297    0.079915    2.082192 v input35/X (sky130_fd_sc_hd__buf_1)
                                                         net35 (net)
                      0.058344    0.001060    2.083252 v _083_/A (sky130_fd_sc_hd__nand2_1)
     1    0.009821    0.076996    0.081044    2.164296 ^ _083_/Y (sky130_fd_sc_hd__nand2_1)
                                                         _071_ (net)
                      0.076999    0.000382    2.164678 ^ fanout183/A (sky130_fd_sc_hd__buf_8)
     6    0.137828    0.166236    0.149379    2.314057 ^ fanout183/X (sky130_fd_sc_hd__buf_8)
                                                         net183 (net)
                      0.166428    0.005234    2.319291 ^ fanout181/A (sky130_fd_sc_hd__buf_8)
    10    0.126311    0.154244    0.151459    2.470750 ^ fanout181/X (sky130_fd_sc_hd__buf_8)
                                                         net181 (net)
                      0.174723    0.042760    2.513510 ^ _104_/S (sky130_fd_sc_hd__mux2_1)
     1    0.002543    0.036953    0.190346    2.703856 v _104_/X (sky130_fd_sc_hd__mux2_1)
                                                         _020_ (net)
                      0.036953    0.000071    2.703927 v _171_/D (sky130_fd_sc_hd__dfrtp_1)
                                              2.703927   data arrival time

                                 10.000000   10.000000   clock HCLK (rise edge)
                                  0.000000   10.000000   clock source latency
     1    0.059439    0.203180    0.147359   10.147359 ^ HCLK (in)
                                                         HCLK (net)
                      0.204534    0.000000   10.147359 ^ clkbuf_0_HCLK/A (sky130_fd_sc_hd__clkbuf_16)
     5    0.134022    0.114650    0.179325   10.326684 ^ clkbuf_0_HCLK/X (sky130_fd_sc_hd__clkbuf_16)
                                                         clknet_0_HCLK (net)
                      0.116381    0.011108   10.337791 ^ clkbuf_2_3_0_HCLK/A (sky130_fd_sc_hd__clkbuf_8)
     2    0.039123    0.060921    0.128564   10.466355 ^ clkbuf_2_3_0_HCLK/X (sky130_fd_sc_hd__clkbuf_8)
                                                         clknet_2_3_0_HCLK (net)
                      0.061123    0.002757   10.469112 ^ clkbuf_3_6__f_HCLK/A (sky130_fd_sc_hd__clkbuf_16)
     8    0.072928    0.069384    0.120378   10.589491 ^ clkbuf_3_6__f_HCLK/X (sky130_fd_sc_hd__clkbuf_16)
                                                         clknet_3_6__leaf_HCLK (net)
                      0.070527    0.006949   10.596439 ^ _171_/CLK (sky130_fd_sc_hd__dfrtp_1)
                                 -0.250000   10.346439   clock uncertainty
                                  0.000000   10.346439   clock reconvergence pessimism
                                 -0.070503   10.275937   library setup time
                                             10.275937   data required time
---------------------------------------------------------------------------------------------
                                             10.275937   data required time
                                             -2.703927   data arrival time
---------------------------------------------------------------------------------------------
                                              7.572010   slack (MET)


Startpoint: HTRANS[1] (input port clocked by HCLK)
Endpoint: _190_ (rising edge-triggered flip-flop clocked by HCLK)
Path Group: HCLK
Path Type: max

Fanout         Cap        Slew       Delay        Time   Description
---------------------------------------------------------------------------------------------
                                  0.000000    0.000000   clock HCLK (rise edge)
                                  0.000000    0.000000   clock network delay (propagated)
                                  2.000000    2.000000 v input external delay
     1    0.002800    0.004721    0.002277    2.002277 v HTRANS[1] (in)
                                                         HTRANS[1] (net)
                      0.004722    0.000000    2.002277 v input35/A (sky130_fd_sc_hd__buf_1)
     2    0.013877    0.058297    0.079915    2.082192 v input35/X (sky130_fd_sc_hd__buf_1)
                                                         net35 (net)
                      0.058344    0.001060    2.083252 v _083_/A (sky130_fd_sc_hd__nand2_1)
     1    0.009821    0.076996    0.081044    2.164296 ^ _083_/Y (sky130_fd_sc_hd__nand2_1)
                                                         _071_ (net)
                      0.076999    0.000382    2.164678 ^ fanout183/A (sky130_fd_sc_hd__buf_8)
     6    0.137828    0.166236    0.149379    2.314057 ^ fanout183/X (sky130_fd_sc_hd__buf_8)
                                                         net183 (net)
                      0.166428    0.005234    2.319291 ^ fanout181/A (sky130_fd_sc_hd__buf_8)
    10    0.126311    0.154244    0.151459    2.470750 ^ fanout181/X (sky130_fd_sc_hd__buf_8)
                                                         net181 (net)
                      0.174156    0.042134    2.512883 ^ _123_/S (sky130_fd_sc_hd__mux2_1)
     1    0.002562    0.037027    0.190456    2.703339 v _123_/X (sky130_fd_sc_hd__mux2_1)
                                                         _039_ (net)
                      0.037027    0.000075    2.703414 v _190_/D (sky130_fd_sc_hd__dfrtp_1)
                                              2.703414   data arrival time

                                 10.000000   10.000000   clock HCLK (rise edge)
                                  0.000000   10.000000   clock source latency
     1    0.059439    0.203180    0.147359   10.147359 ^ HCLK (in)
                                                         HCLK (net)
                      0.204534    0.000000   10.147359 ^ clkbuf_0_HCLK/A (sky130_fd_sc_hd__clkbuf_16)
     5    0.134022    0.114650    0.179325   10.326684 ^ clkbuf_0_HCLK/X (sky130_fd_sc_hd__clkbuf_16)
                                                         clknet_0_HCLK (net)
                      0.116381    0.011108   10.337791 ^ clkbuf_2_3_0_HCLK/A (sky130_fd_sc_hd__clkbuf_8)
     2    0.039123    0.060921    0.128564   10.466355 ^ clkbuf_2_3_0_HCLK/X (sky130_fd_sc_hd__clkbuf_8)
                                                         clknet_2_3_0_HCLK (net)
                      0.061123    0.002757   10.469112 ^ clkbuf_3_6__f_HCLK/A (sky130_fd_sc_hd__clkbuf_16)
     8    0.072928    0.069384    0.120378   10.589491 ^ clkbuf_3_6__f_HCLK/X (sky130_fd_sc_hd__clkbuf_16)
                                                         clknet_3_6__leaf_HCLK (net)
                      0.070445    0.006693   10.596184 ^ _190_/CLK (sky130_fd_sc_hd__dfrtp_1)
                                 -0.250000   10.346184   clock uncertainty
                                  0.000000   10.346184   clock reconvergence pessimism
                                 -0.070538   10.275646   library setup time
                                             10.275646   data required time
---------------------------------------------------------------------------------------------
                                             10.275646   data required time
                                             -2.703414   data arrival time
---------------------------------------------------------------------------------------------
                                              7.572232   slack (MET)


Startpoint: HTRANS[1] (input port clocked by HCLK)
Endpoint: _206_ (rising edge-triggered flip-flop clocked by HCLK)
Path Group: HCLK
Path Type: max

Fanout         Cap        Slew       Delay        Time   Description
---------------------------------------------------------------------------------------------
                                  0.000000    0.000000   clock HCLK (rise edge)
                                  0.000000    0.000000   clock network delay (propagated)
                                  2.000000    2.000000 v input external delay
     1    0.002800    0.004721    0.002277    2.002277 v HTRANS[1] (in)
                                                         HTRANS[1] (net)
                      0.004722    0.000000    2.002277 v input35/A (sky130_fd_sc_hd__buf_1)
     2    0.013877    0.058297    0.079915    2.082192 v input35/X (sky130_fd_sc_hd__buf_1)
                                                         net35 (net)
                      0.058344    0.001060    2.083252 v _083_/A (sky130_fd_sc_hd__nand2_1)
     1    0.009821    0.076996    0.081044    2.164296 ^ _083_/Y (sky130_fd_sc_hd__nand2_1)
                                                         _071_ (net)
                      0.076999    0.000382    2.164678 ^ fanout183/A (sky130_fd_sc_hd__buf_8)
     6    0.137828    0.166236    0.149379    2.314057 ^ fanout183/X (sky130_fd_sc_hd__buf_8)
                                                         net183 (net)
                      0.166428    0.005234    2.319291 ^ fanout181/A (sky130_fd_sc_hd__buf_8)
    10    0.126311    0.154244    0.151459    2.470750 ^ fanout181/X (sky130_fd_sc_hd__buf_8)
                                                         net181 (net)
                      0.174574    0.042596    2.513346 ^ _139_/S (sky130_fd_sc_hd__mux2_1)
     1    0.002447    0.036596    0.189754    2.703099 v _139_/X (sky130_fd_sc_hd__mux2_1)
                                                         _055_ (net)
                      0.036596    0.000069    2.703168 v _206_/D (sky130_fd_sc_hd__dfrtp_1)
                                              2.703168   data arrival time

                                 10.000000   10.000000   clock HCLK (rise edge)
                                  0.000000   10.000000   clock source latency
     1    0.059439    0.203180    0.147359   10.147359 ^ HCLK (in)
                                                         HCLK (net)
                      0.204534    0.000000   10.147359 ^ clkbuf_0_HCLK/A (sky130_fd_sc_hd__clkbuf_16)
     5    0.134022    0.114650    0.179325   10.326684 ^ clkbuf_0_HCLK/X (sky130_fd_sc_hd__clkbuf_16)
                                                         clknet_0_HCLK (net)
                      0.116381    0.011108   10.337791 ^ clkbuf_2_3_0_HCLK/A (sky130_fd_sc_hd__clkbuf_8)
     2    0.039123    0.060921    0.128564   10.466355 ^ clkbuf_2_3_0_HCLK/X (sky130_fd_sc_hd__clkbuf_8)
                                                         clknet_2_3_0_HCLK (net)
                      0.061123    0.002757   10.469112 ^ clkbuf_3_6__f_HCLK/A (sky130_fd_sc_hd__clkbuf_16)
     8    0.072928    0.069384    0.120378   10.589491 ^ clkbuf_3_6__f_HCLK/X (sky130_fd_sc_hd__clkbuf_16)
                                                         clknet_3_6__leaf_HCLK (net)
                      0.070498    0.006860   10.596351 ^ _206_/CLK (sky130_fd_sc_hd__dfrtp_1)
                                 -0.250000   10.346351   clock uncertainty
                                  0.000000   10.346351   clock reconvergence pessimism
                                 -0.070379   10.275972   library setup time
                                             10.275972   data required time
---------------------------------------------------------------------------------------------
                                             10.275972   data required time
                                             -2.703168   data arrival time
---------------------------------------------------------------------------------------------
                                              7.572805   slack (MET)


Startpoint: HTRANS[1] (input port clocked by HCLK)
Endpoint: _199_ (rising edge-triggered flip-flop clocked by HCLK)
Path Group: HCLK
Path Type: max

Fanout         Cap        Slew       Delay        Time   Description
---------------------------------------------------------------------------------------------
                                  0.000000    0.000000   clock HCLK (rise edge)
                                  0.000000    0.000000   clock network delay (propagated)
                                  2.000000    2.000000 v input external delay
     1    0.002800    0.004721    0.002277    2.002277 v HTRANS[1] (in)
                                                         HTRANS[1] (net)
                      0.004722    0.000000    2.002277 v input35/A (sky130_fd_sc_hd__buf_1)
     2    0.013877    0.058297    0.079915    2.082192 v input35/X (sky130_fd_sc_hd__buf_1)
                                                         net35 (net)
                      0.058344    0.001060    2.083252 v _083_/A (sky130_fd_sc_hd__nand2_1)
     1    0.009821    0.076996    0.081044    2.164296 ^ _083_/Y (sky130_fd_sc_hd__nand2_1)
                                                         _071_ (net)
                      0.076999    0.000382    2.164678 ^ fanout183/A (sky130_fd_sc_hd__buf_8)
     6    0.137828    0.166236    0.149379    2.314057 ^ fanout183/X (sky130_fd_sc_hd__buf_8)
                                                         net183 (net)
                      0.166428    0.005234    2.319291 ^ fanout181/A (sky130_fd_sc_hd__buf_8)
    10    0.126311    0.154244    0.151459    2.470750 ^ fanout181/X (sky130_fd_sc_hd__buf_8)
                                                         net181 (net)
                      0.173964    0.041920    2.512670 ^ _132_/S (sky130_fd_sc_hd__mux2_1)
     1    0.002238    0.035822    0.188467    2.701137 v _132_/X (sky130_fd_sc_hd__mux2_1)
                                                         _048_ (net)
                      0.035822    0.000063    2.701200 v _199_/D (sky130_fd_sc_hd__dfrtp_1)
                                              2.701200   data arrival time

                                 10.000000   10.000000   clock HCLK (rise edge)
                                  0.000000   10.000000   clock source latency
     1    0.059439    0.203180    0.147359   10.147359 ^ HCLK (in)
                                                         HCLK (net)
                      0.204534    0.000000   10.147359 ^ clkbuf_0_HCLK/A (sky130_fd_sc_hd__clkbuf_16)
     5    0.134022    0.114650    0.179325   10.326684 ^ clkbuf_0_HCLK/X (sky130_fd_sc_hd__clkbuf_16)
                                                         clknet_0_HCLK (net)
                      0.116381    0.011108   10.337791 ^ clkbuf_2_3_0_HCLK/A (sky130_fd_sc_hd__clkbuf_8)
     2    0.039123    0.060921    0.128564   10.466355 ^ clkbuf_2_3_0_HCLK/X (sky130_fd_sc_hd__clkbuf_8)
                                                         clknet_2_3_0_HCLK (net)
                      0.061123    0.002757   10.469112 ^ clkbuf_3_6__f_HCLK/A (sky130_fd_sc_hd__clkbuf_16)
     8    0.072928    0.069384    0.120378   10.589491 ^ clkbuf_3_6__f_HCLK/X (sky130_fd_sc_hd__clkbuf_16)
                                                         clknet_3_6__leaf_HCLK (net)
                      0.070360    0.006419   10.595909 ^ _199_/CLK (sky130_fd_sc_hd__dfrtp_1)
                                 -0.250000   10.345909   clock uncertainty
                                  0.000000   10.345909   clock reconvergence pessimism
                                 -0.070116   10.275793   library setup time
                                             10.275793   data required time
---------------------------------------------------------------------------------------------
                                             10.275793   data required time
                                             -2.701200   data arrival time
---------------------------------------------------------------------------------------------
                                              7.574594   slack (MET)


Startpoint: HTRANS[1] (input port clocked by HCLK)
Endpoint: _195_ (rising edge-triggered flip-flop clocked by HCLK)
Path Group: HCLK
Path Type: max

Fanout         Cap        Slew       Delay        Time   Description
---------------------------------------------------------------------------------------------
                                  0.000000    0.000000   clock HCLK (rise edge)
                                  0.000000    0.000000   clock network delay (propagated)
                                  2.000000    2.000000 v input external delay
     1    0.002800    0.004721    0.002277    2.002277 v HTRANS[1] (in)
                                                         HTRANS[1] (net)
                      0.004722    0.000000    2.002277 v input35/A (sky130_fd_sc_hd__buf_1)
     2    0.013877    0.058297    0.079915    2.082192 v input35/X (sky130_fd_sc_hd__buf_1)
                                                         net35 (net)
                      0.058344    0.001060    2.083252 v _083_/A (sky130_fd_sc_hd__nand2_1)
     1    0.009821    0.076996    0.081044    2.164296 ^ _083_/Y (sky130_fd_sc_hd__nand2_1)
                                                         _071_ (net)
                      0.076999    0.000382    2.164678 ^ fanout183/A (sky130_fd_sc_hd__buf_8)
     6    0.137828    0.166236    0.149379    2.314057 ^ fanout183/X (sky130_fd_sc_hd__buf_8)
                                                         net183 (net)
                      0.179542    0.035248    2.349305 ^ fanout178/A (sky130_fd_sc_hd__buf_8)
     5    0.123520    0.153247    0.161353    2.510658 ^ fanout178/X (sky130_fd_sc_hd__buf_8)
                                                         net178 (net)
                      0.153264    0.001399    2.512057 ^ _128_/S (sky130_fd_sc_hd__mux2_1)
     1    0.002368    0.036336    0.189019    2.701077 v _128_/X (sky130_fd_sc_hd__mux2_1)
                                                         _044_ (net)
                      0.036336    0.000066    2.701143 v _195_/D (sky130_fd_sc_hd__dfrtp_4)
                                              2.701143   data arrival time

                                 10.000000   10.000000   clock HCLK (rise edge)
                                  0.000000   10.000000   clock source latency
     1    0.059439    0.203180    0.147359   10.147359 ^ HCLK (in)
                                                         HCLK (net)
                      0.204534    0.000000   10.147359 ^ clkbuf_0_HCLK/A (sky130_fd_sc_hd__clkbuf_16)
     5    0.134022    0.114650    0.179325   10.326684 ^ clkbuf_0_HCLK/X (sky130_fd_sc_hd__clkbuf_16)
                                                         clknet_0_HCLK (net)
                      0.116381    0.011108   10.337791 ^ clkbuf_2_3_0_HCLK/A (sky130_fd_sc_hd__clkbuf_8)
     2    0.039123    0.060921    0.128564   10.466355 ^ clkbuf_2_3_0_HCLK/X (sky130_fd_sc_hd__clkbuf_8)
                                                         clknet_2_3_0_HCLK (net)
                      0.061123    0.002757   10.469112 ^ clkbuf_3_6__f_HCLK/A (sky130_fd_sc_hd__clkbuf_16)
     8    0.072928    0.069384    0.120378   10.589491 ^ clkbuf_3_6__f_HCLK/X (sky130_fd_sc_hd__clkbuf_16)
                                                         clknet_3_6__leaf_HCLK (net)
                      0.071034    0.008390   10.597880 ^ _195_/CLK (sky130_fd_sc_hd__dfrtp_4)
                                 -0.250000   10.347880   clock uncertainty
                                  0.000000   10.347880   clock reconvergence pessimism
                                 -0.070378   10.277502   library setup time
                                             10.277502   data required time
---------------------------------------------------------------------------------------------
                                             10.277502   data required time
                                             -2.701143   data arrival time
---------------------------------------------------------------------------------------------
                                              7.576359   slack (MET)


Startpoint: HTRANS[1] (input port clocked by HCLK)
Endpoint: _155_ (rising edge-triggered flip-flop clocked by HCLK)
Path Group: HCLK
Path Type: max

Fanout         Cap        Slew       Delay        Time   Description
---------------------------------------------------------------------------------------------
                                  0.000000    0.000000   clock HCLK (rise edge)
                                  0.000000    0.000000   clock network delay (propagated)
                                  2.000000    2.000000 v input external delay
     1    0.002800    0.004721    0.002277    2.002277 v HTRANS[1] (in)
                                                         HTRANS[1] (net)
                      0.004722    0.000000    2.002277 v input35/A (sky130_fd_sc_hd__buf_1)
     2    0.013877    0.058297    0.079915    2.082192 v input35/X (sky130_fd_sc_hd__buf_1)
                                                         net35 (net)
                      0.058344    0.001060    2.083252 v _083_/A (sky130_fd_sc_hd__nand2_1)
     1    0.009821    0.076996    0.081044    2.164296 ^ _083_/Y (sky130_fd_sc_hd__nand2_1)
                                                         _071_ (net)
                      0.076999    0.000382    2.164678 ^ fanout183/A (sky130_fd_sc_hd__buf_8)
     6    0.137828    0.166236    0.149379    2.314057 ^ fanout183/X (sky130_fd_sc_hd__buf_8)
                                                         net183 (net)
                      0.166428    0.005234    2.319291 ^ fanout181/A (sky130_fd_sc_hd__buf_8)
    10    0.126311    0.154244    0.151459    2.470750 ^ fanout181/X (sky130_fd_sc_hd__buf_8)
                                                         net181 (net)
                      0.154270    0.001883    2.472633 ^ _088_/S (sky130_fd_sc_hd__mux2_1)
     1    0.002488    0.036777    0.189765    2.662398 v _088_/X (sky130_fd_sc_hd__mux2_1)
                                                         _004_ (net)
                      0.036777    0.000070    2.662468 v _155_/D (sky130_fd_sc_hd__dfrtp_1)
                                              2.662468   data arrival time

                                 10.000000   10.000000   clock HCLK (rise edge)
                                  0.000000   10.000000   clock source latency
     1    0.059439    0.203180    0.147359   10.147359 ^ HCLK (in)
                                                         HCLK (net)
                      0.204534    0.000000   10.147359 ^ clkbuf_0_HCLK/A (sky130_fd_sc_hd__clkbuf_16)
     5    0.134022    0.114650    0.179325   10.326684 ^ clkbuf_0_HCLK/X (sky130_fd_sc_hd__clkbuf_16)
                                                         clknet_0_HCLK (net)
                      0.116431    0.011266   10.337950 ^ clkbuf_2_2_0_HCLK/A (sky130_fd_sc_hd__clkbuf_8)
     2    0.035419    0.056406    0.124539   10.462489 ^ clkbuf_2_2_0_HCLK/X (sky130_fd_sc_hd__clkbuf_8)
                                                         clknet_2_2_0_HCLK (net)
                      0.056729    0.003332   10.465821 ^ clkbuf_3_4__f_HCLK/A (sky130_fd_sc_hd__clkbuf_16)
    11    0.039914    0.045093    0.104074   10.569896 ^ clkbuf_3_4__f_HCLK/X (sky130_fd_sc_hd__clkbuf_16)
                                                         clknet_3_4__leaf_HCLK (net)
                      0.045101    0.000637   10.570532 ^ _155_/CLK (sky130_fd_sc_hd__dfrtp_1)
                                 -0.250000   10.320532   clock uncertainty
                                  0.000000   10.320532   clock reconvergence pessimism
                                 -0.072889   10.247643   library setup time
                                             10.247643   data required time
---------------------------------------------------------------------------------------------
                                             10.247643   data required time
                                             -2.662468   data arrival time
---------------------------------------------------------------------------------------------
                                              7.585175   slack (MET)


Startpoint: HTRANS[1] (input port clocked by HCLK)
Endpoint: _193_ (rising edge-triggered flip-flop clocked by HCLK)
Path Group: HCLK
Path Type: max

Fanout         Cap        Slew       Delay        Time   Description
---------------------------------------------------------------------------------------------
                                  0.000000    0.000000   clock HCLK (rise edge)
                                  0.000000    0.000000   clock network delay (propagated)
                                  2.000000    2.000000 v input external delay
     1    0.002800    0.004721    0.002277    2.002277 v HTRANS[1] (in)
                                                         HTRANS[1] (net)
                      0.004722    0.000000    2.002277 v input35/A (sky130_fd_sc_hd__buf_1)
     2    0.013877    0.058297    0.079915    2.082192 v input35/X (sky130_fd_sc_hd__buf_1)
                                                         net35 (net)
                      0.058344    0.001060    2.083252 v _083_/A (sky130_fd_sc_hd__nand2_1)
     1    0.009821    0.076996    0.081044    2.164296 ^ _083_/Y (sky130_fd_sc_hd__nand2_1)
                                                         _071_ (net)
                      0.076999    0.000382    2.164678 ^ fanout183/A (sky130_fd_sc_hd__buf_8)
     6    0.137828    0.166236    0.149379    2.314057 ^ fanout183/X (sky130_fd_sc_hd__buf_8)
                                                         net183 (net)
                      0.166428    0.005234    2.319291 ^ fanout181/A (sky130_fd_sc_hd__buf_8)
    10    0.126311    0.154244    0.151459    2.470750 ^ fanout181/X (sky130_fd_sc_hd__buf_8)
                                                         net181 (net)
                      0.154262    0.001563    2.472313 ^ _126_/S (sky130_fd_sc_hd__mux2_1)
     1    0.002411    0.036494    0.189295    2.661608 v _126_/X (sky130_fd_sc_hd__mux2_1)
                                                         _042_ (net)
                      0.036494    0.000068    2.661676 v _193_/D (sky130_fd_sc_hd__dfrtp_1)
                                              2.661676   data arrival time

                                 10.000000   10.000000   clock HCLK (rise edge)
                                  0.000000   10.000000   clock source latency
     1    0.059439    0.203180    0.147359   10.147359 ^ HCLK (in)
                                                         HCLK (net)
                      0.204534    0.000000   10.147359 ^ clkbuf_0_HCLK/A (sky130_fd_sc_hd__clkbuf_16)
     5    0.134022    0.114650    0.179325   10.326684 ^ clkbuf_0_HCLK/X (sky130_fd_sc_hd__clkbuf_16)
                                                         clknet_0_HCLK (net)
                      0.116431    0.011266   10.337950 ^ clkbuf_2_2_0_HCLK/A (sky130_fd_sc_hd__clkbuf_8)
     2    0.035419    0.056406    0.124539   10.462489 ^ clkbuf_2_2_0_HCLK/X (sky130_fd_sc_hd__clkbuf_8)
                                                         clknet_2_2_0_HCLK (net)
                      0.056729    0.003332   10.465821 ^ clkbuf_3_4__f_HCLK/A (sky130_fd_sc_hd__clkbuf_16)
    11    0.039914    0.045093    0.104074   10.569896 ^ clkbuf_3_4__f_HCLK/X (sky130_fd_sc_hd__clkbuf_16)
                                                         clknet_3_4__leaf_HCLK (net)
                      0.045122    0.000980   10.570875 ^ _193_/CLK (sky130_fd_sc_hd__dfrtp_1)
                                 -0.250000   10.320875   clock uncertainty
                                  0.000000   10.320875   clock reconvergence pessimism
                                 -0.072786   10.248089   library setup time
                                             10.248089   data required time
---------------------------------------------------------------------------------------------
                                             10.248089   data required time
                                             -2.661676   data arrival time
---------------------------------------------------------------------------------------------
                                              7.586413   slack (MET)


Startpoint: HTRANS[1] (input port clocked by HCLK)
Endpoint: _215_ (rising edge-triggered flip-flop clocked by HCLK)
Path Group: HCLK
Path Type: max

Fanout         Cap        Slew       Delay        Time   Description
---------------------------------------------------------------------------------------------
                                  0.000000    0.000000   clock HCLK (rise edge)
                                  0.000000    0.000000   clock network delay (propagated)
                                  2.000000    2.000000 v input external delay
     1    0.002800    0.004721    0.002277    2.002277 v HTRANS[1] (in)
                                                         HTRANS[1] (net)
                      0.004722    0.000000    2.002277 v input35/A (sky130_fd_sc_hd__buf_1)
     2    0.013877    0.058297    0.079915    2.082192 v input35/X (sky130_fd_sc_hd__buf_1)
                                                         net35 (net)
                      0.058344    0.001060    2.083252 v _083_/A (sky130_fd_sc_hd__nand2_1)
     1    0.009821    0.076996    0.081044    2.164296 ^ _083_/Y (sky130_fd_sc_hd__nand2_1)
                                                         _071_ (net)
                      0.076999    0.000382    2.164678 ^ fanout183/A (sky130_fd_sc_hd__buf_8)
     6    0.137828    0.166236    0.149379    2.314057 ^ fanout183/X (sky130_fd_sc_hd__buf_8)
                                                         net183 (net)
                      0.166428    0.005234    2.319291 ^ fanout181/A (sky130_fd_sc_hd__buf_8)
    10    0.126311    0.154244    0.151459    2.470750 ^ fanout181/X (sky130_fd_sc_hd__buf_8)
                                                         net181 (net)
                      0.154259    0.001422    2.472172 ^ _148_/S (sky130_fd_sc_hd__mux2_1)
     1    0.002673    0.037466    0.190903    2.663075 v _148_/X (sky130_fd_sc_hd__mux2_1)
                                                         _064_ (net)
                      0.037466    0.000079    2.663154 v _215_/D (sky130_fd_sc_hd__dfrtp_1)
                                              2.663154   data arrival time

                                 10.000000   10.000000   clock HCLK (rise edge)
                                  0.000000   10.000000   clock source latency
     1    0.059439    0.203180    0.147359   10.147359 ^ HCLK (in)
                                                         HCLK (net)
                      0.204534    0.000000   10.147359 ^ clkbuf_0_HCLK/A (sky130_fd_sc_hd__clkbuf_16)
     5    0.134022    0.114650    0.179325   10.326684 ^ clkbuf_0_HCLK/X (sky130_fd_sc_hd__clkbuf_16)
                                                         clknet_0_HCLK (net)
                      0.116381    0.011108   10.337791 ^ clkbuf_2_3_0_HCLK/A (sky130_fd_sc_hd__clkbuf_8)
     2    0.039123    0.060921    0.128564   10.466355 ^ clkbuf_2_3_0_HCLK/X (sky130_fd_sc_hd__clkbuf_8)
                                                         clknet_2_3_0_HCLK (net)
                      0.060961    0.001246   10.467602 ^ clkbuf_3_7__f_HCLK/A (sky130_fd_sc_hd__clkbuf_16)
     7    0.049920    0.051834    0.108724   10.576325 ^ clkbuf_3_7__f_HCLK/X (sky130_fd_sc_hd__clkbuf_16)
                                                         clknet_3_7__leaf_HCLK (net)
                      0.053671    0.007518   10.583843 ^ _215_/CLK (sky130_fd_sc_hd__dfrtp_1)
                                 -0.250000   10.333843   clock uncertainty
                                  0.000000   10.333843   clock reconvergence pessimism
                                 -0.072309   10.261534   library setup time
                                             10.261534   data required time
---------------------------------------------------------------------------------------------
                                             10.261534   data required time
                                             -2.663154   data arrival time
---------------------------------------------------------------------------------------------
                                              7.598381   slack (MET)


Startpoint: HRESETn (input port clocked by HCLK)
Endpoint: _214_ (recovery check against rising-edge clock HCLK)
Path Group: asynchronous
Path Type: max

Fanout         Cap        Slew       Delay        Time   Description
---------------------------------------------------------------------------------------------
                                  0.000000    0.000000   clock HCLK (rise edge)
                                  0.000000    0.000000   clock network delay (propagated)
                                  2.000000    2.000000 ^ input external delay
     1    0.003025    0.014720    0.007830    2.007830 ^ HRESETn (in)
                                                         HRESETn (net)
                      0.014725    0.000000    2.007830 ^ input34/A (sky130_fd_sc_hd__buf_1)
     1    0.011183    0.102625    0.096864    2.104694 ^ input34/X (sky130_fd_sc_hd__buf_1)
                                                         net34 (net)
                      0.102628    0.000503    2.105197 ^ fanout192/A (sky130_fd_sc_hd__buf_8)
     6    0.134527    0.162201    0.147786    2.252983 ^ fanout192/X (sky130_fd_sc_hd__buf_8)
                                                         net192 (net)
                      0.176363    0.035785    2.288768 ^ fanout187/A (sky130_fd_sc_hd__buf_8)
     6    0.151222    0.185463    0.173946    2.462715 ^ fanout187/X (sky130_fd_sc_hd__buf_8)
                                                         net187 (net)
                      0.195771    0.034041    2.496756 ^ fanout185/A (sky130_fd_sc_hd__buf_8)
    11    0.136028    0.166400    0.160778    2.657534 ^ fanout185/X (sky130_fd_sc_hd__buf_8)
                                                         net185 (net)
                      0.186870    0.044702    2.702236 ^ fanout184/A (sky130_fd_sc_hd__clkbuf_4)
    10    0.045887    0.109955    0.179627    2.881862 ^ fanout184/X (sky130_fd_sc_hd__clkbuf_4)
                                                         net184 (net)
                      0.110074    0.002339    2.884201 ^ _214_/RESET_B (sky130_fd_sc_hd__dfrtp_1)
                                              2.884201   data arrival time

                                 10.000000   10.000000   clock HCLK (rise edge)
                                  0.000000   10.000000   clock source latency
     1    0.059439    0.203180    0.147359   10.147359 ^ HCLK (in)
                                                         HCLK (net)
                      0.204534    0.000000   10.147359 ^ clkbuf_0_HCLK/A (sky130_fd_sc_hd__clkbuf_16)
     5    0.134022    0.114650    0.179325   10.326684 ^ clkbuf_0_HCLK/X (sky130_fd_sc_hd__clkbuf_16)
                                                         clknet_0_HCLK (net)
                      0.116959    0.012824   10.339507 ^ clkbuf_2_0_0_HCLK/A (sky130_fd_sc_hd__clkbuf_8)
     2    0.040129    0.062153    0.129216   10.468723 ^ clkbuf_2_0_0_HCLK/X (sky130_fd_sc_hd__clkbuf_8)
                                                         clknet_2_0_0_HCLK (net)
                      0.062259    0.002039   10.470762 ^ clkbuf_3_0__f_HCLK/A (sky130_fd_sc_hd__clkbuf_16)
     8    0.097836    0.087373    0.134039   10.604801 ^ clkbuf_3_0__f_HCLK/X (sky130_fd_sc_hd__clkbuf_16)
                                                         clknet_3_0__leaf_HCLK (net)
                      0.089192    0.009969   10.614770 ^ _214_/CLK (sky130_fd_sc_hd__dfrtp_1)
                                 -0.250000   10.364770   clock uncertainty
                                  0.000000   10.364770   clock reconvergence pessimism
                                  0.137763   10.502533   library recovery time
                                             10.502533   data required time
---------------------------------------------------------------------------------------------
                                             10.502533   data required time
                                             -2.884201   data arrival time
---------------------------------------------------------------------------------------------
                                              7.618333   slack (MET)


Startpoint: HRESETn (input port clocked by HCLK)
Endpoint: _177_ (recovery check against rising-edge clock HCLK)
Path Group: asynchronous
Path Type: max

Fanout         Cap        Slew       Delay        Time   Description
---------------------------------------------------------------------------------------------
                                  0.000000    0.000000   clock HCLK (rise edge)
                                  0.000000    0.000000   clock network delay (propagated)
                                  2.000000    2.000000 ^ input external delay
     1    0.003025    0.014720    0.007830    2.007830 ^ HRESETn (in)
                                                         HRESETn (net)
                      0.014725    0.000000    2.007830 ^ input34/A (sky130_fd_sc_hd__buf_1)
     1    0.011183    0.102625    0.096864    2.104694 ^ input34/X (sky130_fd_sc_hd__buf_1)
                                                         net34 (net)
                      0.102628    0.000503    2.105197 ^ fanout192/A (sky130_fd_sc_hd__buf_8)
     6    0.134527    0.162201    0.147786    2.252983 ^ fanout192/X (sky130_fd_sc_hd__buf_8)
                                                         net192 (net)
                      0.176363    0.035785    2.288768 ^ fanout187/A (sky130_fd_sc_hd__buf_8)
     6    0.151222    0.185463    0.173946    2.462715 ^ fanout187/X (sky130_fd_sc_hd__buf_8)
                                                         net187 (net)
                      0.195771    0.034041    2.496756 ^ fanout185/A (sky130_fd_sc_hd__buf_8)
    11    0.136028    0.166400    0.160778    2.657534 ^ fanout185/X (sky130_fd_sc_hd__buf_8)
                                                         net185 (net)
                      0.186870    0.044702    2.702236 ^ fanout184/A (sky130_fd_sc_hd__clkbuf_4)
    10    0.045887    0.109955    0.179627    2.881862 ^ fanout184/X (sky130_fd_sc_hd__clkbuf_4)
                                                         net184 (net)
                      0.110072    0.002318    2.884180 ^ _177_/RESET_B (sky130_fd_sc_hd__dfrtp_1)
                                              2.884180   data arrival time

                                 10.000000   10.000000   clock HCLK (rise edge)
                                  0.000000   10.000000   clock source latency
     1    0.059439    0.203180    0.147359   10.147359 ^ HCLK (in)
                                                         HCLK (net)
                      0.204534    0.000000   10.147359 ^ clkbuf_0_HCLK/A (sky130_fd_sc_hd__clkbuf_16)
     5    0.134022    0.114650    0.179325   10.326684 ^ clkbuf_0_HCLK/X (sky130_fd_sc_hd__clkbuf_16)
                                                         clknet_0_HCLK (net)
                      0.116959    0.012824   10.339507 ^ clkbuf_2_0_0_HCLK/A (sky130_fd_sc_hd__clkbuf_8)
     2    0.040129    0.062153    0.129216   10.468723 ^ clkbuf_2_0_0_HCLK/X (sky130_fd_sc_hd__clkbuf_8)
                                                         clknet_2_0_0_HCLK (net)
                      0.062259    0.002039   10.470762 ^ clkbuf_3_0__f_HCLK/A (sky130_fd_sc_hd__clkbuf_16)
     8    0.097836    0.087373    0.134039   10.604801 ^ clkbuf_3_0__f_HCLK/X (sky130_fd_sc_hd__clkbuf_16)
                                                         clknet_3_0__leaf_HCLK (net)
                      0.089222    0.010049   10.614850 ^ _177_/CLK (sky130_fd_sc_hd__dfrtp_1)
                                 -0.250000   10.364850   clock uncertainty
                                  0.000000   10.364850   clock reconvergence pessimism
                                  0.137768   10.502618   library recovery time
                                             10.502618   data required time
---------------------------------------------------------------------------------------------
                                             10.502618   data required time
                                             -2.884180   data arrival time
---------------------------------------------------------------------------------------------
                                              7.618438   slack (MET)


Startpoint: HRESETn (input port clocked by HCLK)
Endpoint: _172_ (recovery check against rising-edge clock HCLK)
Path Group: asynchronous
Path Type: max

Fanout         Cap        Slew       Delay        Time   Description
---------------------------------------------------------------------------------------------
                                  0.000000    0.000000   clock HCLK (rise edge)
                                  0.000000    0.000000   clock network delay (propagated)
                                  2.000000    2.000000 ^ input external delay
     1    0.003025    0.014720    0.007830    2.007830 ^ HRESETn (in)
                                                         HRESETn (net)
                      0.014725    0.000000    2.007830 ^ input34/A (sky130_fd_sc_hd__buf_1)
     1    0.011183    0.102625    0.096864    2.104694 ^ input34/X (sky130_fd_sc_hd__buf_1)
                                                         net34 (net)
                      0.102628    0.000503    2.105197 ^ fanout192/A (sky130_fd_sc_hd__buf_8)
     6    0.134527    0.162201    0.147786    2.252983 ^ fanout192/X (sky130_fd_sc_hd__buf_8)
                                                         net192 (net)
                      0.176363    0.035785    2.288768 ^ fanout187/A (sky130_fd_sc_hd__buf_8)
     6    0.151222    0.185463    0.173946    2.462715 ^ fanout187/X (sky130_fd_sc_hd__buf_8)
                                                         net187 (net)
                      0.195771    0.034041    2.496756 ^ fanout185/A (sky130_fd_sc_hd__buf_8)
    11    0.136028    0.166400    0.160778    2.657534 ^ fanout185/X (sky130_fd_sc_hd__buf_8)
                                                         net185 (net)
                      0.186870    0.044702    2.702236 ^ fanout184/A (sky130_fd_sc_hd__clkbuf_4)
    10    0.045887    0.109955    0.179627    2.881862 ^ fanout184/X (sky130_fd_sc_hd__clkbuf_4)
                                                         net184 (net)
                      0.110068    0.002254    2.884116 ^ _172_/RESET_B (sky130_fd_sc_hd__dfrtp_1)
                                              2.884116   data arrival time

                                 10.000000   10.000000   clock HCLK (rise edge)
                                  0.000000   10.000000   clock source latency
     1    0.059439    0.203180    0.147359   10.147359 ^ HCLK (in)
                                                         HCLK (net)
                      0.204534    0.000000   10.147359 ^ clkbuf_0_HCLK/A (sky130_fd_sc_hd__clkbuf_16)
     5    0.134022    0.114650    0.179325   10.326684 ^ clkbuf_0_HCLK/X (sky130_fd_sc_hd__clkbuf_16)
                                                         clknet_0_HCLK (net)
                      0.116959    0.012824   10.339507 ^ clkbuf_2_0_0_HCLK/A (sky130_fd_sc_hd__clkbuf_8)
     2    0.040129    0.062153    0.129216   10.468723 ^ clkbuf_2_0_0_HCLK/X (sky130_fd_sc_hd__clkbuf_8)
                                                         clknet_2_0_0_HCLK (net)
                      0.062259    0.002039   10.470762 ^ clkbuf_3_0__f_HCLK/A (sky130_fd_sc_hd__clkbuf_16)
     8    0.097836    0.087373    0.134039   10.604801 ^ clkbuf_3_0__f_HCLK/X (sky130_fd_sc_hd__clkbuf_16)
                                                         clknet_3_0__leaf_HCLK (net)
                      0.089236    0.010086   10.614887 ^ _172_/CLK (sky130_fd_sc_hd__dfrtp_1)
                                 -0.250000   10.364887   clock uncertainty
                                  0.000000   10.364887   clock reconvergence pessimism
                                  0.137771   10.502658   library recovery time
                                             10.502658   data required time
---------------------------------------------------------------------------------------------
                                             10.502658   data required time
                                             -2.884116   data arrival time
---------------------------------------------------------------------------------------------
                                              7.618542   slack (MET)


Startpoint: HRESETn (input port clocked by HCLK)
Endpoint: _207_ (recovery check against rising-edge clock HCLK)
Path Group: asynchronous
Path Type: max

Fanout         Cap        Slew       Delay        Time   Description
---------------------------------------------------------------------------------------------
                                  0.000000    0.000000   clock HCLK (rise edge)
                                  0.000000    0.000000   clock network delay (propagated)
                                  2.000000    2.000000 ^ input external delay
     1    0.003025    0.014720    0.007830    2.007830 ^ HRESETn (in)
                                                         HRESETn (net)
                      0.014725    0.000000    2.007830 ^ input34/A (sky130_fd_sc_hd__buf_1)
     1    0.011183    0.102625    0.096864    2.104694 ^ input34/X (sky130_fd_sc_hd__buf_1)
                                                         net34 (net)
                      0.102628    0.000503    2.105197 ^ fanout192/A (sky130_fd_sc_hd__buf_8)
     6    0.134527    0.162201    0.147786    2.252983 ^ fanout192/X (sky130_fd_sc_hd__buf_8)
                                                         net192 (net)
                      0.176363    0.035785    2.288768 ^ fanout187/A (sky130_fd_sc_hd__buf_8)
     6    0.151222    0.185463    0.173946    2.462715 ^ fanout187/X (sky130_fd_sc_hd__buf_8)
                                                         net187 (net)
                      0.195771    0.034041    2.496756 ^ fanout185/A (sky130_fd_sc_hd__buf_8)
    11    0.136028    0.166400    0.160778    2.657534 ^ fanout185/X (sky130_fd_sc_hd__buf_8)
                                                         net185 (net)
                      0.186870    0.044702    2.702236 ^ fanout184/A (sky130_fd_sc_hd__clkbuf_4)
    10    0.045887    0.109955    0.179627    2.881862 ^ fanout184/X (sky130_fd_sc_hd__clkbuf_4)
                                                         net184 (net)
                      0.110063    0.002164    2.884027 ^ _207_/RESET_B (sky130_fd_sc_hd__dfrtp_1)
                                              2.884027   data arrival time

                                 10.000000   10.000000   clock HCLK (rise edge)
                                  0.000000   10.000000   clock source latency
     1    0.059439    0.203180    0.147359   10.147359 ^ HCLK (in)
                                                         HCLK (net)
                      0.204534    0.000000   10.147359 ^ clkbuf_0_HCLK/A (sky130_fd_sc_hd__clkbuf_16)
     5    0.134022    0.114650    0.179325   10.326684 ^ clkbuf_0_HCLK/X (sky130_fd_sc_hd__clkbuf_16)
                                                         clknet_0_HCLK (net)
                      0.116959    0.012824   10.339507 ^ clkbuf_2_0_0_HCLK/A (sky130_fd_sc_hd__clkbuf_8)
     2    0.040129    0.062153    0.129216   10.468723 ^ clkbuf_2_0_0_HCLK/X (sky130_fd_sc_hd__clkbuf_8)
                                                         clknet_2_0_0_HCLK (net)
                      0.062259    0.002039   10.470762 ^ clkbuf_3_0__f_HCLK/A (sky130_fd_sc_hd__clkbuf_16)
     8    0.097836    0.087373    0.134039   10.604801 ^ clkbuf_3_0__f_HCLK/X (sky130_fd_sc_hd__clkbuf_16)
                                                         clknet_3_0__leaf_HCLK (net)
                      0.089244    0.010109   10.614910 ^ _207_/CLK (sky130_fd_sc_hd__dfrtp_1)
                                 -0.250000   10.364910   clock uncertainty
                                  0.000000   10.364910   clock reconvergence pessimism
                                  0.137773   10.502684   library recovery time
                                             10.502684   data required time
---------------------------------------------------------------------------------------------
                                             10.502684   data required time
                                             -2.884027   data arrival time
---------------------------------------------------------------------------------------------
                                              7.618657   slack (MET)


Startpoint: HTRANS[1] (input port clocked by HCLK)
Endpoint: _165_ (rising edge-triggered flip-flop clocked by HCLK)
Path Group: HCLK
Path Type: max

Fanout         Cap        Slew       Delay        Time   Description
---------------------------------------------------------------------------------------------
                                  0.000000    0.000000   clock HCLK (rise edge)
                                  0.000000    0.000000   clock network delay (propagated)
                                  2.000000    2.000000 ^ input external delay
     1    0.002988    0.014588    0.007732    2.007732 ^ HTRANS[1] (in)
                                                         HTRANS[1] (net)
                      0.014593    0.000000    2.007732 ^ input35/A (sky130_fd_sc_hd__buf_1)
     2    0.014192    0.128292    0.114080    2.121812 ^ input35/X (sky130_fd_sc_hd__buf_1)
                                                         net35 (net)
                      0.128305    0.001095    2.122907 ^ _083_/A (sky130_fd_sc_hd__nand2_1)
     1    0.009154    0.062728    0.064193    2.187100 v _083_/Y (sky130_fd_sc_hd__nand2_1)
                                                         _071_ (net)
                      0.062730    0.000353    2.187454 v fanout183/A (sky130_fd_sc_hd__buf_8)
     6    0.135897    0.066838    0.122415    2.309868 v fanout183/X (sky130_fd_sc_hd__buf_8)
                                                         net183 (net)
                      0.120893    0.049863    2.359732 v _098_/S (sky130_fd_sc_hd__mux2_1)
     1    0.002497    0.036753    0.204561    2.564293 v _098_/X (sky130_fd_sc_hd__mux2_1)
                                                         _014_ (net)
                      0.036753    0.000071    2.564365 v _165_/D (sky130_fd_sc_hd__dfrtp_1)
                                              2.564365   data arrival time

                                 10.000000   10.000000   clock HCLK (rise edge)
                                  0.000000   10.000000   clock source latency
     1    0.059439    0.203180    0.147359   10.147359 ^ HCLK (in)
                                                         HCLK (net)
                      0.204534    0.000000   10.147359 ^ clkbuf_0_HCLK/A (sky130_fd_sc_hd__clkbuf_16)
     5    0.134022    0.114650    0.179325   10.326684 ^ clkbuf_0_HCLK/X (sky130_fd_sc_hd__clkbuf_16)
                                                         clknet_0_HCLK (net)
                      0.116959    0.012824   10.339507 ^ clkbuf_2_0_0_HCLK/A (sky130_fd_sc_hd__clkbuf_8)
     2    0.040129    0.062153    0.129216   10.468723 ^ clkbuf_2_0_0_HCLK/X (sky130_fd_sc_hd__clkbuf_8)
                                                         clknet_2_0_0_HCLK (net)
                      0.062464    0.003471   10.472194 ^ clkbuf_3_1__f_HCLK/A (sky130_fd_sc_hd__clkbuf_16)
     7    0.035580    0.041831    0.102191   10.574386 ^ clkbuf_3_1__f_HCLK/X (sky130_fd_sc_hd__clkbuf_16)
                                                         clknet_3_1__leaf_HCLK (net)
                      0.042604    0.004367   10.578753 ^ _165_/CLK (sky130_fd_sc_hd__dfrtp_1)
                                 -0.250000   10.328753   clock uncertainty
                                  0.000000   10.328753   clock reconvergence pessimism
                                 -0.073121   10.255631   library setup time
                                             10.255631   data required time
---------------------------------------------------------------------------------------------
                                             10.255631   data required time
                                             -2.564365   data arrival time
---------------------------------------------------------------------------------------------
                                              7.691267   slack (MET)


Startpoint: HRESETn (input port clocked by HCLK)
Endpoint: _213_ (recovery check against rising-edge clock HCLK)
Path Group: asynchronous
Path Type: max

Fanout         Cap        Slew       Delay        Time   Description
---------------------------------------------------------------------------------------------
                                  0.000000    0.000000   clock HCLK (rise edge)
                                  0.000000    0.000000   clock network delay (propagated)
                                  2.000000    2.000000 ^ input external delay
     1    0.003025    0.014720    0.007830    2.007830 ^ HRESETn (in)
                                                         HRESETn (net)
                      0.014725    0.000000    2.007830 ^ input34/A (sky130_fd_sc_hd__buf_1)
     1    0.011183    0.102625    0.096864    2.104694 ^ input34/X (sky130_fd_sc_hd__buf_1)
                                                         net34 (net)
                      0.102628    0.000503    2.105197 ^ fanout192/A (sky130_fd_sc_hd__buf_8)
     6    0.134527    0.162201    0.147786    2.252983 ^ fanout192/X (sky130_fd_sc_hd__buf_8)
                                                         net192 (net)
                      0.176363    0.035785    2.288768 ^ fanout187/A (sky130_fd_sc_hd__buf_8)
     6    0.151222    0.185463    0.173946    2.462715 ^ fanout187/X (sky130_fd_sc_hd__buf_8)
                                                         net187 (net)
                      0.195771    0.034041    2.496756 ^ fanout185/A (sky130_fd_sc_hd__buf_8)
    11    0.136028    0.166400    0.160778    2.657534 ^ fanout185/X (sky130_fd_sc_hd__buf_8)
                                                         net185 (net)
                      0.186746    0.044561    2.702095 ^ _213_/RESET_B (sky130_fd_sc_hd__dfrtp_1)
                                              2.702095   data arrival time

                                 10.000000   10.000000   clock HCLK (rise edge)
                                  0.000000   10.000000   clock source latency
     1    0.059439    0.203180    0.147359   10.147359 ^ HCLK (in)
                                                         HCLK (net)
                      0.204534    0.000000   10.147359 ^ clkbuf_0_HCLK/A (sky130_fd_sc_hd__clkbuf_16)
     5    0.134022    0.114650    0.179325   10.326684 ^ clkbuf_0_HCLK/X (sky130_fd_sc_hd__clkbuf_16)
                                                         clknet_0_HCLK (net)
                      0.117120    0.013264   10.339948 ^ clkbuf_2_1_0_HCLK/A (sky130_fd_sc_hd__clkbuf_8)
     2    0.036936    0.058213    0.125711   10.465659 ^ clkbuf_2_1_0_HCLK/X (sky130_fd_sc_hd__clkbuf_8)
                                                         clknet_2_1_0_HCLK (net)
                      0.058723    0.004261   10.469920 ^ clkbuf_3_3__f_HCLK/A (sky130_fd_sc_hd__clkbuf_16)
    10    0.027954    0.036768    0.097675   10.567595 ^ clkbuf_3_3__f_HCLK/X (sky130_fd_sc_hd__clkbuf_16)
                                                         clknet_3_3__leaf_HCLK (net)
                      0.036775    0.000481   10.568076 ^ _213_/CLK (sky130_fd_sc_hd__dfrtp_1)
                                 -0.250000   10.318076   clock uncertainty
                                  0.000000   10.318076   clock reconvergence pessimism
                                  0.115428   10.433505   library recovery time
                                             10.433505   data required time
---------------------------------------------------------------------------------------------
                                             10.433505   data required time
                                             -2.702095   data arrival time
---------------------------------------------------------------------------------------------
                                              7.731411   slack (MET)


Startpoint: HRESETn (input port clocked by HCLK)
Endpoint: _212_ (recovery check against rising-edge clock HCLK)
Path Group: asynchronous
Path Type: max

Fanout         Cap        Slew       Delay        Time   Description
---------------------------------------------------------------------------------------------
                                  0.000000    0.000000   clock HCLK (rise edge)
                                  0.000000    0.000000   clock network delay (propagated)
                                  2.000000    2.000000 ^ input external delay
     1    0.003025    0.014720    0.007830    2.007830 ^ HRESETn (in)
                                                         HRESETn (net)
                      0.014725    0.000000    2.007830 ^ input34/A (sky130_fd_sc_hd__buf_1)
     1    0.011183    0.102625    0.096864    2.104694 ^ input34/X (sky130_fd_sc_hd__buf_1)
                                                         net34 (net)
                      0.102628    0.000503    2.105197 ^ fanout192/A (sky130_fd_sc_hd__buf_8)
     6    0.134527    0.162201    0.147786    2.252983 ^ fanout192/X (sky130_fd_sc_hd__buf_8)
                                                         net192 (net)
                      0.176363    0.035785    2.288768 ^ fanout187/A (sky130_fd_sc_hd__buf_8)
     6    0.151222    0.185463    0.173946    2.462715 ^ fanout187/X (sky130_fd_sc_hd__buf_8)
                                                         net187 (net)
                      0.195771    0.034041    2.496756 ^ fanout185/A (sky130_fd_sc_hd__buf_8)
    11    0.136028    0.166400    0.160778    2.657534 ^ fanout185/X (sky130_fd_sc_hd__buf_8)
                                                         net185 (net)
                      0.167571    0.011584    2.669118 ^ _212_/RESET_B (sky130_fd_sc_hd__dfrtp_1)
                                              2.669118   data arrival time

                                 10.000000   10.000000   clock HCLK (rise edge)
                                  0.000000   10.000000   clock source latency
     1    0.059439    0.203180    0.147359   10.147359 ^ HCLK (in)
                                                         HCLK (net)
                      0.204534    0.000000   10.147359 ^ clkbuf_0_HCLK/A (sky130_fd_sc_hd__clkbuf_16)
     5    0.134022    0.114650    0.179325   10.326684 ^ clkbuf_0_HCLK/X (sky130_fd_sc_hd__clkbuf_16)
                                                         clknet_0_HCLK (net)
                      0.116959    0.012824   10.339507 ^ clkbuf_2_0_0_HCLK/A (sky130_fd_sc_hd__clkbuf_8)
     2    0.040129    0.062153    0.129216   10.468723 ^ clkbuf_2_0_0_HCLK/X (sky130_fd_sc_hd__clkbuf_8)
                                                         clknet_2_0_0_HCLK (net)
                      0.062464    0.003471   10.472194 ^ clkbuf_3_1__f_HCLK/A (sky130_fd_sc_hd__clkbuf_16)
     7    0.035580    0.041831    0.102191   10.574386 ^ clkbuf_3_1__f_HCLK/X (sky130_fd_sc_hd__clkbuf_16)
                                                         clknet_3_1__leaf_HCLK (net)
                      0.042394    0.003566   10.577951 ^ _212_/CLK (sky130_fd_sc_hd__dfrtp_1)
                                 -0.250000   10.327951   clock uncertainty
                                  0.000000   10.327951   clock reconvergence pessimism
                                  0.119885   10.447836   library recovery time
                                             10.447836   data required time
---------------------------------------------------------------------------------------------
                                             10.447836   data required time
                                             -2.669118   data arrival time
---------------------------------------------------------------------------------------------
                                              7.778718   slack (MET)


Startpoint: HRESETn (input port clocked by HCLK)
Endpoint: _187_ (recovery check against rising-edge clock HCLK)
Path Group: asynchronous
Path Type: max

Fanout         Cap        Slew       Delay        Time   Description
---------------------------------------------------------------------------------------------
                                  0.000000    0.000000   clock HCLK (rise edge)
                                  0.000000    0.000000   clock network delay (propagated)
                                  2.000000    2.000000 ^ input external delay
     1    0.003025    0.014720    0.007830    2.007830 ^ HRESETn (in)
                                                         HRESETn (net)
                      0.014725    0.000000    2.007830 ^ input34/A (sky130_fd_sc_hd__buf_1)
     1    0.011183    0.102625    0.096864    2.104694 ^ input34/X (sky130_fd_sc_hd__buf_1)
                                                         net34 (net)
                      0.102628    0.000503    2.105197 ^ fanout192/A (sky130_fd_sc_hd__buf_8)
     6    0.134527    0.162201    0.147786    2.252983 ^ fanout192/X (sky130_fd_sc_hd__buf_8)
                                                         net192 (net)
                      0.176363    0.035785    2.288768 ^ fanout187/A (sky130_fd_sc_hd__buf_8)
     6    0.151222    0.185463    0.173946    2.462715 ^ fanout187/X (sky130_fd_sc_hd__buf_8)
                                                         net187 (net)
                      0.195771    0.034041    2.496756 ^ fanout185/A (sky130_fd_sc_hd__buf_8)
    11    0.136028    0.166400    0.160778    2.657534 ^ fanout185/X (sky130_fd_sc_hd__buf_8)
                                                         net185 (net)
                      0.167187    0.009672    2.667206 ^ _187_/RESET_B (sky130_fd_sc_hd__dfrtp_1)
                                              2.667206   data arrival time

                                 10.000000   10.000000   clock HCLK (rise edge)
                                  0.000000   10.000000   clock source latency
     1    0.059439    0.203180    0.147359   10.147359 ^ HCLK (in)
                                                         HCLK (net)
                      0.204534    0.000000   10.147359 ^ clkbuf_0_HCLK/A (sky130_fd_sc_hd__clkbuf_16)
     5    0.134022    0.114650    0.179325   10.326684 ^ clkbuf_0_HCLK/X (sky130_fd_sc_hd__clkbuf_16)
                                                         clknet_0_HCLK (net)
                      0.116959    0.012824   10.339507 ^ clkbuf_2_0_0_HCLK/A (sky130_fd_sc_hd__clkbuf_8)
     2    0.040129    0.062153    0.129216   10.468723 ^ clkbuf_2_0_0_HCLK/X (sky130_fd_sc_hd__clkbuf_8)
                                                         clknet_2_0_0_HCLK (net)
                      0.062464    0.003471   10.472194 ^ clkbuf_3_1__f_HCLK/A (sky130_fd_sc_hd__clkbuf_16)
     7    0.035580    0.041831    0.102191   10.574386 ^ clkbuf_3_1__f_HCLK/X (sky130_fd_sc_hd__clkbuf_16)
                                                         clknet_3_1__leaf_HCLK (net)
                      0.042448    0.003785   10.578170 ^ _187_/CLK (sky130_fd_sc_hd__dfrtp_1)
                                 -0.250000   10.328170   clock uncertainty
                                  0.000000   10.328170   clock reconvergence pessimism
                                  0.119965   10.448134   library recovery time
                                             10.448134   data required time
---------------------------------------------------------------------------------------------
                                             10.448134   data required time
                                             -2.667206   data arrival time
---------------------------------------------------------------------------------------------
                                              7.780928   slack (MET)


Startpoint: HRESETn (input port clocked by HCLK)
Endpoint: _204_ (recovery check against rising-edge clock HCLK)
Path Group: asynchronous
Path Type: max

Fanout         Cap        Slew       Delay        Time   Description
---------------------------------------------------------------------------------------------
                                  0.000000    0.000000   clock HCLK (rise edge)
                                  0.000000    0.000000   clock network delay (propagated)
                                  2.000000    2.000000 ^ input external delay
     1    0.003025    0.014720    0.007830    2.007830 ^ HRESETn (in)
                                                         HRESETn (net)
                      0.014725    0.000000    2.007830 ^ input34/A (sky130_fd_sc_hd__buf_1)
     1    0.011183    0.102625    0.096864    2.104694 ^ input34/X (sky130_fd_sc_hd__buf_1)
                                                         net34 (net)
                      0.102628    0.000503    2.105197 ^ fanout192/A (sky130_fd_sc_hd__buf_8)
     6    0.134527    0.162201    0.147786    2.252983 ^ fanout192/X (sky130_fd_sc_hd__buf_8)
                                                         net192 (net)
                      0.176363    0.035785    2.288768 ^ fanout187/A (sky130_fd_sc_hd__buf_8)
     6    0.151222    0.185463    0.173946    2.462715 ^ fanout187/X (sky130_fd_sc_hd__buf_8)
                                                         net187 (net)
                      0.188730    0.019726    2.482440 ^ fanout186/A (sky130_fd_sc_hd__clkbuf_4)
    10    0.045094    0.108311    0.178761    2.661201 ^ fanout186/X (sky130_fd_sc_hd__clkbuf_4)
                                                         net186 (net)
                      0.108424    0.002242    2.663443 ^ _204_/RESET_B (sky130_fd_sc_hd__dfrtp_1)
                                              2.663443   data arrival time

                                 10.000000   10.000000   clock HCLK (rise edge)
                                  0.000000   10.000000   clock source latency
     1    0.059439    0.203180    0.147359   10.147359 ^ HCLK (in)
                                                         HCLK (net)
                      0.204534    0.000000   10.147359 ^ clkbuf_0_HCLK/A (sky130_fd_sc_hd__clkbuf_16)
     5    0.134022    0.114650    0.179325   10.326684 ^ clkbuf_0_HCLK/X (sky130_fd_sc_hd__clkbuf_16)
                                                         clknet_0_HCLK (net)
                      0.117120    0.013264   10.339948 ^ clkbuf_2_1_0_HCLK/A (sky130_fd_sc_hd__clkbuf_8)
     2    0.036936    0.058213    0.125711   10.465659 ^ clkbuf_2_1_0_HCLK/X (sky130_fd_sc_hd__clkbuf_8)
                                                         clknet_2_1_0_HCLK (net)
                      0.058723    0.004261   10.469920 ^ clkbuf_3_3__f_HCLK/A (sky130_fd_sc_hd__clkbuf_16)
    10    0.027954    0.036768    0.097675   10.567595 ^ clkbuf_3_3__f_HCLK/X (sky130_fd_sc_hd__clkbuf_16)
                                                         clknet_3_3__leaf_HCLK (net)
                      0.036778    0.000569   10.568165 ^ _204_/CLK (sky130_fd_sc_hd__dfrtp_1)
                                 -0.250000   10.318165   clock uncertainty
                                  0.000000   10.318165   clock reconvergence pessimism
                                  0.130063   10.448228   library recovery time
                                             10.448228   data required time
---------------------------------------------------------------------------------------------
                                             10.448228   data required time
                                             -2.663443   data arrival time
---------------------------------------------------------------------------------------------
                                              7.784785   slack (MET)


Startpoint: HRESETn (input port clocked by HCLK)
Endpoint: _160_ (recovery check against rising-edge clock HCLK)
Path Group: asynchronous
Path Type: max

Fanout         Cap        Slew       Delay        Time   Description
---------------------------------------------------------------------------------------------
                                  0.000000    0.000000   clock HCLK (rise edge)
                                  0.000000    0.000000   clock network delay (propagated)
                                  2.000000    2.000000 ^ input external delay
     1    0.003025    0.014720    0.007830    2.007830 ^ HRESETn (in)
                                                         HRESETn (net)
                      0.014725    0.000000    2.007830 ^ input34/A (sky130_fd_sc_hd__buf_1)
     1    0.011183    0.102625    0.096864    2.104694 ^ input34/X (sky130_fd_sc_hd__buf_1)
                                                         net34 (net)
                      0.102628    0.000503    2.105197 ^ fanout192/A (sky130_fd_sc_hd__buf_8)
     6    0.134527    0.162201    0.147786    2.252983 ^ fanout192/X (sky130_fd_sc_hd__buf_8)
                                                         net192 (net)
                      0.176363    0.035785    2.288768 ^ fanout187/A (sky130_fd_sc_hd__buf_8)
     6    0.151222    0.185463    0.173946    2.462715 ^ fanout187/X (sky130_fd_sc_hd__buf_8)
                                                         net187 (net)
                      0.195771    0.034041    2.496756 ^ fanout185/A (sky130_fd_sc_hd__buf_8)
    11    0.136028    0.166400    0.160778    2.657534 ^ fanout185/X (sky130_fd_sc_hd__buf_8)
                                                         net185 (net)
                      0.166701    0.006098    2.663632 ^ _160_/RESET_B (sky130_fd_sc_hd__dfrtp_1)
                                              2.663632   data arrival time

                                 10.000000   10.000000   clock HCLK (rise edge)
                                  0.000000   10.000000   clock source latency
     1    0.059439    0.203180    0.147359   10.147359 ^ HCLK (in)
                                                         HCLK (net)
                      0.204534    0.000000   10.147359 ^ clkbuf_0_HCLK/A (sky130_fd_sc_hd__clkbuf_16)
     5    0.134022    0.114650    0.179325   10.326684 ^ clkbuf_0_HCLK/X (sky130_fd_sc_hd__clkbuf_16)
                                                         clknet_0_HCLK (net)
                      0.116959    0.012824   10.339507 ^ clkbuf_2_0_0_HCLK/A (sky130_fd_sc_hd__clkbuf_8)
     2    0.040129    0.062153    0.129216   10.468723 ^ clkbuf_2_0_0_HCLK/X (sky130_fd_sc_hd__clkbuf_8)
                                                         clknet_2_0_0_HCLK (net)
                      0.062464    0.003471   10.472194 ^ clkbuf_3_1__f_HCLK/A (sky130_fd_sc_hd__clkbuf_16)
     7    0.035580    0.041831    0.102191   10.574386 ^ clkbuf_3_1__f_HCLK/X (sky130_fd_sc_hd__clkbuf_16)
                                                         clknet_3_1__leaf_HCLK (net)
                      0.042514    0.004039   10.578424 ^ _160_/CLK (sky130_fd_sc_hd__dfrtp_1)
                                 -0.250000   10.328424   clock uncertainty
                                  0.000000   10.328424   clock reconvergence pessimism
                                  0.120066   10.448489   library recovery time
                                             10.448489   data required time
---------------------------------------------------------------------------------------------
                                             10.448489   data required time
                                             -2.663632   data arrival time
---------------------------------------------------------------------------------------------
                                              7.784857   slack (MET)


Startpoint: HRESETn (input port clocked by HCLK)
Endpoint: _166_ (recovery check against rising-edge clock HCLK)
Path Group: asynchronous
Path Type: max

Fanout         Cap        Slew       Delay        Time   Description
---------------------------------------------------------------------------------------------
                                  0.000000    0.000000   clock HCLK (rise edge)
                                  0.000000    0.000000   clock network delay (propagated)
                                  2.000000    2.000000 ^ input external delay
     1    0.003025    0.014720    0.007830    2.007830 ^ HRESETn (in)
                                                         HRESETn (net)
                      0.014725    0.000000    2.007830 ^ input34/A (sky130_fd_sc_hd__buf_1)
     1    0.011183    0.102625    0.096864    2.104694 ^ input34/X (sky130_fd_sc_hd__buf_1)
                                                         net34 (net)
                      0.102628    0.000503    2.105197 ^ fanout192/A (sky130_fd_sc_hd__buf_8)
     6    0.134527    0.162201    0.147786    2.252983 ^ fanout192/X (sky130_fd_sc_hd__buf_8)
                                                         net192 (net)
                      0.176363    0.035785    2.288768 ^ fanout187/A (sky130_fd_sc_hd__buf_8)
     6    0.151222    0.185463    0.173946    2.462715 ^ fanout187/X (sky130_fd_sc_hd__buf_8)
                                                         net187 (net)
                      0.188730    0.019726    2.482440 ^ fanout186/A (sky130_fd_sc_hd__clkbuf_4)
    10    0.045094    0.108311    0.178761    2.661201 ^ fanout186/X (sky130_fd_sc_hd__clkbuf_4)
                                                         net186 (net)
                      0.108422    0.002210    2.663411 ^ _166_/RESET_B (sky130_fd_sc_hd__dfrtp_1)
                                              2.663411   data arrival time

                                 10.000000   10.000000   clock HCLK (rise edge)
                                  0.000000   10.000000   clock source latency
     1    0.059439    0.203180    0.147359   10.147359 ^ HCLK (in)
                                                         HCLK (net)
                      0.204534    0.000000   10.147359 ^ clkbuf_0_HCLK/A (sky130_fd_sc_hd__clkbuf_16)
     5    0.134022    0.114650    0.179325   10.326684 ^ clkbuf_0_HCLK/X (sky130_fd_sc_hd__clkbuf_16)
                                                         clknet_0_HCLK (net)
                      0.117120    0.013264   10.339948 ^ clkbuf_2_1_0_HCLK/A (sky130_fd_sc_hd__clkbuf_8)
     2    0.036936    0.058213    0.125711   10.465659 ^ clkbuf_2_1_0_HCLK/X (sky130_fd_sc_hd__clkbuf_8)
                                                         clknet_2_1_0_HCLK (net)
                      0.058723    0.004261   10.469920 ^ clkbuf_3_3__f_HCLK/A (sky130_fd_sc_hd__clkbuf_16)
    10    0.027954    0.036768    0.097675   10.567595 ^ clkbuf_3_3__f_HCLK/X (sky130_fd_sc_hd__clkbuf_16)
                                                         clknet_3_3__leaf_HCLK (net)
                      0.036780    0.000610   10.568205 ^ _166_/CLK (sky130_fd_sc_hd__dfrtp_1)
                                 -0.250000   10.318205   clock uncertainty
                                  0.000000   10.318205   clock reconvergence pessimism
                                  0.130064   10.448269   library recovery time
                                             10.448269   data required time
---------------------------------------------------------------------------------------------
                                             10.448269   data required time
                                             -2.663411   data arrival time
---------------------------------------------------------------------------------------------
                                              7.784858   slack (MET)


Startpoint: HRESETn (input port clocked by HCLK)
Endpoint: _211_ (recovery check against rising-edge clock HCLK)
Path Group: asynchronous
Path Type: max

Fanout         Cap        Slew       Delay        Time   Description
---------------------------------------------------------------------------------------------
                                  0.000000    0.000000   clock HCLK (rise edge)
                                  0.000000    0.000000   clock network delay (propagated)
                                  2.000000    2.000000 ^ input external delay
     1    0.003025    0.014720    0.007830    2.007830 ^ HRESETn (in)
                                                         HRESETn (net)
                      0.014725    0.000000    2.007830 ^ input34/A (sky130_fd_sc_hd__buf_1)
     1    0.011183    0.102625    0.096864    2.104694 ^ input34/X (sky130_fd_sc_hd__buf_1)
                                                         net34 (net)
                      0.102628    0.000503    2.105197 ^ fanout192/A (sky130_fd_sc_hd__buf_8)
     6    0.134527    0.162201    0.147786    2.252983 ^ fanout192/X (sky130_fd_sc_hd__buf_8)
                                                         net192 (net)
                      0.176363    0.035785    2.288768 ^ fanout187/A (sky130_fd_sc_hd__buf_8)
     6    0.151222    0.185463    0.173946    2.462715 ^ fanout187/X (sky130_fd_sc_hd__buf_8)
                                                         net187 (net)
                      0.188730    0.019726    2.482440 ^ fanout186/A (sky130_fd_sc_hd__clkbuf_4)
    10    0.045094    0.108311    0.178761    2.661201 ^ fanout186/X (sky130_fd_sc_hd__clkbuf_4)
                                                         net186 (net)
                      0.108416    0.002124    2.663325 ^ _211_/RESET_B (sky130_fd_sc_hd__dfrtp_1)
                                              2.663325   data arrival time

                                 10.000000   10.000000   clock HCLK (rise edge)
                                  0.000000   10.000000   clock source latency
     1    0.059439    0.203180    0.147359   10.147359 ^ HCLK (in)
                                                         HCLK (net)
                      0.204534    0.000000   10.147359 ^ clkbuf_0_HCLK/A (sky130_fd_sc_hd__clkbuf_16)
     5    0.134022    0.114650    0.179325   10.326684 ^ clkbuf_0_HCLK/X (sky130_fd_sc_hd__clkbuf_16)
                                                         clknet_0_HCLK (net)
                      0.117120    0.013264   10.339948 ^ clkbuf_2_1_0_HCLK/A (sky130_fd_sc_hd__clkbuf_8)
     2    0.036936    0.058213    0.125711   10.465659 ^ clkbuf_2_1_0_HCLK/X (sky130_fd_sc_hd__clkbuf_8)
                                                         clknet_2_1_0_HCLK (net)
                      0.058723    0.004261   10.469920 ^ clkbuf_3_3__f_HCLK/A (sky130_fd_sc_hd__clkbuf_16)
    10    0.027954    0.036768    0.097675   10.567595 ^ clkbuf_3_3__f_HCLK/X (sky130_fd_sc_hd__clkbuf_16)
                                                         clknet_3_3__leaf_HCLK (net)
                      0.036782    0.000643   10.568238 ^ _211_/CLK (sky130_fd_sc_hd__dfrtp_1)
                                 -0.250000   10.318238   clock uncertainty
                                  0.000000   10.318238   clock reconvergence pessimism
                                  0.130065   10.448303   library recovery time
                                             10.448303   data required time
---------------------------------------------------------------------------------------------
                                             10.448303   data required time
                                             -2.663325   data arrival time
---------------------------------------------------------------------------------------------
                                              7.784978   slack (MET)


Startpoint: HRESETn (input port clocked by HCLK)
Endpoint: _202_ (recovery check against rising-edge clock HCLK)
Path Group: asynchronous
Path Type: max

Fanout         Cap        Slew       Delay        Time   Description
---------------------------------------------------------------------------------------------
                                  0.000000    0.000000   clock HCLK (rise edge)
                                  0.000000    0.000000   clock network delay (propagated)
                                  2.000000    2.000000 ^ input external delay
     1    0.003025    0.014720    0.007830    2.007830 ^ HRESETn (in)
                                                         HRESETn (net)
                      0.014725    0.000000    2.007830 ^ input34/A (sky130_fd_sc_hd__buf_1)
     1    0.011183    0.102625    0.096864    2.104694 ^ input34/X (sky130_fd_sc_hd__buf_1)
                                                         net34 (net)
                      0.102628    0.000503    2.105197 ^ fanout192/A (sky130_fd_sc_hd__buf_8)
     6    0.134527    0.162201    0.147786    2.252983 ^ fanout192/X (sky130_fd_sc_hd__buf_8)
                                                         net192 (net)
                      0.176363    0.035785    2.288768 ^ fanout187/A (sky130_fd_sc_hd__buf_8)
     6    0.151222    0.185463    0.173946    2.462715 ^ fanout187/X (sky130_fd_sc_hd__buf_8)
                                                         net187 (net)
                      0.195771    0.034041    2.496756 ^ fanout185/A (sky130_fd_sc_hd__buf_8)
    11    0.136028    0.166400    0.160778    2.657534 ^ fanout185/X (sky130_fd_sc_hd__buf_8)
                                                         net185 (net)
                      0.166611    0.005077    2.662611 ^ _202_/RESET_B (sky130_fd_sc_hd__dfrtp_1)
                                              2.662611   data arrival time

                                 10.000000   10.000000   clock HCLK (rise edge)
                                  0.000000   10.000000   clock source latency
     1    0.059439    0.203180    0.147359   10.147359 ^ HCLK (in)
                                                         HCLK (net)
                      0.204534    0.000000   10.147359 ^ clkbuf_0_HCLK/A (sky130_fd_sc_hd__clkbuf_16)
     5    0.134022    0.114650    0.179325   10.326684 ^ clkbuf_0_HCLK/X (sky130_fd_sc_hd__clkbuf_16)
                                                         clknet_0_HCLK (net)
                      0.116959    0.012824   10.339507 ^ clkbuf_2_0_0_HCLK/A (sky130_fd_sc_hd__clkbuf_8)
     2    0.040129    0.062153    0.129216   10.468723 ^ clkbuf_2_0_0_HCLK/X (sky130_fd_sc_hd__clkbuf_8)
                                                         clknet_2_0_0_HCLK (net)
                      0.062464    0.003471   10.472194 ^ clkbuf_3_1__f_HCLK/A (sky130_fd_sc_hd__clkbuf_16)
     7    0.035580    0.041831    0.102191   10.574386 ^ clkbuf_3_1__f_HCLK/X (sky130_fd_sc_hd__clkbuf_16)
                                                         clknet_3_1__leaf_HCLK (net)
                      0.042545    0.004151   10.578537 ^ _202_/CLK (sky130_fd_sc_hd__dfrtp_1)
                                 -0.250000   10.328537   clock uncertainty
                                  0.000000   10.328537   clock reconvergence pessimism
                                  0.120087   10.448624   library recovery time
                                             10.448624   data required time
---------------------------------------------------------------------------------------------
                                             10.448624   data required time
                                             -2.662611   data arrival time
---------------------------------------------------------------------------------------------
                                              7.786012   slack (MET)


Startpoint: HRESETn (input port clocked by HCLK)
Endpoint: _161_ (recovery check against rising-edge clock HCLK)
Path Group: asynchronous
Path Type: max

Fanout         Cap        Slew       Delay        Time   Description
---------------------------------------------------------------------------------------------
                                  0.000000    0.000000   clock HCLK (rise edge)
                                  0.000000    0.000000   clock network delay (propagated)
                                  2.000000    2.000000 ^ input external delay
     1    0.003025    0.014720    0.007830    2.007830 ^ HRESETn (in)
                                                         HRESETn (net)
                      0.014725    0.000000    2.007830 ^ input34/A (sky130_fd_sc_hd__buf_1)
     1    0.011183    0.102625    0.096864    2.104694 ^ input34/X (sky130_fd_sc_hd__buf_1)
                                                         net34 (net)
                      0.102628    0.000503    2.105197 ^ fanout192/A (sky130_fd_sc_hd__buf_8)
     6    0.134527    0.162201    0.147786    2.252983 ^ fanout192/X (sky130_fd_sc_hd__buf_8)
                                                         net192 (net)
                      0.176363    0.035785    2.288768 ^ fanout187/A (sky130_fd_sc_hd__buf_8)
     6    0.151222    0.185463    0.173946    2.462715 ^ fanout187/X (sky130_fd_sc_hd__buf_8)
                                                         net187 (net)
                      0.195771    0.034041    2.496756 ^ fanout185/A (sky130_fd_sc_hd__buf_8)
    11    0.136028    0.166400    0.160778    2.657534 ^ fanout185/X (sky130_fd_sc_hd__buf_8)
                                                         net185 (net)
                      0.166511    0.004082    2.661616 ^ _161_/RESET_B (sky130_fd_sc_hd__dfrtp_1)
                                              2.661616   data arrival time

                                 10.000000   10.000000   clock HCLK (rise edge)
                                  0.000000   10.000000   clock source latency
     1    0.059439    0.203180    0.147359   10.147359 ^ HCLK (in)
                                                         HCLK (net)
                      0.204534    0.000000   10.147359 ^ clkbuf_0_HCLK/A (sky130_fd_sc_hd__clkbuf_16)
     5    0.134022    0.114650    0.179325   10.326684 ^ clkbuf_0_HCLK/X (sky130_fd_sc_hd__clkbuf_16)
                                                         clknet_0_HCLK (net)
                      0.116959    0.012824   10.339507 ^ clkbuf_2_0_0_HCLK/A (sky130_fd_sc_hd__clkbuf_8)
     2    0.040129    0.062153    0.129216   10.468723 ^ clkbuf_2_0_0_HCLK/X (sky130_fd_sc_hd__clkbuf_8)
                                                         clknet_2_0_0_HCLK (net)
                      0.062464    0.003471   10.472194 ^ clkbuf_3_1__f_HCLK/A (sky130_fd_sc_hd__clkbuf_16)
     7    0.035580    0.041831    0.102191   10.574386 ^ clkbuf_3_1__f_HCLK/X (sky130_fd_sc_hd__clkbuf_16)
                                                         clknet_3_1__leaf_HCLK (net)
                      0.042570    0.004245   10.578629 ^ _161_/CLK (sky130_fd_sc_hd__dfrtp_1)
                                 -0.250000   10.328629   clock uncertainty
                                  0.000000   10.328629   clock reconvergence pessimism
                                  0.120110   10.448739   library recovery time
                                             10.448739   data required time
---------------------------------------------------------------------------------------------
                                             10.448739   data required time
                                             -2.661616   data arrival time
---------------------------------------------------------------------------------------------
                                              7.787122   slack (MET)


Startpoint: HRESETn (input port clocked by HCLK)
Endpoint: _197_ (recovery check against rising-edge clock HCLK)
Path Group: asynchronous
Path Type: max

Fanout         Cap        Slew       Delay        Time   Description
---------------------------------------------------------------------------------------------
                                  0.000000    0.000000   clock HCLK (rise edge)
                                  0.000000    0.000000   clock network delay (propagated)
                                  2.000000    2.000000 ^ input external delay
     1    0.003025    0.014720    0.007830    2.007830 ^ HRESETn (in)
                                                         HRESETn (net)
                      0.014725    0.000000    2.007830 ^ input34/A (sky130_fd_sc_hd__buf_1)
     1    0.011183    0.102625    0.096864    2.104694 ^ input34/X (sky130_fd_sc_hd__buf_1)
                                                         net34 (net)
                      0.102628    0.000503    2.105197 ^ fanout192/A (sky130_fd_sc_hd__buf_8)
     6    0.134527    0.162201    0.147786    2.252983 ^ fanout192/X (sky130_fd_sc_hd__buf_8)
                                                         net192 (net)
                      0.176363    0.035785    2.288768 ^ fanout187/A (sky130_fd_sc_hd__buf_8)
     6    0.151222    0.185463    0.173946    2.462715 ^ fanout187/X (sky130_fd_sc_hd__buf_8)
                                                         net187 (net)
                      0.195771    0.034041    2.496756 ^ fanout185/A (sky130_fd_sc_hd__buf_8)
    11    0.136028    0.166400    0.160778    2.657534 ^ fanout185/X (sky130_fd_sc_hd__buf_8)
                                                         net185 (net)
                      0.166414    0.001560    2.659094 ^ _197_/RESET_B (sky130_fd_sc_hd__dfrtp_1)
                                              2.659094   data arrival time

                                 10.000000   10.000000   clock HCLK (rise edge)
                                  0.000000   10.000000   clock source latency
     1    0.059439    0.203180    0.147359   10.147359 ^ HCLK (in)
                                                         HCLK (net)
                      0.204534    0.000000   10.147359 ^ clkbuf_0_HCLK/A (sky130_fd_sc_hd__clkbuf_16)
     5    0.134022    0.114650    0.179325   10.326684 ^ clkbuf_0_HCLK/X (sky130_fd_sc_hd__clkbuf_16)
                                                         clknet_0_HCLK (net)
                      0.116959    0.012824   10.339507 ^ clkbuf_2_0_0_HCLK/A (sky130_fd_sc_hd__clkbuf_8)
     2    0.040129    0.062153    0.129216   10.468723 ^ clkbuf_2_0_0_HCLK/X (sky130_fd_sc_hd__clkbuf_8)
                                                         clknet_2_0_0_HCLK (net)
                      0.062464    0.003471   10.472194 ^ clkbuf_3_1__f_HCLK/A (sky130_fd_sc_hd__clkbuf_16)
     7    0.035580    0.041831    0.102191   10.574386 ^ clkbuf_3_1__f_HCLK/X (sky130_fd_sc_hd__clkbuf_16)
                                                         clknet_3_1__leaf_HCLK (net)
                      0.042611    0.004392   10.578777 ^ _197_/CLK (sky130_fd_sc_hd__dfrtp_1)
                                 -0.250000   10.328777   clock uncertainty
                                  0.000000   10.328777   clock reconvergence pessimism
                                  0.120134   10.448912   library recovery time
                                             10.448912   data required time
---------------------------------------------------------------------------------------------
                                             10.448912   data required time
                                             -2.659094   data arrival time
---------------------------------------------------------------------------------------------
                                              7.789817   slack (MET)


Startpoint: HRESETn (input port clocked by HCLK)
Endpoint: _178_ (recovery check against rising-edge clock HCLK)
Path Group: asynchronous
Path Type: max

Fanout         Cap        Slew       Delay        Time   Description
---------------------------------------------------------------------------------------------
                                  0.000000    0.000000   clock HCLK (rise edge)
                                  0.000000    0.000000   clock network delay (propagated)
                                  2.000000    2.000000 ^ input external delay
     1    0.003025    0.014720    0.007830    2.007830 ^ HRESETn (in)
                                                         HRESETn (net)
                      0.014725    0.000000    2.007830 ^ input34/A (sky130_fd_sc_hd__buf_1)
     1    0.011183    0.102625    0.096864    2.104694 ^ input34/X (sky130_fd_sc_hd__buf_1)
                                                         net34 (net)
                      0.102628    0.000503    2.105197 ^ fanout192/A (sky130_fd_sc_hd__buf_8)
     6    0.134527    0.162201    0.147786    2.252983 ^ fanout192/X (sky130_fd_sc_hd__buf_8)
                                                         net192 (net)
                      0.176363    0.035785    2.288768 ^ fanout187/A (sky130_fd_sc_hd__buf_8)
     6    0.151222    0.185463    0.173946    2.462715 ^ fanout187/X (sky130_fd_sc_hd__buf_8)
                                                         net187 (net)
                      0.188730    0.019726    2.482440 ^ fanout186/A (sky130_fd_sc_hd__clkbuf_4)
    10    0.045094    0.108311    0.178761    2.661201 ^ fanout186/X (sky130_fd_sc_hd__clkbuf_4)
                                                         net186 (net)
                      0.108349    0.001933    2.663134 ^ _178_/RESET_B (sky130_fd_sc_hd__dfrtp_1)
                                              2.663134   data arrival time

                                 10.000000   10.000000   clock HCLK (rise edge)
                                  0.000000   10.000000   clock source latency
     1    0.059439    0.203180    0.147359   10.147359 ^ HCLK (in)
                                                         HCLK (net)
                      0.204534    0.000000   10.147359 ^ clkbuf_0_HCLK/A (sky130_fd_sc_hd__clkbuf_16)
     5    0.134022    0.114650    0.179325   10.326684 ^ clkbuf_0_HCLK/X (sky130_fd_sc_hd__clkbuf_16)
                                                         clknet_0_HCLK (net)
                      0.117120    0.013264   10.339948 ^ clkbuf_2_1_0_HCLK/A (sky130_fd_sc_hd__clkbuf_8)
     2    0.036936    0.058213    0.125711   10.465659 ^ clkbuf_2_1_0_HCLK/X (sky130_fd_sc_hd__clkbuf_8)
                                                         clknet_2_1_0_HCLK (net)
                      0.058761    0.004422   10.470081 ^ clkbuf_3_2__f_HCLK/A (sky130_fd_sc_hd__clkbuf_16)
    10    0.036695    0.042800    0.102530   10.572612 ^ clkbuf_3_2__f_HCLK/X (sky130_fd_sc_hd__clkbuf_16)
                                                         clknet_3_2__leaf_HCLK (net)
                      0.042957    0.001412   10.574024 ^ _178_/CLK (sky130_fd_sc_hd__dfrtp_1)
                                 -0.250000   10.324023   clock uncertainty
                                  0.000000   10.324023   clock reconvergence pessimism
                                  0.131021   10.455044   library recovery time
                                             10.455044   data required time
---------------------------------------------------------------------------------------------
                                             10.455044   data required time
                                             -2.663134   data arrival time
---------------------------------------------------------------------------------------------
                                              7.791910   slack (MET)


Startpoint: HRESETn (input port clocked by HCLK)
Endpoint: _189_ (recovery check against rising-edge clock HCLK)
Path Group: asynchronous
Path Type: max

Fanout         Cap        Slew       Delay        Time   Description
---------------------------------------------------------------------------------------------
                                  0.000000    0.000000   clock HCLK (rise edge)
                                  0.000000    0.000000   clock network delay (propagated)
                                  2.000000    2.000000 ^ input external delay
     1    0.003025    0.014720    0.007830    2.007830 ^ HRESETn (in)
                                                         HRESETn (net)
                      0.014725    0.000000    2.007830 ^ input34/A (sky130_fd_sc_hd__buf_1)
     1    0.011183    0.102625    0.096864    2.104694 ^ input34/X (sky130_fd_sc_hd__buf_1)
                                                         net34 (net)
                      0.102628    0.000503    2.105197 ^ fanout192/A (sky130_fd_sc_hd__buf_8)
     6    0.134527    0.162201    0.147786    2.252983 ^ fanout192/X (sky130_fd_sc_hd__buf_8)
                                                         net192 (net)
                      0.176363    0.035785    2.288768 ^ fanout187/A (sky130_fd_sc_hd__buf_8)
     6    0.151222    0.185463    0.173946    2.462715 ^ fanout187/X (sky130_fd_sc_hd__buf_8)
                                                         net187 (net)
                      0.188730    0.019726    2.482440 ^ fanout186/A (sky130_fd_sc_hd__clkbuf_4)
    10    0.045094    0.108311    0.178761    2.661201 ^ fanout186/X (sky130_fd_sc_hd__clkbuf_4)
                                                         net186 (net)
                      0.108410    0.002021    2.663222 ^ _189_/RESET_B (sky130_fd_sc_hd__dfrtp_1)
                                              2.663222   data arrival time

                                 10.000000   10.000000   clock HCLK (rise edge)
                                  0.000000   10.000000   clock source latency
     1    0.059439    0.203180    0.147359   10.147359 ^ HCLK (in)
                                                         HCLK (net)
                      0.204534    0.000000   10.147359 ^ clkbuf_0_HCLK/A (sky130_fd_sc_hd__clkbuf_16)
     5    0.134022    0.114650    0.179325   10.326684 ^ clkbuf_0_HCLK/X (sky130_fd_sc_hd__clkbuf_16)
                                                         clknet_0_HCLK (net)
                      0.117120    0.013264   10.339948 ^ clkbuf_2_1_0_HCLK/A (sky130_fd_sc_hd__clkbuf_8)
     2    0.036936    0.058213    0.125711   10.465659 ^ clkbuf_2_1_0_HCLK/X (sky130_fd_sc_hd__clkbuf_8)
                                                         clknet_2_1_0_HCLK (net)
                      0.058761    0.004422   10.470081 ^ clkbuf_3_2__f_HCLK/A (sky130_fd_sc_hd__clkbuf_16)
    10    0.036695    0.042800    0.102530   10.572612 ^ clkbuf_3_2__f_HCLK/X (sky130_fd_sc_hd__clkbuf_16)
                                                         clknet_3_2__leaf_HCLK (net)
                      0.042974    0.001563   10.574175 ^ _189_/CLK (sky130_fd_sc_hd__dfrtp_1)
                                 -0.250000   10.324175   clock uncertainty
                                  0.000000   10.324175   clock reconvergence pessimism
                                  0.131012   10.455186   library recovery time
                                             10.455186   data required time
---------------------------------------------------------------------------------------------
                                             10.455186   data required time
                                             -2.663222   data arrival time
---------------------------------------------------------------------------------------------
                                              7.791965   slack (MET)


Startpoint: HRESETn (input port clocked by HCLK)
Endpoint: _157_ (recovery check against rising-edge clock HCLK)
Path Group: asynchronous
Path Type: max

Fanout         Cap        Slew       Delay        Time   Description
---------------------------------------------------------------------------------------------
                                  0.000000    0.000000   clock HCLK (rise edge)
                                  0.000000    0.000000   clock network delay (propagated)
                                  2.000000    2.000000 ^ input external delay
     1    0.003025    0.014720    0.007830    2.007830 ^ HRESETn (in)
                                                         HRESETn (net)
                      0.014725    0.000000    2.007830 ^ input34/A (sky130_fd_sc_hd__buf_1)
     1    0.011183    0.102625    0.096864    2.104694 ^ input34/X (sky130_fd_sc_hd__buf_1)
                                                         net34 (net)
                      0.102628    0.000503    2.105197 ^ fanout192/A (sky130_fd_sc_hd__buf_8)
     6    0.134527    0.162201    0.147786    2.252983 ^ fanout192/X (sky130_fd_sc_hd__buf_8)
                                                         net192 (net)
                      0.176363    0.035785    2.288768 ^ fanout187/A (sky130_fd_sc_hd__buf_8)
     6    0.151222    0.185463    0.173946    2.462715 ^ fanout187/X (sky130_fd_sc_hd__buf_8)
                                                         net187 (net)
                      0.188730    0.019726    2.482440 ^ fanout186/A (sky130_fd_sc_hd__clkbuf_4)
    10    0.045094    0.108311    0.178761    2.661201 ^ fanout186/X (sky130_fd_sc_hd__clkbuf_4)
                                                         net186 (net)
                      0.108344    0.001823    2.663024 ^ _157_/RESET_B (sky130_fd_sc_hd__dfrtp_1)
                                              2.663024   data arrival time

                                 10.000000   10.000000   clock HCLK (rise edge)
                                  0.000000   10.000000   clock source latency
     1    0.059439    0.203180    0.147359   10.147359 ^ HCLK (in)
                                                         HCLK (net)
                      0.204534    0.000000   10.147359 ^ clkbuf_0_HCLK/A (sky130_fd_sc_hd__clkbuf_16)
     5    0.134022    0.114650    0.179325   10.326684 ^ clkbuf_0_HCLK/X (sky130_fd_sc_hd__clkbuf_16)
                                                         clknet_0_HCLK (net)
                      0.117120    0.013264   10.339948 ^ clkbuf_2_1_0_HCLK/A (sky130_fd_sc_hd__clkbuf_8)
     2    0.036936    0.058213    0.125711   10.465659 ^ clkbuf_2_1_0_HCLK/X (sky130_fd_sc_hd__clkbuf_8)
                                                         clknet_2_1_0_HCLK (net)
                      0.058761    0.004422   10.470081 ^ clkbuf_3_2__f_HCLK/A (sky130_fd_sc_hd__clkbuf_16)
    10    0.036695    0.042800    0.102530   10.572612 ^ clkbuf_3_2__f_HCLK/X (sky130_fd_sc_hd__clkbuf_16)
                                                         clknet_3_2__leaf_HCLK (net)
                      0.042982    0.001634   10.574245 ^ _157_/CLK (sky130_fd_sc_hd__dfrtp_1)
                                 -0.250000   10.324245   clock uncertainty
                                  0.000000   10.324245   clock reconvergence pessimism
                                  0.131025   10.455271   library recovery time
                                             10.455271   data required time
---------------------------------------------------------------------------------------------
                                             10.455271   data required time
                                             -2.663024   data arrival time
---------------------------------------------------------------------------------------------
                                              7.792246   slack (MET)


Startpoint: HRESETn (input port clocked by HCLK)
Endpoint: _159_ (recovery check against rising-edge clock HCLK)
Path Group: asynchronous
Path Type: max

Fanout         Cap        Slew       Delay        Time   Description
---------------------------------------------------------------------------------------------
                                  0.000000    0.000000   clock HCLK (rise edge)
                                  0.000000    0.000000   clock network delay (propagated)
                                  2.000000    2.000000 ^ input external delay
     1    0.003025    0.014720    0.007830    2.007830 ^ HRESETn (in)
                                                         HRESETn (net)
                      0.014725    0.000000    2.007830 ^ input34/A (sky130_fd_sc_hd__buf_1)
     1    0.011183    0.102625    0.096864    2.104694 ^ input34/X (sky130_fd_sc_hd__buf_1)
                                                         net34 (net)
                      0.102628    0.000503    2.105197 ^ fanout192/A (sky130_fd_sc_hd__buf_8)
     6    0.134527    0.162201    0.147786    2.252983 ^ fanout192/X (sky130_fd_sc_hd__buf_8)
                                                         net192 (net)
                      0.176363    0.035785    2.288768 ^ fanout187/A (sky130_fd_sc_hd__buf_8)
     6    0.151222    0.185463    0.173946    2.462715 ^ fanout187/X (sky130_fd_sc_hd__buf_8)
                                                         net187 (net)
                      0.188730    0.019726    2.482440 ^ fanout186/A (sky130_fd_sc_hd__clkbuf_4)
    10    0.045094    0.108311    0.178761    2.661201 ^ fanout186/X (sky130_fd_sc_hd__clkbuf_4)
                                                         net186 (net)
                      0.108336    0.001634    2.662835 ^ _159_/RESET_B (sky130_fd_sc_hd__dfrtp_1)
                                              2.662835   data arrival time

                                 10.000000   10.000000   clock HCLK (rise edge)
                                  0.000000   10.000000   clock source latency
     1    0.059439    0.203180    0.147359   10.147359 ^ HCLK (in)
                                                         HCLK (net)
                      0.204534    0.000000   10.147359 ^ clkbuf_0_HCLK/A (sky130_fd_sc_hd__clkbuf_16)
     5    0.134022    0.114650    0.179325   10.326684 ^ clkbuf_0_HCLK/X (sky130_fd_sc_hd__clkbuf_16)
                                                         clknet_0_HCLK (net)
                      0.117120    0.013264   10.339948 ^ clkbuf_2_1_0_HCLK/A (sky130_fd_sc_hd__clkbuf_8)
     2    0.036936    0.058213    0.125711   10.465659 ^ clkbuf_2_1_0_HCLK/X (sky130_fd_sc_hd__clkbuf_8)
                                                         clknet_2_1_0_HCLK (net)
                      0.058761    0.004422   10.470081 ^ clkbuf_3_2__f_HCLK/A (sky130_fd_sc_hd__clkbuf_16)
    10    0.036695    0.042800    0.102530   10.572612 ^ clkbuf_3_2__f_HCLK/X (sky130_fd_sc_hd__clkbuf_16)
                                                         clknet_3_2__leaf_HCLK (net)
                      0.043000    0.001787   10.574399 ^ _159_/CLK (sky130_fd_sc_hd__dfrtp_1)
                                 -0.250000   10.324398   clock uncertainty
                                  0.000000   10.324398   clock reconvergence pessimism
                                  0.131030   10.455428   library recovery time
                                             10.455428   data required time
---------------------------------------------------------------------------------------------
                                             10.455428   data required time
                                             -2.662835   data arrival time
---------------------------------------------------------------------------------------------
                                              7.792593   slack (MET)


Startpoint: HRESETn (input port clocked by HCLK)
Endpoint: _180_ (recovery check against rising-edge clock HCLK)
Path Group: asynchronous
Path Type: max

Fanout         Cap        Slew       Delay        Time   Description
---------------------------------------------------------------------------------------------
                                  0.000000    0.000000   clock HCLK (rise edge)
                                  0.000000    0.000000   clock network delay (propagated)
                                  2.000000    2.000000 ^ input external delay
     1    0.003025    0.014720    0.007830    2.007830 ^ HRESETn (in)
                                                         HRESETn (net)
                      0.014725    0.000000    2.007830 ^ input34/A (sky130_fd_sc_hd__buf_1)
     1    0.011183    0.102625    0.096864    2.104694 ^ input34/X (sky130_fd_sc_hd__buf_1)
                                                         net34 (net)
                      0.102628    0.000503    2.105197 ^ fanout192/A (sky130_fd_sc_hd__buf_8)
     6    0.134527    0.162201    0.147786    2.252983 ^ fanout192/X (sky130_fd_sc_hd__buf_8)
                                                         net192 (net)
                      0.176363    0.035785    2.288768 ^ fanout187/A (sky130_fd_sc_hd__buf_8)
     6    0.151222    0.185463    0.173946    2.462715 ^ fanout187/X (sky130_fd_sc_hd__buf_8)
                                                         net187 (net)
                      0.188730    0.019726    2.482440 ^ fanout186/A (sky130_fd_sc_hd__clkbuf_4)
    10    0.045094    0.108311    0.178761    2.661201 ^ fanout186/X (sky130_fd_sc_hd__clkbuf_4)
                                                         net186 (net)
                      0.108323    0.001236    2.662437 ^ _180_/RESET_B (sky130_fd_sc_hd__dfrtp_1)
                                              2.662437   data arrival time

                                 10.000000   10.000000   clock HCLK (rise edge)
                                  0.000000   10.000000   clock source latency
     1    0.059439    0.203180    0.147359   10.147359 ^ HCLK (in)
                                                         HCLK (net)
                      0.204534    0.000000   10.147359 ^ clkbuf_0_HCLK/A (sky130_fd_sc_hd__clkbuf_16)
     5    0.134022    0.114650    0.179325   10.326684 ^ clkbuf_0_HCLK/X (sky130_fd_sc_hd__clkbuf_16)
                                                         clknet_0_HCLK (net)
                      0.117120    0.013264   10.339948 ^ clkbuf_2_1_0_HCLK/A (sky130_fd_sc_hd__clkbuf_8)
     2    0.036936    0.058213    0.125711   10.465659 ^ clkbuf_2_1_0_HCLK/X (sky130_fd_sc_hd__clkbuf_8)
                                                         clknet_2_1_0_HCLK (net)
                      0.058761    0.004422   10.470081 ^ clkbuf_3_2__f_HCLK/A (sky130_fd_sc_hd__clkbuf_16)
    10    0.036695    0.042800    0.102530   10.572612 ^ clkbuf_3_2__f_HCLK/X (sky130_fd_sc_hd__clkbuf_16)
                                                         clknet_3_2__leaf_HCLK (net)
                      0.043025    0.001990   10.574601 ^ _180_/CLK (sky130_fd_sc_hd__dfrtp_1)
                                 -0.250000   10.324601   clock uncertainty
                                  0.000000   10.324601   clock reconvergence pessimism
                                  0.131036   10.455637   library recovery time
                                             10.455637   data required time
---------------------------------------------------------------------------------------------
                                             10.455637   data required time
                                             -2.662437   data arrival time
---------------------------------------------------------------------------------------------
                                              7.793199   slack (MET)


Startpoint: HRESETn (input port clocked by HCLK)
Endpoint: _175_ (recovery check against rising-edge clock HCLK)
Path Group: asynchronous
Path Type: max

Fanout         Cap        Slew       Delay        Time   Description
---------------------------------------------------------------------------------------------
                                  0.000000    0.000000   clock HCLK (rise edge)
                                  0.000000    0.000000   clock network delay (propagated)
                                  2.000000    2.000000 ^ input external delay
     1    0.003025    0.014720    0.007830    2.007830 ^ HRESETn (in)
                                                         HRESETn (net)
                      0.014725    0.000000    2.007830 ^ input34/A (sky130_fd_sc_hd__buf_1)
     1    0.011183    0.102625    0.096864    2.104694 ^ input34/X (sky130_fd_sc_hd__buf_1)
                                                         net34 (net)
                      0.102628    0.000503    2.105197 ^ fanout192/A (sky130_fd_sc_hd__buf_8)
     6    0.134527    0.162201    0.147786    2.252983 ^ fanout192/X (sky130_fd_sc_hd__buf_8)
                                                         net192 (net)
                      0.176363    0.035785    2.288768 ^ fanout187/A (sky130_fd_sc_hd__buf_8)
     6    0.151222    0.185463    0.173946    2.462715 ^ fanout187/X (sky130_fd_sc_hd__buf_8)
                                                         net187 (net)
                      0.188730    0.019726    2.482440 ^ fanout186/A (sky130_fd_sc_hd__clkbuf_4)
    10    0.045094    0.108311    0.178761    2.661201 ^ fanout186/X (sky130_fd_sc_hd__clkbuf_4)
                                                         net186 (net)
                      0.108319    0.001055    2.662256 ^ _175_/RESET_B (sky130_fd_sc_hd__dfrtp_1)
                                              2.662256   data arrival time

                                 10.000000   10.000000   clock HCLK (rise edge)
                                  0.000000   10.000000   clock source latency
     1    0.059439    0.203180    0.147359   10.147359 ^ HCLK (in)
                                                         HCLK (net)
                      0.204534    0.000000   10.147359 ^ clkbuf_0_HCLK/A (sky130_fd_sc_hd__clkbuf_16)
     5    0.134022    0.114650    0.179325   10.326684 ^ clkbuf_0_HCLK/X (sky130_fd_sc_hd__clkbuf_16)
                                                         clknet_0_HCLK (net)
                      0.117120    0.013264   10.339948 ^ clkbuf_2_1_0_HCLK/A (sky130_fd_sc_hd__clkbuf_8)
     2    0.036936    0.058213    0.125711   10.465659 ^ clkbuf_2_1_0_HCLK/X (sky130_fd_sc_hd__clkbuf_8)
                                                         clknet_2_1_0_HCLK (net)
                      0.058761    0.004422   10.470081 ^ clkbuf_3_2__f_HCLK/A (sky130_fd_sc_hd__clkbuf_16)
    10    0.036695    0.042800    0.102530   10.572612 ^ clkbuf_3_2__f_HCLK/X (sky130_fd_sc_hd__clkbuf_16)
                                                         clknet_3_2__leaf_HCLK (net)
                      0.043033    0.002050   10.574661 ^ _175_/CLK (sky130_fd_sc_hd__dfrtp_1)
                                 -0.250000   10.324661   clock uncertainty
                                  0.000000   10.324661   clock reconvergence pessimism
                                  0.131038   10.455700   library recovery time
                                             10.455700   data required time
---------------------------------------------------------------------------------------------
                                             10.455700   data required time
                                             -2.662256   data arrival time
---------------------------------------------------------------------------------------------
                                              7.793444   slack (MET)


Startpoint: HRESETn (input port clocked by HCLK)
Endpoint: _168_ (recovery check against rising-edge clock HCLK)
Path Group: asynchronous
Path Type: max

Fanout         Cap        Slew       Delay        Time   Description
---------------------------------------------------------------------------------------------
                                  0.000000    0.000000   clock HCLK (rise edge)
                                  0.000000    0.000000   clock network delay (propagated)
                                  2.000000    2.000000 ^ input external delay
     1    0.003025    0.014720    0.007830    2.007830 ^ HRESETn (in)
                                                         HRESETn (net)
                      0.014725    0.000000    2.007830 ^ input34/A (sky130_fd_sc_hd__buf_1)
     1    0.011183    0.102625    0.096864    2.104694 ^ input34/X (sky130_fd_sc_hd__buf_1)
                                                         net34 (net)
                      0.102628    0.000503    2.105197 ^ fanout192/A (sky130_fd_sc_hd__buf_8)
     6    0.134527    0.162201    0.147786    2.252983 ^ fanout192/X (sky130_fd_sc_hd__buf_8)
                                                         net192 (net)
                      0.176363    0.035785    2.288768 ^ fanout187/A (sky130_fd_sc_hd__buf_8)
     6    0.151222    0.185463    0.173946    2.462715 ^ fanout187/X (sky130_fd_sc_hd__buf_8)
                                                         net187 (net)
                      0.188730    0.019726    2.482440 ^ fanout186/A (sky130_fd_sc_hd__clkbuf_4)
    10    0.045094    0.108311    0.178761    2.661201 ^ fanout186/X (sky130_fd_sc_hd__clkbuf_4)
                                                         net186 (net)
                      0.108314    0.000766    2.661967 ^ _168_/RESET_B (sky130_fd_sc_hd__dfrtp_1)
                                              2.661967   data arrival time

                                 10.000000   10.000000   clock HCLK (rise edge)
                                  0.000000   10.000000   clock source latency
     1    0.059439    0.203180    0.147359   10.147359 ^ HCLK (in)
                                                         HCLK (net)
                      0.204534    0.000000   10.147359 ^ clkbuf_0_HCLK/A (sky130_fd_sc_hd__clkbuf_16)
     5    0.134022    0.114650    0.179325   10.326684 ^ clkbuf_0_HCLK/X (sky130_fd_sc_hd__clkbuf_16)
                                                         clknet_0_HCLK (net)
                      0.117120    0.013264   10.339948 ^ clkbuf_2_1_0_HCLK/A (sky130_fd_sc_hd__clkbuf_8)
     2    0.036936    0.058213    0.125711   10.465659 ^ clkbuf_2_1_0_HCLK/X (sky130_fd_sc_hd__clkbuf_8)
                                                         clknet_2_1_0_HCLK (net)
                      0.058761    0.004422   10.470081 ^ clkbuf_3_2__f_HCLK/A (sky130_fd_sc_hd__clkbuf_16)
    10    0.036695    0.042800    0.102530   10.572612 ^ clkbuf_3_2__f_HCLK/X (sky130_fd_sc_hd__clkbuf_16)
                                                         clknet_3_2__leaf_HCLK (net)
                      0.043042    0.002122   10.574734 ^ _168_/CLK (sky130_fd_sc_hd__dfrtp_1)
                                 -0.250000   10.324734   clock uncertainty
                                  0.000000   10.324734   clock reconvergence pessimism
                                  0.131040   10.455773   library recovery time
                                             10.455773   data required time
---------------------------------------------------------------------------------------------
                                             10.455773   data required time
                                             -2.661967   data arrival time
---------------------------------------------------------------------------------------------
                                              7.793807   slack (MET)


Startpoint: HRESETn (input port clocked by HCLK)
Endpoint: _203_ (recovery check against rising-edge clock HCLK)
Path Group: asynchronous
Path Type: max

Fanout         Cap        Slew       Delay        Time   Description
---------------------------------------------------------------------------------------------
                                  0.000000    0.000000   clock HCLK (rise edge)
                                  0.000000    0.000000   clock network delay (propagated)
                                  2.000000    2.000000 ^ input external delay
     1    0.003025    0.014720    0.007830    2.007830 ^ HRESETn (in)
                                                         HRESETn (net)
                      0.014725    0.000000    2.007830 ^ input34/A (sky130_fd_sc_hd__buf_1)
     1    0.011183    0.102625    0.096864    2.104694 ^ input34/X (sky130_fd_sc_hd__buf_1)
                                                         net34 (net)
                      0.102628    0.000503    2.105197 ^ fanout192/A (sky130_fd_sc_hd__buf_8)
     6    0.134527    0.162201    0.147786    2.252983 ^ fanout192/X (sky130_fd_sc_hd__buf_8)
                                                         net192 (net)
                      0.176363    0.035785    2.288768 ^ fanout187/A (sky130_fd_sc_hd__buf_8)
     6    0.151222    0.185463    0.173946    2.462715 ^ fanout187/X (sky130_fd_sc_hd__buf_8)
                                                         net187 (net)
                      0.195771    0.034041    2.496756 ^ fanout185/A (sky130_fd_sc_hd__buf_8)
    11    0.136028    0.166400    0.160778    2.657534 ^ fanout185/X (sky130_fd_sc_hd__buf_8)
                                                         net185 (net)
                      0.167565    0.011557    2.669091 ^ _203_/RESET_B (sky130_fd_sc_hd__dfrtp_1)
                                              2.669091   data arrival time

                                 10.000000   10.000000   clock HCLK (rise edge)
                                  0.000000   10.000000   clock source latency
     1    0.059439    0.203180    0.147359   10.147359 ^ HCLK (in)
                                                         HCLK (net)
                      0.204534    0.000000   10.147359 ^ clkbuf_0_HCLK/A (sky130_fd_sc_hd__clkbuf_16)
     5    0.134022    0.114650    0.179325   10.326684 ^ clkbuf_0_HCLK/X (sky130_fd_sc_hd__clkbuf_16)
                                                         clknet_0_HCLK (net)
                      0.116959    0.012824   10.339507 ^ clkbuf_2_0_0_HCLK/A (sky130_fd_sc_hd__clkbuf_8)
     2    0.040129    0.062153    0.129216   10.468723 ^ clkbuf_2_0_0_HCLK/X (sky130_fd_sc_hd__clkbuf_8)
                                                         clknet_2_0_0_HCLK (net)
                      0.062259    0.002039   10.470762 ^ clkbuf_3_0__f_HCLK/A (sky130_fd_sc_hd__clkbuf_16)
     8    0.097836    0.087373    0.134039   10.604801 ^ clkbuf_3_0__f_HCLK/X (sky130_fd_sc_hd__clkbuf_16)
                                                         clknet_3_0__leaf_HCLK (net)
                      0.088578    0.008123   10.612925 ^ _203_/CLK (sky130_fd_sc_hd__dfrtp_1)
                                 -0.250000   10.362925   clock uncertainty
                                  0.000000   10.362925   clock reconvergence pessimism
                                  0.127064   10.489987   library recovery time
                                             10.489987   data required time
---------------------------------------------------------------------------------------------
                                             10.489987   data required time
                                             -2.669091   data arrival time
---------------------------------------------------------------------------------------------
                                              7.820897   slack (MET)


Startpoint: HRESETn (input port clocked by HCLK)
Endpoint: _174_ (recovery check against rising-edge clock HCLK)
Path Group: asynchronous
Path Type: max

Fanout         Cap        Slew       Delay        Time   Description
---------------------------------------------------------------------------------------------
                                  0.000000    0.000000   clock HCLK (rise edge)
                                  0.000000    0.000000   clock network delay (propagated)
                                  2.000000    2.000000 ^ input external delay
     1    0.003025    0.014720    0.007830    2.007830 ^ HRESETn (in)
                                                         HRESETn (net)
                      0.014725    0.000000    2.007830 ^ input34/A (sky130_fd_sc_hd__buf_1)
     1    0.011183    0.102625    0.096864    2.104694 ^ input34/X (sky130_fd_sc_hd__buf_1)
                                                         net34 (net)
                      0.102628    0.000503    2.105197 ^ fanout192/A (sky130_fd_sc_hd__buf_8)
     6    0.134527    0.162201    0.147786    2.252983 ^ fanout192/X (sky130_fd_sc_hd__buf_8)
                                                         net192 (net)
                      0.176363    0.035785    2.288768 ^ fanout187/A (sky130_fd_sc_hd__buf_8)
     6    0.151222    0.185463    0.173946    2.462715 ^ fanout187/X (sky130_fd_sc_hd__buf_8)
                                                         net187 (net)
                      0.195771    0.034041    2.496756 ^ fanout185/A (sky130_fd_sc_hd__buf_8)
    11    0.136028    0.166400    0.160778    2.657534 ^ fanout185/X (sky130_fd_sc_hd__buf_8)
                                                         net185 (net)
                      0.167456    0.011056    2.668590 ^ _174_/RESET_B (sky130_fd_sc_hd__dfrtp_1)
                                              2.668590   data arrival time

                                 10.000000   10.000000   clock HCLK (rise edge)
                                  0.000000   10.000000   clock source latency
     1    0.059439    0.203180    0.147359   10.147359 ^ HCLK (in)
                                                         HCLK (net)
                      0.204534    0.000000   10.147359 ^ clkbuf_0_HCLK/A (sky130_fd_sc_hd__clkbuf_16)
     5    0.134022    0.114650    0.179325   10.326684 ^ clkbuf_0_HCLK/X (sky130_fd_sc_hd__clkbuf_16)
                                                         clknet_0_HCLK (net)
                      0.116959    0.012824   10.339507 ^ clkbuf_2_0_0_HCLK/A (sky130_fd_sc_hd__clkbuf_8)
     2    0.040129    0.062153    0.129216   10.468723 ^ clkbuf_2_0_0_HCLK/X (sky130_fd_sc_hd__clkbuf_8)
                                                         clknet_2_0_0_HCLK (net)
                      0.062259    0.002039   10.470762 ^ clkbuf_3_0__f_HCLK/A (sky130_fd_sc_hd__clkbuf_16)
     8    0.097836    0.087373    0.134039   10.604801 ^ clkbuf_3_0__f_HCLK/X (sky130_fd_sc_hd__clkbuf_16)
                                                         clknet_3_0__leaf_HCLK (net)
                      0.088572    0.008106   10.612906 ^ _174_/CLK (sky130_fd_sc_hd__dfrtp_1)
                                 -0.250000   10.362906   clock uncertainty
                                  0.000000   10.362906   clock reconvergence pessimism
                                  0.127083   10.489989   library recovery time
                                             10.489989   data required time
---------------------------------------------------------------------------------------------
                                             10.489989   data required time
                                             -2.668590   data arrival time
---------------------------------------------------------------------------------------------
                                              7.821399   slack (MET)


Startpoint: HRESETn (input port clocked by HCLK)
Endpoint: _208_ (recovery check against rising-edge clock HCLK)
Path Group: asynchronous
Path Type: max

Fanout         Cap        Slew       Delay        Time   Description
---------------------------------------------------------------------------------------------
                                  0.000000    0.000000   clock HCLK (rise edge)
                                  0.000000    0.000000   clock network delay (propagated)
                                  2.000000    2.000000 ^ input external delay
     1    0.003025    0.014720    0.007830    2.007830 ^ HRESETn (in)
                                                         HRESETn (net)
                      0.014725    0.000000    2.007830 ^ input34/A (sky130_fd_sc_hd__buf_1)
     1    0.011183    0.102625    0.096864    2.104694 ^ input34/X (sky130_fd_sc_hd__buf_1)
                                                         net34 (net)
                      0.102628    0.000503    2.105197 ^ fanout192/A (sky130_fd_sc_hd__buf_8)
     6    0.134527    0.162201    0.147786    2.252983 ^ fanout192/X (sky130_fd_sc_hd__buf_8)
                                                         net192 (net)
                      0.162452    0.005918    2.258901 ^ fanout189/A (sky130_fd_sc_hd__clkbuf_4)
     8    0.051928    0.123030    0.183155    2.442057 ^ fanout189/X (sky130_fd_sc_hd__clkbuf_4)
                                                         net189 (net)
                      0.123043    0.001033    2.443089 ^ fanout188/A (sky130_fd_sc_hd__clkbuf_4)
    10    0.051495    0.121111    0.176882    2.619971 ^ fanout188/X (sky130_fd_sc_hd__clkbuf_4)
                                                         net188 (net)
                      0.121242    0.003255    2.623226 ^ _208_/RESET_B (sky130_fd_sc_hd__dfrtp_1)
                                              2.623226   data arrival time

                                 10.000000   10.000000   clock HCLK (rise edge)
                                  0.000000   10.000000   clock source latency
     1    0.059439    0.203180    0.147359   10.147359 ^ HCLK (in)
                                                         HCLK (net)
                      0.204534    0.000000   10.147359 ^ clkbuf_0_HCLK/A (sky130_fd_sc_hd__clkbuf_16)
     5    0.134022    0.114650    0.179325   10.326684 ^ clkbuf_0_HCLK/X (sky130_fd_sc_hd__clkbuf_16)
                                                         clknet_0_HCLK (net)
                      0.116431    0.011266   10.337950 ^ clkbuf_2_2_0_HCLK/A (sky130_fd_sc_hd__clkbuf_8)
     2    0.035419    0.056406    0.124539   10.462489 ^ clkbuf_2_2_0_HCLK/X (sky130_fd_sc_hd__clkbuf_8)
                                                         clknet_2_2_0_HCLK (net)
                      0.056832    0.003838   10.466327 ^ clkbuf_3_5__f_HCLK/A (sky130_fd_sc_hd__clkbuf_16)
    11    0.035096    0.041718    0.101215   10.567542 ^ clkbuf_3_5__f_HCLK/X (sky130_fd_sc_hd__clkbuf_16)
                                                         clknet_3_5__leaf_HCLK (net)
                      0.041745    0.001142   10.568684 ^ _208_/CLK (sky130_fd_sc_hd__dfrtp_1)
                                 -0.250000   10.318684   clock uncertainty
                                  0.000000   10.318684   clock reconvergence pessimism
                                  0.128430   10.447114   library recovery time
                                             10.447114   data required time
---------------------------------------------------------------------------------------------
                                             10.447114   data required time
                                             -2.623226   data arrival time
---------------------------------------------------------------------------------------------
                                              7.823887   slack (MET)


Startpoint: HRESETn (input port clocked by HCLK)
Endpoint: _188_ (recovery check against rising-edge clock HCLK)
Path Group: asynchronous
Path Type: max

Fanout         Cap        Slew       Delay        Time   Description
---------------------------------------------------------------------------------------------
                                  0.000000    0.000000   clock HCLK (rise edge)
                                  0.000000    0.000000   clock network delay (propagated)
                                  2.000000    2.000000 ^ input external delay
     1    0.003025    0.014720    0.007830    2.007830 ^ HRESETn (in)
                                                         HRESETn (net)
                      0.014725    0.000000    2.007830 ^ input34/A (sky130_fd_sc_hd__buf_1)
     1    0.011183    0.102625    0.096864    2.104694 ^ input34/X (sky130_fd_sc_hd__buf_1)
                                                         net34 (net)
                      0.102628    0.000503    2.105197 ^ fanout192/A (sky130_fd_sc_hd__buf_8)
     6    0.134527    0.162201    0.147786    2.252983 ^ fanout192/X (sky130_fd_sc_hd__buf_8)
                                                         net192 (net)
                      0.162452    0.005918    2.258901 ^ fanout189/A (sky130_fd_sc_hd__clkbuf_4)
     8    0.051928    0.123030    0.183155    2.442057 ^ fanout189/X (sky130_fd_sc_hd__clkbuf_4)
                                                         net189 (net)
                      0.123043    0.001033    2.443089 ^ fanout188/A (sky130_fd_sc_hd__clkbuf_4)
    10    0.051495    0.121111    0.176882    2.619971 ^ fanout188/X (sky130_fd_sc_hd__clkbuf_4)
                                                         net188 (net)
                      0.121249    0.003342    2.623313 ^ _188_/RESET_B (sky130_fd_sc_hd__dfrtp_1)
                                              2.623313   data arrival time

                                 10.000000   10.000000   clock HCLK (rise edge)
                                  0.000000   10.000000   clock source latency
     1    0.059439    0.203180    0.147359   10.147359 ^ HCLK (in)
                                                         HCLK (net)
                      0.204534    0.000000   10.147359 ^ clkbuf_0_HCLK/A (sky130_fd_sc_hd__clkbuf_16)
     5    0.134022    0.114650    0.179325   10.326684 ^ clkbuf_0_HCLK/X (sky130_fd_sc_hd__clkbuf_16)
                                                         clknet_0_HCLK (net)
                      0.116431    0.011266   10.337950 ^ clkbuf_2_2_0_HCLK/A (sky130_fd_sc_hd__clkbuf_8)
     2    0.035419    0.056406    0.124539   10.462489 ^ clkbuf_2_2_0_HCLK/X (sky130_fd_sc_hd__clkbuf_8)
                                                         clknet_2_2_0_HCLK (net)
                      0.056832    0.003838   10.466327 ^ clkbuf_3_5__f_HCLK/A (sky130_fd_sc_hd__clkbuf_16)
    11    0.035096    0.041718    0.101215   10.567542 ^ clkbuf_3_5__f_HCLK/X (sky130_fd_sc_hd__clkbuf_16)
                                                         clknet_3_5__leaf_HCLK (net)
                      0.041770    0.001379   10.568921 ^ _188_/CLK (sky130_fd_sc_hd__dfrtp_1)
                                 -0.250000   10.318921   clock uncertainty
                                  0.000000   10.318921   clock reconvergence pessimism
                                  0.128432   10.447353   library recovery time
                                             10.447353   data required time
---------------------------------------------------------------------------------------------
                                             10.447353   data required time
                                             -2.623313   data arrival time
---------------------------------------------------------------------------------------------
                                              7.824040   slack (MET)


Startpoint: HRESETn (input port clocked by HCLK)
Endpoint: _192_ (recovery check against rising-edge clock HCLK)
Path Group: asynchronous
Path Type: max

Fanout         Cap        Slew       Delay        Time   Description
---------------------------------------------------------------------------------------------
                                  0.000000    0.000000   clock HCLK (rise edge)
                                  0.000000    0.000000   clock network delay (propagated)
                                  2.000000    2.000000 ^ input external delay
     1    0.003025    0.014720    0.007830    2.007830 ^ HRESETn (in)
                                                         HRESETn (net)
                      0.014725    0.000000    2.007830 ^ input34/A (sky130_fd_sc_hd__buf_1)
     1    0.011183    0.102625    0.096864    2.104694 ^ input34/X (sky130_fd_sc_hd__buf_1)
                                                         net34 (net)
                      0.102628    0.000503    2.105197 ^ fanout192/A (sky130_fd_sc_hd__buf_8)
     6    0.134527    0.162201    0.147786    2.252983 ^ fanout192/X (sky130_fd_sc_hd__buf_8)
                                                         net192 (net)
                      0.162452    0.005918    2.258901 ^ fanout189/A (sky130_fd_sc_hd__clkbuf_4)
     8    0.051928    0.123030    0.183155    2.442057 ^ fanout189/X (sky130_fd_sc_hd__clkbuf_4)
                                                         net189 (net)
                      0.123043    0.001033    2.443089 ^ fanout188/A (sky130_fd_sc_hd__clkbuf_4)
    10    0.051495    0.121111    0.176882    2.619971 ^ fanout188/X (sky130_fd_sc_hd__clkbuf_4)
                                                         net188 (net)
                      0.121218    0.002955    2.622926 ^ _192_/RESET_B (sky130_fd_sc_hd__dfrtp_1)
                                              2.622926   data arrival time

                                 10.000000   10.000000   clock HCLK (rise edge)
                                  0.000000   10.000000   clock source latency
     1    0.059439    0.203180    0.147359   10.147359 ^ HCLK (in)
                                                         HCLK (net)
                      0.204534    0.000000   10.147359 ^ clkbuf_0_HCLK/A (sky130_fd_sc_hd__clkbuf_16)
     5    0.134022    0.114650    0.179325   10.326684 ^ clkbuf_0_HCLK/X (sky130_fd_sc_hd__clkbuf_16)
                                                         clknet_0_HCLK (net)
                      0.116431    0.011266   10.337950 ^ clkbuf_2_2_0_HCLK/A (sky130_fd_sc_hd__clkbuf_8)
     2    0.035419    0.056406    0.124539   10.462489 ^ clkbuf_2_2_0_HCLK/X (sky130_fd_sc_hd__clkbuf_8)
                                                         clknet_2_2_0_HCLK (net)
                      0.056832    0.003838   10.466327 ^ clkbuf_3_5__f_HCLK/A (sky130_fd_sc_hd__clkbuf_16)
    11    0.035096    0.041718    0.101215   10.567542 ^ clkbuf_3_5__f_HCLK/X (sky130_fd_sc_hd__clkbuf_16)
                                                         clknet_3_5__leaf_HCLK (net)
                      0.041740    0.001095   10.568637 ^ _192_/CLK (sky130_fd_sc_hd__dfrtp_1)
                                 -0.250000   10.318637   clock uncertainty
                                  0.000000   10.318637   clock reconvergence pessimism
                                  0.128433   10.447070   library recovery time
                                             10.447070   data required time
---------------------------------------------------------------------------------------------
                                             10.447070   data required time
                                             -2.622926   data arrival time
---------------------------------------------------------------------------------------------
                                              7.824144   slack (MET)


Startpoint: HRESETn (input port clocked by HCLK)
Endpoint: _153_ (recovery check against rising-edge clock HCLK)
Path Group: asynchronous
Path Type: max

Fanout         Cap        Slew       Delay        Time   Description
---------------------------------------------------------------------------------------------
                                  0.000000    0.000000   clock HCLK (rise edge)
                                  0.000000    0.000000   clock network delay (propagated)
                                  2.000000    2.000000 ^ input external delay
     1    0.003025    0.014720    0.007830    2.007830 ^ HRESETn (in)
                                                         HRESETn (net)
                      0.014725    0.000000    2.007830 ^ input34/A (sky130_fd_sc_hd__buf_1)
     1    0.011183    0.102625    0.096864    2.104694 ^ input34/X (sky130_fd_sc_hd__buf_1)
                                                         net34 (net)
                      0.102628    0.000503    2.105197 ^ fanout192/A (sky130_fd_sc_hd__buf_8)
     6    0.134527    0.162201    0.147786    2.252983 ^ fanout192/X (sky130_fd_sc_hd__buf_8)
                                                         net192 (net)
                      0.162452    0.005918    2.258901 ^ fanout189/A (sky130_fd_sc_hd__clkbuf_4)
     8    0.051928    0.123030    0.183155    2.442057 ^ fanout189/X (sky130_fd_sc_hd__clkbuf_4)
                                                         net189 (net)
                      0.123043    0.001033    2.443089 ^ fanout188/A (sky130_fd_sc_hd__clkbuf_4)
    10    0.051495    0.121111    0.176882    2.619971 ^ fanout188/X (sky130_fd_sc_hd__clkbuf_4)
                                                         net188 (net)
                      0.121271    0.003591    2.623562 ^ _153_/RESET_B (sky130_fd_sc_hd__dfrtp_1)
                                              2.623562   data arrival time

                                 10.000000   10.000000   clock HCLK (rise edge)
                                  0.000000   10.000000   clock source latency
     1    0.059439    0.203180    0.147359   10.147359 ^ HCLK (in)
                                                         HCLK (net)
                      0.204534    0.000000   10.147359 ^ clkbuf_0_HCLK/A (sky130_fd_sc_hd__clkbuf_16)
     5    0.134022    0.114650    0.179325   10.326684 ^ clkbuf_0_HCLK/X (sky130_fd_sc_hd__clkbuf_16)
                                                         clknet_0_HCLK (net)
                      0.116431    0.011266   10.337950 ^ clkbuf_2_2_0_HCLK/A (sky130_fd_sc_hd__clkbuf_8)
     2    0.035419    0.056406    0.124539   10.462489 ^ clkbuf_2_2_0_HCLK/X (sky130_fd_sc_hd__clkbuf_8)
                                                         clknet_2_2_0_HCLK (net)
                      0.056832    0.003838   10.466327 ^ clkbuf_3_5__f_HCLK/A (sky130_fd_sc_hd__clkbuf_16)
    11    0.035096    0.041718    0.101215   10.567542 ^ clkbuf_3_5__f_HCLK/X (sky130_fd_sc_hd__clkbuf_16)
                                                         clknet_3_5__leaf_HCLK (net)
                      0.041869    0.001756   10.569298 ^ _153_/CLK (sky130_fd_sc_hd__dfrtp_1)
                                 -0.250000   10.319298   clock uncertainty
                                  0.000000   10.319298   clock reconvergence pessimism
                                  0.128443   10.447741   library recovery time
                                             10.447741   data required time
---------------------------------------------------------------------------------------------
                                             10.447741   data required time
                                             -2.623562   data arrival time
---------------------------------------------------------------------------------------------
                                              7.824179   slack (MET)


Startpoint: HRESETn (input port clocked by HCLK)
Endpoint: _173_ (recovery check against rising-edge clock HCLK)
Path Group: asynchronous
Path Type: max

Fanout         Cap        Slew       Delay        Time   Description
---------------------------------------------------------------------------------------------
                                  0.000000    0.000000   clock HCLK (rise edge)
                                  0.000000    0.000000   clock network delay (propagated)
                                  2.000000    2.000000 ^ input external delay
     1    0.003025    0.014720    0.007830    2.007830 ^ HRESETn (in)
                                                         HRESETn (net)
                      0.014725    0.000000    2.007830 ^ input34/A (sky130_fd_sc_hd__buf_1)
     1    0.011183    0.102625    0.096864    2.104694 ^ input34/X (sky130_fd_sc_hd__buf_1)
                                                         net34 (net)
                      0.102628    0.000503    2.105197 ^ fanout192/A (sky130_fd_sc_hd__buf_8)
     6    0.134527    0.162201    0.147786    2.252983 ^ fanout192/X (sky130_fd_sc_hd__buf_8)
                                                         net192 (net)
                      0.162452    0.005918    2.258901 ^ fanout189/A (sky130_fd_sc_hd__clkbuf_4)
     8    0.051928    0.123030    0.183155    2.442057 ^ fanout189/X (sky130_fd_sc_hd__clkbuf_4)
                                                         net189 (net)
                      0.123043    0.001033    2.443089 ^ fanout188/A (sky130_fd_sc_hd__clkbuf_4)
    10    0.051495    0.121111    0.176882    2.619971 ^ fanout188/X (sky130_fd_sc_hd__clkbuf_4)
                                                         net188 (net)
                      0.121260    0.003471    2.623442 ^ _173_/RESET_B (sky130_fd_sc_hd__dfrtp_1)
                                              2.623442   data arrival time

                                 10.000000   10.000000   clock HCLK (rise edge)
                                  0.000000   10.000000   clock source latency
     1    0.059439    0.203180    0.147359   10.147359 ^ HCLK (in)
                                                         HCLK (net)
                      0.204534    0.000000   10.147359 ^ clkbuf_0_HCLK/A (sky130_fd_sc_hd__clkbuf_16)
     5    0.134022    0.114650    0.179325   10.326684 ^ clkbuf_0_HCLK/X (sky130_fd_sc_hd__clkbuf_16)
                                                         clknet_0_HCLK (net)
                      0.116431    0.011266   10.337950 ^ clkbuf_2_2_0_HCLK/A (sky130_fd_sc_hd__clkbuf_8)
     2    0.035419    0.056406    0.124539   10.462489 ^ clkbuf_2_2_0_HCLK/X (sky130_fd_sc_hd__clkbuf_8)
                                                         clknet_2_2_0_HCLK (net)
                      0.056832    0.003838   10.466327 ^ clkbuf_3_5__f_HCLK/A (sky130_fd_sc_hd__clkbuf_16)
    11    0.035096    0.041718    0.101215   10.567542 ^ clkbuf_3_5__f_HCLK/X (sky130_fd_sc_hd__clkbuf_16)
                                                         clknet_3_5__leaf_HCLK (net)
                      0.041856    0.001637   10.569179 ^ _173_/CLK (sky130_fd_sc_hd__dfrtp_1)
                                 -0.250000   10.319179   clock uncertainty
                                  0.000000   10.319179   clock reconvergence pessimism
                                  0.128443   10.447621   library recovery time
                                             10.447621   data required time
---------------------------------------------------------------------------------------------
                                             10.447621   data required time
                                             -2.623442   data arrival time
---------------------------------------------------------------------------------------------
                                              7.824180   slack (MET)


Startpoint: HRESETn (input port clocked by HCLK)
Endpoint: _185_ (recovery check against rising-edge clock HCLK)
Path Group: asynchronous
Path Type: max

Fanout         Cap        Slew       Delay        Time   Description
---------------------------------------------------------------------------------------------
                                  0.000000    0.000000   clock HCLK (rise edge)
                                  0.000000    0.000000   clock network delay (propagated)
                                  2.000000    2.000000 ^ input external delay
     1    0.003025    0.014720    0.007830    2.007830 ^ HRESETn (in)
                                                         HRESETn (net)
                      0.014725    0.000000    2.007830 ^ input34/A (sky130_fd_sc_hd__buf_1)
     1    0.011183    0.102625    0.096864    2.104694 ^ input34/X (sky130_fd_sc_hd__buf_1)
                                                         net34 (net)
                      0.102628    0.000503    2.105197 ^ fanout192/A (sky130_fd_sc_hd__buf_8)
     6    0.134527    0.162201    0.147786    2.252983 ^ fanout192/X (sky130_fd_sc_hd__buf_8)
                                                         net192 (net)
                      0.162452    0.005918    2.258901 ^ fanout189/A (sky130_fd_sc_hd__clkbuf_4)
     8    0.051928    0.123030    0.183155    2.442057 ^ fanout189/X (sky130_fd_sc_hd__clkbuf_4)
                                                         net189 (net)
                      0.123043    0.001033    2.443089 ^ fanout188/A (sky130_fd_sc_hd__clkbuf_4)
    10    0.051495    0.121111    0.176882    2.619971 ^ fanout188/X (sky130_fd_sc_hd__clkbuf_4)
                                                         net188 (net)
                      0.121192    0.002580    2.622551 ^ _185_/RESET_B (sky130_fd_sc_hd__dfrtp_1)
                                              2.622551   data arrival time

                                 10.000000   10.000000   clock HCLK (rise edge)
                                  0.000000   10.000000   clock source latency
     1    0.059439    0.203180    0.147359   10.147359 ^ HCLK (in)
                                                         HCLK (net)
                      0.204534    0.000000   10.147359 ^ clkbuf_0_HCLK/A (sky130_fd_sc_hd__clkbuf_16)
     5    0.134022    0.114650    0.179325   10.326684 ^ clkbuf_0_HCLK/X (sky130_fd_sc_hd__clkbuf_16)
                                                         clknet_0_HCLK (net)
                      0.116431    0.011266   10.337950 ^ clkbuf_2_2_0_HCLK/A (sky130_fd_sc_hd__clkbuf_8)
     2    0.035419    0.056406    0.124539   10.462489 ^ clkbuf_2_2_0_HCLK/X (sky130_fd_sc_hd__clkbuf_8)
                                                         clknet_2_2_0_HCLK (net)
                      0.056832    0.003838   10.466327 ^ clkbuf_3_5__f_HCLK/A (sky130_fd_sc_hd__clkbuf_16)
    11    0.035096    0.041718    0.101215   10.567542 ^ clkbuf_3_5__f_HCLK/X (sky130_fd_sc_hd__clkbuf_16)
                                                         clknet_3_5__leaf_HCLK (net)
                      0.041744    0.001136   10.568678 ^ _185_/CLK (sky130_fd_sc_hd__dfrtp_1)
                                 -0.250000   10.318678   clock uncertainty
                                  0.000000   10.318678   clock reconvergence pessimism
                                  0.128439   10.447116   library recovery time
                                             10.447116   data required time
---------------------------------------------------------------------------------------------
                                             10.447116   data required time
                                             -2.622551   data arrival time
---------------------------------------------------------------------------------------------
                                              7.824565   slack (MET)


Startpoint: HRESETn (input port clocked by HCLK)
Endpoint: _170_ (recovery check against rising-edge clock HCLK)
Path Group: asynchronous
Path Type: max

Fanout         Cap        Slew       Delay        Time   Description
---------------------------------------------------------------------------------------------
                                  0.000000    0.000000   clock HCLK (rise edge)
                                  0.000000    0.000000   clock network delay (propagated)
                                  2.000000    2.000000 ^ input external delay
     1    0.003025    0.014720    0.007830    2.007830 ^ HRESETn (in)
                                                         HRESETn (net)
                      0.014725    0.000000    2.007830 ^ input34/A (sky130_fd_sc_hd__buf_1)
     1    0.011183    0.102625    0.096864    2.104694 ^ input34/X (sky130_fd_sc_hd__buf_1)
                                                         net34 (net)
                      0.102628    0.000503    2.105197 ^ fanout192/A (sky130_fd_sc_hd__buf_8)
     6    0.134527    0.162201    0.147786    2.252983 ^ fanout192/X (sky130_fd_sc_hd__buf_8)
                                                         net192 (net)
                      0.162452    0.005918    2.258901 ^ fanout189/A (sky130_fd_sc_hd__clkbuf_4)
     8    0.051928    0.123030    0.183155    2.442057 ^ fanout189/X (sky130_fd_sc_hd__clkbuf_4)
                                                         net189 (net)
                      0.123043    0.001033    2.443089 ^ fanout188/A (sky130_fd_sc_hd__clkbuf_4)
    10    0.051495    0.121111    0.176882    2.619971 ^ fanout188/X (sky130_fd_sc_hd__clkbuf_4)
                                                         net188 (net)
                      0.121163    0.002081    2.622052 ^ _170_/RESET_B (sky130_fd_sc_hd__dfrtp_1)
                                              2.622052   data arrival time

                                 10.000000   10.000000   clock HCLK (rise edge)
                                  0.000000   10.000000   clock source latency
     1    0.059439    0.203180    0.147359   10.147359 ^ HCLK (in)
                                                         HCLK (net)
                      0.204534    0.000000   10.147359 ^ clkbuf_0_HCLK/A (sky130_fd_sc_hd__clkbuf_16)
     5    0.134022    0.114650    0.179325   10.326684 ^ clkbuf_0_HCLK/X (sky130_fd_sc_hd__clkbuf_16)
                                                         clknet_0_HCLK (net)
                      0.116431    0.011266   10.337950 ^ clkbuf_2_2_0_HCLK/A (sky130_fd_sc_hd__clkbuf_8)
     2    0.035419    0.056406    0.124539   10.462489 ^ clkbuf_2_2_0_HCLK/X (sky130_fd_sc_hd__clkbuf_8)
                                                         clknet_2_2_0_HCLK (net)
                      0.056729    0.003332   10.465821 ^ clkbuf_3_4__f_HCLK/A (sky130_fd_sc_hd__clkbuf_16)
    11    0.039914    0.045093    0.104074   10.569896 ^ clkbuf_3_4__f_HCLK/X (sky130_fd_sc_hd__clkbuf_16)
                                                         clknet_3_4__leaf_HCLK (net)
                      0.045136    0.001180   10.571075 ^ _170_/CLK (sky130_fd_sc_hd__dfrtp_1)
                                 -0.250000   10.321074   clock uncertainty
                                  0.000000   10.321074   clock reconvergence pessimism
                                  0.128964   10.450039   library recovery time
                                             10.450039   data required time
---------------------------------------------------------------------------------------------
                                             10.450039   data required time
                                             -2.622052   data arrival time
---------------------------------------------------------------------------------------------
                                              7.827987   slack (MET)


Startpoint: HRESETn (input port clocked by HCLK)
Endpoint: _181_ (recovery check against rising-edge clock HCLK)
Path Group: asynchronous
Path Type: max

Fanout         Cap        Slew       Delay        Time   Description
---------------------------------------------------------------------------------------------
                                  0.000000    0.000000   clock HCLK (rise edge)
                                  0.000000    0.000000   clock network delay (propagated)
                                  2.000000    2.000000 ^ input external delay
     1    0.003025    0.014720    0.007830    2.007830 ^ HRESETn (in)
                                                         HRESETn (net)
                      0.014725    0.000000    2.007830 ^ input34/A (sky130_fd_sc_hd__buf_1)
     1    0.011183    0.102625    0.096864    2.104694 ^ input34/X (sky130_fd_sc_hd__buf_1)
                                                         net34 (net)
                      0.102628    0.000503    2.105197 ^ fanout192/A (sky130_fd_sc_hd__buf_8)
     6    0.134527    0.162201    0.147786    2.252983 ^ fanout192/X (sky130_fd_sc_hd__buf_8)
                                                         net192 (net)
                      0.162452    0.005918    2.258901 ^ fanout189/A (sky130_fd_sc_hd__clkbuf_4)
     8    0.051928    0.123030    0.183155    2.442057 ^ fanout189/X (sky130_fd_sc_hd__clkbuf_4)
                                                         net189 (net)
                      0.123043    0.001033    2.443089 ^ fanout188/A (sky130_fd_sc_hd__clkbuf_4)
    10    0.051495    0.121111    0.176882    2.619971 ^ fanout188/X (sky130_fd_sc_hd__clkbuf_4)
                                                         net188 (net)
                      0.121145    0.001684    2.621655 ^ _181_/RESET_B (sky130_fd_sc_hd__dfrtp_1)
                                              2.621655   data arrival time

                                 10.000000   10.000000   clock HCLK (rise edge)
                                  0.000000   10.000000   clock source latency
     1    0.059439    0.203180    0.147359   10.147359 ^ HCLK (in)
                                                         HCLK (net)
                      0.204534    0.000000   10.147359 ^ clkbuf_0_HCLK/A (sky130_fd_sc_hd__clkbuf_16)
     5    0.134022    0.114650    0.179325   10.326684 ^ clkbuf_0_HCLK/X (sky130_fd_sc_hd__clkbuf_16)
                                                         clknet_0_HCLK (net)
                      0.116431    0.011266   10.337950 ^ clkbuf_2_2_0_HCLK/A (sky130_fd_sc_hd__clkbuf_8)
     2    0.035419    0.056406    0.124539   10.462489 ^ clkbuf_2_2_0_HCLK/X (sky130_fd_sc_hd__clkbuf_8)
                                                         clknet_2_2_0_HCLK (net)
                      0.056729    0.003332   10.465821 ^ clkbuf_3_4__f_HCLK/A (sky130_fd_sc_hd__clkbuf_16)
    11    0.039914    0.045093    0.104074   10.569896 ^ clkbuf_3_4__f_HCLK/X (sky130_fd_sc_hd__clkbuf_16)
                                                         clknet_3_4__leaf_HCLK (net)
                      0.045127    0.001052   10.570947 ^ _181_/CLK (sky130_fd_sc_hd__dfrtp_1)
                                 -0.250000   10.320947   clock uncertainty
                                  0.000000   10.320947   clock reconvergence pessimism
                                  0.128966   10.449913   library recovery time
                                             10.449913   data required time
---------------------------------------------------------------------------------------------
                                             10.449913   data required time
                                             -2.621655   data arrival time
---------------------------------------------------------------------------------------------
                                              7.828259   slack (MET)


Startpoint: HRESETn (input port clocked by HCLK)
Endpoint: _176_ (recovery check against rising-edge clock HCLK)
Path Group: asynchronous
Path Type: max

Fanout         Cap        Slew       Delay        Time   Description
---------------------------------------------------------------------------------------------
                                  0.000000    0.000000   clock HCLK (rise edge)
                                  0.000000    0.000000   clock network delay (propagated)
                                  2.000000    2.000000 ^ input external delay
     1    0.003025    0.014720    0.007830    2.007830 ^ HRESETn (in)
                                                         HRESETn (net)
                      0.014725    0.000000    2.007830 ^ input34/A (sky130_fd_sc_hd__buf_1)
     1    0.011183    0.102625    0.096864    2.104694 ^ input34/X (sky130_fd_sc_hd__buf_1)
                                                         net34 (net)
                      0.102628    0.000503    2.105197 ^ fanout192/A (sky130_fd_sc_hd__buf_8)
     6    0.134527    0.162201    0.147786    2.252983 ^ fanout192/X (sky130_fd_sc_hd__buf_8)
                                                         net192 (net)
                      0.162452    0.005918    2.258901 ^ fanout189/A (sky130_fd_sc_hd__clkbuf_4)
     8    0.051928    0.123030    0.183155    2.442057 ^ fanout189/X (sky130_fd_sc_hd__clkbuf_4)
                                                         net189 (net)
                      0.123043    0.001033    2.443089 ^ fanout188/A (sky130_fd_sc_hd__clkbuf_4)
    10    0.051495    0.121111    0.176882    2.619971 ^ fanout188/X (sky130_fd_sc_hd__clkbuf_4)
                                                         net188 (net)
                      0.121135    0.001426    2.621397 ^ _176_/RESET_B (sky130_fd_sc_hd__dfrtp_1)
                                              2.621397   data arrival time

                                 10.000000   10.000000   clock HCLK (rise edge)
                                  0.000000   10.000000   clock source latency
     1    0.059439    0.203180    0.147359   10.147359 ^ HCLK (in)
                                                         HCLK (net)
                      0.204534    0.000000   10.147359 ^ clkbuf_0_HCLK/A (sky130_fd_sc_hd__clkbuf_16)
     5    0.134022    0.114650    0.179325   10.326684 ^ clkbuf_0_HCLK/X (sky130_fd_sc_hd__clkbuf_16)
                                                         clknet_0_HCLK (net)
                      0.116431    0.011266   10.337950 ^ clkbuf_2_2_0_HCLK/A (sky130_fd_sc_hd__clkbuf_8)
     2    0.035419    0.056406    0.124539   10.462489 ^ clkbuf_2_2_0_HCLK/X (sky130_fd_sc_hd__clkbuf_8)
                                                         clknet_2_2_0_HCLK (net)
                      0.056729    0.003332   10.465821 ^ clkbuf_3_4__f_HCLK/A (sky130_fd_sc_hd__clkbuf_16)
    11    0.039914    0.045093    0.104074   10.569896 ^ clkbuf_3_4__f_HCLK/X (sky130_fd_sc_hd__clkbuf_16)
                                                         clknet_3_4__leaf_HCLK (net)
                      0.045114    0.000864   10.570760 ^ _176_/CLK (sky130_fd_sc_hd__dfrtp_1)
                                 -0.250000   10.320760   clock uncertainty
                                  0.000000   10.320760   clock reconvergence pessimism
                                  0.128966   10.449726   library recovery time
                                             10.449726   data required time
---------------------------------------------------------------------------------------------
                                             10.449726   data required time
                                             -2.621397   data arrival time
---------------------------------------------------------------------------------------------
                                              7.828329   slack (MET)


Startpoint: HRESETn (input port clocked by HCLK)
Endpoint: _155_ (recovery check against rising-edge clock HCLK)
Path Group: asynchronous
Path Type: max

Fanout         Cap        Slew       Delay        Time   Description
---------------------------------------------------------------------------------------------
                                  0.000000    0.000000   clock HCLK (rise edge)
                                  0.000000    0.000000   clock network delay (propagated)
                                  2.000000    2.000000 ^ input external delay
     1    0.003025    0.014720    0.007830    2.007830 ^ HRESETn (in)
                                                         HRESETn (net)
                      0.014725    0.000000    2.007830 ^ input34/A (sky130_fd_sc_hd__buf_1)
     1    0.011183    0.102625    0.096864    2.104694 ^ input34/X (sky130_fd_sc_hd__buf_1)
                                                         net34 (net)
                      0.102628    0.000503    2.105197 ^ fanout192/A (sky130_fd_sc_hd__buf_8)
     6    0.134527    0.162201    0.147786    2.252983 ^ fanout192/X (sky130_fd_sc_hd__buf_8)
                                                         net192 (net)
                      0.162452    0.005918    2.258901 ^ fanout189/A (sky130_fd_sc_hd__clkbuf_4)
     8    0.051928    0.123030    0.183155    2.442057 ^ fanout189/X (sky130_fd_sc_hd__clkbuf_4)
                                                         net189 (net)
                      0.123043    0.001033    2.443089 ^ fanout188/A (sky130_fd_sc_hd__clkbuf_4)
    10    0.051495    0.121111    0.176882    2.619971 ^ fanout188/X (sky130_fd_sc_hd__clkbuf_4)
                                                         net188 (net)
                      0.121114    0.000521    2.620492 ^ _155_/RESET_B (sky130_fd_sc_hd__dfrtp_1)
                                              2.620492   data arrival time

                                 10.000000   10.000000   clock HCLK (rise edge)
                                  0.000000   10.000000   clock source latency
     1    0.059439    0.203180    0.147359   10.147359 ^ HCLK (in)
                                                         HCLK (net)
                      0.204534    0.000000   10.147359 ^ clkbuf_0_HCLK/A (sky130_fd_sc_hd__clkbuf_16)
     5    0.134022    0.114650    0.179325   10.326684 ^ clkbuf_0_HCLK/X (sky130_fd_sc_hd__clkbuf_16)
                                                         clknet_0_HCLK (net)
                      0.116431    0.011266   10.337950 ^ clkbuf_2_2_0_HCLK/A (sky130_fd_sc_hd__clkbuf_8)
     2    0.035419    0.056406    0.124539   10.462489 ^ clkbuf_2_2_0_HCLK/X (sky130_fd_sc_hd__clkbuf_8)
                                                         clknet_2_2_0_HCLK (net)
                      0.056729    0.003332   10.465821 ^ clkbuf_3_4__f_HCLK/A (sky130_fd_sc_hd__clkbuf_16)
    11    0.039914    0.045093    0.104074   10.569896 ^ clkbuf_3_4__f_HCLK/X (sky130_fd_sc_hd__clkbuf_16)
                                                         clknet_3_4__leaf_HCLK (net)
                      0.045101    0.000637   10.570532 ^ _155_/CLK (sky130_fd_sc_hd__dfrtp_1)
                                 -0.250000   10.320532   clock uncertainty
                                  0.000000   10.320532   clock reconvergence pessimism
                                  0.128968   10.449500   library recovery time
                                             10.449500   data required time
---------------------------------------------------------------------------------------------
                                             10.449500   data required time
                                             -2.620492   data arrival time
---------------------------------------------------------------------------------------------
                                              7.829009   slack (MET)


Startpoint: HRESETn (input port clocked by HCLK)
Endpoint: _182_ (recovery check against rising-edge clock HCLK)
Path Group: asynchronous
Path Type: max

Fanout         Cap        Slew       Delay        Time   Description
---------------------------------------------------------------------------------------------
                                  0.000000    0.000000   clock HCLK (rise edge)
                                  0.000000    0.000000   clock network delay (propagated)
                                  2.000000    2.000000 ^ input external delay
     1    0.003025    0.014720    0.007830    2.007830 ^ HRESETn (in)
                                                         HRESETn (net)
                      0.014725    0.000000    2.007830 ^ input34/A (sky130_fd_sc_hd__buf_1)
     1    0.011183    0.102625    0.096864    2.104694 ^ input34/X (sky130_fd_sc_hd__buf_1)
                                                         net34 (net)
                      0.102628    0.000503    2.105197 ^ fanout192/A (sky130_fd_sc_hd__buf_8)
     6    0.134527    0.162201    0.147786    2.252983 ^ fanout192/X (sky130_fd_sc_hd__buf_8)
                                                         net192 (net)
                      0.176363    0.035785    2.288768 ^ fanout187/A (sky130_fd_sc_hd__buf_8)
     6    0.151222    0.185463    0.173946    2.462715 ^ fanout187/X (sky130_fd_sc_hd__buf_8)
                                                         net187 (net)
                      0.188784    0.019875    2.482589 ^ _182_/RESET_B (sky130_fd_sc_hd__dfrtp_1)
                                              2.482589   data arrival time

                                 10.000000   10.000000   clock HCLK (rise edge)
                                  0.000000   10.000000   clock source latency
     1    0.059439    0.203180    0.147359   10.147359 ^ HCLK (in)
                                                         HCLK (net)
                      0.204534    0.000000   10.147359 ^ clkbuf_0_HCLK/A (sky130_fd_sc_hd__clkbuf_16)
     5    0.134022    0.114650    0.179325   10.326684 ^ clkbuf_0_HCLK/X (sky130_fd_sc_hd__clkbuf_16)
                                                         clknet_0_HCLK (net)
                      0.117120    0.013264   10.339948 ^ clkbuf_2_1_0_HCLK/A (sky130_fd_sc_hd__clkbuf_8)
     2    0.036936    0.058213    0.125711   10.465659 ^ clkbuf_2_1_0_HCLK/X (sky130_fd_sc_hd__clkbuf_8)
                                                         clknet_2_1_0_HCLK (net)
                      0.058761    0.004422   10.470081 ^ clkbuf_3_2__f_HCLK/A (sky130_fd_sc_hd__clkbuf_16)
    10    0.036695    0.042800    0.102530   10.572612 ^ clkbuf_3_2__f_HCLK/X (sky130_fd_sc_hd__clkbuf_16)
                                                         clknet_3_2__leaf_HCLK (net)
                      0.043070    0.002323   10.574934 ^ _182_/CLK (sky130_fd_sc_hd__dfrtp_1)
                                 -0.250000   10.324934   clock uncertainty
                                  0.000000   10.324934   clock reconvergence pessimism
                                  0.116032   10.440967   library recovery time
                                             10.440967   data required time
---------------------------------------------------------------------------------------------
                                             10.440967   data required time
                                             -2.482589   data arrival time
---------------------------------------------------------------------------------------------
                                              7.958377   slack (MET)


Startpoint: HRESETn (input port clocked by HCLK)
Endpoint: _184_ (recovery check against rising-edge clock HCLK)
Path Group: asynchronous
Path Type: max

Fanout         Cap        Slew       Delay        Time   Description
---------------------------------------------------------------------------------------------
                                  0.000000    0.000000   clock HCLK (rise edge)
                                  0.000000    0.000000   clock network delay (propagated)
                                  2.000000    2.000000 ^ input external delay
     1    0.003025    0.014720    0.007830    2.007830 ^ HRESETn (in)
                                                         HRESETn (net)
                      0.014725    0.000000    2.007830 ^ input34/A (sky130_fd_sc_hd__buf_1)
     1    0.011183    0.102625    0.096864    2.104694 ^ input34/X (sky130_fd_sc_hd__buf_1)
                                                         net34 (net)
                      0.102628    0.000503    2.105197 ^ fanout192/A (sky130_fd_sc_hd__buf_8)
     6    0.134527    0.162201    0.147786    2.252983 ^ fanout192/X (sky130_fd_sc_hd__buf_8)
                                                         net192 (net)
                      0.176363    0.035785    2.288768 ^ fanout187/A (sky130_fd_sc_hd__buf_8)
     6    0.151222    0.185463    0.173946    2.462715 ^ fanout187/X (sky130_fd_sc_hd__buf_8)
                                                         net187 (net)
                      0.188589    0.019329    2.482044 ^ _184_/RESET_B (sky130_fd_sc_hd__dfrtp_1)
                                              2.482044   data arrival time

                                 10.000000   10.000000   clock HCLK (rise edge)
                                  0.000000   10.000000   clock source latency
     1    0.059439    0.203180    0.147359   10.147359 ^ HCLK (in)
                                                         HCLK (net)
                      0.204534    0.000000   10.147359 ^ clkbuf_0_HCLK/A (sky130_fd_sc_hd__clkbuf_16)
     5    0.134022    0.114650    0.179325   10.326684 ^ clkbuf_0_HCLK/X (sky130_fd_sc_hd__clkbuf_16)
                                                         clknet_0_HCLK (net)
                      0.117120    0.013264   10.339948 ^ clkbuf_2_1_0_HCLK/A (sky130_fd_sc_hd__clkbuf_8)
     2    0.036936    0.058213    0.125711   10.465659 ^ clkbuf_2_1_0_HCLK/X (sky130_fd_sc_hd__clkbuf_8)
                                                         clknet_2_1_0_HCLK (net)
                      0.058761    0.004422   10.470081 ^ clkbuf_3_2__f_HCLK/A (sky130_fd_sc_hd__clkbuf_16)
    10    0.036695    0.042800    0.102530   10.572612 ^ clkbuf_3_2__f_HCLK/X (sky130_fd_sc_hd__clkbuf_16)
                                                         clknet_3_2__leaf_HCLK (net)
                      0.043011    0.001877   10.574489 ^ _184_/CLK (sky130_fd_sc_hd__dfrtp_1)
                                 -0.250000   10.324489   clock uncertainty
                                  0.000000   10.324489   clock reconvergence pessimism
                                  0.116059   10.440547   library recovery time
                                             10.440547   data required time
---------------------------------------------------------------------------------------------
                                             10.440547   data required time
                                             -2.482044   data arrival time
---------------------------------------------------------------------------------------------
                                              7.958503   slack (MET)


Startpoint: HRESETn (input port clocked by HCLK)
Endpoint: _195_ (recovery check against rising-edge clock HCLK)
Path Group: asynchronous
Path Type: max

Fanout         Cap        Slew       Delay        Time   Description
---------------------------------------------------------------------------------------------
                                  0.000000    0.000000   clock HCLK (rise edge)
                                  0.000000    0.000000   clock network delay (propagated)
                                  2.000000    2.000000 ^ input external delay
     1    0.003025    0.014720    0.007830    2.007830 ^ HRESETn (in)
                                                         HRESETn (net)
                      0.014725    0.000000    2.007830 ^ input34/A (sky130_fd_sc_hd__buf_1)
     1    0.011183    0.102625    0.096864    2.104694 ^ input34/X (sky130_fd_sc_hd__buf_1)
                                                         net34 (net)
                      0.102628    0.000503    2.105197 ^ fanout192/A (sky130_fd_sc_hd__buf_8)
     6    0.134527    0.162201    0.147786    2.252983 ^ fanout192/X (sky130_fd_sc_hd__buf_8)
                                                         net192 (net)
                      0.176363    0.035785    2.288768 ^ fanout187/A (sky130_fd_sc_hd__buf_8)
     6    0.151222    0.185463    0.173946    2.462715 ^ fanout187/X (sky130_fd_sc_hd__buf_8)
                                                         net187 (net)
                      0.185495    0.002169    2.464884 ^ _195_/RESET_B (sky130_fd_sc_hd__dfrtp_4)
                                              2.464884   data arrival time

                                 10.000000   10.000000   clock HCLK (rise edge)
                                  0.000000   10.000000   clock source latency
     1    0.059439    0.203180    0.147359   10.147359 ^ HCLK (in)
                                                         HCLK (net)
                      0.204534    0.000000   10.147359 ^ clkbuf_0_HCLK/A (sky130_fd_sc_hd__clkbuf_16)
     5    0.134022    0.114650    0.179325   10.326684 ^ clkbuf_0_HCLK/X (sky130_fd_sc_hd__clkbuf_16)
                                                         clknet_0_HCLK (net)
                      0.116381    0.011108   10.337791 ^ clkbuf_2_3_0_HCLK/A (sky130_fd_sc_hd__clkbuf_8)
     2    0.039123    0.060921    0.128564   10.466355 ^ clkbuf_2_3_0_HCLK/X (sky130_fd_sc_hd__clkbuf_8)
                                                         clknet_2_3_0_HCLK (net)
                      0.061123    0.002757   10.469112 ^ clkbuf_3_6__f_HCLK/A (sky130_fd_sc_hd__clkbuf_16)
     8    0.072928    0.069384    0.120378   10.589491 ^ clkbuf_3_6__f_HCLK/X (sky130_fd_sc_hd__clkbuf_16)
                                                         clknet_3_6__leaf_HCLK (net)
                      0.071034    0.008390   10.597880 ^ _195_/CLK (sky130_fd_sc_hd__dfrtp_4)
                                 -0.250000   10.347880   clock uncertainty
                                  0.000000   10.347880   clock reconvergence pessimism
                                  0.088776   10.436656   library recovery time
                                             10.436656   data required time
---------------------------------------------------------------------------------------------
                                             10.436656   data required time
                                             -2.464884   data arrival time
---------------------------------------------------------------------------------------------
                                              7.971773   slack (MET)


Startpoint: PSLVERR (input port clocked by HCLK)
Endpoint: _217_ (rising edge-triggered flip-flop clocked by HCLK)
Path Group: HCLK
Path Type: max

Fanout         Cap        Slew       Delay        Time   Description
---------------------------------------------------------------------------------------------
                                  0.000000    0.000000   clock HCLK (rise edge)
                                  0.000000    0.000000   clock network delay (propagated)
                                  2.000000    2.000000 v input external delay
     1    0.002692    0.004564    0.002181    2.002181 v PSLVERR (in)
                                                         PSLVERR (net)
                      0.004564    0.000000    2.002181 v input70/A (sky130_fd_sc_hd__buf_1)
     2    0.012973    0.054876    0.077424    2.079605 v input70/X (sky130_fd_sc_hd__buf_1)
                                                         net70 (net)
                      0.054908    0.000739    2.080344 v _150_/A1 (sky130_fd_sc_hd__o31a_1)
     1    0.002919    0.034632    0.184417    2.264761 v _150_/X (sky130_fd_sc_hd__o31a_1)
                                                         _066_ (net)
                      0.034632    0.000063    2.264824 v _217_/D (sky130_fd_sc_hd__dfrtp_2)
                                              2.264824   data arrival time

                                 10.000000   10.000000   clock HCLK (rise edge)
                                  0.000000   10.000000   clock source latency
     1    0.059439    0.203180    0.147359   10.147359 ^ HCLK (in)
                                                         HCLK (net)
                      0.204534    0.000000   10.147359 ^ clkbuf_0_HCLK/A (sky130_fd_sc_hd__clkbuf_16)
     5    0.134022    0.114650    0.179325   10.326684 ^ clkbuf_0_HCLK/X (sky130_fd_sc_hd__clkbuf_16)
                                                         clknet_0_HCLK (net)
                      0.116381    0.011108   10.337791 ^ clkbuf_2_3_0_HCLK/A (sky130_fd_sc_hd__clkbuf_8)
     2    0.039123    0.060921    0.128564   10.466355 ^ clkbuf_2_3_0_HCLK/X (sky130_fd_sc_hd__clkbuf_8)
                                                         clknet_2_3_0_HCLK (net)
                      0.060961    0.001246   10.467602 ^ clkbuf_3_7__f_HCLK/A (sky130_fd_sc_hd__clkbuf_16)
     7    0.049920    0.051834    0.108724   10.576325 ^ clkbuf_3_7__f_HCLK/X (sky130_fd_sc_hd__clkbuf_16)
                                                         clknet_3_7__leaf_HCLK (net)
                      0.053627    0.007415   10.583740 ^ _217_/CLK (sky130_fd_sc_hd__dfrtp_2)
                                 -0.250000   10.333740   clock uncertainty
                                  0.000000   10.333740   clock reconvergence pessimism
                                 -0.072523   10.261217   library setup time
                                             10.261217   data required time
---------------------------------------------------------------------------------------------
                                             10.261217   data required time
                                             -2.264824   data arrival time
---------------------------------------------------------------------------------------------
                                              7.996393   slack (MET)


Startpoint: HRESETn (input port clocked by HCLK)
Endpoint: _169_ (recovery check against rising-edge clock HCLK)
Path Group: asynchronous
Path Type: max

Fanout         Cap        Slew       Delay        Time   Description
---------------------------------------------------------------------------------------------
                                  0.000000    0.000000   clock HCLK (rise edge)
                                  0.000000    0.000000   clock network delay (propagated)
                                  2.000000    2.000000 ^ input external delay
     1    0.003025    0.014720    0.007830    2.007830 ^ HRESETn (in)
                                                         HRESETn (net)
                      0.014725    0.000000    2.007830 ^ input34/A (sky130_fd_sc_hd__buf_1)
     1    0.011183    0.102625    0.096864    2.104694 ^ input34/X (sky130_fd_sc_hd__buf_1)
                                                         net34 (net)
                      0.102628    0.000503    2.105197 ^ fanout192/A (sky130_fd_sc_hd__buf_8)
     6    0.134527    0.162201    0.147786    2.252983 ^ fanout192/X (sky130_fd_sc_hd__buf_8)
                                                         net192 (net)
                      0.162452    0.005918    2.258901 ^ fanout189/A (sky130_fd_sc_hd__clkbuf_4)
     8    0.051928    0.123030    0.183155    2.442057 ^ fanout189/X (sky130_fd_sc_hd__clkbuf_4)
                                                         net189 (net)
                      0.123455    0.005850    2.447907 ^ _169_/RESET_B (sky130_fd_sc_hd__dfrtp_1)
                                              2.447907   data arrival time

                                 10.000000   10.000000   clock HCLK (rise edge)
                                  0.000000   10.000000   clock source latency
     1    0.059439    0.203180    0.147359   10.147359 ^ HCLK (in)
                                                         HCLK (net)
                      0.204534    0.000000   10.147359 ^ clkbuf_0_HCLK/A (sky130_fd_sc_hd__clkbuf_16)
     5    0.134022    0.114650    0.179325   10.326684 ^ clkbuf_0_HCLK/X (sky130_fd_sc_hd__clkbuf_16)
                                                         clknet_0_HCLK (net)
                      0.116431    0.011266   10.337950 ^ clkbuf_2_2_0_HCLK/A (sky130_fd_sc_hd__clkbuf_8)
     2    0.035419    0.056406    0.124539   10.462489 ^ clkbuf_2_2_0_HCLK/X (sky130_fd_sc_hd__clkbuf_8)
                                                         clknet_2_2_0_HCLK (net)
                      0.056832    0.003838   10.466327 ^ clkbuf_3_5__f_HCLK/A (sky130_fd_sc_hd__clkbuf_16)
    11    0.035096    0.041718    0.101215   10.567542 ^ clkbuf_3_5__f_HCLK/X (sky130_fd_sc_hd__clkbuf_16)
                                                         clknet_3_5__leaf_HCLK (net)
                      0.041911    0.002110   10.569653 ^ _169_/CLK (sky130_fd_sc_hd__dfrtp_1)
                                 -0.250000   10.319653   clock uncertainty
                                  0.000000   10.319653   clock reconvergence pessimism
                                  0.128042   10.447694   library recovery time
                                             10.447694   data required time
---------------------------------------------------------------------------------------------
                                             10.447694   data required time
                                             -2.447907   data arrival time
---------------------------------------------------------------------------------------------
                                              7.999787   slack (MET)


Startpoint: HRESETn (input port clocked by HCLK)
Endpoint: _186_ (recovery check against rising-edge clock HCLK)
Path Group: asynchronous
Path Type: max

Fanout         Cap        Slew       Delay        Time   Description
---------------------------------------------------------------------------------------------
                                  0.000000    0.000000   clock HCLK (rise edge)
                                  0.000000    0.000000   clock network delay (propagated)
                                  2.000000    2.000000 ^ input external delay
     1    0.003025    0.014720    0.007830    2.007830 ^ HRESETn (in)
                                                         HRESETn (net)
                      0.014725    0.000000    2.007830 ^ input34/A (sky130_fd_sc_hd__buf_1)
     1    0.011183    0.102625    0.096864    2.104694 ^ input34/X (sky130_fd_sc_hd__buf_1)
                                                         net34 (net)
                      0.102628    0.000503    2.105197 ^ fanout192/A (sky130_fd_sc_hd__buf_8)
     6    0.134527    0.162201    0.147786    2.252983 ^ fanout192/X (sky130_fd_sc_hd__buf_8)
                                                         net192 (net)
                      0.162452    0.005918    2.258901 ^ fanout189/A (sky130_fd_sc_hd__clkbuf_4)
     8    0.051928    0.123030    0.183155    2.442057 ^ fanout189/X (sky130_fd_sc_hd__clkbuf_4)
                                                         net189 (net)
                      0.123451    0.005818    2.447875 ^ _186_/RESET_B (sky130_fd_sc_hd__dfrtp_1)
                                              2.447875   data arrival time

                                 10.000000   10.000000   clock HCLK (rise edge)
                                  0.000000   10.000000   clock source latency
     1    0.059439    0.203180    0.147359   10.147359 ^ HCLK (in)
                                                         HCLK (net)
                      0.204534    0.000000   10.147359 ^ clkbuf_0_HCLK/A (sky130_fd_sc_hd__clkbuf_16)
     5    0.134022    0.114650    0.179325   10.326684 ^ clkbuf_0_HCLK/X (sky130_fd_sc_hd__clkbuf_16)
                                                         clknet_0_HCLK (net)
                      0.116431    0.011266   10.337950 ^ clkbuf_2_2_0_HCLK/A (sky130_fd_sc_hd__clkbuf_8)
     2    0.035419    0.056406    0.124539   10.462489 ^ clkbuf_2_2_0_HCLK/X (sky130_fd_sc_hd__clkbuf_8)
                                                         clknet_2_2_0_HCLK (net)
                      0.056832    0.003838   10.466327 ^ clkbuf_3_5__f_HCLK/A (sky130_fd_sc_hd__clkbuf_16)
    11    0.035096    0.041718    0.101215   10.567542 ^ clkbuf_3_5__f_HCLK/X (sky130_fd_sc_hd__clkbuf_16)
                                                         clknet_3_5__leaf_HCLK (net)
                      0.041908    0.002081   10.569623 ^ _186_/CLK (sky130_fd_sc_hd__dfrtp_1)
                                 -0.250000   10.319623   clock uncertainty
                                  0.000000   10.319623   clock reconvergence pessimism
                                  0.128042   10.447665   library recovery time
                                             10.447665   data required time
---------------------------------------------------------------------------------------------
                                             10.447665   data required time
                                             -2.447875   data arrival time
---------------------------------------------------------------------------------------------
                                              7.999790   slack (MET)


Startpoint: HRESETn (input port clocked by HCLK)
Endpoint: _152_ (recovery check against rising-edge clock HCLK)
Path Group: asynchronous
Path Type: max

Fanout         Cap        Slew       Delay        Time   Description
---------------------------------------------------------------------------------------------
                                  0.000000    0.000000   clock HCLK (rise edge)
                                  0.000000    0.000000   clock network delay (propagated)
                                  2.000000    2.000000 ^ input external delay
     1    0.003025    0.014720    0.007830    2.007830 ^ HRESETn (in)
                                                         HRESETn (net)
                      0.014725    0.000000    2.007830 ^ input34/A (sky130_fd_sc_hd__buf_1)
     1    0.011183    0.102625    0.096864    2.104694 ^ input34/X (sky130_fd_sc_hd__buf_1)
                                                         net34 (net)
                      0.102628    0.000503    2.105197 ^ fanout192/A (sky130_fd_sc_hd__buf_8)
     6    0.134527    0.162201    0.147786    2.252983 ^ fanout192/X (sky130_fd_sc_hd__buf_8)
                                                         net192 (net)
                      0.162452    0.005918    2.258901 ^ fanout189/A (sky130_fd_sc_hd__clkbuf_4)
     8    0.051928    0.123030    0.183155    2.442057 ^ fanout189/X (sky130_fd_sc_hd__clkbuf_4)
                                                         net189 (net)
                      0.123438    0.005732    2.447788 ^ _152_/RESET_B (sky130_fd_sc_hd__dfrtp_1)
                                              2.447788   data arrival time

                                 10.000000   10.000000   clock HCLK (rise edge)
                                  0.000000   10.000000   clock source latency
     1    0.059439    0.203180    0.147359   10.147359 ^ HCLK (in)
                                                         HCLK (net)
                      0.204534    0.000000   10.147359 ^ clkbuf_0_HCLK/A (sky130_fd_sc_hd__clkbuf_16)
     5    0.134022    0.114650    0.179325   10.326684 ^ clkbuf_0_HCLK/X (sky130_fd_sc_hd__clkbuf_16)
                                                         clknet_0_HCLK (net)
                      0.116431    0.011266   10.337950 ^ clkbuf_2_2_0_HCLK/A (sky130_fd_sc_hd__clkbuf_8)
     2    0.035419    0.056406    0.124539   10.462489 ^ clkbuf_2_2_0_HCLK/X (sky130_fd_sc_hd__clkbuf_8)
                                                         clknet_2_2_0_HCLK (net)
                      0.056832    0.003838   10.466327 ^ clkbuf_3_5__f_HCLK/A (sky130_fd_sc_hd__clkbuf_16)
    11    0.035096    0.041718    0.101215   10.567542 ^ clkbuf_3_5__f_HCLK/X (sky130_fd_sc_hd__clkbuf_16)
                                                         clknet_3_5__leaf_HCLK (net)
                      0.041901    0.002027   10.569569 ^ _152_/CLK (sky130_fd_sc_hd__dfrtp_1)
                                 -0.250000   10.319569   clock uncertainty
                                  0.000000   10.319569   clock reconvergence pessimism
                                  0.128044   10.447612   library recovery time
                                             10.447612   data required time
---------------------------------------------------------------------------------------------
                                             10.447612   data required time
                                             -2.447788   data arrival time
---------------------------------------------------------------------------------------------
                                              7.999823   slack (MET)


Startpoint: HRESETn (input port clocked by HCLK)
Endpoint: _196_ (recovery check against rising-edge clock HCLK)
Path Group: asynchronous
Path Type: max

Fanout         Cap        Slew       Delay        Time   Description
---------------------------------------------------------------------------------------------
                                  0.000000    0.000000   clock HCLK (rise edge)
                                  0.000000    0.000000   clock network delay (propagated)
                                  2.000000    2.000000 ^ input external delay
     1    0.003025    0.014720    0.007830    2.007830 ^ HRESETn (in)
                                                         HRESETn (net)
                      0.014725    0.000000    2.007830 ^ input34/A (sky130_fd_sc_hd__buf_1)
     1    0.011183    0.102625    0.096864    2.104694 ^ input34/X (sky130_fd_sc_hd__buf_1)
                                                         net34 (net)
                      0.102628    0.000503    2.105197 ^ fanout192/A (sky130_fd_sc_hd__buf_8)
     6    0.134527    0.162201    0.147786    2.252983 ^ fanout192/X (sky130_fd_sc_hd__buf_8)
                                                         net192 (net)
                      0.162452    0.005918    2.258901 ^ fanout189/A (sky130_fd_sc_hd__clkbuf_4)
     8    0.051928    0.123030    0.183155    2.442057 ^ fanout189/X (sky130_fd_sc_hd__clkbuf_4)
                                                         net189 (net)
                      0.123392    0.005408    2.447465 ^ _196_/RESET_B (sky130_fd_sc_hd__dfrtp_1)
                                              2.447465   data arrival time

                                 10.000000   10.000000   clock HCLK (rise edge)
                                  0.000000   10.000000   clock source latency
     1    0.059439    0.203180    0.147359   10.147359 ^ HCLK (in)
                                                         HCLK (net)
                      0.204534    0.000000   10.147359 ^ clkbuf_0_HCLK/A (sky130_fd_sc_hd__clkbuf_16)
     5    0.134022    0.114650    0.179325   10.326684 ^ clkbuf_0_HCLK/X (sky130_fd_sc_hd__clkbuf_16)
                                                         clknet_0_HCLK (net)
                      0.116431    0.011266   10.337950 ^ clkbuf_2_2_0_HCLK/A (sky130_fd_sc_hd__clkbuf_8)
     2    0.035419    0.056406    0.124539   10.462489 ^ clkbuf_2_2_0_HCLK/X (sky130_fd_sc_hd__clkbuf_8)
                                                         clknet_2_2_0_HCLK (net)
                      0.056832    0.003838   10.466327 ^ clkbuf_3_5__f_HCLK/A (sky130_fd_sc_hd__clkbuf_16)
    11    0.035096    0.041718    0.101215   10.567542 ^ clkbuf_3_5__f_HCLK/X (sky130_fd_sc_hd__clkbuf_16)
                                                         clknet_3_5__leaf_HCLK (net)
                      0.041886    0.001899   10.569441 ^ _196_/CLK (sky130_fd_sc_hd__dfrtp_1)
                                 -0.250000   10.319441   clock uncertainty
                                  0.000000   10.319441   clock reconvergence pessimism
                                  0.128050   10.447491   library recovery time
                                             10.447491   data required time
---------------------------------------------------------------------------------------------
                                             10.447491   data required time
                                             -2.447465   data arrival time
---------------------------------------------------------------------------------------------
                                              8.000026   slack (MET)


Startpoint: HRESETn (input port clocked by HCLK)
Endpoint: _183_ (recovery check against rising-edge clock HCLK)
Path Group: asynchronous
Path Type: max

Fanout         Cap        Slew       Delay        Time   Description
---------------------------------------------------------------------------------------------
                                  0.000000    0.000000   clock HCLK (rise edge)
                                  0.000000    0.000000   clock network delay (propagated)
                                  2.000000    2.000000 ^ input external delay
     1    0.003025    0.014720    0.007830    2.007830 ^ HRESETn (in)
                                                         HRESETn (net)
                      0.014725    0.000000    2.007830 ^ input34/A (sky130_fd_sc_hd__buf_1)
     1    0.011183    0.102625    0.096864    2.104694 ^ input34/X (sky130_fd_sc_hd__buf_1)
                                                         net34 (net)
                      0.102628    0.000503    2.105197 ^ fanout192/A (sky130_fd_sc_hd__buf_8)
     6    0.134527    0.162201    0.147786    2.252983 ^ fanout192/X (sky130_fd_sc_hd__buf_8)
                                                         net192 (net)
                      0.162452    0.005918    2.258901 ^ fanout189/A (sky130_fd_sc_hd__clkbuf_4)
     8    0.051928    0.123030    0.183155    2.442057 ^ fanout189/X (sky130_fd_sc_hd__clkbuf_4)
                                                         net189 (net)
                      0.123176    0.003477    2.445534 ^ _183_/RESET_B (sky130_fd_sc_hd__dfrtp_1)
                                              2.445534   data arrival time

                                 10.000000   10.000000   clock HCLK (rise edge)
                                  0.000000   10.000000   clock source latency
     1    0.059439    0.203180    0.147359   10.147359 ^ HCLK (in)
                                                         HCLK (net)
                      0.204534    0.000000   10.147359 ^ clkbuf_0_HCLK/A (sky130_fd_sc_hd__clkbuf_16)
     5    0.134022    0.114650    0.179325   10.326684 ^ clkbuf_0_HCLK/X (sky130_fd_sc_hd__clkbuf_16)
                                                         clknet_0_HCLK (net)
                      0.116431    0.011266   10.337950 ^ clkbuf_2_2_0_HCLK/A (sky130_fd_sc_hd__clkbuf_8)
     2    0.035419    0.056406    0.124539   10.462489 ^ clkbuf_2_2_0_HCLK/X (sky130_fd_sc_hd__clkbuf_8)
                                                         clknet_2_2_0_HCLK (net)
                      0.056832    0.003838   10.466327 ^ clkbuf_3_5__f_HCLK/A (sky130_fd_sc_hd__clkbuf_16)
    11    0.035096    0.041718    0.101215   10.567542 ^ clkbuf_3_5__f_HCLK/X (sky130_fd_sc_hd__clkbuf_16)
                                                         clknet_3_5__leaf_HCLK (net)
                      0.041749    0.001185   10.568727 ^ _183_/CLK (sky130_fd_sc_hd__dfrtp_1)
                                 -0.250000   10.318727   clock uncertainty
                                  0.000000   10.318727   clock reconvergence pessimism
                                  0.128069   10.446795   library recovery time
                                             10.446795   data required time
---------------------------------------------------------------------------------------------
                                             10.446795   data required time
                                             -2.445534   data arrival time
---------------------------------------------------------------------------------------------
                                              8.001262   slack (MET)


Startpoint: HRESETn (input port clocked by HCLK)
Endpoint: _164_ (recovery check against rising-edge clock HCLK)
Path Group: asynchronous
Path Type: max

Fanout         Cap        Slew       Delay        Time   Description
---------------------------------------------------------------------------------------------
                                  0.000000    0.000000   clock HCLK (rise edge)
                                  0.000000    0.000000   clock network delay (propagated)
                                  2.000000    2.000000 ^ input external delay
     1    0.003025    0.014720    0.007830    2.007830 ^ HRESETn (in)
                                                         HRESETn (net)
                      0.014725    0.000000    2.007830 ^ input34/A (sky130_fd_sc_hd__buf_1)
     1    0.011183    0.102625    0.096864    2.104694 ^ input34/X (sky130_fd_sc_hd__buf_1)
                                                         net34 (net)
                      0.102628    0.000503    2.105197 ^ fanout192/A (sky130_fd_sc_hd__buf_8)
     6    0.134527    0.162201    0.147786    2.252983 ^ fanout192/X (sky130_fd_sc_hd__buf_8)
                                                         net192 (net)
                      0.162362    0.004793    2.257777 ^ fanout191/A (sky130_fd_sc_hd__clkbuf_4)
     7    0.048290    0.114730    0.179314    2.437090 ^ fanout191/X (sky130_fd_sc_hd__clkbuf_4)
                                                         net191 (net)
                      0.114745    0.001368    2.438459 ^ _164_/RESET_B (sky130_fd_sc_hd__dfrtp_4)
                                              2.438459   data arrival time

                                 10.000000   10.000000   clock HCLK (rise edge)
                                  0.000000   10.000000   clock source latency
     1    0.059439    0.203180    0.147359   10.147359 ^ HCLK (in)
                                                         HCLK (net)
                      0.204534    0.000000   10.147359 ^ clkbuf_0_HCLK/A (sky130_fd_sc_hd__clkbuf_16)
     5    0.134022    0.114650    0.179325   10.326684 ^ clkbuf_0_HCLK/X (sky130_fd_sc_hd__clkbuf_16)
                                                         clknet_0_HCLK (net)
                      0.116381    0.011108   10.337791 ^ clkbuf_2_3_0_HCLK/A (sky130_fd_sc_hd__clkbuf_8)
     2    0.039123    0.060921    0.128564   10.466355 ^ clkbuf_2_3_0_HCLK/X (sky130_fd_sc_hd__clkbuf_8)
                                                         clknet_2_3_0_HCLK (net)
                      0.060961    0.001246   10.467602 ^ clkbuf_3_7__f_HCLK/A (sky130_fd_sc_hd__clkbuf_16)
     7    0.049920    0.051834    0.108724   10.576325 ^ clkbuf_3_7__f_HCLK/X (sky130_fd_sc_hd__clkbuf_16)
                                                         clknet_3_7__leaf_HCLK (net)
                      0.052841    0.005323   10.581648 ^ _164_/CLK (sky130_fd_sc_hd__dfrtp_4)
                                 -0.250000   10.331648   clock uncertainty
                                  0.000000   10.331648   clock reconvergence pessimism
                                  0.108157   10.439805   library recovery time
                                             10.439805   data required time
---------------------------------------------------------------------------------------------
                                             10.439805   data required time
                                             -2.438459   data arrival time
---------------------------------------------------------------------------------------------
                                              8.001346   slack (MET)


Startpoint: HRESETn (input port clocked by HCLK)
Endpoint: _191_ (recovery check against rising-edge clock HCLK)
Path Group: asynchronous
Path Type: max

Fanout         Cap        Slew       Delay        Time   Description
---------------------------------------------------------------------------------------------
                                  0.000000    0.000000   clock HCLK (rise edge)
                                  0.000000    0.000000   clock network delay (propagated)
                                  2.000000    2.000000 ^ input external delay
     1    0.003025    0.014720    0.007830    2.007830 ^ HRESETn (in)
                                                         HRESETn (net)
                      0.014725    0.000000    2.007830 ^ input34/A (sky130_fd_sc_hd__buf_1)
     1    0.011183    0.102625    0.096864    2.104694 ^ input34/X (sky130_fd_sc_hd__buf_1)
                                                         net34 (net)
                      0.102628    0.000503    2.105197 ^ fanout192/A (sky130_fd_sc_hd__buf_8)
     6    0.134527    0.162201    0.147786    2.252983 ^ fanout192/X (sky130_fd_sc_hd__buf_8)
                                                         net192 (net)
                      0.162452    0.005918    2.258901 ^ fanout189/A (sky130_fd_sc_hd__clkbuf_4)
     8    0.051928    0.123030    0.183155    2.442057 ^ fanout189/X (sky130_fd_sc_hd__clkbuf_4)
                                                         net189 (net)
                      0.123109    0.002575    2.444631 ^ _191_/RESET_B (sky130_fd_sc_hd__dfrtp_1)
                                              2.444631   data arrival time

                                 10.000000   10.000000   clock HCLK (rise edge)
                                  0.000000   10.000000   clock source latency
     1    0.059439    0.203180    0.147359   10.147359 ^ HCLK (in)
                                                         HCLK (net)
                      0.204534    0.000000   10.147359 ^ clkbuf_0_HCLK/A (sky130_fd_sc_hd__clkbuf_16)
     5    0.134022    0.114650    0.179325   10.326684 ^ clkbuf_0_HCLK/X (sky130_fd_sc_hd__clkbuf_16)
                                                         clknet_0_HCLK (net)
                      0.116431    0.011266   10.337950 ^ clkbuf_2_2_0_HCLK/A (sky130_fd_sc_hd__clkbuf_8)
     2    0.035419    0.056406    0.124539   10.462489 ^ clkbuf_2_2_0_HCLK/X (sky130_fd_sc_hd__clkbuf_8)
                                                         clknet_2_2_0_HCLK (net)
                      0.056729    0.003332   10.465821 ^ clkbuf_3_4__f_HCLK/A (sky130_fd_sc_hd__clkbuf_16)
    11    0.039914    0.045093    0.104074   10.569896 ^ clkbuf_3_4__f_HCLK/X (sky130_fd_sc_hd__clkbuf_16)
                                                         clknet_3_4__leaf_HCLK (net)
                      0.045132    0.001124   10.571020 ^ _191_/CLK (sky130_fd_sc_hd__dfrtp_1)
                                 -0.250000   10.321020   clock uncertainty
                                  0.000000   10.321020   clock reconvergence pessimism
                                  0.128601   10.449620   library recovery time
                                             10.449620   data required time
---------------------------------------------------------------------------------------------
                                             10.449620   data required time
                                             -2.444631   data arrival time
---------------------------------------------------------------------------------------------
                                              8.004989   slack (MET)


Startpoint: HRESETn (input port clocked by HCLK)
Endpoint: _194_ (recovery check against rising-edge clock HCLK)
Path Group: asynchronous
Path Type: max

Fanout         Cap        Slew       Delay        Time   Description
---------------------------------------------------------------------------------------------
                                  0.000000    0.000000   clock HCLK (rise edge)
                                  0.000000    0.000000   clock network delay (propagated)
                                  2.000000    2.000000 ^ input external delay
     1    0.003025    0.014720    0.007830    2.007830 ^ HRESETn (in)
                                                         HRESETn (net)
                      0.014725    0.000000    2.007830 ^ input34/A (sky130_fd_sc_hd__buf_1)
     1    0.011183    0.102625    0.096864    2.104694 ^ input34/X (sky130_fd_sc_hd__buf_1)
                                                         net34 (net)
                      0.102628    0.000503    2.105197 ^ fanout192/A (sky130_fd_sc_hd__buf_8)
     6    0.134527    0.162201    0.147786    2.252983 ^ fanout192/X (sky130_fd_sc_hd__buf_8)
                                                         net192 (net)
                      0.162452    0.005918    2.258901 ^ fanout189/A (sky130_fd_sc_hd__clkbuf_4)
     8    0.051928    0.123030    0.183155    2.442057 ^ fanout189/X (sky130_fd_sc_hd__clkbuf_4)
                                                         net189 (net)
                      0.123046    0.001161    2.443218 ^ _194_/RESET_B (sky130_fd_sc_hd__dfrtp_1)
                                              2.443218   data arrival time

                                 10.000000   10.000000   clock HCLK (rise edge)
                                  0.000000   10.000000   clock source latency
     1    0.059439    0.203180    0.147359   10.147359 ^ HCLK (in)
                                                         HCLK (net)
                      0.204534    0.000000   10.147359 ^ clkbuf_0_HCLK/A (sky130_fd_sc_hd__clkbuf_16)
     5    0.134022    0.114650    0.179325   10.326684 ^ clkbuf_0_HCLK/X (sky130_fd_sc_hd__clkbuf_16)
                                                         clknet_0_HCLK (net)
                      0.116431    0.011266   10.337950 ^ clkbuf_2_2_0_HCLK/A (sky130_fd_sc_hd__clkbuf_8)
     2    0.035419    0.056406    0.124539   10.462489 ^ clkbuf_2_2_0_HCLK/X (sky130_fd_sc_hd__clkbuf_8)
                                                         clknet_2_2_0_HCLK (net)
                      0.056729    0.003332   10.465821 ^ clkbuf_3_4__f_HCLK/A (sky130_fd_sc_hd__clkbuf_16)
    11    0.039914    0.045093    0.104074   10.569896 ^ clkbuf_3_4__f_HCLK/X (sky130_fd_sc_hd__clkbuf_16)
                                                         clknet_3_4__leaf_HCLK (net)
                      0.045106    0.000724   10.570620 ^ _194_/CLK (sky130_fd_sc_hd__dfrtp_1)
                                 -0.250000   10.320620   clock uncertainty
                                  0.000000   10.320620   clock reconvergence pessimism
                                  0.128608   10.449227   library recovery time
                                             10.449227   data required time
---------------------------------------------------------------------------------------------
                                             10.449227   data required time
                                             -2.443218   data arrival time
---------------------------------------------------------------------------------------------
                                              8.006009   slack (MET)


Startpoint: HRESETn (input port clocked by HCLK)
Endpoint: _198_ (recovery check against rising-edge clock HCLK)
Path Group: asynchronous
Path Type: max

Fanout         Cap        Slew       Delay        Time   Description
---------------------------------------------------------------------------------------------
                                  0.000000    0.000000   clock HCLK (rise edge)
                                  0.000000    0.000000   clock network delay (propagated)
                                  2.000000    2.000000 ^ input external delay
     1    0.003025    0.014720    0.007830    2.007830 ^ HRESETn (in)
                                                         HRESETn (net)
                      0.014725    0.000000    2.007830 ^ input34/A (sky130_fd_sc_hd__buf_1)
     1    0.011183    0.102625    0.096864    2.104694 ^ input34/X (sky130_fd_sc_hd__buf_1)
                                                         net34 (net)
                      0.102628    0.000503    2.105197 ^ fanout192/A (sky130_fd_sc_hd__buf_8)
     6    0.134527    0.162201    0.147786    2.252983 ^ fanout192/X (sky130_fd_sc_hd__buf_8)
                                                         net192 (net)
                      0.162362    0.004793    2.257777 ^ fanout191/A (sky130_fd_sc_hd__clkbuf_4)
     7    0.048290    0.114730    0.179314    2.437090 ^ fanout191/X (sky130_fd_sc_hd__clkbuf_4)
                                                         net191 (net)
                      0.114850    0.002396    2.439486 ^ _198_/RESET_B (sky130_fd_sc_hd__dfrtp_1)
                                              2.439486   data arrival time

                                 10.000000   10.000000   clock HCLK (rise edge)
                                  0.000000   10.000000   clock source latency
     1    0.059439    0.203180    0.147359   10.147359 ^ HCLK (in)
                                                         HCLK (net)
                      0.204534    0.000000   10.147359 ^ clkbuf_0_HCLK/A (sky130_fd_sc_hd__clkbuf_16)
     5    0.134022    0.114650    0.179325   10.326684 ^ clkbuf_0_HCLK/X (sky130_fd_sc_hd__clkbuf_16)
                                                         clknet_0_HCLK (net)
                      0.116431    0.011266   10.337950 ^ clkbuf_2_2_0_HCLK/A (sky130_fd_sc_hd__clkbuf_8)
     2    0.035419    0.056406    0.124539   10.462489 ^ clkbuf_2_2_0_HCLK/X (sky130_fd_sc_hd__clkbuf_8)
                                                         clknet_2_2_0_HCLK (net)
                      0.056729    0.003332   10.465821 ^ clkbuf_3_4__f_HCLK/A (sky130_fd_sc_hd__clkbuf_16)
    11    0.039914    0.045093    0.104074   10.569896 ^ clkbuf_3_4__f_HCLK/X (sky130_fd_sc_hd__clkbuf_16)
                                                         clknet_3_4__leaf_HCLK (net)
                      0.045104    0.000683   10.570579 ^ _198_/CLK (sky130_fd_sc_hd__dfrtp_1)
                                 -0.250000   10.320579   clock uncertainty
                                  0.000000   10.320579   clock reconvergence pessimism
                                  0.130136   10.450714   library recovery time
                                             10.450714   data required time
---------------------------------------------------------------------------------------------
                                             10.450714   data required time
                                             -2.439486   data arrival time
---------------------------------------------------------------------------------------------
                                              8.011229   slack (MET)


Startpoint: HRESETn (input port clocked by HCLK)
Endpoint: _216_ (recovery check against rising-edge clock HCLK)
Path Group: asynchronous
Path Type: max

Fanout         Cap        Slew       Delay        Time   Description
---------------------------------------------------------------------------------------------
                                  0.000000    0.000000   clock HCLK (rise edge)
                                  0.000000    0.000000   clock network delay (propagated)
                                  2.000000    2.000000 ^ input external delay
     1    0.003025    0.014720    0.007830    2.007830 ^ HRESETn (in)
                                                         HRESETn (net)
                      0.014725    0.000000    2.007830 ^ input34/A (sky130_fd_sc_hd__buf_1)
     1    0.011183    0.102625    0.096864    2.104694 ^ input34/X (sky130_fd_sc_hd__buf_1)
                                                         net34 (net)
                      0.102628    0.000503    2.105197 ^ fanout192/A (sky130_fd_sc_hd__buf_8)
     6    0.134527    0.162201    0.147786    2.252983 ^ fanout192/X (sky130_fd_sc_hd__buf_8)
                                                         net192 (net)
                      0.162362    0.004793    2.257777 ^ fanout191/A (sky130_fd_sc_hd__clkbuf_4)
     7    0.048290    0.114730    0.179314    2.437090 ^ fanout191/X (sky130_fd_sc_hd__clkbuf_4)
                                                         net191 (net)
                      0.114739    0.001117    2.438207 ^ _216_/RESET_B (sky130_fd_sc_hd__dfrtp_2)
                                              2.438207   data arrival time

                                 10.000000   10.000000   clock HCLK (rise edge)
                                  0.000000   10.000000   clock source latency
     1    0.059439    0.203180    0.147359   10.147359 ^ HCLK (in)
                                                         HCLK (net)
                      0.204534    0.000000   10.147359 ^ clkbuf_0_HCLK/A (sky130_fd_sc_hd__clkbuf_16)
     5    0.134022    0.114650    0.179325   10.326684 ^ clkbuf_0_HCLK/X (sky130_fd_sc_hd__clkbuf_16)
                                                         clknet_0_HCLK (net)
                      0.116381    0.011108   10.337791 ^ clkbuf_2_3_0_HCLK/A (sky130_fd_sc_hd__clkbuf_8)
     2    0.039123    0.060921    0.128564   10.466355 ^ clkbuf_2_3_0_HCLK/X (sky130_fd_sc_hd__clkbuf_8)
                                                         clknet_2_3_0_HCLK (net)
                      0.060961    0.001246   10.467602 ^ clkbuf_3_7__f_HCLK/A (sky130_fd_sc_hd__clkbuf_16)
     7    0.049920    0.051834    0.108724   10.576325 ^ clkbuf_3_7__f_HCLK/X (sky130_fd_sc_hd__clkbuf_16)
                                                         clknet_3_7__leaf_HCLK (net)
                      0.053636    0.007437   10.583762 ^ _216_/CLK (sky130_fd_sc_hd__dfrtp_2)
                                 -0.250000   10.333762   clock uncertainty
                                  0.000000   10.333762   clock reconvergence pessimism
                                  0.115744   10.449506   library recovery time
                                             10.449506   data required time
---------------------------------------------------------------------------------------------
                                             10.449506   data required time
                                             -2.438207   data arrival time
---------------------------------------------------------------------------------------------
                                              8.011298   slack (MET)


Startpoint: HRESETn (input port clocked by HCLK)
Endpoint: _217_ (recovery check against rising-edge clock HCLK)
Path Group: asynchronous
Path Type: max

Fanout         Cap        Slew       Delay        Time   Description
---------------------------------------------------------------------------------------------
                                  0.000000    0.000000   clock HCLK (rise edge)
                                  0.000000    0.000000   clock network delay (propagated)
                                  2.000000    2.000000 ^ input external delay
     1    0.003025    0.014720    0.007830    2.007830 ^ HRESETn (in)
                                                         HRESETn (net)
                      0.014725    0.000000    2.007830 ^ input34/A (sky130_fd_sc_hd__buf_1)
     1    0.011183    0.102625    0.096864    2.104694 ^ input34/X (sky130_fd_sc_hd__buf_1)
                                                         net34 (net)
                      0.102628    0.000503    2.105197 ^ fanout192/A (sky130_fd_sc_hd__buf_8)
     6    0.134527    0.162201    0.147786    2.252983 ^ fanout192/X (sky130_fd_sc_hd__buf_8)
                                                         net192 (net)
                      0.162362    0.004793    2.257777 ^ fanout191/A (sky130_fd_sc_hd__clkbuf_4)
     7    0.048290    0.114730    0.179314    2.437090 ^ fanout191/X (sky130_fd_sc_hd__clkbuf_4)
                                                         net191 (net)
                      0.114734    0.000841    2.437932 ^ _217_/RESET_B (sky130_fd_sc_hd__dfrtp_2)
                                              2.437932   data arrival time

                                 10.000000   10.000000   clock HCLK (rise edge)
                                  0.000000   10.000000   clock source latency
     1    0.059439    0.203180    0.147359   10.147359 ^ HCLK (in)
                                                         HCLK (net)
                      0.204534    0.000000   10.147359 ^ clkbuf_0_HCLK/A (sky130_fd_sc_hd__clkbuf_16)
     5    0.134022    0.114650    0.179325   10.326684 ^ clkbuf_0_HCLK/X (sky130_fd_sc_hd__clkbuf_16)
                                                         clknet_0_HCLK (net)
                      0.116381    0.011108   10.337791 ^ clkbuf_2_3_0_HCLK/A (sky130_fd_sc_hd__clkbuf_8)
     2    0.039123    0.060921    0.128564   10.466355 ^ clkbuf_2_3_0_HCLK/X (sky130_fd_sc_hd__clkbuf_8)
                                                         clknet_2_3_0_HCLK (net)
                      0.060961    0.001246   10.467602 ^ clkbuf_3_7__f_HCLK/A (sky130_fd_sc_hd__clkbuf_16)
     7    0.049920    0.051834    0.108724   10.576325 ^ clkbuf_3_7__f_HCLK/X (sky130_fd_sc_hd__clkbuf_16)
                                                         clknet_3_7__leaf_HCLK (net)
                      0.053627    0.007415   10.583740 ^ _217_/CLK (sky130_fd_sc_hd__dfrtp_2)
                                 -0.250000   10.333740   clock uncertainty
                                  0.000000   10.333740   clock reconvergence pessimism
                                  0.115743   10.449484   library recovery time
                                             10.449484   data required time
---------------------------------------------------------------------------------------------
                                             10.449484   data required time
                                             -2.437932   data arrival time
---------------------------------------------------------------------------------------------
                                              8.011553   slack (MET)


Startpoint: HRESETn (input port clocked by HCLK)
Endpoint: _193_ (recovery check against rising-edge clock HCLK)
Path Group: asynchronous
Path Type: max

Fanout         Cap        Slew       Delay        Time   Description
---------------------------------------------------------------------------------------------
                                  0.000000    0.000000   clock HCLK (rise edge)
                                  0.000000    0.000000   clock network delay (propagated)
                                  2.000000    2.000000 ^ input external delay
     1    0.003025    0.014720    0.007830    2.007830 ^ HRESETn (in)
                                                         HRESETn (net)
                      0.014725    0.000000    2.007830 ^ input34/A (sky130_fd_sc_hd__buf_1)
     1    0.011183    0.102625    0.096864    2.104694 ^ input34/X (sky130_fd_sc_hd__buf_1)
                                                         net34 (net)
                      0.102628    0.000503    2.105197 ^ fanout192/A (sky130_fd_sc_hd__buf_8)
     6    0.134527    0.162201    0.147786    2.252983 ^ fanout192/X (sky130_fd_sc_hd__buf_8)
                                                         net192 (net)
                      0.162362    0.004793    2.257777 ^ fanout191/A (sky130_fd_sc_hd__clkbuf_4)
     7    0.048290    0.114730    0.179314    2.437090 ^ fanout191/X (sky130_fd_sc_hd__clkbuf_4)
                                                         net191 (net)
                      0.114837    0.002177    2.439268 ^ _193_/RESET_B (sky130_fd_sc_hd__dfrtp_1)
                                              2.439268   data arrival time

                                 10.000000   10.000000   clock HCLK (rise edge)
                                  0.000000   10.000000   clock source latency
     1    0.059439    0.203180    0.147359   10.147359 ^ HCLK (in)
                                                         HCLK (net)
                      0.204534    0.000000   10.147359 ^ clkbuf_0_HCLK/A (sky130_fd_sc_hd__clkbuf_16)
     5    0.134022    0.114650    0.179325   10.326684 ^ clkbuf_0_HCLK/X (sky130_fd_sc_hd__clkbuf_16)
                                                         clknet_0_HCLK (net)
                      0.116431    0.011266   10.337950 ^ clkbuf_2_2_0_HCLK/A (sky130_fd_sc_hd__clkbuf_8)
     2    0.035419    0.056406    0.124539   10.462489 ^ clkbuf_2_2_0_HCLK/X (sky130_fd_sc_hd__clkbuf_8)
                                                         clknet_2_2_0_HCLK (net)
                      0.056729    0.003332   10.465821 ^ clkbuf_3_4__f_HCLK/A (sky130_fd_sc_hd__clkbuf_16)
    11    0.039914    0.045093    0.104074   10.569896 ^ clkbuf_3_4__f_HCLK/X (sky130_fd_sc_hd__clkbuf_16)
                                                         clknet_3_4__leaf_HCLK (net)
                      0.045122    0.000980   10.570875 ^ _193_/CLK (sky130_fd_sc_hd__dfrtp_1)
                                 -0.250000   10.320875   clock uncertainty
                                  0.000000   10.320875   clock reconvergence pessimism
                                  0.130141   10.451016   library recovery time
                                             10.451016   data required time
---------------------------------------------------------------------------------------------
                                             10.451016   data required time
                                             -2.439268   data arrival time
---------------------------------------------------------------------------------------------
                                              8.011749   slack (MET)


Startpoint: HRESETn (input port clocked by HCLK)
Endpoint: _167_ (recovery check against rising-edge clock HCLK)
Path Group: asynchronous
Path Type: max

Fanout         Cap        Slew       Delay        Time   Description
---------------------------------------------------------------------------------------------
                                  0.000000    0.000000   clock HCLK (rise edge)
                                  0.000000    0.000000   clock network delay (propagated)
                                  2.000000    2.000000 ^ input external delay
     1    0.003025    0.014720    0.007830    2.007830 ^ HRESETn (in)
                                                         HRESETn (net)
                      0.014725    0.000000    2.007830 ^ input34/A (sky130_fd_sc_hd__buf_1)
     1    0.011183    0.102625    0.096864    2.104694 ^ input34/X (sky130_fd_sc_hd__buf_1)
                                                         net34 (net)
                      0.102628    0.000503    2.105197 ^ fanout192/A (sky130_fd_sc_hd__buf_8)
     6    0.134527    0.162201    0.147786    2.252983 ^ fanout192/X (sky130_fd_sc_hd__buf_8)
                                                         net192 (net)
                      0.162362    0.004793    2.257777 ^ fanout191/A (sky130_fd_sc_hd__clkbuf_4)
     7    0.048290    0.114730    0.179314    2.437090 ^ fanout191/X (sky130_fd_sc_hd__clkbuf_4)
                                                         net191 (net)
                      0.114826    0.001982    2.439072 ^ _167_/RESET_B (sky130_fd_sc_hd__dfrtp_1)
                                              2.439072   data arrival time

                                 10.000000   10.000000   clock HCLK (rise edge)
                                  0.000000   10.000000   clock source latency
     1    0.059439    0.203180    0.147359   10.147359 ^ HCLK (in)
                                                         HCLK (net)
                      0.204534    0.000000   10.147359 ^ clkbuf_0_HCLK/A (sky130_fd_sc_hd__clkbuf_16)
     5    0.134022    0.114650    0.179325   10.326684 ^ clkbuf_0_HCLK/X (sky130_fd_sc_hd__clkbuf_16)
                                                         clknet_0_HCLK (net)
                      0.116431    0.011266   10.337950 ^ clkbuf_2_2_0_HCLK/A (sky130_fd_sc_hd__clkbuf_8)
     2    0.035419    0.056406    0.124539   10.462489 ^ clkbuf_2_2_0_HCLK/X (sky130_fd_sc_hd__clkbuf_8)
                                                         clknet_2_2_0_HCLK (net)
                      0.056729    0.003332   10.465821 ^ clkbuf_3_4__f_HCLK/A (sky130_fd_sc_hd__clkbuf_16)
    11    0.039914    0.045093    0.104074   10.569896 ^ clkbuf_3_4__f_HCLK/X (sky130_fd_sc_hd__clkbuf_16)
                                                         clknet_3_4__leaf_HCLK (net)
                      0.045131    0.001108   10.571004 ^ _167_/CLK (sky130_fd_sc_hd__dfrtp_1)
                                 -0.250000   10.321004   clock uncertainty
                                  0.000000   10.321004   clock reconvergence pessimism
                                  0.130145   10.451149   library recovery time
                                             10.451149   data required time
---------------------------------------------------------------------------------------------
                                             10.451149   data required time
                                             -2.439072   data arrival time
---------------------------------------------------------------------------------------------
                                              8.012076   slack (MET)


Startpoint: HRESETn (input port clocked by HCLK)
Endpoint: _200_ (recovery check against rising-edge clock HCLK)
Path Group: asynchronous
Path Type: max

Fanout         Cap        Slew       Delay        Time   Description
---------------------------------------------------------------------------------------------
                                  0.000000    0.000000   clock HCLK (rise edge)
                                  0.000000    0.000000   clock network delay (propagated)
                                  2.000000    2.000000 ^ input external delay
     1    0.003025    0.014720    0.007830    2.007830 ^ HRESETn (in)
                                                         HRESETn (net)
                      0.014725    0.000000    2.007830 ^ input34/A (sky130_fd_sc_hd__buf_1)
     1    0.011183    0.102625    0.096864    2.104694 ^ input34/X (sky130_fd_sc_hd__buf_1)
                                                         net34 (net)
                      0.102628    0.000503    2.105197 ^ fanout192/A (sky130_fd_sc_hd__buf_8)
     6    0.134527    0.162201    0.147786    2.252983 ^ fanout192/X (sky130_fd_sc_hd__buf_8)
                                                         net192 (net)
                      0.162268    0.003125    2.256109 ^ fanout190/A (sky130_fd_sc_hd__buf_8)
    13    0.128844    0.157275    0.153985    2.410094 ^ fanout190/X (sky130_fd_sc_hd__buf_8)
                                                         net190 (net)
                      0.176433    0.041826    2.451920 ^ _200_/RESET_B (sky130_fd_sc_hd__dfrtp_1)
                                              2.451920   data arrival time

                                 10.000000   10.000000   clock HCLK (rise edge)
                                  0.000000   10.000000   clock source latency
     1    0.059439    0.203180    0.147359   10.147359 ^ HCLK (in)
                                                         HCLK (net)
                      0.204534    0.000000   10.147359 ^ clkbuf_0_HCLK/A (sky130_fd_sc_hd__clkbuf_16)
     5    0.134022    0.114650    0.179325   10.326684 ^ clkbuf_0_HCLK/X (sky130_fd_sc_hd__clkbuf_16)
                                                         clknet_0_HCLK (net)
                      0.116381    0.011108   10.337791 ^ clkbuf_2_3_0_HCLK/A (sky130_fd_sc_hd__clkbuf_8)
     2    0.039123    0.060921    0.128564   10.466355 ^ clkbuf_2_3_0_HCLK/X (sky130_fd_sc_hd__clkbuf_8)
                                                         clknet_2_3_0_HCLK (net)
                      0.061123    0.002757   10.469112 ^ clkbuf_3_6__f_HCLK/A (sky130_fd_sc_hd__clkbuf_16)
     8    0.072928    0.069384    0.120378   10.589491 ^ clkbuf_3_6__f_HCLK/X (sky130_fd_sc_hd__clkbuf_16)
                                                         clknet_3_6__leaf_HCLK (net)
                      0.070514    0.006911   10.596401 ^ _200_/CLK (sky130_fd_sc_hd__dfrtp_1)
                                 -0.250000   10.346401   clock uncertainty
                                  0.000000   10.346401   clock reconvergence pessimism
                                  0.122613   10.469014   library recovery time
                                             10.469014   data required time
---------------------------------------------------------------------------------------------
                                             10.469014   data required time
                                             -2.451920   data arrival time
---------------------------------------------------------------------------------------------
                                              8.017095   slack (MET)


Startpoint: HRESETn (input port clocked by HCLK)
Endpoint: _171_ (recovery check against rising-edge clock HCLK)
Path Group: asynchronous
Path Type: max

Fanout         Cap        Slew       Delay        Time   Description
---------------------------------------------------------------------------------------------
                                  0.000000    0.000000   clock HCLK (rise edge)
                                  0.000000    0.000000   clock network delay (propagated)
                                  2.000000    2.000000 ^ input external delay
     1    0.003025    0.014720    0.007830    2.007830 ^ HRESETn (in)
                                                         HRESETn (net)
                      0.014725    0.000000    2.007830 ^ input34/A (sky130_fd_sc_hd__buf_1)
     1    0.011183    0.102625    0.096864    2.104694 ^ input34/X (sky130_fd_sc_hd__buf_1)
                                                         net34 (net)
                      0.102628    0.000503    2.105197 ^ fanout192/A (sky130_fd_sc_hd__buf_8)
     6    0.134527    0.162201    0.147786    2.252983 ^ fanout192/X (sky130_fd_sc_hd__buf_8)
                                                         net192 (net)
                      0.162268    0.003125    2.256109 ^ fanout190/A (sky130_fd_sc_hd__buf_8)
    13    0.128844    0.157275    0.153985    2.410094 ^ fanout190/X (sky130_fd_sc_hd__buf_8)
                                                         net190 (net)
                      0.176454    0.041850    2.451944 ^ _171_/RESET_B (sky130_fd_sc_hd__dfrtp_1)
                                              2.451944   data arrival time

                                 10.000000   10.000000   clock HCLK (rise edge)
                                  0.000000   10.000000   clock source latency
     1    0.059439    0.203180    0.147359   10.147359 ^ HCLK (in)
                                                         HCLK (net)
                      0.204534    0.000000   10.147359 ^ clkbuf_0_HCLK/A (sky130_fd_sc_hd__clkbuf_16)
     5    0.134022    0.114650    0.179325   10.326684 ^ clkbuf_0_HCLK/X (sky130_fd_sc_hd__clkbuf_16)
                                                         clknet_0_HCLK (net)
                      0.116381    0.011108   10.337791 ^ clkbuf_2_3_0_HCLK/A (sky130_fd_sc_hd__clkbuf_8)
     2    0.039123    0.060921    0.128564   10.466355 ^ clkbuf_2_3_0_HCLK/X (sky130_fd_sc_hd__clkbuf_8)
                                                         clknet_2_3_0_HCLK (net)
                      0.061123    0.002757   10.469112 ^ clkbuf_3_6__f_HCLK/A (sky130_fd_sc_hd__clkbuf_16)
     8    0.072928    0.069384    0.120378   10.589491 ^ clkbuf_3_6__f_HCLK/X (sky130_fd_sc_hd__clkbuf_16)
                                                         clknet_3_6__leaf_HCLK (net)
                      0.070527    0.006949   10.596439 ^ _171_/CLK (sky130_fd_sc_hd__dfrtp_1)
                                 -0.250000   10.346439   clock uncertainty
                                  0.000000   10.346439   clock reconvergence pessimism
                                  0.122611   10.469050   library recovery time
                                             10.469050   data required time
---------------------------------------------------------------------------------------------
                                             10.469050   data required time
                                             -2.451944   data arrival time
---------------------------------------------------------------------------------------------
                                              8.017107   slack (MET)


Startpoint: HRESETn (input port clocked by HCLK)
Endpoint: _206_ (recovery check against rising-edge clock HCLK)
Path Group: asynchronous
Path Type: max

Fanout         Cap        Slew       Delay        Time   Description
---------------------------------------------------------------------------------------------
                                  0.000000    0.000000   clock HCLK (rise edge)
                                  0.000000    0.000000   clock network delay (propagated)
                                  2.000000    2.000000 ^ input external delay
     1    0.003025    0.014720    0.007830    2.007830 ^ HRESETn (in)
                                                         HRESETn (net)
                      0.014725    0.000000    2.007830 ^ input34/A (sky130_fd_sc_hd__buf_1)
     1    0.011183    0.102625    0.096864    2.104694 ^ input34/X (sky130_fd_sc_hd__buf_1)
                                                         net34 (net)
                      0.102628    0.000503    2.105197 ^ fanout192/A (sky130_fd_sc_hd__buf_8)
     6    0.134527    0.162201    0.147786    2.252983 ^ fanout192/X (sky130_fd_sc_hd__buf_8)
                                                         net192 (net)
                      0.162268    0.003125    2.256109 ^ fanout190/A (sky130_fd_sc_hd__buf_8)
    13    0.128844    0.157275    0.153985    2.410094 ^ fanout190/X (sky130_fd_sc_hd__buf_8)
                                                         net190 (net)
                      0.176361    0.041744    2.451838 ^ _206_/RESET_B (sky130_fd_sc_hd__dfrtp_1)
                                              2.451838   data arrival time

                                 10.000000   10.000000   clock HCLK (rise edge)
                                  0.000000   10.000000   clock source latency
     1    0.059439    0.203180    0.147359   10.147359 ^ HCLK (in)
                                                         HCLK (net)
                      0.204534    0.000000   10.147359 ^ clkbuf_0_HCLK/A (sky130_fd_sc_hd__clkbuf_16)
     5    0.134022    0.114650    0.179325   10.326684 ^ clkbuf_0_HCLK/X (sky130_fd_sc_hd__clkbuf_16)
                                                         clknet_0_HCLK (net)
                      0.116381    0.011108   10.337791 ^ clkbuf_2_3_0_HCLK/A (sky130_fd_sc_hd__clkbuf_8)
     2    0.039123    0.060921    0.128564   10.466355 ^ clkbuf_2_3_0_HCLK/X (sky130_fd_sc_hd__clkbuf_8)
                                                         clknet_2_3_0_HCLK (net)
                      0.061123    0.002757   10.469112 ^ clkbuf_3_6__f_HCLK/A (sky130_fd_sc_hd__clkbuf_16)
     8    0.072928    0.069384    0.120378   10.589491 ^ clkbuf_3_6__f_HCLK/X (sky130_fd_sc_hd__clkbuf_16)
                                                         clknet_3_6__leaf_HCLK (net)
                      0.070498    0.006860   10.596351 ^ _206_/CLK (sky130_fd_sc_hd__dfrtp_1)
                                 -0.250000   10.346351   clock uncertainty
                                  0.000000   10.346351   clock reconvergence pessimism
                                  0.122624   10.468974   library recovery time
                                             10.468974   data required time
---------------------------------------------------------------------------------------------
                                             10.468974   data required time
                                             -2.451838   data arrival time
---------------------------------------------------------------------------------------------
                                              8.017137   slack (MET)


Startpoint: HRESETn (input port clocked by HCLK)
Endpoint: _209_ (recovery check against rising-edge clock HCLK)
Path Group: asynchronous
Path Type: max

Fanout         Cap        Slew       Delay        Time   Description
---------------------------------------------------------------------------------------------
                                  0.000000    0.000000   clock HCLK (rise edge)
                                  0.000000    0.000000   clock network delay (propagated)
                                  2.000000    2.000000 ^ input external delay
     1    0.003025    0.014720    0.007830    2.007830 ^ HRESETn (in)
                                                         HRESETn (net)
                      0.014725    0.000000    2.007830 ^ input34/A (sky130_fd_sc_hd__buf_1)
     1    0.011183    0.102625    0.096864    2.104694 ^ input34/X (sky130_fd_sc_hd__buf_1)
                                                         net34 (net)
                      0.102628    0.000503    2.105197 ^ fanout192/A (sky130_fd_sc_hd__buf_8)
     6    0.134527    0.162201    0.147786    2.252983 ^ fanout192/X (sky130_fd_sc_hd__buf_8)
                                                         net192 (net)
                      0.162268    0.003125    2.256109 ^ fanout190/A (sky130_fd_sc_hd__buf_8)
    13    0.128844    0.157275    0.153985    2.410094 ^ fanout190/X (sky130_fd_sc_hd__buf_8)
                                                         net190 (net)
                      0.175719    0.041005    2.451099 ^ _209_/RESET_B (sky130_fd_sc_hd__dfrtp_1)
                                              2.451099   data arrival time

                                 10.000000   10.000000   clock HCLK (rise edge)
                                  0.000000   10.000000   clock source latency
     1    0.059439    0.203180    0.147359   10.147359 ^ HCLK (in)
                                                         HCLK (net)
                      0.204534    0.000000   10.147359 ^ clkbuf_0_HCLK/A (sky130_fd_sc_hd__clkbuf_16)
     5    0.134022    0.114650    0.179325   10.326684 ^ clkbuf_0_HCLK/X (sky130_fd_sc_hd__clkbuf_16)
                                                         clknet_0_HCLK (net)
                      0.116381    0.011108   10.337791 ^ clkbuf_2_3_0_HCLK/A (sky130_fd_sc_hd__clkbuf_8)
     2    0.039123    0.060921    0.128564   10.466355 ^ clkbuf_2_3_0_HCLK/X (sky130_fd_sc_hd__clkbuf_8)
                                                         clknet_2_3_0_HCLK (net)
                      0.061123    0.002757   10.469112 ^ clkbuf_3_6__f_HCLK/A (sky130_fd_sc_hd__clkbuf_16)
     8    0.072928    0.069384    0.120378   10.589491 ^ clkbuf_3_6__f_HCLK/X (sky130_fd_sc_hd__clkbuf_16)
                                                         clknet_3_6__leaf_HCLK (net)
                      0.070258    0.006072   10.595562 ^ _209_/CLK (sky130_fd_sc_hd__dfrtp_1)
                                 -0.250000   10.345562   clock uncertainty
                                  0.000000   10.345562   clock reconvergence pessimism
                                  0.122705   10.468267   library recovery time
                                             10.468267   data required time
---------------------------------------------------------------------------------------------
                                             10.468267   data required time
                                             -2.451099   data arrival time
---------------------------------------------------------------------------------------------
                                              8.017168   slack (MET)


Startpoint: HRESETn (input port clocked by HCLK)
Endpoint: _199_ (recovery check against rising-edge clock HCLK)
Path Group: asynchronous
Path Type: max

Fanout         Cap        Slew       Delay        Time   Description
---------------------------------------------------------------------------------------------
                                  0.000000    0.000000   clock HCLK (rise edge)
                                  0.000000    0.000000   clock network delay (propagated)
                                  2.000000    2.000000 ^ input external delay
     1    0.003025    0.014720    0.007830    2.007830 ^ HRESETn (in)
                                                         HRESETn (net)
                      0.014725    0.000000    2.007830 ^ input34/A (sky130_fd_sc_hd__buf_1)
     1    0.011183    0.102625    0.096864    2.104694 ^ input34/X (sky130_fd_sc_hd__buf_1)
                                                         net34 (net)
                      0.102628    0.000503    2.105197 ^ fanout192/A (sky130_fd_sc_hd__buf_8)
     6    0.134527    0.162201    0.147786    2.252983 ^ fanout192/X (sky130_fd_sc_hd__buf_8)
                                                         net192 (net)
                      0.162268    0.003125    2.256109 ^ fanout190/A (sky130_fd_sc_hd__buf_8)
    13    0.128844    0.157275    0.153985    2.410094 ^ fanout190/X (sky130_fd_sc_hd__buf_8)
                                                         net190 (net)
                      0.175900    0.041215    2.451308 ^ _199_/RESET_B (sky130_fd_sc_hd__dfrtp_1)
                                              2.451308   data arrival time

                                 10.000000   10.000000   clock HCLK (rise edge)
                                  0.000000   10.000000   clock source latency
     1    0.059439    0.203180    0.147359   10.147359 ^ HCLK (in)
                                                         HCLK (net)
                      0.204534    0.000000   10.147359 ^ clkbuf_0_HCLK/A (sky130_fd_sc_hd__clkbuf_16)
     5    0.134022    0.114650    0.179325   10.326684 ^ clkbuf_0_HCLK/X (sky130_fd_sc_hd__clkbuf_16)
                                                         clknet_0_HCLK (net)
                      0.116381    0.011108   10.337791 ^ clkbuf_2_3_0_HCLK/A (sky130_fd_sc_hd__clkbuf_8)
     2    0.039123    0.060921    0.128564   10.466355 ^ clkbuf_2_3_0_HCLK/X (sky130_fd_sc_hd__clkbuf_8)
                                                         clknet_2_3_0_HCLK (net)
                      0.061123    0.002757   10.469112 ^ clkbuf_3_6__f_HCLK/A (sky130_fd_sc_hd__clkbuf_16)
     8    0.072928    0.069384    0.120378   10.589491 ^ clkbuf_3_6__f_HCLK/X (sky130_fd_sc_hd__clkbuf_16)
                                                         clknet_3_6__leaf_HCLK (net)
                      0.070360    0.006419   10.595909 ^ _199_/CLK (sky130_fd_sc_hd__dfrtp_1)
                                 -0.250000   10.345909   clock uncertainty
                                  0.000000   10.345909   clock reconvergence pessimism
                                  0.122688   10.468597   library recovery time
                                             10.468597   data required time
---------------------------------------------------------------------------------------------
                                             10.468597   data required time
                                             -2.451308   data arrival time
---------------------------------------------------------------------------------------------
                                              8.017288   slack (MET)


Startpoint: HRESETn (input port clocked by HCLK)
Endpoint: _156_ (recovery check against rising-edge clock HCLK)
Path Group: asynchronous
Path Type: max

Fanout         Cap        Slew       Delay        Time   Description
---------------------------------------------------------------------------------------------
                                  0.000000    0.000000   clock HCLK (rise edge)
                                  0.000000    0.000000   clock network delay (propagated)
                                  2.000000    2.000000 ^ input external delay
     1    0.003025    0.014720    0.007830    2.007830 ^ HRESETn (in)
                                                         HRESETn (net)
                      0.014725    0.000000    2.007830 ^ input34/A (sky130_fd_sc_hd__buf_1)
     1    0.011183    0.102625    0.096864    2.104694 ^ input34/X (sky130_fd_sc_hd__buf_1)
                                                         net34 (net)
                      0.102628    0.000503    2.105197 ^ fanout192/A (sky130_fd_sc_hd__buf_8)
     6    0.134527    0.162201    0.147786    2.252983 ^ fanout192/X (sky130_fd_sc_hd__buf_8)
                                                         net192 (net)
                      0.162268    0.003125    2.256109 ^ fanout190/A (sky130_fd_sc_hd__buf_8)
    13    0.128844    0.157275    0.153985    2.410094 ^ fanout190/X (sky130_fd_sc_hd__buf_8)
                                                         net190 (net)
                      0.176128    0.041477    2.451571 ^ _156_/RESET_B (sky130_fd_sc_hd__dfrtp_1)
                                              2.451571   data arrival time

                                 10.000000   10.000000   clock HCLK (rise edge)
                                  0.000000   10.000000   clock source latency
     1    0.059439    0.203180    0.147359   10.147359 ^ HCLK (in)
                                                         HCLK (net)
                      0.204534    0.000000   10.147359 ^ clkbuf_0_HCLK/A (sky130_fd_sc_hd__clkbuf_16)
     5    0.134022    0.114650    0.179325   10.326684 ^ clkbuf_0_HCLK/X (sky130_fd_sc_hd__clkbuf_16)
                                                         clknet_0_HCLK (net)
                      0.116381    0.011108   10.337791 ^ clkbuf_2_3_0_HCLK/A (sky130_fd_sc_hd__clkbuf_8)
     2    0.039123    0.060921    0.128564   10.466355 ^ clkbuf_2_3_0_HCLK/X (sky130_fd_sc_hd__clkbuf_8)
                                                         clknet_2_3_0_HCLK (net)
                      0.061123    0.002757   10.469112 ^ clkbuf_3_6__f_HCLK/A (sky130_fd_sc_hd__clkbuf_16)
     8    0.072928    0.069384    0.120378   10.589491 ^ clkbuf_3_6__f_HCLK/X (sky130_fd_sc_hd__clkbuf_16)
                                                         clknet_3_6__leaf_HCLK (net)
                      0.070497    0.006857   10.596347 ^ _156_/CLK (sky130_fd_sc_hd__dfrtp_1)
                                 -0.250000   10.346347   clock uncertainty
                                  0.000000   10.346347   clock reconvergence pessimism
                                  0.122667   10.469013   library recovery time
                                             10.469013   data required time
---------------------------------------------------------------------------------------------
                                             10.469013   data required time
                                             -2.451571   data arrival time
---------------------------------------------------------------------------------------------
                                              8.017443   slack (MET)


Startpoint: HRESETn (input port clocked by HCLK)
Endpoint: _190_ (recovery check against rising-edge clock HCLK)
Path Group: asynchronous
Path Type: max

Fanout         Cap        Slew       Delay        Time   Description
---------------------------------------------------------------------------------------------
                                  0.000000    0.000000   clock HCLK (rise edge)
                                  0.000000    0.000000   clock network delay (propagated)
                                  2.000000    2.000000 ^ input external delay
     1    0.003025    0.014720    0.007830    2.007830 ^ HRESETn (in)
                                                         HRESETn (net)
                      0.014725    0.000000    2.007830 ^ input34/A (sky130_fd_sc_hd__buf_1)
     1    0.011183    0.102625    0.096864    2.104694 ^ input34/X (sky130_fd_sc_hd__buf_1)
                                                         net34 (net)
                      0.102628    0.000503    2.105197 ^ fanout192/A (sky130_fd_sc_hd__buf_8)
     6    0.134527    0.162201    0.147786    2.252983 ^ fanout192/X (sky130_fd_sc_hd__buf_8)
                                                         net192 (net)
                      0.162268    0.003125    2.256109 ^ fanout190/A (sky130_fd_sc_hd__buf_8)
    13    0.128844    0.157275    0.153985    2.410094 ^ fanout190/X (sky130_fd_sc_hd__buf_8)
                                                         net190 (net)
                      0.176000    0.041330    2.451424 ^ _190_/RESET_B (sky130_fd_sc_hd__dfrtp_1)
                                              2.451424   data arrival time

                                 10.000000   10.000000   clock HCLK (rise edge)
                                  0.000000   10.000000   clock source latency
     1    0.059439    0.203180    0.147359   10.147359 ^ HCLK (in)
                                                         HCLK (net)
                      0.204534    0.000000   10.147359 ^ clkbuf_0_HCLK/A (sky130_fd_sc_hd__clkbuf_16)
     5    0.134022    0.114650    0.179325   10.326684 ^ clkbuf_0_HCLK/X (sky130_fd_sc_hd__clkbuf_16)
                                                         clknet_0_HCLK (net)
                      0.116381    0.011108   10.337791 ^ clkbuf_2_3_0_HCLK/A (sky130_fd_sc_hd__clkbuf_8)
     2    0.039123    0.060921    0.128564   10.466355 ^ clkbuf_2_3_0_HCLK/X (sky130_fd_sc_hd__clkbuf_8)
                                                         clknet_2_3_0_HCLK (net)
                      0.061123    0.002757   10.469112 ^ clkbuf_3_6__f_HCLK/A (sky130_fd_sc_hd__clkbuf_16)
     8    0.072928    0.069384    0.120378   10.589491 ^ clkbuf_3_6__f_HCLK/X (sky130_fd_sc_hd__clkbuf_16)
                                                         clknet_3_6__leaf_HCLK (net)
                      0.070445    0.006693   10.596184 ^ _190_/CLK (sky130_fd_sc_hd__dfrtp_1)
                                 -0.250000   10.346184   clock uncertainty
                                  0.000000   10.346184   clock reconvergence pessimism
                                  0.122682   10.468866   library recovery time
                                             10.468866   data required time
---------------------------------------------------------------------------------------------
                                             10.468866   data required time
                                             -2.451424   data arrival time
---------------------------------------------------------------------------------------------
                                              8.017443   slack (MET)


Startpoint: HRESETn (input port clocked by HCLK)
Endpoint: _215_ (recovery check against rising-edge clock HCLK)
Path Group: asynchronous
Path Type: max

Fanout         Cap        Slew       Delay        Time   Description
---------------------------------------------------------------------------------------------
                                  0.000000    0.000000   clock HCLK (rise edge)
                                  0.000000    0.000000   clock network delay (propagated)
                                  2.000000    2.000000 ^ input external delay
     1    0.003025    0.014720    0.007830    2.007830 ^ HRESETn (in)
                                                         HRESETn (net)
                      0.014725    0.000000    2.007830 ^ input34/A (sky130_fd_sc_hd__buf_1)
     1    0.011183    0.102625    0.096864    2.104694 ^ input34/X (sky130_fd_sc_hd__buf_1)
                                                         net34 (net)
                      0.102628    0.000503    2.105197 ^ fanout192/A (sky130_fd_sc_hd__buf_8)
     6    0.134527    0.162201    0.147786    2.252983 ^ fanout192/X (sky130_fd_sc_hd__buf_8)
                                                         net192 (net)
                      0.162362    0.004793    2.257777 ^ fanout191/A (sky130_fd_sc_hd__clkbuf_4)
     7    0.048290    0.114730    0.179314    2.437090 ^ fanout191/X (sky130_fd_sc_hd__clkbuf_4)
                                                         net191 (net)
                      0.114810    0.001634    2.438725 ^ _215_/RESET_B (sky130_fd_sc_hd__dfrtp_1)
                                              2.438725   data arrival time

                                 10.000000   10.000000   clock HCLK (rise edge)
                                  0.000000   10.000000   clock source latency
     1    0.059439    0.203180    0.147359   10.147359 ^ HCLK (in)
                                                         HCLK (net)
                      0.204534    0.000000   10.147359 ^ clkbuf_0_HCLK/A (sky130_fd_sc_hd__clkbuf_16)
     5    0.134022    0.114650    0.179325   10.326684 ^ clkbuf_0_HCLK/X (sky130_fd_sc_hd__clkbuf_16)
                                                         clknet_0_HCLK (net)
                      0.116381    0.011108   10.337791 ^ clkbuf_2_3_0_HCLK/A (sky130_fd_sc_hd__clkbuf_8)
     2    0.039123    0.060921    0.128564   10.466355 ^ clkbuf_2_3_0_HCLK/X (sky130_fd_sc_hd__clkbuf_8)
                                                         clknet_2_3_0_HCLK (net)
                      0.060961    0.001246   10.467602 ^ clkbuf_3_7__f_HCLK/A (sky130_fd_sc_hd__clkbuf_16)
     7    0.049920    0.051834    0.108724   10.576325 ^ clkbuf_3_7__f_HCLK/X (sky130_fd_sc_hd__clkbuf_16)
                                                         clknet_3_7__leaf_HCLK (net)
                      0.053671    0.007518   10.583843 ^ _215_/CLK (sky130_fd_sc_hd__dfrtp_1)
                                 -0.250000   10.333843   clock uncertainty
                                  0.000000   10.333843   clock reconvergence pessimism
                                  0.131455   10.465299   library recovery time
                                             10.465299   data required time
---------------------------------------------------------------------------------------------
                                             10.465299   data required time
                                             -2.438725   data arrival time
---------------------------------------------------------------------------------------------
                                              8.026573   slack (MET)


Startpoint: HRESETn (input port clocked by HCLK)
Endpoint: _154_ (recovery check against rising-edge clock HCLK)
Path Group: asynchronous
Path Type: max

Fanout         Cap        Slew       Delay        Time   Description
---------------------------------------------------------------------------------------------
                                  0.000000    0.000000   clock HCLK (rise edge)
                                  0.000000    0.000000   clock network delay (propagated)
                                  2.000000    2.000000 ^ input external delay
     1    0.003025    0.014720    0.007830    2.007830 ^ HRESETn (in)
                                                         HRESETn (net)
                      0.014725    0.000000    2.007830 ^ input34/A (sky130_fd_sc_hd__buf_1)
     1    0.011183    0.102625    0.096864    2.104694 ^ input34/X (sky130_fd_sc_hd__buf_1)
                                                         net34 (net)
                      0.102628    0.000503    2.105197 ^ fanout192/A (sky130_fd_sc_hd__buf_8)
     6    0.134527    0.162201    0.147786    2.252983 ^ fanout192/X (sky130_fd_sc_hd__buf_8)
                                                         net192 (net)
                      0.162268    0.003125    2.256109 ^ fanout190/A (sky130_fd_sc_hd__buf_8)
    13    0.128844    0.157275    0.153985    2.410094 ^ fanout190/X (sky130_fd_sc_hd__buf_8)
                                                         net190 (net)
                      0.157321    0.002466    2.412560 ^ _154_/RESET_B (sky130_fd_sc_hd__dfrtp_1)
                                              2.412560   data arrival time

                                 10.000000   10.000000   clock HCLK (rise edge)
                                  0.000000   10.000000   clock source latency
     1    0.059439    0.203180    0.147359   10.147359 ^ HCLK (in)
                                                         HCLK (net)
                      0.204534    0.000000   10.147359 ^ clkbuf_0_HCLK/A (sky130_fd_sc_hd__clkbuf_16)
     5    0.134022    0.114650    0.179325   10.326684 ^ clkbuf_0_HCLK/X (sky130_fd_sc_hd__clkbuf_16)
                                                         clknet_0_HCLK (net)
                      0.116431    0.011266   10.337950 ^ clkbuf_2_2_0_HCLK/A (sky130_fd_sc_hd__clkbuf_8)
     2    0.035419    0.056406    0.124539   10.462489 ^ clkbuf_2_2_0_HCLK/X (sky130_fd_sc_hd__clkbuf_8)
                                                         clknet_2_2_0_HCLK (net)
                      0.056729    0.003332   10.465821 ^ clkbuf_3_4__f_HCLK/A (sky130_fd_sc_hd__clkbuf_16)
    11    0.039914    0.045093    0.104074   10.569896 ^ clkbuf_3_4__f_HCLK/X (sky130_fd_sc_hd__clkbuf_16)
                                                         clknet_3_4__leaf_HCLK (net)
                      0.045109    0.000782   10.570677 ^ _154_/CLK (sky130_fd_sc_hd__dfrtp_1)
                                 -0.250000   10.320677   clock uncertainty
                                  0.000000   10.320677   clock reconvergence pessimism
                                  0.122218   10.442895   library recovery time
                                             10.442895   data required time
---------------------------------------------------------------------------------------------
                                             10.442895   data required time
                                             -2.412560   data arrival time
---------------------------------------------------------------------------------------------
                                              8.030335   slack (MET)


Startpoint: HRESETn (input port clocked by HCLK)
Endpoint: _162_ (recovery check against rising-edge clock HCLK)
Path Group: asynchronous
Path Type: max

Fanout         Cap        Slew       Delay        Time   Description
---------------------------------------------------------------------------------------------
                                  0.000000    0.000000   clock HCLK (rise edge)
                                  0.000000    0.000000   clock network delay (propagated)
                                  2.000000    2.000000 ^ input external delay
     1    0.003025    0.014720    0.007830    2.007830 ^ HRESETn (in)
                                                         HRESETn (net)
                      0.014725    0.000000    2.007830 ^ input34/A (sky130_fd_sc_hd__buf_1)
     1    0.011183    0.102625    0.096864    2.104694 ^ input34/X (sky130_fd_sc_hd__buf_1)
                                                         net34 (net)
                      0.102628    0.000503    2.105197 ^ fanout192/A (sky130_fd_sc_hd__buf_8)
     6    0.134527    0.162201    0.147786    2.252983 ^ fanout192/X (sky130_fd_sc_hd__buf_8)
                                                         net192 (net)
                      0.162268    0.003125    2.256109 ^ fanout190/A (sky130_fd_sc_hd__buf_8)
    13    0.128844    0.157275    0.153985    2.410094 ^ fanout190/X (sky130_fd_sc_hd__buf_8)
                                                         net190 (net)
                      0.157315    0.002300    2.412394 ^ _162_/RESET_B (sky130_fd_sc_hd__dfrtp_1)
                                              2.412394   data arrival time

                                 10.000000   10.000000   clock HCLK (rise edge)
                                  0.000000   10.000000   clock source latency
     1    0.059439    0.203180    0.147359   10.147359 ^ HCLK (in)
                                                         HCLK (net)
                      0.204534    0.000000   10.147359 ^ clkbuf_0_HCLK/A (sky130_fd_sc_hd__clkbuf_16)
     5    0.134022    0.114650    0.179325   10.326684 ^ clkbuf_0_HCLK/X (sky130_fd_sc_hd__clkbuf_16)
                                                         clknet_0_HCLK (net)
                      0.116431    0.011266   10.337950 ^ clkbuf_2_2_0_HCLK/A (sky130_fd_sc_hd__clkbuf_8)
     2    0.035419    0.056406    0.124539   10.462489 ^ clkbuf_2_2_0_HCLK/X (sky130_fd_sc_hd__clkbuf_8)
                                                         clknet_2_2_0_HCLK (net)
                      0.056729    0.003332   10.465821 ^ clkbuf_3_4__f_HCLK/A (sky130_fd_sc_hd__clkbuf_16)
    11    0.039914    0.045093    0.104074   10.569896 ^ clkbuf_3_4__f_HCLK/X (sky130_fd_sc_hd__clkbuf_16)
                                                         clknet_3_4__leaf_HCLK (net)
                      0.045130    0.001092   10.570988 ^ _162_/CLK (sky130_fd_sc_hd__dfrtp_1)
                                 -0.250000   10.320988   clock uncertainty
                                  0.000000   10.320988   clock reconvergence pessimism
                                  0.122222   10.443211   library recovery time
                                             10.443211   data required time
---------------------------------------------------------------------------------------------
                                             10.443211   data required time
                                             -2.412394   data arrival time
---------------------------------------------------------------------------------------------
                                              8.030816   slack (MET)


Startpoint: HRESETn (input port clocked by HCLK)
Endpoint: _163_ (recovery check against rising-edge clock HCLK)
Path Group: asynchronous
Path Type: max

Fanout         Cap        Slew       Delay        Time   Description
---------------------------------------------------------------------------------------------
                                  0.000000    0.000000   clock HCLK (rise edge)
                                  0.000000    0.000000   clock network delay (propagated)
                                  2.000000    2.000000 ^ input external delay
     1    0.003025    0.014720    0.007830    2.007830 ^ HRESETn (in)
                                                         HRESETn (net)
                      0.014725    0.000000    2.007830 ^ input34/A (sky130_fd_sc_hd__buf_1)
     1    0.011183    0.102625    0.096864    2.104694 ^ input34/X (sky130_fd_sc_hd__buf_1)
                                                         net34 (net)
                      0.102628    0.000503    2.105197 ^ fanout192/A (sky130_fd_sc_hd__buf_8)
     6    0.134527    0.162201    0.147786    2.252983 ^ fanout192/X (sky130_fd_sc_hd__buf_8)
                                                         net192 (net)
                      0.162268    0.003125    2.256109 ^ fanout190/A (sky130_fd_sc_hd__buf_8)
    13    0.128844    0.157275    0.153985    2.410094 ^ fanout190/X (sky130_fd_sc_hd__buf_8)
                                                         net190 (net)
                      0.157345    0.003019    2.413113 ^ _163_/RESET_B (sky130_fd_sc_hd__dfrtp_1)
                                              2.413113   data arrival time

                                 10.000000   10.000000   clock HCLK (rise edge)
                                  0.000000   10.000000   clock source latency
     1    0.059439    0.203180    0.147359   10.147359 ^ HCLK (in)
                                                         HCLK (net)
                      0.204534    0.000000   10.147359 ^ clkbuf_0_HCLK/A (sky130_fd_sc_hd__clkbuf_16)
     5    0.134022    0.114650    0.179325   10.326684 ^ clkbuf_0_HCLK/X (sky130_fd_sc_hd__clkbuf_16)
                                                         clknet_0_HCLK (net)
                      0.116381    0.011108   10.337791 ^ clkbuf_2_3_0_HCLK/A (sky130_fd_sc_hd__clkbuf_8)
     2    0.039123    0.060921    0.128564   10.466355 ^ clkbuf_2_3_0_HCLK/X (sky130_fd_sc_hd__clkbuf_8)
                                                         clknet_2_3_0_HCLK (net)
                      0.060961    0.001246   10.467602 ^ clkbuf_3_7__f_HCLK/A (sky130_fd_sc_hd__clkbuf_16)
     7    0.049920    0.051834    0.108724   10.576325 ^ clkbuf_3_7__f_HCLK/X (sky130_fd_sc_hd__clkbuf_16)
                                                         clknet_3_7__leaf_HCLK (net)
                      0.053548    0.007226   10.583551 ^ _163_/CLK (sky130_fd_sc_hd__dfrtp_1)
                                 -0.250000   10.333551   clock uncertainty
                                  0.000000   10.333551   clock reconvergence pessimism
                                  0.123521   10.457072   library recovery time
                                             10.457072   data required time
---------------------------------------------------------------------------------------------
                                             10.457072   data required time
                                             -2.413113   data arrival time
---------------------------------------------------------------------------------------------
                                              8.043960   slack (MET)


Startpoint: HREADY (input port clocked by HCLK)
Endpoint: _216_ (rising edge-triggered flip-flop clocked by HCLK)
Path Group: HCLK
Path Type: max

Fanout         Cap        Slew       Delay        Time   Description
---------------------------------------------------------------------------------------------
                                  0.000000    0.000000   clock HCLK (rise edge)
                                  0.000000    0.000000   clock network delay (propagated)
                                  2.000000    2.000000 v input external delay
     1    0.002785    0.004698    0.002266    2.002266 v HREADY (in)
                                                         HREADY (net)
                      0.004698    0.000000    2.002266 v input33/A (sky130_fd_sc_hd__buf_1)
     2    0.012454    0.052971    0.075923    2.078189 v input33/X (sky130_fd_sc_hd__buf_1)
                                                         net33 (net)
                      0.052984    0.000790    2.078979 v _149_/A2 (sky130_fd_sc_hd__a32o_1)
     1    0.004267    0.032297    0.138971    2.217950 v _149_/X (sky130_fd_sc_hd__a32o_1)
                                                         _065_ (net)
                      0.032297    0.000136    2.218086 v _216_/D (sky130_fd_sc_hd__dfrtp_2)
                                              2.218086   data arrival time

                                 10.000000   10.000000   clock HCLK (rise edge)
                                  0.000000   10.000000   clock source latency
     1    0.059439    0.203180    0.147359   10.147359 ^ HCLK (in)
                                                         HCLK (net)
                      0.204534    0.000000   10.147359 ^ clkbuf_0_HCLK/A (sky130_fd_sc_hd__clkbuf_16)
     5    0.134022    0.114650    0.179325   10.326684 ^ clkbuf_0_HCLK/X (sky130_fd_sc_hd__clkbuf_16)
                                                         clknet_0_HCLK (net)
                      0.116381    0.011108   10.337791 ^ clkbuf_2_3_0_HCLK/A (sky130_fd_sc_hd__clkbuf_8)
     2    0.039123    0.060921    0.128564   10.466355 ^ clkbuf_2_3_0_HCLK/X (sky130_fd_sc_hd__clkbuf_8)
                                                         clknet_2_3_0_HCLK (net)
                      0.060961    0.001246   10.467602 ^ clkbuf_3_7__f_HCLK/A (sky130_fd_sc_hd__clkbuf_16)
     7    0.049920    0.051834    0.108724   10.576325 ^ clkbuf_3_7__f_HCLK/X (sky130_fd_sc_hd__clkbuf_16)
                                                         clknet_3_7__leaf_HCLK (net)
                      0.053636    0.007437   10.583762 ^ _216_/CLK (sky130_fd_sc_hd__dfrtp_2)
                                 -0.250000   10.333762   clock uncertainty
                                  0.000000   10.333762   clock reconvergence pessimism
                                 -0.071689   10.262073   library setup time
                                             10.262073   data required time
---------------------------------------------------------------------------------------------
                                             10.262073   data required time
                                             -2.218086   data arrival time
---------------------------------------------------------------------------------------------
                                              8.043986   slack (MET)


Startpoint: HRESETn (input port clocked by HCLK)
Endpoint: _165_ (recovery check against rising-edge clock HCLK)
Path Group: asynchronous
Path Type: max

Fanout         Cap        Slew       Delay        Time   Description
---------------------------------------------------------------------------------------------
                                  0.000000    0.000000   clock HCLK (rise edge)
                                  0.000000    0.000000   clock network delay (propagated)
                                  2.000000    2.000000 ^ input external delay
     1    0.003025    0.014720    0.007830    2.007830 ^ HRESETn (in)
                                                         HRESETn (net)
                      0.014725    0.000000    2.007830 ^ input34/A (sky130_fd_sc_hd__buf_1)
     1    0.011183    0.102625    0.096864    2.104694 ^ input34/X (sky130_fd_sc_hd__buf_1)
                                                         net34 (net)
                      0.102628    0.000503    2.105197 ^ fanout192/A (sky130_fd_sc_hd__buf_8)
     6    0.134527    0.162201    0.147786    2.252983 ^ fanout192/X (sky130_fd_sc_hd__buf_8)
                                                         net192 (net)
                      0.192659    0.053346    2.306330 ^ _165_/RESET_B (sky130_fd_sc_hd__dfrtp_1)
                                              2.306330   data arrival time

                                 10.000000   10.000000   clock HCLK (rise edge)
                                  0.000000   10.000000   clock source latency
     1    0.059439    0.203180    0.147359   10.147359 ^ HCLK (in)
                                                         HCLK (net)
                      0.204534    0.000000   10.147359 ^ clkbuf_0_HCLK/A (sky130_fd_sc_hd__clkbuf_16)
     5    0.134022    0.114650    0.179325   10.326684 ^ clkbuf_0_HCLK/X (sky130_fd_sc_hd__clkbuf_16)
                                                         clknet_0_HCLK (net)
                      0.116959    0.012824   10.339507 ^ clkbuf_2_0_0_HCLK/A (sky130_fd_sc_hd__clkbuf_8)
     2    0.040129    0.062153    0.129216   10.468723 ^ clkbuf_2_0_0_HCLK/X (sky130_fd_sc_hd__clkbuf_8)
                                                         clknet_2_0_0_HCLK (net)
                      0.062464    0.003471   10.472194 ^ clkbuf_3_1__f_HCLK/A (sky130_fd_sc_hd__clkbuf_16)
     7    0.035580    0.041831    0.102191   10.574386 ^ clkbuf_3_1__f_HCLK/X (sky130_fd_sc_hd__clkbuf_16)
                                                         clknet_3_1__leaf_HCLK (net)
                      0.042604    0.004367   10.578753 ^ _165_/CLK (sky130_fd_sc_hd__dfrtp_1)
                                 -0.250000   10.328753   clock uncertainty
                                  0.000000   10.328753   clock reconvergence pessimism
                                  0.115236   10.443989   library recovery time
                                             10.443989   data required time
---------------------------------------------------------------------------------------------
                                             10.443989   data required time
                                             -2.306330   data arrival time
---------------------------------------------------------------------------------------------
                                              8.137660   slack (MET)



