
===========================================================================
report_checks -path_delay min (Hold)
============================================================================
======================= nom_ff_n40C_1v95 Corner ===================================

Startpoint: _164_ (rising edge-triggered flip-flop clocked by HCLK)
Endpoint: _164_ (rising edge-triggered flip-flop clocked by HCLK)
Path Group: HCLK
Path Type: min

Fanout         Cap        Slew       Delay        Time   Description
---------------------------------------------------------------------------------------------
                                  0.000000    0.000000   clock HCLK (rise edge)
                                  0.000000    0.000000   clock source latency
     1    0.059439    0.203180    0.147358    0.147358 ^ HCLK (in)
                                                         HCLK (net)
                      0.204534    0.000000    0.147358 ^ clkbuf_0_HCLK/A (sky130_fd_sc_hd__clkbuf_16)
     5    0.134022    0.114650    0.179325    0.326684 ^ clkbuf_0_HCLK/X (sky130_fd_sc_hd__clkbuf_16)
                                                         clknet_0_HCLK (net)
                      0.116381    0.011108    0.337791 ^ clkbuf_2_3_0_HCLK/A (sky130_fd_sc_hd__clkbuf_8)
     2    0.039123    0.060921    0.128564    0.466355 ^ clkbuf_2_3_0_HCLK/X (sky130_fd_sc_hd__clkbuf_8)
                                                         clknet_2_3_0_HCLK (net)
                      0.060961    0.001246    0.467601 ^ clkbuf_3_7__f_HCLK/A (sky130_fd_sc_hd__clkbuf_16)
     7    0.049920    0.051834    0.108724    0.576325 ^ clkbuf_3_7__f_HCLK/X (sky130_fd_sc_hd__clkbuf_16)
                                                         clknet_3_7__leaf_HCLK (net)
                      0.052841    0.005323    0.581648 ^ _164_/CLK (sky130_fd_sc_hd__dfrtp_4)
     6    0.036287    0.092944    0.303714    0.885362 ^ _164_/Q (sky130_fd_sc_hd__dfrtp_4)
                                                         net109 (net)
                      0.092944    0.000404    0.885766 ^ _097_/A1 (sky130_fd_sc_hd__mux2_1)
     1    0.002448    0.026898    0.085647    0.971413 ^ _097_/X (sky130_fd_sc_hd__mux2_1)
                                                         _013_ (net)
                      0.026898    0.000069    0.971482 ^ _164_/D (sky130_fd_sc_hd__dfrtp_4)
                                              0.971482   data arrival time

                                  0.000000    0.000000   clock HCLK (rise edge)
                                  0.000000    0.000000   clock source latency
     1    0.059439    0.203180    0.147358    0.147358 ^ HCLK (in)
                                                         HCLK (net)
                      0.204534    0.000000    0.147358 ^ clkbuf_0_HCLK/A (sky130_fd_sc_hd__clkbuf_16)
     5    0.134022    0.114650    0.179325    0.326684 ^ clkbuf_0_HCLK/X (sky130_fd_sc_hd__clkbuf_16)
                                                         clknet_0_HCLK (net)
                      0.116381    0.011108    0.337791 ^ clkbuf_2_3_0_HCLK/A (sky130_fd_sc_hd__clkbuf_8)
     2    0.039123    0.060921    0.128564    0.466355 ^ clkbuf_2_3_0_HCLK/X (sky130_fd_sc_hd__clkbuf_8)
                                                         clknet_2_3_0_HCLK (net)
                      0.060961    0.001246    0.467601 ^ clkbuf_3_7__f_HCLK/A (sky130_fd_sc_hd__clkbuf_16)
     7    0.049920    0.051834    0.108724    0.576325 ^ clkbuf_3_7__f_HCLK/X (sky130_fd_sc_hd__clkbuf_16)
                                                         clknet_3_7__leaf_HCLK (net)
                      0.052841    0.005323    0.581648 ^ _164_/CLK (sky130_fd_sc_hd__dfrtp_4)
                                  0.250000    0.831648   clock uncertainty
                                  0.000000    0.831648   clock reconvergence pessimism
                                 -0.018905    0.812743   library hold time
                                              0.812743   data required time
---------------------------------------------------------------------------------------------
                                              0.812743   data required time
                                             -0.971482   data arrival time
---------------------------------------------------------------------------------------------
                                              0.158739   slack (MET)


Startpoint: _163_ (rising edge-triggered flip-flop clocked by HCLK)
Endpoint: _163_ (rising edge-triggered flip-flop clocked by HCLK)
Path Group: HCLK
Path Type: min

Fanout         Cap        Slew       Delay        Time   Description
---------------------------------------------------------------------------------------------
                                  0.000000    0.000000   clock HCLK (rise edge)
                                  0.000000    0.000000   clock source latency
     1    0.059439    0.203180    0.147358    0.147358 ^ HCLK (in)
                                                         HCLK (net)
                      0.204534    0.000000    0.147358 ^ clkbuf_0_HCLK/A (sky130_fd_sc_hd__clkbuf_16)
     5    0.134022    0.114650    0.179325    0.326684 ^ clkbuf_0_HCLK/X (sky130_fd_sc_hd__clkbuf_16)
                                                         clknet_0_HCLK (net)
                      0.116381    0.011108    0.337791 ^ clkbuf_2_3_0_HCLK/A (sky130_fd_sc_hd__clkbuf_8)
     2    0.039123    0.060921    0.128564    0.466355 ^ clkbuf_2_3_0_HCLK/X (sky130_fd_sc_hd__clkbuf_8)
                                                         clknet_2_3_0_HCLK (net)
                      0.060961    0.001246    0.467601 ^ clkbuf_3_7__f_HCLK/A (sky130_fd_sc_hd__clkbuf_16)
     7    0.049920    0.051834    0.108724    0.576325 ^ clkbuf_3_7__f_HCLK/X (sky130_fd_sc_hd__clkbuf_16)
                                                         clknet_3_7__leaf_HCLK (net)
                      0.053548    0.007226    0.583551 ^ _163_/CLK (sky130_fd_sc_hd__dfrtp_1)
     6    0.023480    0.159325    0.299975    0.883527 ^ _163_/Q (sky130_fd_sc_hd__dfrtp_1)
                                                         net108 (net)
                      0.159325    0.000371    0.883897 ^ _096_/A1 (sky130_fd_sc_hd__mux2_1)
     1    0.002410    0.026480    0.094610    0.978508 ^ _096_/X (sky130_fd_sc_hd__mux2_1)
                                                         _012_ (net)
                      0.026482    0.000069    0.978577 ^ _163_/D (sky130_fd_sc_hd__dfrtp_1)
                                              0.978577   data arrival time

                                  0.000000    0.000000   clock HCLK (rise edge)
                                  0.000000    0.000000   clock source latency
     1    0.059439    0.203180    0.147358    0.147358 ^ HCLK (in)
                                                         HCLK (net)
                      0.204534    0.000000    0.147358 ^ clkbuf_0_HCLK/A (sky130_fd_sc_hd__clkbuf_16)
     5    0.134022    0.114650    0.179325    0.326684 ^ clkbuf_0_HCLK/X (sky130_fd_sc_hd__clkbuf_16)
                                                         clknet_0_HCLK (net)
                      0.116381    0.011108    0.337791 ^ clkbuf_2_3_0_HCLK/A (sky130_fd_sc_hd__clkbuf_8)
     2    0.039123    0.060921    0.128564    0.466355 ^ clkbuf_2_3_0_HCLK/X (sky130_fd_sc_hd__clkbuf_8)
                                                         clknet_2_3_0_HCLK (net)
                      0.060961    0.001246    0.467601 ^ clkbuf_3_7__f_HCLK/A (sky130_fd_sc_hd__clkbuf_16)
     7    0.049920    0.051834    0.108724    0.576325 ^ clkbuf_3_7__f_HCLK/X (sky130_fd_sc_hd__clkbuf_16)
                                                         clknet_3_7__leaf_HCLK (net)
                      0.053548    0.007226    0.583551 ^ _163_/CLK (sky130_fd_sc_hd__dfrtp_1)
                                  0.250000    0.833551   clock uncertainty
                                  0.000000    0.833551   clock reconvergence pessimism
                                 -0.018855    0.814697   library hold time
                                              0.814697   data required time
---------------------------------------------------------------------------------------------
                                              0.814697   data required time
                                             -0.978577   data arrival time
---------------------------------------------------------------------------------------------
                                              0.163880   slack (MET)


Startpoint: _195_ (rising edge-triggered flip-flop clocked by HCLK)
Endpoint: _195_ (rising edge-triggered flip-flop clocked by HCLK)
Path Group: HCLK
Path Type: min

Fanout         Cap        Slew       Delay        Time   Description
---------------------------------------------------------------------------------------------
                                  0.000000    0.000000   clock HCLK (rise edge)
                                  0.000000    0.000000   clock source latency
     1    0.059439    0.203180    0.147358    0.147358 ^ HCLK (in)
                                                         HCLK (net)
                      0.204534    0.000000    0.147358 ^ clkbuf_0_HCLK/A (sky130_fd_sc_hd__clkbuf_16)
     5    0.134022    0.114650    0.179325    0.326684 ^ clkbuf_0_HCLK/X (sky130_fd_sc_hd__clkbuf_16)
                                                         clknet_0_HCLK (net)
                      0.116381    0.011108    0.337791 ^ clkbuf_2_3_0_HCLK/A (sky130_fd_sc_hd__clkbuf_8)
     2    0.039123    0.060921    0.128564    0.466355 ^ clkbuf_2_3_0_HCLK/X (sky130_fd_sc_hd__clkbuf_8)
                                                         clknet_2_3_0_HCLK (net)
                      0.061123    0.002757    0.469112 ^ clkbuf_3_6__f_HCLK/A (sky130_fd_sc_hd__clkbuf_16)
     8    0.072928    0.069384    0.120378    0.589490 ^ clkbuf_3_6__f_HCLK/X (sky130_fd_sc_hd__clkbuf_16)
                                                         clknet_3_6__leaf_HCLK (net)
                      0.071034    0.008390    0.597880 ^ _195_/CLK (sky130_fd_sc_hd__dfrtp_4)
     2    0.037387    0.095088    0.309980    0.907860 ^ _195_/Q (sky130_fd_sc_hd__dfrtp_4)
                                                         net145 (net)
                      0.095093    0.000603    0.908463 ^ _128_/A1 (sky130_fd_sc_hd__mux2_1)
     1    0.002396    0.026614    0.085836    0.994299 ^ _128_/X (sky130_fd_sc_hd__mux2_1)
                                                         _044_ (net)
                      0.026614    0.000067    0.994366 ^ _195_/D (sky130_fd_sc_hd__dfrtp_4)
                                              0.994366   data arrival time

                                  0.000000    0.000000   clock HCLK (rise edge)
                                  0.000000    0.000000   clock source latency
     1    0.059439    0.203180    0.147358    0.147358 ^ HCLK (in)
                                                         HCLK (net)
                      0.204534    0.000000    0.147358 ^ clkbuf_0_HCLK/A (sky130_fd_sc_hd__clkbuf_16)
     5    0.134022    0.114650    0.179325    0.326684 ^ clkbuf_0_HCLK/X (sky130_fd_sc_hd__clkbuf_16)
                                                         clknet_0_HCLK (net)
                      0.116381    0.011108    0.337791 ^ clkbuf_2_3_0_HCLK/A (sky130_fd_sc_hd__clkbuf_8)
     2    0.039123    0.060921    0.128564    0.466355 ^ clkbuf_2_3_0_HCLK/X (sky130_fd_sc_hd__clkbuf_8)
                                                         clknet_2_3_0_HCLK (net)
                      0.061123    0.002757    0.469112 ^ clkbuf_3_6__f_HCLK/A (sky130_fd_sc_hd__clkbuf_16)
     8    0.072928    0.069384    0.120378    0.589490 ^ clkbuf_3_6__f_HCLK/X (sky130_fd_sc_hd__clkbuf_16)
                                                         clknet_3_6__leaf_HCLK (net)
                      0.071034    0.008390    0.597880 ^ _195_/CLK (sky130_fd_sc_hd__dfrtp_4)
                                  0.250000    0.847880   clock uncertainty
                                  0.000000    0.847880   clock reconvergence pessimism
                                 -0.018403    0.829477   library hold time
                                              0.829477   data required time
---------------------------------------------------------------------------------------------
                                              0.829477   data required time
                                             -0.994366   data arrival time
---------------------------------------------------------------------------------------------
                                              0.164889   slack (MET)


Startpoint: _217_ (rising edge-triggered flip-flop clocked by HCLK)
Endpoint: _217_ (rising edge-triggered flip-flop clocked by HCLK)
Path Group: HCLK
Path Type: min

Fanout         Cap        Slew       Delay        Time   Description
---------------------------------------------------------------------------------------------
                                  0.000000    0.000000   clock HCLK (rise edge)
                                  0.000000    0.000000   clock source latency
     1    0.059439    0.203180    0.147358    0.147358 ^ HCLK (in)
                                                         HCLK (net)
                      0.204534    0.000000    0.147358 ^ clkbuf_0_HCLK/A (sky130_fd_sc_hd__clkbuf_16)
     5    0.134022    0.114650    0.179325    0.326684 ^ clkbuf_0_HCLK/X (sky130_fd_sc_hd__clkbuf_16)
                                                         clknet_0_HCLK (net)
                      0.116381    0.011108    0.337791 ^ clkbuf_2_3_0_HCLK/A (sky130_fd_sc_hd__clkbuf_8)
     2    0.039123    0.060921    0.128564    0.466355 ^ clkbuf_2_3_0_HCLK/X (sky130_fd_sc_hd__clkbuf_8)
                                                         clknet_2_3_0_HCLK (net)
                      0.060961    0.001246    0.467601 ^ clkbuf_3_7__f_HCLK/A (sky130_fd_sc_hd__clkbuf_16)
     7    0.049920    0.051834    0.108724    0.576325 ^ clkbuf_3_7__f_HCLK/X (sky130_fd_sc_hd__clkbuf_16)
                                                         clknet_3_7__leaf_HCLK (net)
                      0.053627    0.007415    0.583740 ^ _217_/CLK (sky130_fd_sc_hd__dfrtp_2)
     5    0.023436    0.062165    0.286961    0.870701 v _217_/Q (sky130_fd_sc_hd__dfrtp_2)
                                                         u_bridge_fsm.state[1] (net)
                      0.062185    0.001080    0.871781 v _073_/A (sky130_fd_sc_hd__inv_2)
     1    0.005373    0.029442    0.045747    0.917528 ^ _073_/Y (sky130_fd_sc_hd__inv_2)
                                                         _068_ (net)
                      0.029442    0.000212    0.917740 ^ _150_/A3 (sky130_fd_sc_hd__o31a_1)
     1    0.002947    0.032596    0.067814    0.985554 ^ _150_/X (sky130_fd_sc_hd__o31a_1)
                                                         _066_ (net)
                      0.032596    0.000063    0.985618 ^ _217_/D (sky130_fd_sc_hd__dfrtp_2)
                                              0.985618   data arrival time

                                  0.000000    0.000000   clock HCLK (rise edge)
                                  0.000000    0.000000   clock source latency
     1    0.059439    0.203180    0.147358    0.147358 ^ HCLK (in)
                                                         HCLK (net)
                      0.204534    0.000000    0.147358 ^ clkbuf_0_HCLK/A (sky130_fd_sc_hd__clkbuf_16)
     5    0.134022    0.114650    0.179325    0.326684 ^ clkbuf_0_HCLK/X (sky130_fd_sc_hd__clkbuf_16)
                                                         clknet_0_HCLK (net)
                      0.116381    0.011108    0.337791 ^ clkbuf_2_3_0_HCLK/A (sky130_fd_sc_hd__clkbuf_8)
     2    0.039123    0.060921    0.128564    0.466355 ^ clkbuf_2_3_0_HCLK/X (sky130_fd_sc_hd__clkbuf_8)
                                                         clknet_2_3_0_HCLK (net)
                      0.060961    0.001246    0.467601 ^ clkbuf_3_7__f_HCLK/A (sky130_fd_sc_hd__clkbuf_16)
     7    0.049920    0.051834    0.108724    0.576325 ^ clkbuf_3_7__f_HCLK/X (sky130_fd_sc_hd__clkbuf_16)
                                                         clknet_3_7__leaf_HCLK (net)
                      0.053627    0.007415    0.583740 ^ _217_/CLK (sky130_fd_sc_hd__dfrtp_2)
                                  0.250000    0.833740   clock uncertainty
                                  0.000000    0.833740   clock reconvergence pessimism
                                 -0.019262    0.814478   library hold time
                                              0.814478   data required time
---------------------------------------------------------------------------------------------
                                              0.814478   data required time
                                             -0.985618   data arrival time
---------------------------------------------------------------------------------------------
                                              0.171139   slack (MET)


Startpoint: _216_ (rising edge-triggered flip-flop clocked by HCLK)
Endpoint: _216_ (rising edge-triggered flip-flop clocked by HCLK)
Path Group: HCLK
Path Type: min

Fanout         Cap        Slew       Delay        Time   Description
---------------------------------------------------------------------------------------------
                                  0.000000    0.000000   clock HCLK (rise edge)
                                  0.000000    0.000000   clock source latency
     1    0.059439    0.203180    0.147358    0.147358 ^ HCLK (in)
                                                         HCLK (net)
                      0.204534    0.000000    0.147358 ^ clkbuf_0_HCLK/A (sky130_fd_sc_hd__clkbuf_16)
     5    0.134022    0.114650    0.179325    0.326684 ^ clkbuf_0_HCLK/X (sky130_fd_sc_hd__clkbuf_16)
                                                         clknet_0_HCLK (net)
                      0.116381    0.011108    0.337791 ^ clkbuf_2_3_0_HCLK/A (sky130_fd_sc_hd__clkbuf_8)
     2    0.039123    0.060921    0.128564    0.466355 ^ clkbuf_2_3_0_HCLK/X (sky130_fd_sc_hd__clkbuf_8)
                                                         clknet_2_3_0_HCLK (net)
                      0.060961    0.001246    0.467601 ^ clkbuf_3_7__f_HCLK/A (sky130_fd_sc_hd__clkbuf_16)
     7    0.049920    0.051834    0.108724    0.576325 ^ clkbuf_3_7__f_HCLK/X (sky130_fd_sc_hd__clkbuf_16)
                                                         clknet_3_7__leaf_HCLK (net)
                      0.053636    0.007436    0.583761 ^ _216_/CLK (sky130_fd_sc_hd__dfrtp_2)
     5    0.021773    0.086547    0.266233    0.849995 ^ _216_/Q (sky130_fd_sc_hd__dfrtp_2)
                                                         u_bridge_fsm.state[0] (net)
                      0.086548    0.000421    0.850415 ^ _075_/A (sky130_fd_sc_hd__nor2_1)
     1    0.003730    0.030964    0.034734    0.885149 v _075_/Y (sky130_fd_sc_hd__nor2_1)
                                                         _069_ (net)
                      0.030968    0.000122    0.885271 v _149_/A3 (sky130_fd_sc_hd__a32o_1)
     1    0.004267    0.025073    0.134810    1.020081 v _149_/X (sky130_fd_sc_hd__a32o_1)
                                                         _065_ (net)
                      0.025074    0.000136    1.020217 v _216_/D (sky130_fd_sc_hd__dfrtp_2)
                                              1.020217   data arrival time

                                  0.000000    0.000000   clock HCLK (rise edge)
                                  0.000000    0.000000   clock source latency
     1    0.059439    0.203180    0.147358    0.147358 ^ HCLK (in)
                                                         HCLK (net)
                      0.204534    0.000000    0.147358 ^ clkbuf_0_HCLK/A (sky130_fd_sc_hd__clkbuf_16)
     5    0.134022    0.114650    0.179325    0.326684 ^ clkbuf_0_HCLK/X (sky130_fd_sc_hd__clkbuf_16)
                                                         clknet_0_HCLK (net)
                      0.116381    0.011108    0.337791 ^ clkbuf_2_3_0_HCLK/A (sky130_fd_sc_hd__clkbuf_8)
     2    0.039123    0.060921    0.128564    0.466355 ^ clkbuf_2_3_0_HCLK/X (sky130_fd_sc_hd__clkbuf_8)
                                                         clknet_2_3_0_HCLK (net)
                      0.060961    0.001246    0.467601 ^ clkbuf_3_7__f_HCLK/A (sky130_fd_sc_hd__clkbuf_16)
     7    0.049920    0.051834    0.108724    0.576325 ^ clkbuf_3_7__f_HCLK/X (sky130_fd_sc_hd__clkbuf_16)
                                                         clknet_3_7__leaf_HCLK (net)
                      0.053636    0.007436    0.583761 ^ _216_/CLK (sky130_fd_sc_hd__dfrtp_2)
                                  0.250000    0.833761   clock uncertainty
                                  0.000000    0.833761   clock reconvergence pessimism
                                 -0.025282    0.808479   library hold time
                                              0.808479   data required time
---------------------------------------------------------------------------------------------
                                              0.808479   data required time
                                             -1.020217   data arrival time
---------------------------------------------------------------------------------------------
                                              0.211738   slack (MET)


Startpoint: _205_ (rising edge-triggered flip-flop clocked by HCLK)
Endpoint: _205_ (rising edge-triggered flip-flop clocked by HCLK)
Path Group: HCLK
Path Type: min

Fanout         Cap        Slew       Delay        Time   Description
---------------------------------------------------------------------------------------------
                                  0.000000    0.000000   clock HCLK (rise edge)
                                  0.000000    0.000000   clock source latency
     1    0.059439    0.203180    0.147358    0.147358 ^ HCLK (in)
                                                         HCLK (net)
                      0.204534    0.000000    0.147358 ^ clkbuf_0_HCLK/A (sky130_fd_sc_hd__clkbuf_16)
     5    0.134022    0.114650    0.179325    0.326684 ^ clkbuf_0_HCLK/X (sky130_fd_sc_hd__clkbuf_16)
                                                         clknet_0_HCLK (net)
                      0.117120    0.013264    0.339947 ^ clkbuf_2_1_0_HCLK/A (sky130_fd_sc_hd__clkbuf_8)
     2    0.036936    0.058213    0.125711    0.465659 ^ clkbuf_2_1_0_HCLK/X (sky130_fd_sc_hd__clkbuf_8)
                                                         clknet_2_1_0_HCLK (net)
                      0.058723    0.004261    0.469920 ^ clkbuf_3_3__f_HCLK/A (sky130_fd_sc_hd__clkbuf_16)
    10    0.027954    0.036768    0.097675    0.567595 ^ clkbuf_3_3__f_HCLK/X (sky130_fd_sc_hd__clkbuf_16)
                                                         clknet_3_3__leaf_HCLK (net)
                      0.036773    0.000444    0.568039 ^ _205_/CLK (sky130_fd_sc_hd__dfrtp_1)
     2    0.004192    0.039565    0.205948    0.773987 ^ _205_/Q (sky130_fd_sc_hd__dfrtp_1)
                                                         net156 (net)
                      0.039565    0.000080    0.774068 ^ hold1/A (sky130_fd_sc_hd__dlygate4sd3_1)
     1    0.002458    0.035292    0.370431    1.144498 ^ hold1/X (sky130_fd_sc_hd__dlygate4sd3_1)
                                                         net193 (net)
                      0.035292    0.000050    1.144548 ^ _138_/A1 (sky130_fd_sc_hd__mux2_1)
     1    0.002414    0.026508    0.071964    1.216513 ^ _138_/X (sky130_fd_sc_hd__mux2_1)
                                                         _054_ (net)
                      0.026508    0.000069    1.216581 ^ _205_/D (sky130_fd_sc_hd__dfrtp_1)
                                              1.216581   data arrival time

                                  0.000000    0.000000   clock HCLK (rise edge)
                                  0.000000    0.000000   clock source latency
     1    0.059439    0.203180    0.147358    0.147358 ^ HCLK (in)
                                                         HCLK (net)
                      0.204534    0.000000    0.147358 ^ clkbuf_0_HCLK/A (sky130_fd_sc_hd__clkbuf_16)
     5    0.134022    0.114650    0.179325    0.326684 ^ clkbuf_0_HCLK/X (sky130_fd_sc_hd__clkbuf_16)
                                                         clknet_0_HCLK (net)
                      0.117120    0.013264    0.339947 ^ clkbuf_2_1_0_HCLK/A (sky130_fd_sc_hd__clkbuf_8)
     2    0.036936    0.058213    0.125711    0.465659 ^ clkbuf_2_1_0_HCLK/X (sky130_fd_sc_hd__clkbuf_8)
                                                         clknet_2_1_0_HCLK (net)
                      0.058723    0.004261    0.469920 ^ clkbuf_3_3__f_HCLK/A (sky130_fd_sc_hd__clkbuf_16)
    10    0.027954    0.036768    0.097675    0.567595 ^ clkbuf_3_3__f_HCLK/X (sky130_fd_sc_hd__clkbuf_16)
                                                         clknet_3_3__leaf_HCLK (net)
                      0.036773    0.000444    0.568039 ^ _205_/CLK (sky130_fd_sc_hd__dfrtp_1)
                                  0.250000    0.818039   clock uncertainty
                                  0.000000    0.818039   clock reconvergence pessimism
                                 -0.019299    0.798739   library hold time
                                              0.798739   data required time
---------------------------------------------------------------------------------------------
                                              0.798739   data required time
                                             -1.216581   data arrival time
---------------------------------------------------------------------------------------------
                                              0.417842   slack (MET)


Startpoint: _201_ (rising edge-triggered flip-flop clocked by HCLK)
Endpoint: _201_ (rising edge-triggered flip-flop clocked by HCLK)
Path Group: HCLK
Path Type: min

Fanout         Cap        Slew       Delay        Time   Description
---------------------------------------------------------------------------------------------
                                  0.000000    0.000000   clock HCLK (rise edge)
                                  0.000000    0.000000   clock source latency
     1    0.059439    0.203180    0.147358    0.147358 ^ HCLK (in)
                                                         HCLK (net)
                      0.204534    0.000000    0.147358 ^ clkbuf_0_HCLK/A (sky130_fd_sc_hd__clkbuf_16)
     5    0.134022    0.114650    0.179325    0.326684 ^ clkbuf_0_HCLK/X (sky130_fd_sc_hd__clkbuf_16)
                                                         clknet_0_HCLK (net)
                      0.117120    0.013264    0.339947 ^ clkbuf_2_1_0_HCLK/A (sky130_fd_sc_hd__clkbuf_8)
     2    0.036936    0.058213    0.125711    0.465659 ^ clkbuf_2_1_0_HCLK/X (sky130_fd_sc_hd__clkbuf_8)
                                                         clknet_2_1_0_HCLK (net)
                      0.058723    0.004261    0.469920 ^ clkbuf_3_3__f_HCLK/A (sky130_fd_sc_hd__clkbuf_16)
    10    0.027954    0.036768    0.097675    0.567595 ^ clkbuf_3_3__f_HCLK/X (sky130_fd_sc_hd__clkbuf_16)
                                                         clknet_3_3__leaf_HCLK (net)
                      0.036779    0.000593    0.568188 ^ _201_/CLK (sky130_fd_sc_hd__dfrtp_1)
     2    0.004136    0.039238    0.205667    0.773855 ^ _201_/Q (sky130_fd_sc_hd__dfrtp_1)
                                                         net151 (net)
                      0.039238    0.000099    0.773953 ^ hold2/A (sky130_fd_sc_hd__dlygate4sd3_1)
     1    0.002560    0.035877    0.371015    1.144969 ^ hold2/X (sky130_fd_sc_hd__dlygate4sd3_1)
                                                         net194 (net)
                      0.035877    0.000049    1.145018 ^ _134_/A1 (sky130_fd_sc_hd__mux2_1)
     1    0.002427    0.026694    0.072197    1.217214 ^ _134_/X (sky130_fd_sc_hd__mux2_1)
                                                         _050_ (net)
                      0.026696    0.000069    1.217283 ^ _201_/D (sky130_fd_sc_hd__dfrtp_1)
                                              1.217283   data arrival time

                                  0.000000    0.000000   clock HCLK (rise edge)
                                  0.000000    0.000000   clock source latency
     1    0.059439    0.203180    0.147358    0.147358 ^ HCLK (in)
                                                         HCLK (net)
                      0.204534    0.000000    0.147358 ^ clkbuf_0_HCLK/A (sky130_fd_sc_hd__clkbuf_16)
     5    0.134022    0.114650    0.179325    0.326684 ^ clkbuf_0_HCLK/X (sky130_fd_sc_hd__clkbuf_16)
                                                         clknet_0_HCLK (net)
                      0.117120    0.013264    0.339947 ^ clkbuf_2_1_0_HCLK/A (sky130_fd_sc_hd__clkbuf_8)
     2    0.036936    0.058213    0.125711    0.465659 ^ clkbuf_2_1_0_HCLK/X (sky130_fd_sc_hd__clkbuf_8)
                                                         clknet_2_1_0_HCLK (net)
                      0.058723    0.004261    0.469920 ^ clkbuf_3_3__f_HCLK/A (sky130_fd_sc_hd__clkbuf_16)
    10    0.027954    0.036768    0.097675    0.567595 ^ clkbuf_3_3__f_HCLK/X (sky130_fd_sc_hd__clkbuf_16)
                                                         clknet_3_3__leaf_HCLK (net)
                      0.036779    0.000593    0.568188 ^ _201_/CLK (sky130_fd_sc_hd__dfrtp_1)
                                  0.250000    0.818188   clock uncertainty
                                  0.000000    0.818188   clock reconvergence pessimism
                                 -0.019313    0.798874   library hold time
                                              0.798874   data required time
---------------------------------------------------------------------------------------------
                                              0.798874   data required time
                                             -1.217283   data arrival time
---------------------------------------------------------------------------------------------
                                              0.418409   slack (MET)


Startpoint: _193_ (rising edge-triggered flip-flop clocked by HCLK)
Endpoint: _193_ (rising edge-triggered flip-flop clocked by HCLK)
Path Group: HCLK
Path Type: min

Fanout         Cap        Slew       Delay        Time   Description
---------------------------------------------------------------------------------------------
                                  0.000000    0.000000   clock HCLK (rise edge)
                                  0.000000    0.000000   clock source latency
     1    0.059439    0.203180    0.147358    0.147358 ^ HCLK (in)
                                                         HCLK (net)
                      0.204534    0.000000    0.147358 ^ clkbuf_0_HCLK/A (sky130_fd_sc_hd__clkbuf_16)
     5    0.134022    0.114650    0.179325    0.326684 ^ clkbuf_0_HCLK/X (sky130_fd_sc_hd__clkbuf_16)
                                                         clknet_0_HCLK (net)
                      0.116431    0.011266    0.337950 ^ clkbuf_2_2_0_HCLK/A (sky130_fd_sc_hd__clkbuf_8)
     2    0.035419    0.056406    0.124539    0.462489 ^ clkbuf_2_2_0_HCLK/X (sky130_fd_sc_hd__clkbuf_8)
                                                         clknet_2_2_0_HCLK (net)
                      0.056729    0.003332    0.465821 ^ clkbuf_3_4__f_HCLK/A (sky130_fd_sc_hd__clkbuf_16)
    11    0.039914    0.045093    0.104073    0.569895 ^ clkbuf_3_4__f_HCLK/X (sky130_fd_sc_hd__clkbuf_16)
                                                         clknet_3_4__leaf_HCLK (net)
                      0.045122    0.000980    0.570875 ^ _193_/CLK (sky130_fd_sc_hd__dfrtp_1)
     2    0.004440    0.041019    0.209660    0.780534 ^ _193_/Q (sky130_fd_sc_hd__dfrtp_1)
                                                         net143 (net)
                      0.041019    0.000091    0.780626 ^ hold22/A (sky130_fd_sc_hd__dlygate4sd3_1)
     1    0.002423    0.035095    0.370521    1.151147 ^ hold22/X (sky130_fd_sc_hd__dlygate4sd3_1)
                                                         net214 (net)
                      0.035095    0.000046    1.151193 ^ _126_/A1 (sky130_fd_sc_hd__mux2_1)
     1    0.002438    0.026726    0.072035    1.223228 ^ _126_/X (sky130_fd_sc_hd__mux2_1)
                                                         _042_ (net)
                      0.026726    0.000069    1.223297 ^ _193_/D (sky130_fd_sc_hd__dfrtp_1)
                                              1.223297   data arrival time

                                  0.000000    0.000000   clock HCLK (rise edge)
                                  0.000000    0.000000   clock source latency
     1    0.059439    0.203180    0.147358    0.147358 ^ HCLK (in)
                                                         HCLK (net)
                      0.204534    0.000000    0.147358 ^ clkbuf_0_HCLK/A (sky130_fd_sc_hd__clkbuf_16)
     5    0.134022    0.114650    0.179325    0.326684 ^ clkbuf_0_HCLK/X (sky130_fd_sc_hd__clkbuf_16)
                                                         clknet_0_HCLK (net)
                      0.116431    0.011266    0.337950 ^ clkbuf_2_2_0_HCLK/A (sky130_fd_sc_hd__clkbuf_8)
     2    0.035419    0.056406    0.124539    0.462489 ^ clkbuf_2_2_0_HCLK/X (sky130_fd_sc_hd__clkbuf_8)
                                                         clknet_2_2_0_HCLK (net)
                      0.056729    0.003332    0.465821 ^ clkbuf_3_4__f_HCLK/A (sky130_fd_sc_hd__clkbuf_16)
    11    0.039914    0.045093    0.104073    0.569895 ^ clkbuf_3_4__f_HCLK/X (sky130_fd_sc_hd__clkbuf_16)
                                                         clknet_3_4__leaf_HCLK (net)
                      0.045122    0.000980    0.570875 ^ _193_/CLK (sky130_fd_sc_hd__dfrtp_1)
                                  0.250000    0.820875   clock uncertainty
                                  0.000000    0.820875   clock reconvergence pessimism
                                 -0.019095    0.801779   library hold time
                                              0.801779   data required time
---------------------------------------------------------------------------------------------
                                              0.801779   data required time
                                             -1.223297   data arrival time
---------------------------------------------------------------------------------------------
                                              0.421518   slack (MET)


Startpoint: _176_ (rising edge-triggered flip-flop clocked by HCLK)
Endpoint: _176_ (rising edge-triggered flip-flop clocked by HCLK)
Path Group: HCLK
Path Type: min

Fanout         Cap        Slew       Delay        Time   Description
---------------------------------------------------------------------------------------------
                                  0.000000    0.000000   clock HCLK (rise edge)
                                  0.000000    0.000000   clock source latency
     1    0.059439    0.203180    0.147358    0.147358 ^ HCLK (in)
                                                         HCLK (net)
                      0.204534    0.000000    0.147358 ^ clkbuf_0_HCLK/A (sky130_fd_sc_hd__clkbuf_16)
     5    0.134022    0.114650    0.179325    0.326684 ^ clkbuf_0_HCLK/X (sky130_fd_sc_hd__clkbuf_16)
                                                         clknet_0_HCLK (net)
                      0.116431    0.011266    0.337950 ^ clkbuf_2_2_0_HCLK/A (sky130_fd_sc_hd__clkbuf_8)
     2    0.035419    0.056406    0.124539    0.462489 ^ clkbuf_2_2_0_HCLK/X (sky130_fd_sc_hd__clkbuf_8)
                                                         clknet_2_2_0_HCLK (net)
                      0.056729    0.003332    0.465821 ^ clkbuf_3_4__f_HCLK/A (sky130_fd_sc_hd__clkbuf_16)
    11    0.039914    0.045093    0.104073    0.569895 ^ clkbuf_3_4__f_HCLK/X (sky130_fd_sc_hd__clkbuf_16)
                                                         clknet_3_4__leaf_HCLK (net)
                      0.045114    0.000865    0.570760 ^ _176_/CLK (sky130_fd_sc_hd__dfrtp_1)
     2    0.004280    0.040078    0.208888    0.779648 ^ _176_/Q (sky130_fd_sc_hd__dfrtp_1)
                                                         net122 (net)
                      0.040078    0.000107    0.779755 ^ hold5/A (sky130_fd_sc_hd__dlygate4sd3_1)
     1    0.002566    0.035909    0.371229    1.150984 ^ hold5/X (sky130_fd_sc_hd__dlygate4sd3_1)
                                                         net197 (net)
                      0.035909    0.000053    1.151036 ^ _109_/A1 (sky130_fd_sc_hd__mux2_1)
     1    0.002620    0.027663    0.073192    1.224228 ^ _109_/X (sky130_fd_sc_hd__mux2_1)
                                                         _025_ (net)
                      0.027663    0.000076    1.224305 ^ _176_/D (sky130_fd_sc_hd__dfrtp_1)
                                              1.224305   data arrival time

                                  0.000000    0.000000   clock HCLK (rise edge)
                                  0.000000    0.000000   clock source latency
     1    0.059439    0.203180    0.147358    0.147358 ^ HCLK (in)
                                                         HCLK (net)
                      0.204534    0.000000    0.147358 ^ clkbuf_0_HCLK/A (sky130_fd_sc_hd__clkbuf_16)
     5    0.134022    0.114650    0.179325    0.326684 ^ clkbuf_0_HCLK/X (sky130_fd_sc_hd__clkbuf_16)
                                                         clknet_0_HCLK (net)
                      0.116431    0.011266    0.337950 ^ clkbuf_2_2_0_HCLK/A (sky130_fd_sc_hd__clkbuf_8)
     2    0.035419    0.056406    0.124539    0.462489 ^ clkbuf_2_2_0_HCLK/X (sky130_fd_sc_hd__clkbuf_8)
                                                         clknet_2_2_0_HCLK (net)
                      0.056729    0.003332    0.465821 ^ clkbuf_3_4__f_HCLK/A (sky130_fd_sc_hd__clkbuf_16)
    11    0.039914    0.045093    0.104073    0.569895 ^ clkbuf_3_4__f_HCLK/X (sky130_fd_sc_hd__clkbuf_16)
                                                         clknet_3_4__leaf_HCLK (net)
                      0.045114    0.000865    0.570760 ^ _176_/CLK (sky130_fd_sc_hd__dfrtp_1)
                                  0.250000    0.820760   clock uncertainty
                                  0.000000    0.820760   clock reconvergence pessimism
                                 -0.019166    0.801593   library hold time
                                              0.801593   data required time
---------------------------------------------------------------------------------------------
                                              0.801593   data required time
                                             -1.224305   data arrival time
---------------------------------------------------------------------------------------------
                                              0.422711   slack (MET)


Startpoint: _166_ (rising edge-triggered flip-flop clocked by HCLK)
Endpoint: _166_ (rising edge-triggered flip-flop clocked by HCLK)
Path Group: HCLK
Path Type: min

Fanout         Cap        Slew       Delay        Time   Description
---------------------------------------------------------------------------------------------
                                  0.000000    0.000000   clock HCLK (rise edge)
                                  0.000000    0.000000   clock source latency
     1    0.059439    0.203180    0.147358    0.147358 ^ HCLK (in)
                                                         HCLK (net)
                      0.204534    0.000000    0.147358 ^ clkbuf_0_HCLK/A (sky130_fd_sc_hd__clkbuf_16)
     5    0.134022    0.114650    0.179325    0.326684 ^ clkbuf_0_HCLK/X (sky130_fd_sc_hd__clkbuf_16)
                                                         clknet_0_HCLK (net)
                      0.117120    0.013264    0.339947 ^ clkbuf_2_1_0_HCLK/A (sky130_fd_sc_hd__clkbuf_8)
     2    0.036936    0.058213    0.125711    0.465659 ^ clkbuf_2_1_0_HCLK/X (sky130_fd_sc_hd__clkbuf_8)
                                                         clknet_2_1_0_HCLK (net)
                      0.058723    0.004261    0.469920 ^ clkbuf_3_3__f_HCLK/A (sky130_fd_sc_hd__clkbuf_16)
    10    0.027954    0.036768    0.097675    0.567595 ^ clkbuf_3_3__f_HCLK/X (sky130_fd_sc_hd__clkbuf_16)
                                                         clknet_3_3__leaf_HCLK (net)
                      0.036780    0.000610    0.568205 ^ _166_/CLK (sky130_fd_sc_hd__dfrtp_1)
     2    0.005091    0.044851    0.210252    0.778457 ^ _166_/Q (sky130_fd_sc_hd__dfrtp_1)
                                                         net111 (net)
                      0.044851    0.000104    0.778561 ^ hold4/A (sky130_fd_sc_hd__dlygate4sd3_1)
     1    0.002421    0.035085    0.371330    1.149891 ^ hold4/X (sky130_fd_sc_hd__dlygate4sd3_1)
                                                         net196 (net)
                      0.035085    0.000048    1.149939 ^ _099_/A1 (sky130_fd_sc_hd__mux2_1)
     1    0.002390    0.026581    0.071787    1.221726 ^ _099_/X (sky130_fd_sc_hd__mux2_1)
                                                         _015_ (net)
                      0.026581    0.000067    1.221793 ^ _166_/D (sky130_fd_sc_hd__dfrtp_1)
                                              1.221793   data arrival time

                                  0.000000    0.000000   clock HCLK (rise edge)
                                  0.000000    0.000000   clock source latency
     1    0.059439    0.203180    0.147358    0.147358 ^ HCLK (in)
                                                         HCLK (net)
                      0.204534    0.000000    0.147358 ^ clkbuf_0_HCLK/A (sky130_fd_sc_hd__clkbuf_16)
     5    0.134022    0.114650    0.179325    0.326684 ^ clkbuf_0_HCLK/X (sky130_fd_sc_hd__clkbuf_16)
                                                         clknet_0_HCLK (net)
                      0.117120    0.013264    0.339947 ^ clkbuf_2_1_0_HCLK/A (sky130_fd_sc_hd__clkbuf_8)
     2    0.036936    0.058213    0.125711    0.465659 ^ clkbuf_2_1_0_HCLK/X (sky130_fd_sc_hd__clkbuf_8)
                                                         clknet_2_1_0_HCLK (net)
                      0.058723    0.004261    0.469920 ^ clkbuf_3_3__f_HCLK/A (sky130_fd_sc_hd__clkbuf_16)
    10    0.027954    0.036768    0.097675    0.567595 ^ clkbuf_3_3__f_HCLK/X (sky130_fd_sc_hd__clkbuf_16)
                                                         clknet_3_3__leaf_HCLK (net)
                      0.036780    0.000610    0.568205 ^ _166_/CLK (sky130_fd_sc_hd__dfrtp_1)
                                  0.250000    0.818205   clock uncertainty
                                  0.000000    0.818205   clock reconvergence pessimism
                                 -0.019305    0.798900   library hold time
                                              0.798900   data required time
---------------------------------------------------------------------------------------------
                                              0.798900   data required time
                                             -1.221793   data arrival time
---------------------------------------------------------------------------------------------
                                              0.422893   slack (MET)


Startpoint: _157_ (rising edge-triggered flip-flop clocked by HCLK)
Endpoint: _157_ (rising edge-triggered flip-flop clocked by HCLK)
Path Group: HCLK
Path Type: min

Fanout         Cap        Slew       Delay        Time   Description
---------------------------------------------------------------------------------------------
                                  0.000000    0.000000   clock HCLK (rise edge)
                                  0.000000    0.000000   clock source latency
     1    0.059439    0.203180    0.147358    0.147358 ^ HCLK (in)
                                                         HCLK (net)
                      0.204534    0.000000    0.147358 ^ clkbuf_0_HCLK/A (sky130_fd_sc_hd__clkbuf_16)
     5    0.134022    0.114650    0.179325    0.326684 ^ clkbuf_0_HCLK/X (sky130_fd_sc_hd__clkbuf_16)
                                                         clknet_0_HCLK (net)
                      0.117120    0.013264    0.339947 ^ clkbuf_2_1_0_HCLK/A (sky130_fd_sc_hd__clkbuf_8)
     2    0.036936    0.058213    0.125711    0.465659 ^ clkbuf_2_1_0_HCLK/X (sky130_fd_sc_hd__clkbuf_8)
                                                         clknet_2_1_0_HCLK (net)
                      0.058761    0.004422    0.470081 ^ clkbuf_3_2__f_HCLK/A (sky130_fd_sc_hd__clkbuf_16)
    10    0.036695    0.042800    0.102531    0.572612 ^ clkbuf_3_2__f_HCLK/X (sky130_fd_sc_hd__clkbuf_16)
                                                         clknet_3_2__leaf_HCLK (net)
                      0.042982    0.001634    0.574245 ^ _157_/CLK (sky130_fd_sc_hd__dfrtp_1)
     2    0.005279    0.045971    0.213034    0.787279 ^ _157_/Q (sky130_fd_sc_hd__dfrtp_1)
                                                         net133 (net)
                      0.045971    0.000108    0.787387 ^ hold30/A (sky130_fd_sc_hd__dlygate4sd3_1)
     1    0.002463    0.035325    0.371841    1.159229 ^ hold30/X (sky130_fd_sc_hd__dlygate4sd3_1)
                                                         net222 (net)
                      0.035325    0.000049    1.159278 ^ _090_/A1 (sky130_fd_sc_hd__mux2_1)
     1    0.002400    0.026431    0.071906    1.231183 ^ _090_/X (sky130_fd_sc_hd__mux2_1)
                                                         _006_ (net)
                      0.026433    0.000069    1.231252 ^ _157_/D (sky130_fd_sc_hd__dfrtp_1)
                                              1.231252   data arrival time

                                  0.000000    0.000000   clock HCLK (rise edge)
                                  0.000000    0.000000   clock source latency
     1    0.059439    0.203180    0.147358    0.147358 ^ HCLK (in)
                                                         HCLK (net)
                      0.204534    0.000000    0.147358 ^ clkbuf_0_HCLK/A (sky130_fd_sc_hd__clkbuf_16)
     5    0.134022    0.114650    0.179325    0.326684 ^ clkbuf_0_HCLK/X (sky130_fd_sc_hd__clkbuf_16)
                                                         clknet_0_HCLK (net)
                      0.117120    0.013264    0.339947 ^ clkbuf_2_1_0_HCLK/A (sky130_fd_sc_hd__clkbuf_8)
     2    0.036936    0.058213    0.125711    0.465659 ^ clkbuf_2_1_0_HCLK/X (sky130_fd_sc_hd__clkbuf_8)
                                                         clknet_2_1_0_HCLK (net)
                      0.058761    0.004422    0.470081 ^ clkbuf_3_2__f_HCLK/A (sky130_fd_sc_hd__clkbuf_16)
    10    0.036695    0.042800    0.102531    0.572612 ^ clkbuf_3_2__f_HCLK/X (sky130_fd_sc_hd__clkbuf_16)
                                                         clknet_3_2__leaf_HCLK (net)
                      0.042982    0.001634    0.574245 ^ _157_/CLK (sky130_fd_sc_hd__dfrtp_1)
                                  0.250000    0.824245   clock uncertainty
                                  0.000000    0.824245   clock reconvergence pessimism
                                 -0.019130    0.805115   library hold time
                                              0.805115   data required time
---------------------------------------------------------------------------------------------
                                              0.805115   data required time
                                             -1.231252   data arrival time
---------------------------------------------------------------------------------------------
                                              0.426137   slack (MET)


Startpoint: _194_ (rising edge-triggered flip-flop clocked by HCLK)
Endpoint: _194_ (rising edge-triggered flip-flop clocked by HCLK)
Path Group: HCLK
Path Type: min

Fanout         Cap        Slew       Delay        Time   Description
---------------------------------------------------------------------------------------------
                                  0.000000    0.000000   clock HCLK (rise edge)
                                  0.000000    0.000000   clock source latency
     1    0.059439    0.203180    0.147358    0.147358 ^ HCLK (in)
                                                         HCLK (net)
                      0.204534    0.000000    0.147358 ^ clkbuf_0_HCLK/A (sky130_fd_sc_hd__clkbuf_16)
     5    0.134022    0.114650    0.179325    0.326684 ^ clkbuf_0_HCLK/X (sky130_fd_sc_hd__clkbuf_16)
                                                         clknet_0_HCLK (net)
                      0.116431    0.011266    0.337950 ^ clkbuf_2_2_0_HCLK/A (sky130_fd_sc_hd__clkbuf_8)
     2    0.035419    0.056406    0.124539    0.462489 ^ clkbuf_2_2_0_HCLK/X (sky130_fd_sc_hd__clkbuf_8)
                                                         clknet_2_2_0_HCLK (net)
                      0.056729    0.003332    0.465821 ^ clkbuf_3_4__f_HCLK/A (sky130_fd_sc_hd__clkbuf_16)
    11    0.039914    0.045093    0.104073    0.569895 ^ clkbuf_3_4__f_HCLK/X (sky130_fd_sc_hd__clkbuf_16)
                                                         clknet_3_4__leaf_HCLK (net)
                      0.045106    0.000724    0.570619 ^ _194_/CLK (sky130_fd_sc_hd__dfrtp_1)
     2    0.005073    0.044757    0.212691    0.783310 ^ _194_/Q (sky130_fd_sc_hd__dfrtp_1)
                                                         net144 (net)
                      0.044757    0.000130    0.783440 ^ hold7/A (sky130_fd_sc_hd__dlygate4sd3_1)
     1    0.002449    0.035237    0.371482    1.154923 ^ hold7/X (sky130_fd_sc_hd__dlygate4sd3_1)
                                                         net199 (net)
                      0.035237    0.000069    1.154992 ^ _127_/A1 (sky130_fd_sc_hd__mux2_1)
     1    0.002576    0.027604    0.072782    1.227774 ^ _127_/X (sky130_fd_sc_hd__mux2_1)
                                                         _043_ (net)
                      0.027604    0.000073    1.227847 ^ _194_/D (sky130_fd_sc_hd__dfrtp_1)
                                              1.227847   data arrival time

                                  0.000000    0.000000   clock HCLK (rise edge)
                                  0.000000    0.000000   clock source latency
     1    0.059439    0.203180    0.147358    0.147358 ^ HCLK (in)
                                                         HCLK (net)
                      0.204534    0.000000    0.147358 ^ clkbuf_0_HCLK/A (sky130_fd_sc_hd__clkbuf_16)
     5    0.134022    0.114650    0.179325    0.326684 ^ clkbuf_0_HCLK/X (sky130_fd_sc_hd__clkbuf_16)
                                                         clknet_0_HCLK (net)
                      0.116431    0.011266    0.337950 ^ clkbuf_2_2_0_HCLK/A (sky130_fd_sc_hd__clkbuf_8)
     2    0.035419    0.056406    0.124539    0.462489 ^ clkbuf_2_2_0_HCLK/X (sky130_fd_sc_hd__clkbuf_8)
                                                         clknet_2_2_0_HCLK (net)
                      0.056729    0.003332    0.465821 ^ clkbuf_3_4__f_HCLK/A (sky130_fd_sc_hd__clkbuf_16)
    11    0.039914    0.045093    0.104073    0.569895 ^ clkbuf_3_4__f_HCLK/X (sky130_fd_sc_hd__clkbuf_16)
                                                         clknet_3_4__leaf_HCLK (net)
                      0.045106    0.000724    0.570619 ^ _194_/CLK (sky130_fd_sc_hd__dfrtp_1)
                                  0.250000    0.820619   clock uncertainty
                                  0.000000    0.820619   clock reconvergence pessimism
                                 -0.019162    0.801457   library hold time
                                              0.801457   data required time
---------------------------------------------------------------------------------------------
                                              0.801457   data required time
                                             -1.227847   data arrival time
---------------------------------------------------------------------------------------------
                                              0.426390   slack (MET)


Startpoint: _182_ (rising edge-triggered flip-flop clocked by HCLK)
Endpoint: _182_ (rising edge-triggered flip-flop clocked by HCLK)
Path Group: HCLK
Path Type: min

Fanout         Cap        Slew       Delay        Time   Description
---------------------------------------------------------------------------------------------
                                  0.000000    0.000000   clock HCLK (rise edge)
                                  0.000000    0.000000   clock source latency
     1    0.059439    0.203180    0.147358    0.147358 ^ HCLK (in)
                                                         HCLK (net)
                      0.204534    0.000000    0.147358 ^ clkbuf_0_HCLK/A (sky130_fd_sc_hd__clkbuf_16)
     5    0.134022    0.114650    0.179325    0.326684 ^ clkbuf_0_HCLK/X (sky130_fd_sc_hd__clkbuf_16)
                                                         clknet_0_HCLK (net)
                      0.117120    0.013264    0.339947 ^ clkbuf_2_1_0_HCLK/A (sky130_fd_sc_hd__clkbuf_8)
     2    0.036936    0.058213    0.125711    0.465659 ^ clkbuf_2_1_0_HCLK/X (sky130_fd_sc_hd__clkbuf_8)
                                                         clknet_2_1_0_HCLK (net)
                      0.058761    0.004422    0.470081 ^ clkbuf_3_2__f_HCLK/A (sky130_fd_sc_hd__clkbuf_16)
    10    0.036695    0.042800    0.102531    0.572612 ^ clkbuf_3_2__f_HCLK/X (sky130_fd_sc_hd__clkbuf_16)
                                                         clknet_3_2__leaf_HCLK (net)
                      0.043070    0.002322    0.574934 ^ _182_/CLK (sky130_fd_sc_hd__dfrtp_1)
     2    0.005344    0.046357    0.213374    0.788309 ^ _182_/Q (sky130_fd_sc_hd__dfrtp_1)
                                                         net129 (net)
                      0.046357    0.000108    0.788416 ^ hold29/A (sky130_fd_sc_hd__dlygate4sd3_1)
     1    0.002457    0.035289    0.371882    1.160299 ^ hold29/X (sky130_fd_sc_hd__dlygate4sd3_1)
                                                         net221 (net)
                      0.035289    0.000049    1.160348 ^ _115_/A1 (sky130_fd_sc_hd__mux2_1)
     1    0.002386    0.026355    0.071821    1.232169 ^ _115_/X (sky130_fd_sc_hd__mux2_1)
                                                         _031_ (net)
                      0.026356    0.000068    1.232237 ^ _182_/D (sky130_fd_sc_hd__dfrtp_1)
                                              1.232237   data arrival time

                                  0.000000    0.000000   clock HCLK (rise edge)
                                  0.000000    0.000000   clock source latency
     1    0.059439    0.203180    0.147358    0.147358 ^ HCLK (in)
                                                         HCLK (net)
                      0.204534    0.000000    0.147358 ^ clkbuf_0_HCLK/A (sky130_fd_sc_hd__clkbuf_16)
     5    0.134022    0.114650    0.179325    0.326684 ^ clkbuf_0_HCLK/X (sky130_fd_sc_hd__clkbuf_16)
                                                         clknet_0_HCLK (net)
                      0.117120    0.013264    0.339947 ^ clkbuf_2_1_0_HCLK/A (sky130_fd_sc_hd__clkbuf_8)
     2    0.036936    0.058213    0.125711    0.465659 ^ clkbuf_2_1_0_HCLK/X (sky130_fd_sc_hd__clkbuf_8)
                                                         clknet_2_1_0_HCLK (net)
                      0.058761    0.004422    0.470081 ^ clkbuf_3_2__f_HCLK/A (sky130_fd_sc_hd__clkbuf_16)
    10    0.036695    0.042800    0.102531    0.572612 ^ clkbuf_3_2__f_HCLK/X (sky130_fd_sc_hd__clkbuf_16)
                                                         clknet_3_2__leaf_HCLK (net)
                      0.043070    0.002322    0.574934 ^ _182_/CLK (sky130_fd_sc_hd__dfrtp_1)
                                  0.250000    0.824934   clock uncertainty
                                  0.000000    0.824934   clock reconvergence pessimism
                                 -0.019122    0.805812   library hold time
                                              0.805812   data required time
---------------------------------------------------------------------------------------------
                                              0.805812   data required time
                                             -1.232237   data arrival time
---------------------------------------------------------------------------------------------
                                              0.426425   slack (MET)


Startpoint: _206_ (rising edge-triggered flip-flop clocked by HCLK)
Endpoint: _206_ (rising edge-triggered flip-flop clocked by HCLK)
Path Group: HCLK
Path Type: min

Fanout         Cap        Slew       Delay        Time   Description
---------------------------------------------------------------------------------------------
                                  0.000000    0.000000   clock HCLK (rise edge)
                                  0.000000    0.000000   clock source latency
     1    0.059439    0.203180    0.147358    0.147358 ^ HCLK (in)
                                                         HCLK (net)
                      0.204534    0.000000    0.147358 ^ clkbuf_0_HCLK/A (sky130_fd_sc_hd__clkbuf_16)
     5    0.134022    0.114650    0.179325    0.326684 ^ clkbuf_0_HCLK/X (sky130_fd_sc_hd__clkbuf_16)
                                                         clknet_0_HCLK (net)
                      0.116381    0.011108    0.337791 ^ clkbuf_2_3_0_HCLK/A (sky130_fd_sc_hd__clkbuf_8)
     2    0.039123    0.060921    0.128564    0.466355 ^ clkbuf_2_3_0_HCLK/X (sky130_fd_sc_hd__clkbuf_8)
                                                         clknet_2_3_0_HCLK (net)
                      0.061123    0.002757    0.469112 ^ clkbuf_3_6__f_HCLK/A (sky130_fd_sc_hd__clkbuf_16)
     8    0.072928    0.069384    0.120378    0.589490 ^ clkbuf_3_6__f_HCLK/X (sky130_fd_sc_hd__clkbuf_16)
                                                         clknet_3_6__leaf_HCLK (net)
                      0.070498    0.006860    0.596350 ^ _206_/CLK (sky130_fd_sc_hd__dfrtp_1)
     2    0.004254    0.039919    0.215764    0.812114 ^ _206_/Q (sky130_fd_sc_hd__dfrtp_1)
                                                         net157 (net)
                      0.039919    0.000101    0.812215 ^ hold33/A (sky130_fd_sc_hd__dlygate4sd3_1)
     1    0.002362    0.034746    0.369890    1.182105 ^ hold33/X (sky130_fd_sc_hd__dlygate4sd3_1)
                                                         net225 (net)
                      0.034746    0.000047    1.182152 ^ _139_/A1 (sky130_fd_sc_hd__mux2_1)
     1    0.002474    0.026843    0.072121    1.254273 ^ _139_/X (sky130_fd_sc_hd__mux2_1)
                                                         _055_ (net)
                      0.026843    0.000069    1.254342 ^ _206_/D (sky130_fd_sc_hd__dfrtp_1)
                                              1.254342   data arrival time

                                  0.000000    0.000000   clock HCLK (rise edge)
                                  0.000000    0.000000   clock source latency
     1    0.059439    0.203180    0.147358    0.147358 ^ HCLK (in)
                                                         HCLK (net)
                      0.204534    0.000000    0.147358 ^ clkbuf_0_HCLK/A (sky130_fd_sc_hd__clkbuf_16)
     5    0.134022    0.114650    0.179325    0.326684 ^ clkbuf_0_HCLK/X (sky130_fd_sc_hd__clkbuf_16)
                                                         clknet_0_HCLK (net)
                      0.116381    0.011108    0.337791 ^ clkbuf_2_3_0_HCLK/A (sky130_fd_sc_hd__clkbuf_8)
     2    0.039123    0.060921    0.128564    0.466355 ^ clkbuf_2_3_0_HCLK/X (sky130_fd_sc_hd__clkbuf_8)
                                                         clknet_2_3_0_HCLK (net)
                      0.061123    0.002757    0.469112 ^ clkbuf_3_6__f_HCLK/A (sky130_fd_sc_hd__clkbuf_16)
     8    0.072928    0.069384    0.120378    0.589490 ^ clkbuf_3_6__f_HCLK/X (sky130_fd_sc_hd__clkbuf_16)
                                                         clknet_3_6__leaf_HCLK (net)
                      0.070498    0.006860    0.596350 ^ _206_/CLK (sky130_fd_sc_hd__dfrtp_1)
                                  0.250000    0.846350   clock uncertainty
                                  0.000000    0.846350   clock reconvergence pessimism
                                 -0.018434    0.827916   library hold time
                                              0.827916   data required time
---------------------------------------------------------------------------------------------
                                              0.827916   data required time
                                             -1.254342   data arrival time
---------------------------------------------------------------------------------------------
                                              0.426427   slack (MET)


Startpoint: _179_ (rising edge-triggered flip-flop clocked by HCLK)
Endpoint: _179_ (rising edge-triggered flip-flop clocked by HCLK)
Path Group: HCLK
Path Type: min

Fanout         Cap        Slew       Delay        Time   Description
---------------------------------------------------------------------------------------------
                                  0.000000    0.000000   clock HCLK (rise edge)
                                  0.000000    0.000000   clock source latency
     1    0.059439    0.203180    0.147358    0.147358 ^ HCLK (in)
                                                         HCLK (net)
                      0.204534    0.000000    0.147358 ^ clkbuf_0_HCLK/A (sky130_fd_sc_hd__clkbuf_16)
     5    0.134022    0.114650    0.179325    0.326684 ^ clkbuf_0_HCLK/X (sky130_fd_sc_hd__clkbuf_16)
                                                         clknet_0_HCLK (net)
                      0.117120    0.013264    0.339947 ^ clkbuf_2_1_0_HCLK/A (sky130_fd_sc_hd__clkbuf_8)
     2    0.036936    0.058213    0.125711    0.465659 ^ clkbuf_2_1_0_HCLK/X (sky130_fd_sc_hd__clkbuf_8)
                                                         clknet_2_1_0_HCLK (net)
                      0.058723    0.004261    0.469920 ^ clkbuf_3_3__f_HCLK/A (sky130_fd_sc_hd__clkbuf_16)
    10    0.027954    0.036768    0.097675    0.567595 ^ clkbuf_3_3__f_HCLK/X (sky130_fd_sc_hd__clkbuf_16)
                                                         clknet_3_3__leaf_HCLK (net)
                      0.036777    0.000550    0.568145 ^ _179_/CLK (sky130_fd_sc_hd__dfrtp_1)
     2    0.005717    0.048567    0.213254    0.781400 ^ _179_/Q (sky130_fd_sc_hd__dfrtp_1)
                                                         net125 (net)
                      0.048567    0.000116    0.781516 ^ hold17/A (sky130_fd_sc_hd__dlygate4sd3_1)
     1    0.002433    0.035156    0.372207    1.153723 ^ hold17/X (sky130_fd_sc_hd__dlygate4sd3_1)
                                                         net209 (net)
                      0.035156    0.000048    1.153771 ^ _112_/A1 (sky130_fd_sc_hd__mux2_1)
     1    0.002400    0.026636    0.071858    1.225629 ^ _112_/X (sky130_fd_sc_hd__mux2_1)
                                                         _028_ (net)
                      0.026636    0.000068    1.225698 ^ _179_/D (sky130_fd_sc_hd__dfrtp_1)
                                              1.225698   data arrival time

                                  0.000000    0.000000   clock HCLK (rise edge)
                                  0.000000    0.000000   clock source latency
     1    0.059439    0.203180    0.147358    0.147358 ^ HCLK (in)
                                                         HCLK (net)
                      0.204534    0.000000    0.147358 ^ clkbuf_0_HCLK/A (sky130_fd_sc_hd__clkbuf_16)
     5    0.134022    0.114650    0.179325    0.326684 ^ clkbuf_0_HCLK/X (sky130_fd_sc_hd__clkbuf_16)
                                                         clknet_0_HCLK (net)
                      0.117120    0.013264    0.339947 ^ clkbuf_2_1_0_HCLK/A (sky130_fd_sc_hd__clkbuf_8)
     2    0.036936    0.058213    0.125711    0.465659 ^ clkbuf_2_1_0_HCLK/X (sky130_fd_sc_hd__clkbuf_8)
                                                         clknet_2_1_0_HCLK (net)
                      0.058723    0.004261    0.469920 ^ clkbuf_3_3__f_HCLK/A (sky130_fd_sc_hd__clkbuf_16)
    10    0.027954    0.036768    0.097675    0.567595 ^ clkbuf_3_3__f_HCLK/X (sky130_fd_sc_hd__clkbuf_16)
                                                         clknet_3_3__leaf_HCLK (net)
                      0.036777    0.000550    0.568145 ^ _179_/CLK (sky130_fd_sc_hd__dfrtp_1)
                                  0.250000    0.818145   clock uncertainty
                                  0.000000    0.818145   clock reconvergence pessimism
                                 -0.019309    0.798836   library hold time
                                              0.798836   data required time
---------------------------------------------------------------------------------------------
                                              0.798836   data required time
                                             -1.225698   data arrival time
---------------------------------------------------------------------------------------------
                                              0.426861   slack (MET)


Startpoint: _213_ (rising edge-triggered flip-flop clocked by HCLK)
Endpoint: _213_ (rising edge-triggered flip-flop clocked by HCLK)
Path Group: HCLK
Path Type: min

Fanout         Cap        Slew       Delay        Time   Description
---------------------------------------------------------------------------------------------
                                  0.000000    0.000000   clock HCLK (rise edge)
                                  0.000000    0.000000   clock source latency
     1    0.059439    0.203180    0.147358    0.147358 ^ HCLK (in)
                                                         HCLK (net)
                      0.204534    0.000000    0.147358 ^ clkbuf_0_HCLK/A (sky130_fd_sc_hd__clkbuf_16)
     5    0.134022    0.114650    0.179325    0.326684 ^ clkbuf_0_HCLK/X (sky130_fd_sc_hd__clkbuf_16)
                                                         clknet_0_HCLK (net)
                      0.117120    0.013264    0.339947 ^ clkbuf_2_1_0_HCLK/A (sky130_fd_sc_hd__clkbuf_8)
     2    0.036936    0.058213    0.125711    0.465659 ^ clkbuf_2_1_0_HCLK/X (sky130_fd_sc_hd__clkbuf_8)
                                                         clknet_2_1_0_HCLK (net)
                      0.058723    0.004261    0.469920 ^ clkbuf_3_3__f_HCLK/A (sky130_fd_sc_hd__clkbuf_16)
    10    0.027954    0.036768    0.097675    0.567595 ^ clkbuf_3_3__f_HCLK/X (sky130_fd_sc_hd__clkbuf_16)
                                                         clknet_3_3__leaf_HCLK (net)
                      0.036775    0.000481    0.568076 ^ _213_/CLK (sky130_fd_sc_hd__dfrtp_1)
     2    0.004716    0.042647    0.208464    0.776540 ^ _213_/Q (sky130_fd_sc_hd__dfrtp_1)
                                                         net165 (net)
                      0.042647    0.000076    0.776616 ^ hold9/A (sky130_fd_sc_hd__dlygate4sd3_1)
     1    0.003233    0.040112    0.376040    1.152657 ^ hold9/X (sky130_fd_sc_hd__dlygate4sd3_1)
                                                         net201 (net)
                      0.040112    0.000097    1.152754 ^ _146_/A1 (sky130_fd_sc_hd__mux2_1)
     1    0.002464    0.026790    0.073567    1.226321 ^ _146_/X (sky130_fd_sc_hd__mux2_1)
                                                         _062_ (net)
                      0.026790    0.000071    1.226392 ^ _213_/D (sky130_fd_sc_hd__dfrtp_1)
                                              1.226392   data arrival time

                                  0.000000    0.000000   clock HCLK (rise edge)
                                  0.000000    0.000000   clock source latency
     1    0.059439    0.203180    0.147358    0.147358 ^ HCLK (in)
                                                         HCLK (net)
                      0.204534    0.000000    0.147358 ^ clkbuf_0_HCLK/A (sky130_fd_sc_hd__clkbuf_16)
     5    0.134022    0.114650    0.179325    0.326684 ^ clkbuf_0_HCLK/X (sky130_fd_sc_hd__clkbuf_16)
                                                         clknet_0_HCLK (net)
                      0.117120    0.013264    0.339947 ^ clkbuf_2_1_0_HCLK/A (sky130_fd_sc_hd__clkbuf_8)
     2    0.036936    0.058213    0.125711    0.465659 ^ clkbuf_2_1_0_HCLK/X (sky130_fd_sc_hd__clkbuf_8)
                                                         clknet_2_1_0_HCLK (net)
                      0.058723    0.004261    0.469920 ^ clkbuf_3_3__f_HCLK/A (sky130_fd_sc_hd__clkbuf_16)
    10    0.027954    0.036768    0.097675    0.567595 ^ clkbuf_3_3__f_HCLK/X (sky130_fd_sc_hd__clkbuf_16)
                                                         clknet_3_3__leaf_HCLK (net)
                      0.036775    0.000481    0.568076 ^ _213_/CLK (sky130_fd_sc_hd__dfrtp_1)
                                  0.250000    0.818076   clock uncertainty
                                  0.000000    0.818076   clock reconvergence pessimism
                                 -0.019321    0.798756   library hold time
                                              0.798756   data required time
---------------------------------------------------------------------------------------------
                                              0.798756   data required time
                                             -1.226392   data arrival time
---------------------------------------------------------------------------------------------
                                              0.427636   slack (MET)


Startpoint: _169_ (rising edge-triggered flip-flop clocked by HCLK)
Endpoint: _169_ (rising edge-triggered flip-flop clocked by HCLK)
Path Group: HCLK
Path Type: min

Fanout         Cap        Slew       Delay        Time   Description
---------------------------------------------------------------------------------------------
                                  0.000000    0.000000   clock HCLK (rise edge)
                                  0.000000    0.000000   clock source latency
     1    0.059439    0.203180    0.147358    0.147358 ^ HCLK (in)
                                                         HCLK (net)
                      0.204534    0.000000    0.147358 ^ clkbuf_0_HCLK/A (sky130_fd_sc_hd__clkbuf_16)
     5    0.134022    0.114650    0.179325    0.326684 ^ clkbuf_0_HCLK/X (sky130_fd_sc_hd__clkbuf_16)
                                                         clknet_0_HCLK (net)
                      0.116431    0.011266    0.337950 ^ clkbuf_2_2_0_HCLK/A (sky130_fd_sc_hd__clkbuf_8)
     2    0.035419    0.056406    0.124539    0.462489 ^ clkbuf_2_2_0_HCLK/X (sky130_fd_sc_hd__clkbuf_8)
                                                         clknet_2_2_0_HCLK (net)
                      0.056832    0.003837    0.466326 ^ clkbuf_3_5__f_HCLK/A (sky130_fd_sc_hd__clkbuf_16)
    11    0.035096    0.041718    0.101215    0.567541 ^ clkbuf_3_5__f_HCLK/X (sky130_fd_sc_hd__clkbuf_16)
                                                         clknet_3_5__leaf_HCLK (net)
                      0.041911    0.002111    0.569652 ^ _169_/CLK (sky130_fd_sc_hd__dfrtp_1)
     2    0.004717    0.042659    0.210015    0.779666 ^ _169_/Q (sky130_fd_sc_hd__dfrtp_1)
                                                         net114 (net)
                      0.042659    0.000102    0.779769 ^ hold25/A (sky130_fd_sc_hd__dlygate4sd3_1)
     1    0.002997    0.038584    0.374529    1.154298 ^ hold25/X (sky130_fd_sc_hd__dlygate4sd3_1)
                                                         net217 (net)
                      0.038584    0.000092    1.154390 ^ _102_/A1 (sky130_fd_sc_hd__mux2_1)
     1    0.002571    0.027391    0.073691    1.228081 ^ _102_/X (sky130_fd_sc_hd__mux2_1)
                                                         _018_ (net)
                      0.027391    0.000074    1.228155 ^ _169_/D (sky130_fd_sc_hd__dfrtp_1)
                                              1.228155   data arrival time

                                  0.000000    0.000000   clock HCLK (rise edge)
                                  0.000000    0.000000   clock source latency
     1    0.059439    0.203180    0.147358    0.147358 ^ HCLK (in)
                                                         HCLK (net)
                      0.204534    0.000000    0.147358 ^ clkbuf_0_HCLK/A (sky130_fd_sc_hd__clkbuf_16)
     5    0.134022    0.114650    0.179325    0.326684 ^ clkbuf_0_HCLK/X (sky130_fd_sc_hd__clkbuf_16)
                                                         clknet_0_HCLK (net)
                      0.116431    0.011266    0.337950 ^ clkbuf_2_2_0_HCLK/A (sky130_fd_sc_hd__clkbuf_8)
     2    0.035419    0.056406    0.124539    0.462489 ^ clkbuf_2_2_0_HCLK/X (sky130_fd_sc_hd__clkbuf_8)
                                                         clknet_2_2_0_HCLK (net)
                      0.056832    0.003837    0.466326 ^ clkbuf_3_5__f_HCLK/A (sky130_fd_sc_hd__clkbuf_16)
    11    0.035096    0.041718    0.101215    0.567541 ^ clkbuf_3_5__f_HCLK/X (sky130_fd_sc_hd__clkbuf_16)
                                                         clknet_3_5__leaf_HCLK (net)
                      0.041911    0.002111    0.569652 ^ _169_/CLK (sky130_fd_sc_hd__dfrtp_1)
                                  0.250000    0.819652   clock uncertainty
                                  0.000000    0.819652   clock reconvergence pessimism
                                 -0.019230    0.800421   library hold time
                                              0.800421   data required time
---------------------------------------------------------------------------------------------
                                              0.800421   data required time
                                             -1.228155   data arrival time
---------------------------------------------------------------------------------------------
                                              0.427734   slack (MET)


Startpoint: _186_ (rising edge-triggered flip-flop clocked by HCLK)
Endpoint: _186_ (rising edge-triggered flip-flop clocked by HCLK)
Path Group: HCLK
Path Type: min

Fanout         Cap        Slew       Delay        Time   Description
---------------------------------------------------------------------------------------------
                                  0.000000    0.000000   clock HCLK (rise edge)
                                  0.000000    0.000000   clock source latency
     1    0.059439    0.203180    0.147358    0.147358 ^ HCLK (in)
                                                         HCLK (net)
                      0.204534    0.000000    0.147358 ^ clkbuf_0_HCLK/A (sky130_fd_sc_hd__clkbuf_16)
     5    0.134022    0.114650    0.179325    0.326684 ^ clkbuf_0_HCLK/X (sky130_fd_sc_hd__clkbuf_16)
                                                         clknet_0_HCLK (net)
                      0.116431    0.011266    0.337950 ^ clkbuf_2_2_0_HCLK/A (sky130_fd_sc_hd__clkbuf_8)
     2    0.035419    0.056406    0.124539    0.462489 ^ clkbuf_2_2_0_HCLK/X (sky130_fd_sc_hd__clkbuf_8)
                                                         clknet_2_2_0_HCLK (net)
                      0.056832    0.003837    0.466326 ^ clkbuf_3_5__f_HCLK/A (sky130_fd_sc_hd__clkbuf_16)
    11    0.035096    0.041718    0.101215    0.567541 ^ clkbuf_3_5__f_HCLK/X (sky130_fd_sc_hd__clkbuf_16)
                                                         clknet_3_5__leaf_HCLK (net)
                      0.041908    0.002081    0.569622 ^ _186_/CLK (sky130_fd_sc_hd__dfrtp_1)
     2    0.004731    0.042743    0.210082    0.779705 ^ _186_/Q (sky130_fd_sc_hd__dfrtp_1)
                                                         net167 (net)
                      0.042743    0.000107    0.779812 ^ hold27/A (sky130_fd_sc_hd__dlygate4sd3_1)
     1    0.002700    0.036688    0.372650    1.152462 ^ hold27/X (sky130_fd_sc_hd__dlygate4sd3_1)
                                                         net219 (net)
                      0.036688    0.000079    1.152541 ^ _119_/A1 (sky130_fd_sc_hd__mux2_1)
     1    0.003038    0.030051    0.075552    1.228093 ^ _119_/X (sky130_fd_sc_hd__mux2_1)
                                                         _035_ (net)
                      0.030051    0.000087    1.228180 ^ _186_/D (sky130_fd_sc_hd__dfrtp_1)
                                              1.228180   data arrival time

                                  0.000000    0.000000   clock HCLK (rise edge)
                                  0.000000    0.000000   clock source latency
     1    0.059439    0.203180    0.147358    0.147358 ^ HCLK (in)
                                                         HCLK (net)
                      0.204534    0.000000    0.147358 ^ clkbuf_0_HCLK/A (sky130_fd_sc_hd__clkbuf_16)
     5    0.134022    0.114650    0.179325    0.326684 ^ clkbuf_0_HCLK/X (sky130_fd_sc_hd__clkbuf_16)
                                                         clknet_0_HCLK (net)
                      0.116431    0.011266    0.337950 ^ clkbuf_2_2_0_HCLK/A (sky130_fd_sc_hd__clkbuf_8)
     2    0.035419    0.056406    0.124539    0.462489 ^ clkbuf_2_2_0_HCLK/X (sky130_fd_sc_hd__clkbuf_8)
                                                         clknet_2_2_0_HCLK (net)
                      0.056832    0.003837    0.466326 ^ clkbuf_3_5__f_HCLK/A (sky130_fd_sc_hd__clkbuf_16)
    11    0.035096    0.041718    0.101215    0.567541 ^ clkbuf_3_5__f_HCLK/X (sky130_fd_sc_hd__clkbuf_16)
                                                         clknet_3_5__leaf_HCLK (net)
                      0.041908    0.002081    0.569622 ^ _186_/CLK (sky130_fd_sc_hd__dfrtp_1)
                                  0.250000    0.819622   clock uncertainty
                                  0.000000    0.819622   clock reconvergence pessimism
                                 -0.019431    0.800191   library hold time
                                              0.800191   data required time
---------------------------------------------------------------------------------------------
                                              0.800191   data required time
                                             -1.228180   data arrival time
---------------------------------------------------------------------------------------------
                                              0.427989   slack (MET)


Startpoint: _161_ (rising edge-triggered flip-flop clocked by HCLK)
Endpoint: _161_ (rising edge-triggered flip-flop clocked by HCLK)
Path Group: HCLK
Path Type: min

Fanout         Cap        Slew       Delay        Time   Description
---------------------------------------------------------------------------------------------
                                  0.000000    0.000000   clock HCLK (rise edge)
                                  0.000000    0.000000   clock source latency
     1    0.059439    0.203180    0.147358    0.147358 ^ HCLK (in)
                                                         HCLK (net)
                      0.204534    0.000000    0.147358 ^ clkbuf_0_HCLK/A (sky130_fd_sc_hd__clkbuf_16)
     5    0.134022    0.114650    0.179325    0.326684 ^ clkbuf_0_HCLK/X (sky130_fd_sc_hd__clkbuf_16)
                                                         clknet_0_HCLK (net)
                      0.116959    0.012824    0.339507 ^ clkbuf_2_0_0_HCLK/A (sky130_fd_sc_hd__clkbuf_8)
     2    0.040129    0.062153    0.129216    0.468723 ^ clkbuf_2_0_0_HCLK/X (sky130_fd_sc_hd__clkbuf_8)
                                                         clknet_2_0_0_HCLK (net)
                      0.062464    0.003471    0.472194 ^ clkbuf_3_1__f_HCLK/A (sky130_fd_sc_hd__clkbuf_16)
     7    0.035580    0.041831    0.102191    0.574385 ^ clkbuf_3_1__f_HCLK/X (sky130_fd_sc_hd__clkbuf_16)
                                                         clknet_3_1__leaf_HCLK (net)
                      0.042570    0.004244    0.578630 ^ _161_/CLK (sky130_fd_sc_hd__dfrtp_1)
     2    0.004910    0.043795    0.211136    0.789765 ^ _161_/Q (sky130_fd_sc_hd__dfrtp_1)
                                                         net106 (net)
                      0.043795    0.000124    0.789890 ^ hold23/A (sky130_fd_sc_hd__dlygate4sd3_1)
     1    0.002849    0.037643    0.373836    1.163726 ^ hold23/X (sky130_fd_sc_hd__dlygate4sd3_1)
                                                         net215 (net)
                      0.037643    0.000062    1.163788 ^ _094_/A1 (sky130_fd_sc_hd__mux2_1)
     1    0.002598    0.027538    0.073562    1.237350 ^ _094_/X (sky130_fd_sc_hd__mux2_1)
                                                         _010_ (net)
                      0.027538    0.000075    1.237425 ^ _161_/D (sky130_fd_sc_hd__dfrtp_1)
                                              1.237425   data arrival time

                                  0.000000    0.000000   clock HCLK (rise edge)
                                  0.000000    0.000000   clock source latency
     1    0.059439    0.203180    0.147358    0.147358 ^ HCLK (in)
                                                         HCLK (net)
                      0.204534    0.000000    0.147358 ^ clkbuf_0_HCLK/A (sky130_fd_sc_hd__clkbuf_16)
     5    0.134022    0.114650    0.179325    0.326684 ^ clkbuf_0_HCLK/X (sky130_fd_sc_hd__clkbuf_16)
                                                         clknet_0_HCLK (net)
                      0.116959    0.012824    0.339507 ^ clkbuf_2_0_0_HCLK/A (sky130_fd_sc_hd__clkbuf_8)
     2    0.040129    0.062153    0.129216    0.468723 ^ clkbuf_2_0_0_HCLK/X (sky130_fd_sc_hd__clkbuf_8)
                                                         clknet_2_0_0_HCLK (net)
                      0.062464    0.003471    0.472194 ^ clkbuf_3_1__f_HCLK/A (sky130_fd_sc_hd__clkbuf_16)
     7    0.035580    0.041831    0.102191    0.574385 ^ clkbuf_3_1__f_HCLK/X (sky130_fd_sc_hd__clkbuf_16)
                                                         clknet_3_1__leaf_HCLK (net)
                      0.042570    0.004244    0.578630 ^ _161_/CLK (sky130_fd_sc_hd__dfrtp_1)
                                  0.250000    0.828630   clock uncertainty
                                  0.000000    0.828630   clock reconvergence pessimism
                                 -0.019224    0.809406   library hold time
                                              0.809406   data required time
---------------------------------------------------------------------------------------------
                                              0.809406   data required time
                                             -1.237425   data arrival time
---------------------------------------------------------------------------------------------
                                              0.428019   slack (MET)


Startpoint: _198_ (rising edge-triggered flip-flop clocked by HCLK)
Endpoint: _198_ (rising edge-triggered flip-flop clocked by HCLK)
Path Group: HCLK
Path Type: min

Fanout         Cap        Slew       Delay        Time   Description
---------------------------------------------------------------------------------------------
                                  0.000000    0.000000   clock HCLK (rise edge)
                                  0.000000    0.000000   clock source latency
     1    0.059439    0.203180    0.147358    0.147358 ^ HCLK (in)
                                                         HCLK (net)
                      0.204534    0.000000    0.147358 ^ clkbuf_0_HCLK/A (sky130_fd_sc_hd__clkbuf_16)
     5    0.134022    0.114650    0.179325    0.326684 ^ clkbuf_0_HCLK/X (sky130_fd_sc_hd__clkbuf_16)
                                                         clknet_0_HCLK (net)
                      0.116431    0.011266    0.337950 ^ clkbuf_2_2_0_HCLK/A (sky130_fd_sc_hd__clkbuf_8)
     2    0.035419    0.056406    0.124539    0.462489 ^ clkbuf_2_2_0_HCLK/X (sky130_fd_sc_hd__clkbuf_8)
                                                         clknet_2_2_0_HCLK (net)
                      0.056729    0.003332    0.465821 ^ clkbuf_3_4__f_HCLK/A (sky130_fd_sc_hd__clkbuf_16)
    11    0.039914    0.045093    0.104073    0.569895 ^ clkbuf_3_4__f_HCLK/X (sky130_fd_sc_hd__clkbuf_16)
                                                         clknet_3_4__leaf_HCLK (net)
                      0.045104    0.000683    0.570578 ^ _198_/CLK (sky130_fd_sc_hd__dfrtp_1)
     2    0.004748    0.042847    0.211129    0.781707 ^ _198_/Q (sky130_fd_sc_hd__dfrtp_1)
                                                         net148 (net)
                      0.042847    0.000116    0.781823 ^ hold6/A (sky130_fd_sc_hd__dlygate4sd3_1)
     1    0.002930    0.038155    0.374142    1.155965 ^ hold6/X (sky130_fd_sc_hd__dlygate4sd3_1)
                                                         net198 (net)
                      0.038155    0.000090    1.156055 ^ _131_/A1 (sky130_fd_sc_hd__mux2_1)
     1    0.002632    0.027723    0.073880    1.229935 ^ _131_/X (sky130_fd_sc_hd__mux2_1)
                                                         _047_ (net)
                      0.027723    0.000078    1.230013 ^ _198_/D (sky130_fd_sc_hd__dfrtp_1)
                                              1.230013   data arrival time

                                  0.000000    0.000000   clock HCLK (rise edge)
                                  0.000000    0.000000   clock source latency
     1    0.059439    0.203180    0.147358    0.147358 ^ HCLK (in)
                                                         HCLK (net)
                      0.204534    0.000000    0.147358 ^ clkbuf_0_HCLK/A (sky130_fd_sc_hd__clkbuf_16)
     5    0.134022    0.114650    0.179325    0.326684 ^ clkbuf_0_HCLK/X (sky130_fd_sc_hd__clkbuf_16)
                                                         clknet_0_HCLK (net)
                      0.116431    0.011266    0.337950 ^ clkbuf_2_2_0_HCLK/A (sky130_fd_sc_hd__clkbuf_8)
     2    0.035419    0.056406    0.124539    0.462489 ^ clkbuf_2_2_0_HCLK/X (sky130_fd_sc_hd__clkbuf_8)
                                                         clknet_2_2_0_HCLK (net)
                      0.056729    0.003332    0.465821 ^ clkbuf_3_4__f_HCLK/A (sky130_fd_sc_hd__clkbuf_16)
    11    0.039914    0.045093    0.104073    0.569895 ^ clkbuf_3_4__f_HCLK/X (sky130_fd_sc_hd__clkbuf_16)
                                                         clknet_3_4__leaf_HCLK (net)
                      0.045104    0.000683    0.570578 ^ _198_/CLK (sky130_fd_sc_hd__dfrtp_1)
                                  0.250000    0.820578   clock uncertainty
                                  0.000000    0.820578   clock reconvergence pessimism
                                 -0.019171    0.801407   library hold time
                                              0.801407   data required time
---------------------------------------------------------------------------------------------
                                              0.801407   data required time
                                             -1.230013   data arrival time
---------------------------------------------------------------------------------------------
                                              0.428606   slack (MET)


Startpoint: _160_ (rising edge-triggered flip-flop clocked by HCLK)
Endpoint: _160_ (rising edge-triggered flip-flop clocked by HCLK)
Path Group: HCLK
Path Type: min

Fanout         Cap        Slew       Delay        Time   Description
---------------------------------------------------------------------------------------------
                                  0.000000    0.000000   clock HCLK (rise edge)
                                  0.000000    0.000000   clock source latency
     1    0.059439    0.203180    0.147358    0.147358 ^ HCLK (in)
                                                         HCLK (net)
                      0.204534    0.000000    0.147358 ^ clkbuf_0_HCLK/A (sky130_fd_sc_hd__clkbuf_16)
     5    0.134022    0.114650    0.179325    0.326684 ^ clkbuf_0_HCLK/X (sky130_fd_sc_hd__clkbuf_16)
                                                         clknet_0_HCLK (net)
                      0.116959    0.012824    0.339507 ^ clkbuf_2_0_0_HCLK/A (sky130_fd_sc_hd__clkbuf_8)
     2    0.040129    0.062153    0.129216    0.468723 ^ clkbuf_2_0_0_HCLK/X (sky130_fd_sc_hd__clkbuf_8)
                                                         clknet_2_0_0_HCLK (net)
                      0.062464    0.003471    0.472194 ^ clkbuf_3_1__f_HCLK/A (sky130_fd_sc_hd__clkbuf_16)
     7    0.035580    0.041831    0.102191    0.574385 ^ clkbuf_3_1__f_HCLK/X (sky130_fd_sc_hd__clkbuf_16)
                                                         clknet_3_1__leaf_HCLK (net)
                      0.042514    0.004039    0.578424 ^ _160_/CLK (sky130_fd_sc_hd__dfrtp_1)
     2    0.005014    0.044406    0.211633    0.790057 ^ _160_/Q (sky130_fd_sc_hd__dfrtp_1)
                                                         net136 (net)
                      0.044406    0.000115    0.790173 ^ hold16/A (sky130_fd_sc_hd__dlygate4sd3_1)
     1    0.002536    0.035732    0.371961    1.162134 ^ hold16/X (sky130_fd_sc_hd__dlygate4sd3_1)
                                                         net208 (net)
                      0.035732    0.000070    1.162205 ^ _093_/A1 (sky130_fd_sc_hd__mux2_1)
     1    0.003137    0.030616    0.075789    1.237993 ^ _093_/X (sky130_fd_sc_hd__mux2_1)
                                                         _009_ (net)
                      0.030616    0.000095    1.238088 ^ _160_/D (sky130_fd_sc_hd__dfrtp_1)
                                              1.238088   data arrival time

                                  0.000000    0.000000   clock HCLK (rise edge)
                                  0.000000    0.000000   clock source latency
     1    0.059439    0.203180    0.147358    0.147358 ^ HCLK (in)
                                                         HCLK (net)
                      0.204534    0.000000    0.147358 ^ clkbuf_0_HCLK/A (sky130_fd_sc_hd__clkbuf_16)
     5    0.134022    0.114650    0.179325    0.326684 ^ clkbuf_0_HCLK/X (sky130_fd_sc_hd__clkbuf_16)
                                                         clknet_0_HCLK (net)
                      0.116959    0.012824    0.339507 ^ clkbuf_2_0_0_HCLK/A (sky130_fd_sc_hd__clkbuf_8)
     2    0.040129    0.062153    0.129216    0.468723 ^ clkbuf_2_0_0_HCLK/X (sky130_fd_sc_hd__clkbuf_8)
                                                         clknet_2_0_0_HCLK (net)
                      0.062464    0.003471    0.472194 ^ clkbuf_3_1__f_HCLK/A (sky130_fd_sc_hd__clkbuf_16)
     7    0.035580    0.041831    0.102191    0.574385 ^ clkbuf_3_1__f_HCLK/X (sky130_fd_sc_hd__clkbuf_16)
                                                         clknet_3_1__leaf_HCLK (net)
                      0.042514    0.004039    0.578424 ^ _160_/CLK (sky130_fd_sc_hd__dfrtp_1)
                                  0.250000    0.828424   clock uncertainty
                                  0.000000    0.828424   clock reconvergence pessimism
                                 -0.019458    0.808966   library hold time
                                              0.808966   data required time
---------------------------------------------------------------------------------------------
                                              0.808966   data required time
                                             -1.238088   data arrival time
---------------------------------------------------------------------------------------------
                                              0.429122   slack (MET)


Startpoint: _152_ (rising edge-triggered flip-flop clocked by HCLK)
Endpoint: _152_ (rising edge-triggered flip-flop clocked by HCLK)
Path Group: HCLK
Path Type: min

Fanout         Cap        Slew       Delay        Time   Description
---------------------------------------------------------------------------------------------
                                  0.000000    0.000000   clock HCLK (rise edge)
                                  0.000000    0.000000   clock source latency
     1    0.059439    0.203180    0.147358    0.147358 ^ HCLK (in)
                                                         HCLK (net)
                      0.204534    0.000000    0.147358 ^ clkbuf_0_HCLK/A (sky130_fd_sc_hd__clkbuf_16)
     5    0.134022    0.114650    0.179325    0.326684 ^ clkbuf_0_HCLK/X (sky130_fd_sc_hd__clkbuf_16)
                                                         clknet_0_HCLK (net)
                      0.116431    0.011266    0.337950 ^ clkbuf_2_2_0_HCLK/A (sky130_fd_sc_hd__clkbuf_8)
     2    0.035419    0.056406    0.124539    0.462489 ^ clkbuf_2_2_0_HCLK/X (sky130_fd_sc_hd__clkbuf_8)
                                                         clknet_2_2_0_HCLK (net)
                      0.056832    0.003837    0.466326 ^ clkbuf_3_5__f_HCLK/A (sky130_fd_sc_hd__clkbuf_16)
    11    0.035096    0.041718    0.101215    0.567541 ^ clkbuf_3_5__f_HCLK/X (sky130_fd_sc_hd__clkbuf_16)
                                                         clknet_3_5__leaf_HCLK (net)
                      0.041901    0.002027    0.569568 ^ _152_/CLK (sky130_fd_sc_hd__dfrtp_1)
     2    0.004734    0.042759    0.210081    0.779649 ^ _152_/Q (sky130_fd_sc_hd__dfrtp_1)
                                                         net116 (net)
                      0.042759    0.000115    0.779764 ^ hold24/A (sky130_fd_sc_hd__dlygate4sd3_1)
     1    0.002901    0.037971    0.373943    1.153707 ^ hold24/X (sky130_fd_sc_hd__dlygate4sd3_1)
                                                         net216 (net)
                      0.037971    0.000084    1.153791 ^ _085_/A1 (sky130_fd_sc_hd__mux2_1)
     1    0.002992    0.029785    0.075675    1.229466 ^ _085_/X (sky130_fd_sc_hd__mux2_1)
                                                         _001_ (net)
                      0.029785    0.000085    1.229551 ^ _152_/D (sky130_fd_sc_hd__dfrtp_1)
                                              1.229551   data arrival time

                                  0.000000    0.000000   clock HCLK (rise edge)
                                  0.000000    0.000000   clock source latency
     1    0.059439    0.203180    0.147358    0.147358 ^ HCLK (in)
                                                         HCLK (net)
                      0.204534    0.000000    0.147358 ^ clkbuf_0_HCLK/A (sky130_fd_sc_hd__clkbuf_16)
     5    0.134022    0.114650    0.179325    0.326684 ^ clkbuf_0_HCLK/X (sky130_fd_sc_hd__clkbuf_16)
                                                         clknet_0_HCLK (net)
                      0.116431    0.011266    0.337950 ^ clkbuf_2_2_0_HCLK/A (sky130_fd_sc_hd__clkbuf_8)
     2    0.035419    0.056406    0.124539    0.462489 ^ clkbuf_2_2_0_HCLK/X (sky130_fd_sc_hd__clkbuf_8)
                                                         clknet_2_2_0_HCLK (net)
                      0.056832    0.003837    0.466326 ^ clkbuf_3_5__f_HCLK/A (sky130_fd_sc_hd__clkbuf_16)
    11    0.035096    0.041718    0.101215    0.567541 ^ clkbuf_3_5__f_HCLK/X (sky130_fd_sc_hd__clkbuf_16)
                                                         clknet_3_5__leaf_HCLK (net)
                      0.041901    0.002027    0.569568 ^ _152_/CLK (sky130_fd_sc_hd__dfrtp_1)
                                  0.250000    0.819568   clock uncertainty
                                  0.000000    0.819568   clock reconvergence pessimism
                                 -0.019411    0.800157   library hold time
                                              0.800157   data required time
---------------------------------------------------------------------------------------------
                                              0.800157   data required time
                                             -1.229551   data arrival time
---------------------------------------------------------------------------------------------
                                              0.429394   slack (MET)


Startpoint: _192_ (rising edge-triggered flip-flop clocked by HCLK)
Endpoint: _192_ (rising edge-triggered flip-flop clocked by HCLK)
Path Group: HCLK
Path Type: min

Fanout         Cap        Slew       Delay        Time   Description
---------------------------------------------------------------------------------------------
                                  0.000000    0.000000   clock HCLK (rise edge)
                                  0.000000    0.000000   clock source latency
     1    0.059439    0.203180    0.147358    0.147358 ^ HCLK (in)
                                                         HCLK (net)
                      0.204534    0.000000    0.147358 ^ clkbuf_0_HCLK/A (sky130_fd_sc_hd__clkbuf_16)
     5    0.134022    0.114650    0.179325    0.326684 ^ clkbuf_0_HCLK/X (sky130_fd_sc_hd__clkbuf_16)
                                                         clknet_0_HCLK (net)
                      0.116431    0.011266    0.337950 ^ clkbuf_2_2_0_HCLK/A (sky130_fd_sc_hd__clkbuf_8)
     2    0.035419    0.056406    0.124539    0.462489 ^ clkbuf_2_2_0_HCLK/X (sky130_fd_sc_hd__clkbuf_8)
                                                         clknet_2_2_0_HCLK (net)
                      0.056832    0.003837    0.466326 ^ clkbuf_3_5__f_HCLK/A (sky130_fd_sc_hd__clkbuf_16)
    11    0.035096    0.041718    0.101215    0.567541 ^ clkbuf_3_5__f_HCLK/X (sky130_fd_sc_hd__clkbuf_16)
                                                         clknet_3_5__leaf_HCLK (net)
                      0.041740    0.001095    0.568636 ^ _192_/CLK (sky130_fd_sc_hd__dfrtp_1)
     2    0.006122    0.050998    0.216691    0.785327 ^ _192_/Q (sky130_fd_sc_hd__dfrtp_1)
                                                         net173 (net)
                      0.050998    0.000159    0.785486 ^ hold12/A (sky130_fd_sc_hd__dlygate4sd3_1)
     1    0.002213    0.033924    0.371317    1.156803 ^ hold12/X (sky130_fd_sc_hd__dlygate4sd3_1)
                                                         net204 (net)
                      0.033924    0.000062    1.156865 ^ _125_/A1 (sky130_fd_sc_hd__mux2_1)
     1    0.002679    0.027994    0.072939    1.229804 ^ _125_/X (sky130_fd_sc_hd__mux2_1)
                                                         _041_ (net)
                      0.027994    0.000079    1.229882 ^ _192_/D (sky130_fd_sc_hd__dfrtp_1)
                                              1.229882   data arrival time

                                  0.000000    0.000000   clock HCLK (rise edge)
                                  0.000000    0.000000   clock source latency
     1    0.059439    0.203180    0.147358    0.147358 ^ HCLK (in)
                                                         HCLK (net)
                      0.204534    0.000000    0.147358 ^ clkbuf_0_HCLK/A (sky130_fd_sc_hd__clkbuf_16)
     5    0.134022    0.114650    0.179325    0.326684 ^ clkbuf_0_HCLK/X (sky130_fd_sc_hd__clkbuf_16)
                                                         clknet_0_HCLK (net)
                      0.116431    0.011266    0.337950 ^ clkbuf_2_2_0_HCLK/A (sky130_fd_sc_hd__clkbuf_8)
     2    0.035419    0.056406    0.124539    0.462489 ^ clkbuf_2_2_0_HCLK/X (sky130_fd_sc_hd__clkbuf_8)
                                                         clknet_2_2_0_HCLK (net)
                      0.056832    0.003837    0.466326 ^ clkbuf_3_5__f_HCLK/A (sky130_fd_sc_hd__clkbuf_16)
    11    0.035096    0.041718    0.101215    0.567541 ^ clkbuf_3_5__f_HCLK/X (sky130_fd_sc_hd__clkbuf_16)
                                                         clknet_3_5__leaf_HCLK (net)
                      0.041740    0.001095    0.568636 ^ _192_/CLK (sky130_fd_sc_hd__dfrtp_1)
                                  0.250000    0.818636   clock uncertainty
                                  0.000000    0.818636   clock reconvergence pessimism
                                 -0.019280    0.799356   library hold time
                                              0.799356   data required time
---------------------------------------------------------------------------------------------
                                              0.799356   data required time
                                             -1.229882   data arrival time
---------------------------------------------------------------------------------------------
                                              0.430527   slack (MET)


Startpoint: _168_ (rising edge-triggered flip-flop clocked by HCLK)
Endpoint: _168_ (rising edge-triggered flip-flop clocked by HCLK)
Path Group: HCLK
Path Type: min

Fanout         Cap        Slew       Delay        Time   Description
---------------------------------------------------------------------------------------------
                                  0.000000    0.000000   clock HCLK (rise edge)
                                  0.000000    0.000000   clock source latency
     1    0.059439    0.203180    0.147358    0.147358 ^ HCLK (in)
                                                         HCLK (net)
                      0.204534    0.000000    0.147358 ^ clkbuf_0_HCLK/A (sky130_fd_sc_hd__clkbuf_16)
     5    0.134022    0.114650    0.179325    0.326684 ^ clkbuf_0_HCLK/X (sky130_fd_sc_hd__clkbuf_16)
                                                         clknet_0_HCLK (net)
                      0.117120    0.013264    0.339947 ^ clkbuf_2_1_0_HCLK/A (sky130_fd_sc_hd__clkbuf_8)
     2    0.036936    0.058213    0.125711    0.465659 ^ clkbuf_2_1_0_HCLK/X (sky130_fd_sc_hd__clkbuf_8)
                                                         clknet_2_1_0_HCLK (net)
                      0.058761    0.004422    0.470081 ^ clkbuf_3_2__f_HCLK/A (sky130_fd_sc_hd__clkbuf_16)
    10    0.036695    0.042800    0.102531    0.572612 ^ clkbuf_3_2__f_HCLK/X (sky130_fd_sc_hd__clkbuf_16)
                                                         clknet_3_2__leaf_HCLK (net)
                      0.043042    0.002122    0.574733 ^ _168_/CLK (sky130_fd_sc_hd__dfrtp_1)
     2    0.006018    0.050375    0.216586    0.791319 ^ _168_/Q (sky130_fd_sc_hd__dfrtp_1)
                                                         net113 (net)
                      0.050375    0.000117    0.791436 ^ hold20/A (sky130_fd_sc_hd__dlygate4sd3_1)
     1    0.002448    0.035240    0.372688    1.164125 ^ hold20/X (sky130_fd_sc_hd__dlygate4sd3_1)
                                                         net212 (net)
                      0.035240    0.000048    1.164173 ^ _101_/A1 (sky130_fd_sc_hd__mux2_1)
     1    0.002404    0.026656    0.071901    1.236074 ^ _101_/X (sky130_fd_sc_hd__mux2_1)
                                                         _017_ (net)
                      0.026656    0.000068    1.236142 ^ _168_/D (sky130_fd_sc_hd__dfrtp_1)
                                              1.236142   data arrival time

                                  0.000000    0.000000   clock HCLK (rise edge)
                                  0.000000    0.000000   clock source latency
     1    0.059439    0.203180    0.147358    0.147358 ^ HCLK (in)
                                                         HCLK (net)
                      0.204534    0.000000    0.147358 ^ clkbuf_0_HCLK/A (sky130_fd_sc_hd__clkbuf_16)
     5    0.134022    0.114650    0.179325    0.326684 ^ clkbuf_0_HCLK/X (sky130_fd_sc_hd__clkbuf_16)
                                                         clknet_0_HCLK (net)
                      0.117120    0.013264    0.339947 ^ clkbuf_2_1_0_HCLK/A (sky130_fd_sc_hd__clkbuf_8)
     2    0.036936    0.058213    0.125711    0.465659 ^ clkbuf_2_1_0_HCLK/X (sky130_fd_sc_hd__clkbuf_8)
                                                         clknet_2_1_0_HCLK (net)
                      0.058761    0.004422    0.470081 ^ clkbuf_3_2__f_HCLK/A (sky130_fd_sc_hd__clkbuf_16)
    10    0.036695    0.042800    0.102531    0.572612 ^ clkbuf_3_2__f_HCLK/X (sky130_fd_sc_hd__clkbuf_16)
                                                         clknet_3_2__leaf_HCLK (net)
                      0.043042    0.002122    0.574733 ^ _168_/CLK (sky130_fd_sc_hd__dfrtp_1)
                                  0.250000    0.824733   clock uncertainty
                                  0.000000    0.824733   clock reconvergence pessimism
                                 -0.019145    0.805588   library hold time
                                              0.805588   data required time
---------------------------------------------------------------------------------------------
                                              0.805588   data required time
                                             -1.236142   data arrival time
---------------------------------------------------------------------------------------------
                                              0.430554   slack (MET)


Startpoint: _188_ (rising edge-triggered flip-flop clocked by HCLK)
Endpoint: _188_ (rising edge-triggered flip-flop clocked by HCLK)
Path Group: HCLK
Path Type: min

Fanout         Cap        Slew       Delay        Time   Description
---------------------------------------------------------------------------------------------
                                  0.000000    0.000000   clock HCLK (rise edge)
                                  0.000000    0.000000   clock source latency
     1    0.059439    0.203180    0.147358    0.147358 ^ HCLK (in)
                                                         HCLK (net)
                      0.204534    0.000000    0.147358 ^ clkbuf_0_HCLK/A (sky130_fd_sc_hd__clkbuf_16)
     5    0.134022    0.114650    0.179325    0.326684 ^ clkbuf_0_HCLK/X (sky130_fd_sc_hd__clkbuf_16)
                                                         clknet_0_HCLK (net)
                      0.116431    0.011266    0.337950 ^ clkbuf_2_2_0_HCLK/A (sky130_fd_sc_hd__clkbuf_8)
     2    0.035419    0.056406    0.124539    0.462489 ^ clkbuf_2_2_0_HCLK/X (sky130_fd_sc_hd__clkbuf_8)
                                                         clknet_2_2_0_HCLK (net)
                      0.056832    0.003837    0.466326 ^ clkbuf_3_5__f_HCLK/A (sky130_fd_sc_hd__clkbuf_16)
    11    0.035096    0.041718    0.101215    0.567541 ^ clkbuf_3_5__f_HCLK/X (sky130_fd_sc_hd__clkbuf_16)
                                                         clknet_3_5__leaf_HCLK (net)
                      0.041770    0.001380    0.568921 ^ _188_/CLK (sky130_fd_sc_hd__dfrtp_1)
     2    0.005178    0.045370    0.212196    0.781117 ^ _188_/Q (sky130_fd_sc_hd__dfrtp_1)
                                                         net169 (net)
                      0.045370    0.000093    0.781210 ^ hold11/A (sky130_fd_sc_hd__dlygate4sd3_1)
     1    0.003129    0.039437    0.375951    1.157161 ^ hold11/X (sky130_fd_sc_hd__dlygate4sd3_1)
                                                         net203 (net)
                      0.039437    0.000099    1.157260 ^ _121_/A1 (sky130_fd_sc_hd__mux2_1)
     1    0.002669    0.028121    0.074429    1.231689 ^ _121_/X (sky130_fd_sc_hd__mux2_1)
                                                         _037_ (net)
                      0.028121    0.000078    1.231767 ^ _188_/D (sky130_fd_sc_hd__dfrtp_1)
                                              1.231767   data arrival time

                                  0.000000    0.000000   clock HCLK (rise edge)
                                  0.000000    0.000000   clock source latency
     1    0.059439    0.203180    0.147358    0.147358 ^ HCLK (in)
                                                         HCLK (net)
                      0.204534    0.000000    0.147358 ^ clkbuf_0_HCLK/A (sky130_fd_sc_hd__clkbuf_16)
     5    0.134022    0.114650    0.179325    0.326684 ^ clkbuf_0_HCLK/X (sky130_fd_sc_hd__clkbuf_16)
                                                         clknet_0_HCLK (net)
                      0.116431    0.011266    0.337950 ^ clkbuf_2_2_0_HCLK/A (sky130_fd_sc_hd__clkbuf_8)
     2    0.035419    0.056406    0.124539    0.462489 ^ clkbuf_2_2_0_HCLK/X (sky130_fd_sc_hd__clkbuf_8)
                                                         clknet_2_2_0_HCLK (net)
                      0.056832    0.003837    0.466326 ^ clkbuf_3_5__f_HCLK/A (sky130_fd_sc_hd__clkbuf_16)
    11    0.035096    0.041718    0.101215    0.567541 ^ clkbuf_3_5__f_HCLK/X (sky130_fd_sc_hd__clkbuf_16)
                                                         clknet_3_5__leaf_HCLK (net)
                      0.041770    0.001380    0.568921 ^ _188_/CLK (sky130_fd_sc_hd__dfrtp_1)
                                  0.250000    0.818921   clock uncertainty
                                  0.000000    0.818921   clock reconvergence pessimism
                                 -0.019289    0.799631   library hold time
                                              0.799631   data required time
---------------------------------------------------------------------------------------------
                                              0.799631   data required time
                                             -1.231767   data arrival time
---------------------------------------------------------------------------------------------
                                              0.432135   slack (MET)


Startpoint: _155_ (rising edge-triggered flip-flop clocked by HCLK)
Endpoint: _155_ (rising edge-triggered flip-flop clocked by HCLK)
Path Group: HCLK
Path Type: min

Fanout         Cap        Slew       Delay        Time   Description
---------------------------------------------------------------------------------------------
                                  0.000000    0.000000   clock HCLK (rise edge)
                                  0.000000    0.000000   clock source latency
     1    0.059439    0.203180    0.147358    0.147358 ^ HCLK (in)
                                                         HCLK (net)
                      0.204534    0.000000    0.147358 ^ clkbuf_0_HCLK/A (sky130_fd_sc_hd__clkbuf_16)
     5    0.134022    0.114650    0.179325    0.326684 ^ clkbuf_0_HCLK/X (sky130_fd_sc_hd__clkbuf_16)
                                                         clknet_0_HCLK (net)
                      0.116431    0.011266    0.337950 ^ clkbuf_2_2_0_HCLK/A (sky130_fd_sc_hd__clkbuf_8)
     2    0.035419    0.056406    0.124539    0.462489 ^ clkbuf_2_2_0_HCLK/X (sky130_fd_sc_hd__clkbuf_8)
                                                         clknet_2_2_0_HCLK (net)
                      0.056729    0.003332    0.465821 ^ clkbuf_3_4__f_HCLK/A (sky130_fd_sc_hd__clkbuf_16)
    11    0.039914    0.045093    0.104073    0.569895 ^ clkbuf_3_4__f_HCLK/X (sky130_fd_sc_hd__clkbuf_16)
                                                         clknet_3_4__leaf_HCLK (net)
                      0.045101    0.000637    0.570532 ^ _155_/CLK (sky130_fd_sc_hd__dfrtp_1)
     2    0.006002    0.050280    0.217143    0.787675 ^ _155_/Q (sky130_fd_sc_hd__dfrtp_1)
                                                         net131 (net)
                      0.050280    0.000136    0.787811 ^ hold28/A (sky130_fd_sc_hd__dlygate4sd3_1)
     1    0.002518    0.035639    0.373114    1.160926 ^ hold28/X (sky130_fd_sc_hd__dlygate4sd3_1)
                                                         net220 (net)
                      0.035639    0.000051    1.160976 ^ _088_/A1 (sky130_fd_sc_hd__mux2_1)
     1    0.002515    0.027069    0.072579    1.233556 ^ _088_/X (sky130_fd_sc_hd__mux2_1)
                                                         _004_ (net)
                      0.027069    0.000071    1.233627 ^ _155_/D (sky130_fd_sc_hd__dfrtp_1)
                                              1.233627   data arrival time

                                  0.000000    0.000000   clock HCLK (rise edge)
                                  0.000000    0.000000   clock source latency
     1    0.059439    0.203180    0.147358    0.147358 ^ HCLK (in)
                                                         HCLK (net)
                      0.204534    0.000000    0.147358 ^ clkbuf_0_HCLK/A (sky130_fd_sc_hd__clkbuf_16)
     5    0.134022    0.114650    0.179325    0.326684 ^ clkbuf_0_HCLK/X (sky130_fd_sc_hd__clkbuf_16)
                                                         clknet_0_HCLK (net)
                      0.116431    0.011266    0.337950 ^ clkbuf_2_2_0_HCLK/A (sky130_fd_sc_hd__clkbuf_8)
     2    0.035419    0.056406    0.124539    0.462489 ^ clkbuf_2_2_0_HCLK/X (sky130_fd_sc_hd__clkbuf_8)
                                                         clknet_2_2_0_HCLK (net)
                      0.056729    0.003332    0.465821 ^ clkbuf_3_4__f_HCLK/A (sky130_fd_sc_hd__clkbuf_16)
    11    0.039914    0.045093    0.104073    0.569895 ^ clkbuf_3_4__f_HCLK/X (sky130_fd_sc_hd__clkbuf_16)
                                                         clknet_3_4__leaf_HCLK (net)
                      0.045101    0.000637    0.570532 ^ _155_/CLK (sky130_fd_sc_hd__dfrtp_1)
                                  0.250000    0.820532   clock uncertainty
                                  0.000000    0.820532   clock reconvergence pessimism
                                 -0.019122    0.801410   library hold time
                                              0.801410   data required time
---------------------------------------------------------------------------------------------
                                              0.801410   data required time
                                             -1.233627   data arrival time
---------------------------------------------------------------------------------------------
                                              0.432216   slack (MET)


Startpoint: _204_ (rising edge-triggered flip-flop clocked by HCLK)
Endpoint: _204_ (rising edge-triggered flip-flop clocked by HCLK)
Path Group: HCLK
Path Type: min

Fanout         Cap        Slew       Delay        Time   Description
---------------------------------------------------------------------------------------------
                                  0.000000    0.000000   clock HCLK (rise edge)
                                  0.000000    0.000000   clock source latency
     1    0.059439    0.203180    0.147358    0.147358 ^ HCLK (in)
                                                         HCLK (net)
                      0.204534    0.000000    0.147358 ^ clkbuf_0_HCLK/A (sky130_fd_sc_hd__clkbuf_16)
     5    0.134022    0.114650    0.179325    0.326684 ^ clkbuf_0_HCLK/X (sky130_fd_sc_hd__clkbuf_16)
                                                         clknet_0_HCLK (net)
                      0.117120    0.013264    0.339947 ^ clkbuf_2_1_0_HCLK/A (sky130_fd_sc_hd__clkbuf_8)
     2    0.036936    0.058213    0.125711    0.465659 ^ clkbuf_2_1_0_HCLK/X (sky130_fd_sc_hd__clkbuf_8)
                                                         clknet_2_1_0_HCLK (net)
                      0.058723    0.004261    0.469920 ^ clkbuf_3_3__f_HCLK/A (sky130_fd_sc_hd__clkbuf_16)
    10    0.027954    0.036768    0.097675    0.567595 ^ clkbuf_3_3__f_HCLK/X (sky130_fd_sc_hd__clkbuf_16)
                                                         clknet_3_3__leaf_HCLK (net)
                      0.036778    0.000569    0.568164 ^ _204_/CLK (sky130_fd_sc_hd__dfrtp_1)
     2    0.005579    0.047738    0.212605    0.780770 ^ _204_/Q (sky130_fd_sc_hd__dfrtp_1)
                                                         net155 (net)
                      0.047738    0.000079    0.780848 ^ hold13/A (sky130_fd_sc_hd__dlygate4sd3_1)
     1    0.003206    0.039935    0.376953    1.157801 ^ hold13/X (sky130_fd_sc_hd__dlygate4sd3_1)
                                                         net205 (net)
                      0.039935    0.000099    1.157900 ^ _137_/A1 (sky130_fd_sc_hd__mux2_1)
     1    0.002401    0.026643    0.073197    1.231098 ^ _137_/X (sky130_fd_sc_hd__mux2_1)
                                                         _053_ (net)
                      0.026643    0.000069    1.231166 ^ _204_/D (sky130_fd_sc_hd__dfrtp_1)
                                              1.231166   data arrival time

                                  0.000000    0.000000   clock HCLK (rise edge)
                                  0.000000    0.000000   clock source latency
     1    0.059439    0.203180    0.147358    0.147358 ^ HCLK (in)
                                                         HCLK (net)
                      0.204534    0.000000    0.147358 ^ clkbuf_0_HCLK/A (sky130_fd_sc_hd__clkbuf_16)
     5    0.134022    0.114650    0.179325    0.326684 ^ clkbuf_0_HCLK/X (sky130_fd_sc_hd__clkbuf_16)
                                                         clknet_0_HCLK (net)
                      0.117120    0.013264    0.339947 ^ clkbuf_2_1_0_HCLK/A (sky130_fd_sc_hd__clkbuf_8)
     2    0.036936    0.058213    0.125711    0.465659 ^ clkbuf_2_1_0_HCLK/X (sky130_fd_sc_hd__clkbuf_8)
                                                         clknet_2_1_0_HCLK (net)
                      0.058723    0.004261    0.469920 ^ clkbuf_3_3__f_HCLK/A (sky130_fd_sc_hd__clkbuf_16)
    10    0.027954    0.036768    0.097675    0.567595 ^ clkbuf_3_3__f_HCLK/X (sky130_fd_sc_hd__clkbuf_16)
                                                         clknet_3_3__leaf_HCLK (net)
                      0.036778    0.000569    0.568164 ^ _204_/CLK (sky130_fd_sc_hd__dfrtp_1)
                                  0.250000    0.818164   clock uncertainty
                                  0.000000    0.818164   clock reconvergence pessimism
                                 -0.019309    0.798855   library hold time
                                              0.798855   data required time
---------------------------------------------------------------------------------------------
                                              0.798855   data required time
                                             -1.231166   data arrival time
---------------------------------------------------------------------------------------------
                                              0.432312   slack (MET)


Startpoint: _170_ (rising edge-triggered flip-flop clocked by HCLK)
Endpoint: _170_ (rising edge-triggered flip-flop clocked by HCLK)
Path Group: HCLK
Path Type: min

Fanout         Cap        Slew       Delay        Time   Description
---------------------------------------------------------------------------------------------
                                  0.000000    0.000000   clock HCLK (rise edge)
                                  0.000000    0.000000   clock source latency
     1    0.059439    0.203180    0.147358    0.147358 ^ HCLK (in)
                                                         HCLK (net)
                      0.204534    0.000000    0.147358 ^ clkbuf_0_HCLK/A (sky130_fd_sc_hd__clkbuf_16)
     5    0.134022    0.114650    0.179325    0.326684 ^ clkbuf_0_HCLK/X (sky130_fd_sc_hd__clkbuf_16)
                                                         clknet_0_HCLK (net)
                      0.116431    0.011266    0.337950 ^ clkbuf_2_2_0_HCLK/A (sky130_fd_sc_hd__clkbuf_8)
     2    0.035419    0.056406    0.124539    0.462489 ^ clkbuf_2_2_0_HCLK/X (sky130_fd_sc_hd__clkbuf_8)
                                                         clknet_2_2_0_HCLK (net)
                      0.056729    0.003332    0.465821 ^ clkbuf_3_4__f_HCLK/A (sky130_fd_sc_hd__clkbuf_16)
    11    0.039914    0.045093    0.104073    0.569895 ^ clkbuf_3_4__f_HCLK/X (sky130_fd_sc_hd__clkbuf_16)
                                                         clknet_3_4__leaf_HCLK (net)
                      0.045136    0.001180    0.571075 ^ _170_/CLK (sky130_fd_sc_hd__dfrtp_1)
     2    0.005348    0.046387    0.214020    0.785095 ^ _170_/Q (sky130_fd_sc_hd__dfrtp_1)
                                                         net115 (net)
                      0.046387    0.000129    0.785224 ^ hold32/A (sky130_fd_sc_hd__dlygate4sd3_1)
     1    0.003150    0.039572    0.376306    1.161530 ^ hold32/X (sky130_fd_sc_hd__dlygate4sd3_1)
                                                         net224 (net)
                      0.039572    0.000095    1.161625 ^ _103_/A1 (sky130_fd_sc_hd__mux2_1)
     1    0.002436    0.026832    0.073273    1.234898 ^ _103_/X (sky130_fd_sc_hd__mux2_1)
                                                         _019_ (net)
                      0.026832    0.000069    1.234968 ^ _170_/D (sky130_fd_sc_hd__dfrtp_1)
                                              1.234968   data arrival time

                                  0.000000    0.000000   clock HCLK (rise edge)
                                  0.000000    0.000000   clock source latency
     1    0.059439    0.203180    0.147358    0.147358 ^ HCLK (in)
                                                         HCLK (net)
                      0.204534    0.000000    0.147358 ^ clkbuf_0_HCLK/A (sky130_fd_sc_hd__clkbuf_16)
     5    0.134022    0.114650    0.179325    0.326684 ^ clkbuf_0_HCLK/X (sky130_fd_sc_hd__clkbuf_16)
                                                         clknet_0_HCLK (net)
                      0.116431    0.011266    0.337950 ^ clkbuf_2_2_0_HCLK/A (sky130_fd_sc_hd__clkbuf_8)
     2    0.035419    0.056406    0.124539    0.462489 ^ clkbuf_2_2_0_HCLK/X (sky130_fd_sc_hd__clkbuf_8)
                                                         clknet_2_2_0_HCLK (net)
                      0.056729    0.003332    0.465821 ^ clkbuf_3_4__f_HCLK/A (sky130_fd_sc_hd__clkbuf_16)
    11    0.039914    0.045093    0.104073    0.569895 ^ clkbuf_3_4__f_HCLK/X (sky130_fd_sc_hd__clkbuf_16)
                                                         clknet_3_4__leaf_HCLK (net)
                      0.045136    0.001180    0.571075 ^ _170_/CLK (sky130_fd_sc_hd__dfrtp_1)
                                  0.250000    0.821075   clock uncertainty
                                  0.000000    0.821075   clock reconvergence pessimism
                                 -0.019103    0.801972   library hold time
                                              0.801972   data required time
---------------------------------------------------------------------------------------------
                                              0.801972   data required time
                                             -1.234968   data arrival time
---------------------------------------------------------------------------------------------
                                              0.432996   slack (MET)


Startpoint: _187_ (rising edge-triggered flip-flop clocked by HCLK)
Endpoint: _187_ (rising edge-triggered flip-flop clocked by HCLK)
Path Group: HCLK
Path Type: min

Fanout         Cap        Slew       Delay        Time   Description
---------------------------------------------------------------------------------------------
                                  0.000000    0.000000   clock HCLK (rise edge)
                                  0.000000    0.000000   clock source latency
     1    0.059439    0.203180    0.147358    0.147358 ^ HCLK (in)
                                                         HCLK (net)
                      0.204534    0.000000    0.147358 ^ clkbuf_0_HCLK/A (sky130_fd_sc_hd__clkbuf_16)
     5    0.134022    0.114650    0.179325    0.326684 ^ clkbuf_0_HCLK/X (sky130_fd_sc_hd__clkbuf_16)
                                                         clknet_0_HCLK (net)
                      0.116959    0.012824    0.339507 ^ clkbuf_2_0_0_HCLK/A (sky130_fd_sc_hd__clkbuf_8)
     2    0.040129    0.062153    0.129216    0.468723 ^ clkbuf_2_0_0_HCLK/X (sky130_fd_sc_hd__clkbuf_8)
                                                         clknet_2_0_0_HCLK (net)
                      0.062464    0.003471    0.472194 ^ clkbuf_3_1__f_HCLK/A (sky130_fd_sc_hd__clkbuf_16)
     7    0.035580    0.041831    0.102191    0.574385 ^ clkbuf_3_1__f_HCLK/X (sky130_fd_sc_hd__clkbuf_16)
                                                         clknet_3_1__leaf_HCLK (net)
                      0.042448    0.003784    0.578169 ^ _187_/CLK (sky130_fd_sc_hd__dfrtp_1)
     2    0.005166    0.045301    0.212332    0.790502 ^ _187_/Q (sky130_fd_sc_hd__dfrtp_1)
                                                         net168 (net)
                      0.045301    0.000112    0.790613 ^ hold3/A (sky130_fd_sc_hd__dlygate4sd3_1)
     1    0.002549    0.035809    0.372238    1.162851 ^ hold3/X (sky130_fd_sc_hd__dlygate4sd3_1)
                                                         net195 (net)
                      0.035809    0.000074    1.162925 ^ _120_/A1 (sky130_fd_sc_hd__mux2_1)
     1    0.003728    0.034142    0.078833    1.241758 ^ _120_/X (sky130_fd_sc_hd__mux2_1)
                                                         _036_ (net)
                      0.034142    0.000121    1.241880 ^ _187_/D (sky130_fd_sc_hd__dfrtp_1)
                                              1.241880   data arrival time

                                  0.000000    0.000000   clock HCLK (rise edge)
                                  0.000000    0.000000   clock source latency
     1    0.059439    0.203180    0.147358    0.147358 ^ HCLK (in)
                                                         HCLK (net)
                      0.204534    0.000000    0.147358 ^ clkbuf_0_HCLK/A (sky130_fd_sc_hd__clkbuf_16)
     5    0.134022    0.114650    0.179325    0.326684 ^ clkbuf_0_HCLK/X (sky130_fd_sc_hd__clkbuf_16)
                                                         clknet_0_HCLK (net)
                      0.116959    0.012824    0.339507 ^ clkbuf_2_0_0_HCLK/A (sky130_fd_sc_hd__clkbuf_8)
     2    0.040129    0.062153    0.129216    0.468723 ^ clkbuf_2_0_0_HCLK/X (sky130_fd_sc_hd__clkbuf_8)
                                                         clknet_2_0_0_HCLK (net)
                      0.062464    0.003471    0.472194 ^ clkbuf_3_1__f_HCLK/A (sky130_fd_sc_hd__clkbuf_16)
     7    0.035580    0.041831    0.102191    0.574385 ^ clkbuf_3_1__f_HCLK/X (sky130_fd_sc_hd__clkbuf_16)
                                                         clknet_3_1__leaf_HCLK (net)
                      0.042448    0.003784    0.578169 ^ _187_/CLK (sky130_fd_sc_hd__dfrtp_1)
                                  0.250000    0.828169   clock uncertainty
                                  0.000000    0.828169   clock reconvergence pessimism
                                 -0.019726    0.808444   library hold time
                                              0.808444   data required time
---------------------------------------------------------------------------------------------
                                              0.808444   data required time
                                             -1.241880   data arrival time
---------------------------------------------------------------------------------------------
                                              0.433436   slack (MET)


Startpoint: _171_ (rising edge-triggered flip-flop clocked by HCLK)
Endpoint: _171_ (rising edge-triggered flip-flop clocked by HCLK)
Path Group: HCLK
Path Type: min

Fanout         Cap        Slew       Delay        Time   Description
---------------------------------------------------------------------------------------------
                                  0.000000    0.000000   clock HCLK (rise edge)
                                  0.000000    0.000000   clock source latency
     1    0.059439    0.203180    0.147358    0.147358 ^ HCLK (in)
                                                         HCLK (net)
                      0.204534    0.000000    0.147358 ^ clkbuf_0_HCLK/A (sky130_fd_sc_hd__clkbuf_16)
     5    0.134022    0.114650    0.179325    0.326684 ^ clkbuf_0_HCLK/X (sky130_fd_sc_hd__clkbuf_16)
                                                         clknet_0_HCLK (net)
                      0.116381    0.011108    0.337791 ^ clkbuf_2_3_0_HCLK/A (sky130_fd_sc_hd__clkbuf_8)
     2    0.039123    0.060921    0.128564    0.466355 ^ clkbuf_2_3_0_HCLK/X (sky130_fd_sc_hd__clkbuf_8)
                                                         clknet_2_3_0_HCLK (net)
                      0.061123    0.002757    0.469112 ^ clkbuf_3_6__f_HCLK/A (sky130_fd_sc_hd__clkbuf_16)
     8    0.072928    0.069384    0.120378    0.589490 ^ clkbuf_3_6__f_HCLK/X (sky130_fd_sc_hd__clkbuf_16)
                                                         clknet_3_6__leaf_HCLK (net)
                      0.070527    0.006949    0.596440 ^ _171_/CLK (sky130_fd_sc_hd__dfrtp_1)
     2    0.005430    0.046860    0.221424    0.817864 ^ _171_/Q (sky130_fd_sc_hd__dfrtp_1)
                                                         net117 (net)
                      0.046860    0.000111    0.817975 ^ hold46/A (sky130_fd_sc_hd__dlygate4sd3_1)
     1    0.002339    0.034622    0.371234    1.189209 ^ hold46/X (sky130_fd_sc_hd__dlygate4sd3_1)
                                                         net238 (net)
                      0.034622    0.000046    1.189255 ^ _104_/A1 (sky130_fd_sc_hd__mux2_1)
     1    0.002570    0.027569    0.072580    1.261835 ^ _104_/X (sky130_fd_sc_hd__mux2_1)
                                                         _020_ (net)
                      0.027569    0.000071    1.261906 ^ _171_/D (sky130_fd_sc_hd__dfrtp_1)
                                              1.261906   data arrival time

                                  0.000000    0.000000   clock HCLK (rise edge)
                                  0.000000    0.000000   clock source latency
     1    0.059439    0.203180    0.147358    0.147358 ^ HCLK (in)
                                                         HCLK (net)
                      0.204534    0.000000    0.147358 ^ clkbuf_0_HCLK/A (sky130_fd_sc_hd__clkbuf_16)
     5    0.134022    0.114650    0.179325    0.326684 ^ clkbuf_0_HCLK/X (sky130_fd_sc_hd__clkbuf_16)
                                                         clknet_0_HCLK (net)
                      0.116381    0.011108    0.337791 ^ clkbuf_2_3_0_HCLK/A (sky130_fd_sc_hd__clkbuf_8)
     2    0.039123    0.060921    0.128564    0.466355 ^ clkbuf_2_3_0_HCLK/X (sky130_fd_sc_hd__clkbuf_8)
                                                         clknet_2_3_0_HCLK (net)
                      0.061123    0.002757    0.469112 ^ clkbuf_3_6__f_HCLK/A (sky130_fd_sc_hd__clkbuf_16)
     8    0.072928    0.069384    0.120378    0.589490 ^ clkbuf_3_6__f_HCLK/X (sky130_fd_sc_hd__clkbuf_16)
                                                         clknet_3_6__leaf_HCLK (net)
                      0.070527    0.006949    0.596440 ^ _171_/CLK (sky130_fd_sc_hd__dfrtp_1)
                                  0.250000    0.846440   clock uncertainty
                                  0.000000    0.846440   clock reconvergence pessimism
                                 -0.018488    0.827952   library hold time
                                              0.827952   data required time
---------------------------------------------------------------------------------------------
                                              0.827952   data required time
                                             -1.261906   data arrival time
---------------------------------------------------------------------------------------------
                                              0.433954   slack (MET)


Startpoint: _159_ (rising edge-triggered flip-flop clocked by HCLK)
Endpoint: _159_ (rising edge-triggered flip-flop clocked by HCLK)
Path Group: HCLK
Path Type: min

Fanout         Cap        Slew       Delay        Time   Description
---------------------------------------------------------------------------------------------
                                  0.000000    0.000000   clock HCLK (rise edge)
                                  0.000000    0.000000   clock source latency
     1    0.059439    0.203180    0.147358    0.147358 ^ HCLK (in)
                                                         HCLK (net)
                      0.204534    0.000000    0.147358 ^ clkbuf_0_HCLK/A (sky130_fd_sc_hd__clkbuf_16)
     5    0.134022    0.114650    0.179325    0.326684 ^ clkbuf_0_HCLK/X (sky130_fd_sc_hd__clkbuf_16)
                                                         clknet_0_HCLK (net)
                      0.117120    0.013264    0.339947 ^ clkbuf_2_1_0_HCLK/A (sky130_fd_sc_hd__clkbuf_8)
     2    0.036936    0.058213    0.125711    0.465659 ^ clkbuf_2_1_0_HCLK/X (sky130_fd_sc_hd__clkbuf_8)
                                                         clknet_2_1_0_HCLK (net)
                      0.058761    0.004422    0.470081 ^ clkbuf_3_2__f_HCLK/A (sky130_fd_sc_hd__clkbuf_16)
    10    0.036695    0.042800    0.102531    0.572612 ^ clkbuf_3_2__f_HCLK/X (sky130_fd_sc_hd__clkbuf_16)
                                                         clknet_3_2__leaf_HCLK (net)
                      0.043000    0.001787    0.574399 ^ _159_/CLK (sky130_fd_sc_hd__dfrtp_1)
     2    0.006587    0.053799    0.219276    0.793675 ^ _159_/Q (sky130_fd_sc_hd__dfrtp_1)
                                                         net135 (net)
                      0.053799    0.000149    0.793824 ^ hold31/A (sky130_fd_sc_hd__dlygate4sd3_1)
     1    0.002420    0.035082    0.373206    1.167030 ^ hold31/X (sky130_fd_sc_hd__dlygate4sd3_1)
                                                         net223 (net)
                      0.035082    0.000048    1.167078 ^ _092_/A1 (sky130_fd_sc_hd__mux2_1)
     1    0.002445    0.026684    0.072068    1.239146 ^ _092_/X (sky130_fd_sc_hd__mux2_1)
                                                         _008_ (net)
                      0.026684    0.000070    1.239215 ^ _159_/D (sky130_fd_sc_hd__dfrtp_1)
                                              1.239215   data arrival time

                                  0.000000    0.000000   clock HCLK (rise edge)
                                  0.000000    0.000000   clock source latency
     1    0.059439    0.203180    0.147358    0.147358 ^ HCLK (in)
                                                         HCLK (net)
                      0.204534    0.000000    0.147358 ^ clkbuf_0_HCLK/A (sky130_fd_sc_hd__clkbuf_16)
     5    0.134022    0.114650    0.179325    0.326684 ^ clkbuf_0_HCLK/X (sky130_fd_sc_hd__clkbuf_16)
                                                         clknet_0_HCLK (net)
                      0.117120    0.013264    0.339947 ^ clkbuf_2_1_0_HCLK/A (sky130_fd_sc_hd__clkbuf_8)
     2    0.036936    0.058213    0.125711    0.465659 ^ clkbuf_2_1_0_HCLK/X (sky130_fd_sc_hd__clkbuf_8)
                                                         clknet_2_1_0_HCLK (net)
                      0.058761    0.004422    0.470081 ^ clkbuf_3_2__f_HCLK/A (sky130_fd_sc_hd__clkbuf_16)
    10    0.036695    0.042800    0.102531    0.572612 ^ clkbuf_3_2__f_HCLK/X (sky130_fd_sc_hd__clkbuf_16)
                                                         clknet_3_2__leaf_HCLK (net)
                      0.043000    0.001787    0.574399 ^ _159_/CLK (sky130_fd_sc_hd__dfrtp_1)
                                  0.250000    0.824399   clock uncertainty
                                  0.000000    0.824399   clock reconvergence pessimism
                                 -0.019148    0.805250   library hold time
                                              0.805250   data required time
---------------------------------------------------------------------------------------------
                                              0.805250   data required time
                                             -1.239215   data arrival time
---------------------------------------------------------------------------------------------
                                              0.433965   slack (MET)


Startpoint: _151_ (rising edge-triggered flip-flop clocked by HCLK)
Endpoint: _151_ (rising edge-triggered flip-flop clocked by HCLK)
Path Group: HCLK
Path Type: min

Fanout         Cap        Slew       Delay        Time   Description
---------------------------------------------------------------------------------------------
                                  0.000000    0.000000   clock HCLK (rise edge)
                                  0.000000    0.000000   clock source latency
     1    0.059439    0.203180    0.147358    0.147358 ^ HCLK (in)
                                                         HCLK (net)
                      0.204534    0.000000    0.147358 ^ clkbuf_0_HCLK/A (sky130_fd_sc_hd__clkbuf_16)
     5    0.134022    0.114650    0.179325    0.326684 ^ clkbuf_0_HCLK/X (sky130_fd_sc_hd__clkbuf_16)
                                                         clknet_0_HCLK (net)
                      0.117120    0.013264    0.339947 ^ clkbuf_2_1_0_HCLK/A (sky130_fd_sc_hd__clkbuf_8)
     2    0.036936    0.058213    0.125711    0.465659 ^ clkbuf_2_1_0_HCLK/X (sky130_fd_sc_hd__clkbuf_8)
                                                         clknet_2_1_0_HCLK (net)
                      0.058723    0.004261    0.469920 ^ clkbuf_3_3__f_HCLK/A (sky130_fd_sc_hd__clkbuf_16)
    10    0.027954    0.036768    0.097675    0.567595 ^ clkbuf_3_3__f_HCLK/X (sky130_fd_sc_hd__clkbuf_16)
                                                         clknet_3_3__leaf_HCLK (net)
                      0.036776    0.000528    0.568123 ^ _151_/CLK (sky130_fd_sc_hd__dfrtp_1)
     2    0.005801    0.049065    0.213671    0.781795 ^ _151_/Q (sky130_fd_sc_hd__dfrtp_1)
                                                         net105 (net)
                      0.049065    0.000081    0.781875 ^ hold26/A (sky130_fd_sc_hd__dlygate4sd3_1)
     1    0.003287    0.040461    0.377753    1.159628 ^ hold26/X (sky130_fd_sc_hd__dlygate4sd3_1)
                                                         net218 (net)
                      0.040461    0.000104    1.159732 ^ _084_/A1 (sky130_fd_sc_hd__mux2_1)
     1    0.002397    0.026621    0.073324    1.233056 ^ _084_/X (sky130_fd_sc_hd__mux2_1)
                                                         _000_ (net)
                      0.026621    0.000068    1.233124 ^ _151_/D (sky130_fd_sc_hd__dfrtp_1)
                                              1.233124   data arrival time

                                  0.000000    0.000000   clock HCLK (rise edge)
                                  0.000000    0.000000   clock source latency
     1    0.059439    0.203180    0.147358    0.147358 ^ HCLK (in)
                                                         HCLK (net)
                      0.204534    0.000000    0.147358 ^ clkbuf_0_HCLK/A (sky130_fd_sc_hd__clkbuf_16)
     5    0.134022    0.114650    0.179325    0.326684 ^ clkbuf_0_HCLK/X (sky130_fd_sc_hd__clkbuf_16)
                                                         clknet_0_HCLK (net)
                      0.117120    0.013264    0.339947 ^ clkbuf_2_1_0_HCLK/A (sky130_fd_sc_hd__clkbuf_8)
     2    0.036936    0.058213    0.125711    0.465659 ^ clkbuf_2_1_0_HCLK/X (sky130_fd_sc_hd__clkbuf_8)
                                                         clknet_2_1_0_HCLK (net)
                      0.058723    0.004261    0.469920 ^ clkbuf_3_3__f_HCLK/A (sky130_fd_sc_hd__clkbuf_16)
    10    0.027954    0.036768    0.097675    0.567595 ^ clkbuf_3_3__f_HCLK/X (sky130_fd_sc_hd__clkbuf_16)
                                                         clknet_3_3__leaf_HCLK (net)
                      0.036776    0.000528    0.568123 ^ _151_/CLK (sky130_fd_sc_hd__dfrtp_1)
                                  0.250000    0.818123   clock uncertainty
                                  0.000000    0.818123   clock reconvergence pessimism
                                 -0.019308    0.798815   library hold time
                                              0.798815   data required time
---------------------------------------------------------------------------------------------
                                              0.798815   data required time
                                             -1.233124   data arrival time
---------------------------------------------------------------------------------------------
                                              0.434308   slack (MET)


Startpoint: _199_ (rising edge-triggered flip-flop clocked by HCLK)
Endpoint: _199_ (rising edge-triggered flip-flop clocked by HCLK)
Path Group: HCLK
Path Type: min

Fanout         Cap        Slew       Delay        Time   Description
---------------------------------------------------------------------------------------------
                                  0.000000    0.000000   clock HCLK (rise edge)
                                  0.000000    0.000000   clock source latency
     1    0.059439    0.203180    0.147358    0.147358 ^ HCLK (in)
                                                         HCLK (net)
                      0.204534    0.000000    0.147358 ^ clkbuf_0_HCLK/A (sky130_fd_sc_hd__clkbuf_16)
     5    0.134022    0.114650    0.179325    0.326684 ^ clkbuf_0_HCLK/X (sky130_fd_sc_hd__clkbuf_16)
                                                         clknet_0_HCLK (net)
                      0.116381    0.011108    0.337791 ^ clkbuf_2_3_0_HCLK/A (sky130_fd_sc_hd__clkbuf_8)
     2    0.039123    0.060921    0.128564    0.466355 ^ clkbuf_2_3_0_HCLK/X (sky130_fd_sc_hd__clkbuf_8)
                                                         clknet_2_3_0_HCLK (net)
                      0.061123    0.002757    0.469112 ^ clkbuf_3_6__f_HCLK/A (sky130_fd_sc_hd__clkbuf_16)
     8    0.072928    0.069384    0.120378    0.589490 ^ clkbuf_3_6__f_HCLK/X (sky130_fd_sc_hd__clkbuf_16)
                                                         clknet_3_6__leaf_HCLK (net)
                      0.070360    0.006418    0.595909 ^ _199_/CLK (sky130_fd_sc_hd__dfrtp_1)
     2    0.004957    0.044071    0.219099    0.815008 ^ _199_/Q (sky130_fd_sc_hd__dfrtp_1)
                                                         net149 (net)
                      0.044071    0.000128    0.815136 ^ hold38/A (sky130_fd_sc_hd__dlygate4sd3_1)
     1    0.002990    0.038539    0.374789    1.189925 ^ hold38/X (sky130_fd_sc_hd__dlygate4sd3_1)
                                                         net230 (net)
                      0.038539    0.000088    1.190013 ^ _132_/A1 (sky130_fd_sc_hd__mux2_1)
     1    0.002265    0.025694    0.072112    1.262125 ^ _132_/X (sky130_fd_sc_hd__mux2_1)
                                                         _048_ (net)
                      0.025694    0.000063    1.262189 ^ _199_/D (sky130_fd_sc_hd__dfrtp_1)
                                              1.262189   data arrival time

                                  0.000000    0.000000   clock HCLK (rise edge)
                                  0.000000    0.000000   clock source latency
     1    0.059439    0.203180    0.147358    0.147358 ^ HCLK (in)
                                                         HCLK (net)
                      0.204534    0.000000    0.147358 ^ clkbuf_0_HCLK/A (sky130_fd_sc_hd__clkbuf_16)
     5    0.134022    0.114650    0.179325    0.326684 ^ clkbuf_0_HCLK/X (sky130_fd_sc_hd__clkbuf_16)
                                                         clknet_0_HCLK (net)
                      0.116381    0.011108    0.337791 ^ clkbuf_2_3_0_HCLK/A (sky130_fd_sc_hd__clkbuf_8)
     2    0.039123    0.060921    0.128564    0.466355 ^ clkbuf_2_3_0_HCLK/X (sky130_fd_sc_hd__clkbuf_8)
                                                         clknet_2_3_0_HCLK (net)
                      0.061123    0.002757    0.469112 ^ clkbuf_3_6__f_HCLK/A (sky130_fd_sc_hd__clkbuf_16)
     8    0.072928    0.069384    0.120378    0.589490 ^ clkbuf_3_6__f_HCLK/X (sky130_fd_sc_hd__clkbuf_16)
                                                         clknet_3_6__leaf_HCLK (net)
                      0.070360    0.006418    0.595909 ^ _199_/CLK (sky130_fd_sc_hd__dfrtp_1)
                                  0.250000    0.845909   clock uncertainty
                                  0.000000    0.845909   clock reconvergence pessimism
                                 -0.018352    0.827557   library hold time
                                              0.827557   data required time
---------------------------------------------------------------------------------------------
                                              0.827557   data required time
                                             -1.262189   data arrival time
---------------------------------------------------------------------------------------------
                                              0.434632   slack (MET)


Startpoint: _197_ (rising edge-triggered flip-flop clocked by HCLK)
Endpoint: _197_ (rising edge-triggered flip-flop clocked by HCLK)
Path Group: HCLK
Path Type: min

Fanout         Cap        Slew       Delay        Time   Description
---------------------------------------------------------------------------------------------
                                  0.000000    0.000000   clock HCLK (rise edge)
                                  0.000000    0.000000   clock source latency
     1    0.059439    0.203180    0.147358    0.147358 ^ HCLK (in)
                                                         HCLK (net)
                      0.204534    0.000000    0.147358 ^ clkbuf_0_HCLK/A (sky130_fd_sc_hd__clkbuf_16)
     5    0.134022    0.114650    0.179325    0.326684 ^ clkbuf_0_HCLK/X (sky130_fd_sc_hd__clkbuf_16)
                                                         clknet_0_HCLK (net)
                      0.116959    0.012824    0.339507 ^ clkbuf_2_0_0_HCLK/A (sky130_fd_sc_hd__clkbuf_8)
     2    0.040129    0.062153    0.129216    0.468723 ^ clkbuf_2_0_0_HCLK/X (sky130_fd_sc_hd__clkbuf_8)
                                                         clknet_2_0_0_HCLK (net)
                      0.062464    0.003471    0.472194 ^ clkbuf_3_1__f_HCLK/A (sky130_fd_sc_hd__clkbuf_16)
     7    0.035580    0.041831    0.102191    0.574385 ^ clkbuf_3_1__f_HCLK/X (sky130_fd_sc_hd__clkbuf_16)
                                                         clknet_3_1__leaf_HCLK (net)
                      0.042611    0.004392    0.578777 ^ _197_/CLK (sky130_fd_sc_hd__dfrtp_1)
     2    0.005081    0.044803    0.211976    0.790753 ^ _197_/Q (sky130_fd_sc_hd__dfrtp_1)
                                                         net147 (net)
                      0.044803    0.000110    0.790863 ^ hold10/A (sky130_fd_sc_hd__dlygate4sd3_1)
     1    0.003463    0.041618    0.377970    1.168833 ^ hold10/X (sky130_fd_sc_hd__dlygate4sd3_1)
                                                         net202 (net)
                      0.042094    0.000104    1.168937 ^ _130_/A1 (sky130_fd_sc_hd__mux2_1)
     1    0.002669    0.027937    0.075171    1.244108 ^ _130_/X (sky130_fd_sc_hd__mux2_1)
                                                         _046_ (net)
                      0.027937    0.000078    1.244185 ^ _197_/D (sky130_fd_sc_hd__dfrtp_1)
                                              1.244185   data arrival time

                                  0.000000    0.000000   clock HCLK (rise edge)
                                  0.000000    0.000000   clock source latency
     1    0.059439    0.203180    0.147358    0.147358 ^ HCLK (in)
                                                         HCLK (net)
                      0.204534    0.000000    0.147358 ^ clkbuf_0_HCLK/A (sky130_fd_sc_hd__clkbuf_16)
     5    0.134022    0.114650    0.179325    0.326684 ^ clkbuf_0_HCLK/X (sky130_fd_sc_hd__clkbuf_16)
                                                         clknet_0_HCLK (net)
                      0.116959    0.012824    0.339507 ^ clkbuf_2_0_0_HCLK/A (sky130_fd_sc_hd__clkbuf_8)
     2    0.040129    0.062153    0.129216    0.468723 ^ clkbuf_2_0_0_HCLK/X (sky130_fd_sc_hd__clkbuf_8)
                                                         clknet_2_0_0_HCLK (net)
                      0.062464    0.003471    0.472194 ^ clkbuf_3_1__f_HCLK/A (sky130_fd_sc_hd__clkbuf_16)
     7    0.035580    0.041831    0.102191    0.574385 ^ clkbuf_3_1__f_HCLK/X (sky130_fd_sc_hd__clkbuf_16)
                                                         clknet_3_1__leaf_HCLK (net)
                      0.042611    0.004392    0.578777 ^ _197_/CLK (sky130_fd_sc_hd__dfrtp_1)
                                  0.250000    0.828777   clock uncertainty
                                  0.000000    0.828777   clock reconvergence pessimism
                                 -0.019253    0.809524   library hold time
                                              0.809524   data required time
---------------------------------------------------------------------------------------------
                                              0.809524   data required time
                                             -1.244185   data arrival time
---------------------------------------------------------------------------------------------
                                              0.434662   slack (MET)


Startpoint: _189_ (rising edge-triggered flip-flop clocked by HCLK)
Endpoint: _189_ (rising edge-triggered flip-flop clocked by HCLK)
Path Group: HCLK
Path Type: min

Fanout         Cap        Slew       Delay        Time   Description
---------------------------------------------------------------------------------------------
                                  0.000000    0.000000   clock HCLK (rise edge)
                                  0.000000    0.000000   clock source latency
     1    0.059439    0.203180    0.147358    0.147358 ^ HCLK (in)
                                                         HCLK (net)
                      0.204534    0.000000    0.147358 ^ clkbuf_0_HCLK/A (sky130_fd_sc_hd__clkbuf_16)
     5    0.134022    0.114650    0.179325    0.326684 ^ clkbuf_0_HCLK/X (sky130_fd_sc_hd__clkbuf_16)
                                                         clknet_0_HCLK (net)
                      0.117120    0.013264    0.339947 ^ clkbuf_2_1_0_HCLK/A (sky130_fd_sc_hd__clkbuf_8)
     2    0.036936    0.058213    0.125711    0.465659 ^ clkbuf_2_1_0_HCLK/X (sky130_fd_sc_hd__clkbuf_8)
                                                         clknet_2_1_0_HCLK (net)
                      0.058761    0.004422    0.470081 ^ clkbuf_3_2__f_HCLK/A (sky130_fd_sc_hd__clkbuf_16)
    10    0.036695    0.042800    0.102531    0.572612 ^ clkbuf_3_2__f_HCLK/X (sky130_fd_sc_hd__clkbuf_16)
                                                         clknet_3_2__leaf_HCLK (net)
                      0.042974    0.001563    0.574175 ^ _189_/CLK (sky130_fd_sc_hd__dfrtp_1)
     2    0.005776    0.048926    0.215432    0.789607 ^ _189_/Q (sky130_fd_sc_hd__dfrtp_1)
                                                         net170 (net)
                      0.048926    0.000080    0.789687 ^ hold19/A (sky130_fd_sc_hd__dlygate4sd3_1)
     1    0.003097    0.039228    0.376514    1.166200 ^ hold19/X (sky130_fd_sc_hd__dlygate4sd3_1)
                                                         net211 (net)
                      0.039228    0.000093    1.166293 ^ _122_/A1 (sky130_fd_sc_hd__mux2_1)
     1    0.002471    0.027026    0.073358    1.239652 ^ _122_/X (sky130_fd_sc_hd__mux2_1)
                                                         _038_ (net)
                      0.027026    0.000071    1.239723 ^ _189_/D (sky130_fd_sc_hd__dfrtp_1)
                                              1.239723   data arrival time

                                  0.000000    0.000000   clock HCLK (rise edge)
                                  0.000000    0.000000   clock source latency
     1    0.059439    0.203180    0.147358    0.147358 ^ HCLK (in)
                                                         HCLK (net)
                      0.204534    0.000000    0.147358 ^ clkbuf_0_HCLK/A (sky130_fd_sc_hd__clkbuf_16)
     5    0.134022    0.114650    0.179325    0.326684 ^ clkbuf_0_HCLK/X (sky130_fd_sc_hd__clkbuf_16)
                                                         clknet_0_HCLK (net)
                      0.117120    0.013264    0.339947 ^ clkbuf_2_1_0_HCLK/A (sky130_fd_sc_hd__clkbuf_8)
     2    0.036936    0.058213    0.125711    0.465659 ^ clkbuf_2_1_0_HCLK/X (sky130_fd_sc_hd__clkbuf_8)
                                                         clknet_2_1_0_HCLK (net)
                      0.058761    0.004422    0.470081 ^ clkbuf_3_2__f_HCLK/A (sky130_fd_sc_hd__clkbuf_16)
    10    0.036695    0.042800    0.102531    0.572612 ^ clkbuf_3_2__f_HCLK/X (sky130_fd_sc_hd__clkbuf_16)
                                                         clknet_3_2__leaf_HCLK (net)
                      0.042974    0.001563    0.574175 ^ _189_/CLK (sky130_fd_sc_hd__dfrtp_1)
                                  0.250000    0.824175   clock uncertainty
                                  0.000000    0.824175   clock reconvergence pessimism
                                 -0.019175    0.805000   library hold time
                                              0.805000   data required time
---------------------------------------------------------------------------------------------
                                              0.805000   data required time
                                             -1.239723   data arrival time
---------------------------------------------------------------------------------------------
                                              0.434723   slack (MET)


Startpoint: _178_ (rising edge-triggered flip-flop clocked by HCLK)
Endpoint: _178_ (rising edge-triggered flip-flop clocked by HCLK)
Path Group: HCLK
Path Type: min

Fanout         Cap        Slew       Delay        Time   Description
---------------------------------------------------------------------------------------------
                                  0.000000    0.000000   clock HCLK (rise edge)
                                  0.000000    0.000000   clock source latency
     1    0.059439    0.203180    0.147358    0.147358 ^ HCLK (in)
                                                         HCLK (net)
                      0.204534    0.000000    0.147358 ^ clkbuf_0_HCLK/A (sky130_fd_sc_hd__clkbuf_16)
     5    0.134022    0.114650    0.179325    0.326684 ^ clkbuf_0_HCLK/X (sky130_fd_sc_hd__clkbuf_16)
                                                         clknet_0_HCLK (net)
                      0.117120    0.013264    0.339947 ^ clkbuf_2_1_0_HCLK/A (sky130_fd_sc_hd__clkbuf_8)
     2    0.036936    0.058213    0.125711    0.465659 ^ clkbuf_2_1_0_HCLK/X (sky130_fd_sc_hd__clkbuf_8)
                                                         clknet_2_1_0_HCLK (net)
                      0.058761    0.004422    0.470081 ^ clkbuf_3_2__f_HCLK/A (sky130_fd_sc_hd__clkbuf_16)
    10    0.036695    0.042800    0.102531    0.572612 ^ clkbuf_3_2__f_HCLK/X (sky130_fd_sc_hd__clkbuf_16)
                                                         clknet_3_2__leaf_HCLK (net)
                      0.042957    0.001412    0.574023 ^ _178_/CLK (sky130_fd_sc_hd__dfrtp_1)
     2    0.005504    0.047305    0.214118    0.788142 ^ _178_/Q (sky130_fd_sc_hd__dfrtp_1)
                                                         net124 (net)
                      0.047305    0.000077    0.788219 ^ hold14/A (sky130_fd_sc_hd__dlygate4sd3_1)
     1    0.003322    0.040688    0.377600    1.165819 ^ hold14/X (sky130_fd_sc_hd__dlygate4sd3_1)
                                                         net206 (net)
                      0.040688    0.000100    1.165920 ^ _111_/A1 (sky130_fd_sc_hd__mux2_1)
     1    0.002504    0.027011    0.073932    1.239851 ^ _111_/X (sky130_fd_sc_hd__mux2_1)
                                                         _027_ (net)
                      0.027011    0.000072    1.239923 ^ _178_/D (sky130_fd_sc_hd__dfrtp_1)
                                              1.239923   data arrival time

                                  0.000000    0.000000   clock HCLK (rise edge)
                                  0.000000    0.000000   clock source latency
     1    0.059439    0.203180    0.147358    0.147358 ^ HCLK (in)
                                                         HCLK (net)
                      0.204534    0.000000    0.147358 ^ clkbuf_0_HCLK/A (sky130_fd_sc_hd__clkbuf_16)
     5    0.134022    0.114650    0.179325    0.326684 ^ clkbuf_0_HCLK/X (sky130_fd_sc_hd__clkbuf_16)
                                                         clknet_0_HCLK (net)
                      0.117120    0.013264    0.339947 ^ clkbuf_2_1_0_HCLK/A (sky130_fd_sc_hd__clkbuf_8)
     2    0.036936    0.058213    0.125711    0.465659 ^ clkbuf_2_1_0_HCLK/X (sky130_fd_sc_hd__clkbuf_8)
                                                         clknet_2_1_0_HCLK (net)
                      0.058761    0.004422    0.470081 ^ clkbuf_3_2__f_HCLK/A (sky130_fd_sc_hd__clkbuf_16)
    10    0.036695    0.042800    0.102531    0.572612 ^ clkbuf_3_2__f_HCLK/X (sky130_fd_sc_hd__clkbuf_16)
                                                         clknet_3_2__leaf_HCLK (net)
                      0.042957    0.001412    0.574023 ^ _178_/CLK (sky130_fd_sc_hd__dfrtp_1)
                                  0.250000    0.824023   clock uncertainty
                                  0.000000    0.824023   clock reconvergence pessimism
                                 -0.019174    0.804849   library hold time
                                              0.804849   data required time
---------------------------------------------------------------------------------------------
                                              0.804849   data required time
                                             -1.239923   data arrival time
---------------------------------------------------------------------------------------------
                                              0.435074   slack (MET)


Startpoint: _190_ (rising edge-triggered flip-flop clocked by HCLK)
Endpoint: _190_ (rising edge-triggered flip-flop clocked by HCLK)
Path Group: HCLK
Path Type: min

Fanout         Cap        Slew       Delay        Time   Description
---------------------------------------------------------------------------------------------
                                  0.000000    0.000000   clock HCLK (rise edge)
                                  0.000000    0.000000   clock source latency
     1    0.059439    0.203180    0.147358    0.147358 ^ HCLK (in)
                                                         HCLK (net)
                      0.204534    0.000000    0.147358 ^ clkbuf_0_HCLK/A (sky130_fd_sc_hd__clkbuf_16)
     5    0.134022    0.114650    0.179325    0.326684 ^ clkbuf_0_HCLK/X (sky130_fd_sc_hd__clkbuf_16)
                                                         clknet_0_HCLK (net)
                      0.116381    0.011108    0.337791 ^ clkbuf_2_3_0_HCLK/A (sky130_fd_sc_hd__clkbuf_8)
     2    0.039123    0.060921    0.128564    0.466355 ^ clkbuf_2_3_0_HCLK/X (sky130_fd_sc_hd__clkbuf_8)
                                                         clknet_2_3_0_HCLK (net)
                      0.061123    0.002757    0.469112 ^ clkbuf_3_6__f_HCLK/A (sky130_fd_sc_hd__clkbuf_16)
     8    0.072928    0.069384    0.120378    0.589490 ^ clkbuf_3_6__f_HCLK/X (sky130_fd_sc_hd__clkbuf_16)
                                                         clknet_3_6__leaf_HCLK (net)
                      0.070445    0.006693    0.596183 ^ _190_/CLK (sky130_fd_sc_hd__dfrtp_1)
     2    0.005035    0.044527    0.219501    0.815685 ^ _190_/Q (sky130_fd_sc_hd__dfrtp_1)
                                                         net171 (net)
                      0.044527    0.000119    0.815804 ^ hold42/A (sky130_fd_sc_hd__dlygate4sd3_1)
     1    0.002794    0.037297    0.373643    1.189448 ^ hold42/X (sky130_fd_sc_hd__dlygate4sd3_1)
                                                         net234 (net)
                      0.037297    0.000060    1.189507 ^ _123_/A1 (sky130_fd_sc_hd__mux2_1)
     1    0.002589    0.027486    0.073422    1.262929 ^ _123_/X (sky130_fd_sc_hd__mux2_1)
                                                         _039_ (net)
                      0.027486    0.000076    1.263005 ^ _190_/D (sky130_fd_sc_hd__dfrtp_1)
                                              1.263005   data arrival time

                                  0.000000    0.000000   clock HCLK (rise edge)
                                  0.000000    0.000000   clock source latency
     1    0.059439    0.203180    0.147358    0.147358 ^ HCLK (in)
                                                         HCLK (net)
                      0.204534    0.000000    0.147358 ^ clkbuf_0_HCLK/A (sky130_fd_sc_hd__clkbuf_16)
     5    0.134022    0.114650    0.179325    0.326684 ^ clkbuf_0_HCLK/X (sky130_fd_sc_hd__clkbuf_16)
                                                         clknet_0_HCLK (net)
                      0.116381    0.011108    0.337791 ^ clkbuf_2_3_0_HCLK/A (sky130_fd_sc_hd__clkbuf_8)
     2    0.039123    0.060921    0.128564    0.466355 ^ clkbuf_2_3_0_HCLK/X (sky130_fd_sc_hd__clkbuf_8)
                                                         clknet_2_3_0_HCLK (net)
                      0.061123    0.002757    0.469112 ^ clkbuf_3_6__f_HCLK/A (sky130_fd_sc_hd__clkbuf_16)
     8    0.072928    0.069384    0.120378    0.589490 ^ clkbuf_3_6__f_HCLK/X (sky130_fd_sc_hd__clkbuf_16)
                                                         clknet_3_6__leaf_HCLK (net)
                      0.070445    0.006693    0.596183 ^ _190_/CLK (sky130_fd_sc_hd__dfrtp_1)
                                  0.250000    0.846183   clock uncertainty
                                  0.000000    0.846183   clock reconvergence pessimism
                                 -0.018484    0.827699   library hold time
                                              0.827699   data required time
---------------------------------------------------------------------------------------------
                                              0.827699   data required time
                                             -1.263005   data arrival time
---------------------------------------------------------------------------------------------
                                              0.435306   slack (MET)


Startpoint: _212_ (rising edge-triggered flip-flop clocked by HCLK)
Endpoint: _212_ (rising edge-triggered flip-flop clocked by HCLK)
Path Group: HCLK
Path Type: min

Fanout         Cap        Slew       Delay        Time   Description
---------------------------------------------------------------------------------------------
                                  0.000000    0.000000   clock HCLK (rise edge)
                                  0.000000    0.000000   clock source latency
     1    0.059439    0.203180    0.147358    0.147358 ^ HCLK (in)
                                                         HCLK (net)
                      0.204534    0.000000    0.147358 ^ clkbuf_0_HCLK/A (sky130_fd_sc_hd__clkbuf_16)
     5    0.134022    0.114650    0.179325    0.326684 ^ clkbuf_0_HCLK/X (sky130_fd_sc_hd__clkbuf_16)
                                                         clknet_0_HCLK (net)
                      0.116959    0.012824    0.339507 ^ clkbuf_2_0_0_HCLK/A (sky130_fd_sc_hd__clkbuf_8)
     2    0.040129    0.062153    0.129216    0.468723 ^ clkbuf_2_0_0_HCLK/X (sky130_fd_sc_hd__clkbuf_8)
                                                         clknet_2_0_0_HCLK (net)
                      0.062464    0.003471    0.472194 ^ clkbuf_3_1__f_HCLK/A (sky130_fd_sc_hd__clkbuf_16)
     7    0.035580    0.041831    0.102191    0.574385 ^ clkbuf_3_1__f_HCLK/X (sky130_fd_sc_hd__clkbuf_16)
                                                         clknet_3_1__leaf_HCLK (net)
                      0.042394    0.003566    0.577951 ^ _212_/CLK (sky130_fd_sc_hd__dfrtp_1)
     2    0.005596    0.047853    0.214379    0.792330 ^ _212_/Q (sky130_fd_sc_hd__dfrtp_1)
                                                         net163 (net)
                      0.047853    0.000123    0.792453 ^ hold18/A (sky130_fd_sc_hd__dlygate4sd3_1)
     1    0.002861    0.037712    0.374775    1.167228 ^ hold18/X (sky130_fd_sc_hd__dlygate4sd3_1)
                                                         net210 (net)
                      0.037712    0.000083    1.167311 ^ _145_/A1 (sky130_fd_sc_hd__mux2_1)
     1    0.003185    0.030908    0.076594    1.243905 ^ _145_/X (sky130_fd_sc_hd__mux2_1)
                                                         _061_ (net)
                      0.030908    0.000077    1.243981 ^ _212_/D (sky130_fd_sc_hd__dfrtp_1)
                                              1.243981   data arrival time

                                  0.000000    0.000000   clock HCLK (rise edge)
                                  0.000000    0.000000   clock source latency
     1    0.059439    0.203180    0.147358    0.147358 ^ HCLK (in)
                                                         HCLK (net)
                      0.204534    0.000000    0.147358 ^ clkbuf_0_HCLK/A (sky130_fd_sc_hd__clkbuf_16)
     5    0.134022    0.114650    0.179325    0.326684 ^ clkbuf_0_HCLK/X (sky130_fd_sc_hd__clkbuf_16)
                                                         clknet_0_HCLK (net)
                      0.116959    0.012824    0.339507 ^ clkbuf_2_0_0_HCLK/A (sky130_fd_sc_hd__clkbuf_8)
     2    0.040129    0.062153    0.129216    0.468723 ^ clkbuf_2_0_0_HCLK/X (sky130_fd_sc_hd__clkbuf_8)
                                                         clknet_2_0_0_HCLK (net)
                      0.062464    0.003471    0.472194 ^ clkbuf_3_1__f_HCLK/A (sky130_fd_sc_hd__clkbuf_16)
     7    0.035580    0.041831    0.102191    0.574385 ^ clkbuf_3_1__f_HCLK/X (sky130_fd_sc_hd__clkbuf_16)
                                                         clknet_3_1__leaf_HCLK (net)
                      0.042394    0.003566    0.577951 ^ _212_/CLK (sky130_fd_sc_hd__dfrtp_1)
                                  0.250000    0.827951   clock uncertainty
                                  0.000000    0.827951   clock reconvergence pessimism
                                 -0.019483    0.808468   library hold time
                                              0.808468   data required time
---------------------------------------------------------------------------------------------
                                              0.808468   data required time
                                             -1.243981   data arrival time
---------------------------------------------------------------------------------------------
                                              0.435513   slack (MET)


Startpoint: _214_ (rising edge-triggered flip-flop clocked by HCLK)
Endpoint: _214_ (rising edge-triggered flip-flop clocked by HCLK)
Path Group: HCLK
Path Type: min

Fanout         Cap        Slew       Delay        Time   Description
---------------------------------------------------------------------------------------------
                                  0.000000    0.000000   clock HCLK (rise edge)
                                  0.000000    0.000000   clock source latency
     1    0.059439    0.203180    0.147358    0.147358 ^ HCLK (in)
                                                         HCLK (net)
                      0.204534    0.000000    0.147358 ^ clkbuf_0_HCLK/A (sky130_fd_sc_hd__clkbuf_16)
     5    0.134022    0.114650    0.179325    0.326684 ^ clkbuf_0_HCLK/X (sky130_fd_sc_hd__clkbuf_16)
                                                         clknet_0_HCLK (net)
                      0.116959    0.012824    0.339507 ^ clkbuf_2_0_0_HCLK/A (sky130_fd_sc_hd__clkbuf_8)
     2    0.040129    0.062153    0.129216    0.468723 ^ clkbuf_2_0_0_HCLK/X (sky130_fd_sc_hd__clkbuf_8)
                                                         clknet_2_0_0_HCLK (net)
                      0.062259    0.002040    0.470762 ^ clkbuf_3_0__f_HCLK/A (sky130_fd_sc_hd__clkbuf_16)
     8    0.097836    0.087373    0.134038    0.604801 ^ clkbuf_3_0__f_HCLK/X (sky130_fd_sc_hd__clkbuf_16)
                                                         clknet_3_0__leaf_HCLK (net)
                      0.089192    0.009969    0.614769 ^ _214_/CLK (sky130_fd_sc_hd__dfrtp_1)
     2    0.005065    0.044687    0.224579    0.839348 ^ _214_/Q (sky130_fd_sc_hd__dfrtp_1)
                                                         net166 (net)
                      0.044687    0.000104    0.839453 ^ hold45/A (sky130_fd_sc_hd__dlygate4sd3_1)
     1    0.002429    0.035128    0.371345    1.210798 ^ hold45/X (sky130_fd_sc_hd__dlygate4sd3_1)
                                                         net237 (net)
                      0.035128    0.000048    1.210845 ^ _147_/A1 (sky130_fd_sc_hd__mux2_1)
     1    0.002346    0.026260    0.071574    1.282419 ^ _147_/X (sky130_fd_sc_hd__mux2_1)
                                                         _063_ (net)
                      0.026260    0.000066    1.282485 ^ _214_/D (sky130_fd_sc_hd__dfrtp_1)
                                              1.282485   data arrival time

                                  0.000000    0.000000   clock HCLK (rise edge)
                                  0.000000    0.000000   clock source latency
     1    0.059439    0.203180    0.147358    0.147358 ^ HCLK (in)
                                                         HCLK (net)
                      0.204534    0.000000    0.147358 ^ clkbuf_0_HCLK/A (sky130_fd_sc_hd__clkbuf_16)
     5    0.134022    0.114650    0.179325    0.326684 ^ clkbuf_0_HCLK/X (sky130_fd_sc_hd__clkbuf_16)
                                                         clknet_0_HCLK (net)
                      0.116959    0.012824    0.339507 ^ clkbuf_2_0_0_HCLK/A (sky130_fd_sc_hd__clkbuf_8)
     2    0.040129    0.062153    0.129216    0.468723 ^ clkbuf_2_0_0_HCLK/X (sky130_fd_sc_hd__clkbuf_8)
                                                         clknet_2_0_0_HCLK (net)
                      0.062259    0.002040    0.470762 ^ clkbuf_3_0__f_HCLK/A (sky130_fd_sc_hd__clkbuf_16)
     8    0.097836    0.087373    0.134038    0.604801 ^ clkbuf_3_0__f_HCLK/X (sky130_fd_sc_hd__clkbuf_16)
                                                         clknet_3_0__leaf_HCLK (net)
                      0.089192    0.009969    0.614769 ^ _214_/CLK (sky130_fd_sc_hd__dfrtp_1)
                                  0.250000    0.864769   clock uncertainty
                                  0.000000    0.864769   clock reconvergence pessimism
                                 -0.017897    0.846872   library hold time
                                              0.846872   data required time
---------------------------------------------------------------------------------------------
                                              0.846872   data required time
                                             -1.282485   data arrival time
---------------------------------------------------------------------------------------------
                                              0.435614   slack (MET)


Startpoint: _196_ (rising edge-triggered flip-flop clocked by HCLK)
Endpoint: _196_ (rising edge-triggered flip-flop clocked by HCLK)
Path Group: HCLK
Path Type: min

Fanout         Cap        Slew       Delay        Time   Description
---------------------------------------------------------------------------------------------
                                  0.000000    0.000000   clock HCLK (rise edge)
                                  0.000000    0.000000   clock source latency
     1    0.059439    0.203180    0.147358    0.147358 ^ HCLK (in)
                                                         HCLK (net)
                      0.204534    0.000000    0.147358 ^ clkbuf_0_HCLK/A (sky130_fd_sc_hd__clkbuf_16)
     5    0.134022    0.114650    0.179325    0.326684 ^ clkbuf_0_HCLK/X (sky130_fd_sc_hd__clkbuf_16)
                                                         clknet_0_HCLK (net)
                      0.116431    0.011266    0.337950 ^ clkbuf_2_2_0_HCLK/A (sky130_fd_sc_hd__clkbuf_8)
     2    0.035419    0.056406    0.124539    0.462489 ^ clkbuf_2_2_0_HCLK/X (sky130_fd_sc_hd__clkbuf_8)
                                                         clknet_2_2_0_HCLK (net)
                      0.056832    0.003837    0.466326 ^ clkbuf_3_5__f_HCLK/A (sky130_fd_sc_hd__clkbuf_16)
    11    0.035096    0.041718    0.101215    0.567541 ^ clkbuf_3_5__f_HCLK/X (sky130_fd_sc_hd__clkbuf_16)
                                                         clknet_3_5__leaf_HCLK (net)
                      0.041886    0.001899    0.569440 ^ _196_/CLK (sky130_fd_sc_hd__dfrtp_1)
     2    0.005386    0.046606    0.213227    0.782667 ^ _196_/Q (sky130_fd_sc_hd__dfrtp_1)
                                                         net146 (net)
                      0.046606    0.000097    0.782764 ^ hold15/A (sky130_fd_sc_hd__dlygate4sd3_1)
     1    0.003194    0.039859    0.376634    1.159397 ^ hold15/X (sky130_fd_sc_hd__dlygate4sd3_1)
                                                         net207 (net)
                      0.039859    0.000097    1.159494 ^ _129_/A1 (sky130_fd_sc_hd__mux2_1)
     1    0.002995    0.029804    0.076219    1.235714 ^ _129_/X (sky130_fd_sc_hd__mux2_1)
                                                         _045_ (net)
                      0.029804    0.000085    1.235799 ^ _196_/D (sky130_fd_sc_hd__dfrtp_1)
                                              1.235799   data arrival time

                                  0.000000    0.000000   clock HCLK (rise edge)
                                  0.000000    0.000000   clock source latency
     1    0.059439    0.203180    0.147358    0.147358 ^ HCLK (in)
                                                         HCLK (net)
                      0.204534    0.000000    0.147358 ^ clkbuf_0_HCLK/A (sky130_fd_sc_hd__clkbuf_16)
     5    0.134022    0.114650    0.179325    0.326684 ^ clkbuf_0_HCLK/X (sky130_fd_sc_hd__clkbuf_16)
                                                         clknet_0_HCLK (net)
                      0.116431    0.011266    0.337950 ^ clkbuf_2_2_0_HCLK/A (sky130_fd_sc_hd__clkbuf_8)
     2    0.035419    0.056406    0.124539    0.462489 ^ clkbuf_2_2_0_HCLK/X (sky130_fd_sc_hd__clkbuf_8)
                                                         clknet_2_2_0_HCLK (net)
                      0.056832    0.003837    0.466326 ^ clkbuf_3_5__f_HCLK/A (sky130_fd_sc_hd__clkbuf_16)
    11    0.035096    0.041718    0.101215    0.567541 ^ clkbuf_3_5__f_HCLK/X (sky130_fd_sc_hd__clkbuf_16)
                                                         clknet_3_5__leaf_HCLK (net)
                      0.041886    0.001899    0.569440 ^ _196_/CLK (sky130_fd_sc_hd__dfrtp_1)
                                  0.250000    0.819440   clock uncertainty
                                  0.000000    0.819440   clock reconvergence pessimism
                                 -0.019413    0.800027   library hold time
                                              0.800027   data required time
---------------------------------------------------------------------------------------------
                                              0.800027   data required time
                                             -1.235799   data arrival time
---------------------------------------------------------------------------------------------
                                              0.435772   slack (MET)


Startpoint: _154_ (rising edge-triggered flip-flop clocked by HCLK)
Endpoint: _154_ (rising edge-triggered flip-flop clocked by HCLK)
Path Group: HCLK
Path Type: min

Fanout         Cap        Slew       Delay        Time   Description
---------------------------------------------------------------------------------------------
                                  0.000000    0.000000   clock HCLK (rise edge)
                                  0.000000    0.000000   clock source latency
     1    0.059439    0.203180    0.147358    0.147358 ^ HCLK (in)
                                                         HCLK (net)
                      0.204534    0.000000    0.147358 ^ clkbuf_0_HCLK/A (sky130_fd_sc_hd__clkbuf_16)
     5    0.134022    0.114650    0.179325    0.326684 ^ clkbuf_0_HCLK/X (sky130_fd_sc_hd__clkbuf_16)
                                                         clknet_0_HCLK (net)
                      0.116431    0.011266    0.337950 ^ clkbuf_2_2_0_HCLK/A (sky130_fd_sc_hd__clkbuf_8)
     2    0.035419    0.056406    0.124539    0.462489 ^ clkbuf_2_2_0_HCLK/X (sky130_fd_sc_hd__clkbuf_8)
                                                         clknet_2_2_0_HCLK (net)
                      0.056729    0.003332    0.465821 ^ clkbuf_3_4__f_HCLK/A (sky130_fd_sc_hd__clkbuf_16)
    11    0.039914    0.045093    0.104073    0.569895 ^ clkbuf_3_4__f_HCLK/X (sky130_fd_sc_hd__clkbuf_16)
                                                         clknet_3_4__leaf_HCLK (net)
                      0.045109    0.000782    0.570677 ^ _154_/CLK (sky130_fd_sc_hd__dfrtp_1)
     2    0.006020    0.050389    0.217237    0.787914 ^ _154_/Q (sky130_fd_sc_hd__dfrtp_1)
                                                         net130 (net)
                      0.050389    0.000140    0.788054 ^ hold8/A (sky130_fd_sc_hd__dlygate4sd3_1)
     1    0.003114    0.039339    0.376934    1.164987 ^ hold8/X (sky130_fd_sc_hd__dlygate4sd3_1)
                                                         net200 (net)
                      0.039339    0.000092    1.165080 ^ _087_/A1 (sky130_fd_sc_hd__mux2_1)
     1    0.002523    0.027307    0.073652    1.238732 ^ _087_/X (sky130_fd_sc_hd__mux2_1)
                                                         _003_ (net)
                      0.027307    0.000071    1.238803 ^ _154_/D (sky130_fd_sc_hd__dfrtp_1)
                                              1.238803   data arrival time

                                  0.000000    0.000000   clock HCLK (rise edge)
                                  0.000000    0.000000   clock source latency
     1    0.059439    0.203180    0.147358    0.147358 ^ HCLK (in)
                                                         HCLK (net)
                      0.204534    0.000000    0.147358 ^ clkbuf_0_HCLK/A (sky130_fd_sc_hd__clkbuf_16)
     5    0.134022    0.114650    0.179325    0.326684 ^ clkbuf_0_HCLK/X (sky130_fd_sc_hd__clkbuf_16)
                                                         clknet_0_HCLK (net)
                      0.116431    0.011266    0.337950 ^ clkbuf_2_2_0_HCLK/A (sky130_fd_sc_hd__clkbuf_8)
     2    0.035419    0.056406    0.124539    0.462489 ^ clkbuf_2_2_0_HCLK/X (sky130_fd_sc_hd__clkbuf_8)
                                                         clknet_2_2_0_HCLK (net)
                      0.056729    0.003332    0.465821 ^ clkbuf_3_4__f_HCLK/A (sky130_fd_sc_hd__clkbuf_16)
    11    0.039914    0.045093    0.104073    0.569895 ^ clkbuf_3_4__f_HCLK/X (sky130_fd_sc_hd__clkbuf_16)
                                                         clknet_3_4__leaf_HCLK (net)
                      0.045109    0.000782    0.570677 ^ _154_/CLK (sky130_fd_sc_hd__dfrtp_1)
                                  0.250000    0.820677   clock uncertainty
                                  0.000000    0.820677   clock reconvergence pessimism
                                 -0.019140    0.801537   library hold time
                                              0.801537   data required time
---------------------------------------------------------------------------------------------
                                              0.801537   data required time
                                             -1.238803   data arrival time
---------------------------------------------------------------------------------------------
                                              0.437266   slack (MET)


Startpoint: _200_ (rising edge-triggered flip-flop clocked by HCLK)
Endpoint: _200_ (rising edge-triggered flip-flop clocked by HCLK)
Path Group: HCLK
Path Type: min

Fanout         Cap        Slew       Delay        Time   Description
---------------------------------------------------------------------------------------------
                                  0.000000    0.000000   clock HCLK (rise edge)
                                  0.000000    0.000000   clock source latency
     1    0.059439    0.203180    0.147358    0.147358 ^ HCLK (in)
                                                         HCLK (net)
                      0.204534    0.000000    0.147358 ^ clkbuf_0_HCLK/A (sky130_fd_sc_hd__clkbuf_16)
     5    0.134022    0.114650    0.179325    0.326684 ^ clkbuf_0_HCLK/X (sky130_fd_sc_hd__clkbuf_16)
                                                         clknet_0_HCLK (net)
                      0.116381    0.011108    0.337791 ^ clkbuf_2_3_0_HCLK/A (sky130_fd_sc_hd__clkbuf_8)
     2    0.039123    0.060921    0.128564    0.466355 ^ clkbuf_2_3_0_HCLK/X (sky130_fd_sc_hd__clkbuf_8)
                                                         clknet_2_3_0_HCLK (net)
                      0.061123    0.002757    0.469112 ^ clkbuf_3_6__f_HCLK/A (sky130_fd_sc_hd__clkbuf_16)
     8    0.072928    0.069384    0.120378    0.589490 ^ clkbuf_3_6__f_HCLK/X (sky130_fd_sc_hd__clkbuf_16)
                                                         clknet_3_6__leaf_HCLK (net)
                      0.070514    0.006910    0.596401 ^ _200_/CLK (sky130_fd_sc_hd__dfrtp_1)
     2    0.005336    0.046304    0.220961    0.817362 ^ _200_/Q (sky130_fd_sc_hd__dfrtp_1)
                                                         net150 (net)
                      0.046304    0.000124    0.817486 ^ hold36/A (sky130_fd_sc_hd__dlygate4sd3_1)
     1    0.002861    0.037721    0.374451    1.191937 ^ hold36/X (sky130_fd_sc_hd__dlygate4sd3_1)
                                                         net228 (net)
                      0.037721    0.000062    1.191999 ^ _133_/A1 (sky130_fd_sc_hd__mux2_1)
     1    0.002691    0.028065    0.074063    1.266061 ^ _133_/X (sky130_fd_sc_hd__mux2_1)
                                                         _049_ (net)
                      0.028065    0.000076    1.266138 ^ _200_/D (sky130_fd_sc_hd__dfrtp_1)
                                              1.266138   data arrival time

                                  0.000000    0.000000   clock HCLK (rise edge)
                                  0.000000    0.000000   clock source latency
     1    0.059439    0.203180    0.147358    0.147358 ^ HCLK (in)
                                                         HCLK (net)
                      0.204534    0.000000    0.147358 ^ clkbuf_0_HCLK/A (sky130_fd_sc_hd__clkbuf_16)
     5    0.134022    0.114650    0.179325    0.326684 ^ clkbuf_0_HCLK/X (sky130_fd_sc_hd__clkbuf_16)
                                                         clknet_0_HCLK (net)
                      0.116381    0.011108    0.337791 ^ clkbuf_2_3_0_HCLK/A (sky130_fd_sc_hd__clkbuf_8)
     2    0.039123    0.060921    0.128564    0.466355 ^ clkbuf_2_3_0_HCLK/X (sky130_fd_sc_hd__clkbuf_8)
                                                         clknet_2_3_0_HCLK (net)
                      0.061123    0.002757    0.469112 ^ clkbuf_3_6__f_HCLK/A (sky130_fd_sc_hd__clkbuf_16)
     8    0.072928    0.069384    0.120378    0.589490 ^ clkbuf_3_6__f_HCLK/X (sky130_fd_sc_hd__clkbuf_16)
                                                         clknet_3_6__leaf_HCLK (net)
                      0.070514    0.006910    0.596401 ^ _200_/CLK (sky130_fd_sc_hd__dfrtp_1)
                                  0.250000    0.846401   clock uncertainty
                                  0.000000    0.846401   clock reconvergence pessimism
                                 -0.018526    0.827875   library hold time
                                              0.827875   data required time
---------------------------------------------------------------------------------------------
                                              0.827875   data required time
                                             -1.266138   data arrival time
---------------------------------------------------------------------------------------------
                                              0.438262   slack (MET)


Startpoint: _156_ (rising edge-triggered flip-flop clocked by HCLK)
Endpoint: _156_ (rising edge-triggered flip-flop clocked by HCLK)
Path Group: HCLK
Path Type: min

Fanout         Cap        Slew       Delay        Time   Description
---------------------------------------------------------------------------------------------
                                  0.000000    0.000000   clock HCLK (rise edge)
                                  0.000000    0.000000   clock source latency
     1    0.059439    0.203180    0.147358    0.147358 ^ HCLK (in)
                                                         HCLK (net)
                      0.204534    0.000000    0.147358 ^ clkbuf_0_HCLK/A (sky130_fd_sc_hd__clkbuf_16)
     5    0.134022    0.114650    0.179325    0.326684 ^ clkbuf_0_HCLK/X (sky130_fd_sc_hd__clkbuf_16)
                                                         clknet_0_HCLK (net)
                      0.116381    0.011108    0.337791 ^ clkbuf_2_3_0_HCLK/A (sky130_fd_sc_hd__clkbuf_8)
     2    0.039123    0.060921    0.128564    0.466355 ^ clkbuf_2_3_0_HCLK/X (sky130_fd_sc_hd__clkbuf_8)
                                                         clknet_2_3_0_HCLK (net)
                      0.061123    0.002757    0.469112 ^ clkbuf_3_6__f_HCLK/A (sky130_fd_sc_hd__clkbuf_16)
     8    0.072928    0.069384    0.120378    0.589490 ^ clkbuf_3_6__f_HCLK/X (sky130_fd_sc_hd__clkbuf_16)
                                                         clknet_3_6__leaf_HCLK (net)
                      0.070497    0.006857    0.596347 ^ _156_/CLK (sky130_fd_sc_hd__dfrtp_1)
     2    0.004910    0.043790    0.218905    0.815252 ^ _156_/Q (sky130_fd_sc_hd__dfrtp_1)
                                                         net132 (net)
                      0.043790    0.000133    0.815386 ^ hold39/A (sky130_fd_sc_hd__dlygate4sd3_1)
     1    0.003022    0.038745    0.374932    1.190318 ^ hold39/X (sky130_fd_sc_hd__dlygate4sd3_1)
                                                         net231 (net)
                      0.038745    0.000088    1.190406 ^ _089_/A1 (sky130_fd_sc_hd__mux2_1)
     1    0.002941    0.029647    0.075627    1.266034 ^ _089_/X (sky130_fd_sc_hd__mux2_1)
                                                         _005_ (net)
                      0.029647    0.000083    1.266117 ^ _156_/D (sky130_fd_sc_hd__dfrtp_1)
                                              1.266117   data arrival time

                                  0.000000    0.000000   clock HCLK (rise edge)
                                  0.000000    0.000000   clock source latency
     1    0.059439    0.203180    0.147358    0.147358 ^ HCLK (in)
                                                         HCLK (net)
                      0.204534    0.000000    0.147358 ^ clkbuf_0_HCLK/A (sky130_fd_sc_hd__clkbuf_16)
     5    0.134022    0.114650    0.179325    0.326684 ^ clkbuf_0_HCLK/X (sky130_fd_sc_hd__clkbuf_16)
                                                         clknet_0_HCLK (net)
                      0.116381    0.011108    0.337791 ^ clkbuf_2_3_0_HCLK/A (sky130_fd_sc_hd__clkbuf_8)
     2    0.039123    0.060921    0.128564    0.466355 ^ clkbuf_2_3_0_HCLK/X (sky130_fd_sc_hd__clkbuf_8)
                                                         clknet_2_3_0_HCLK (net)
                      0.061123    0.002757    0.469112 ^ clkbuf_3_6__f_HCLK/A (sky130_fd_sc_hd__clkbuf_16)
     8    0.072928    0.069384    0.120378    0.589490 ^ clkbuf_3_6__f_HCLK/X (sky130_fd_sc_hd__clkbuf_16)
                                                         clknet_3_6__leaf_HCLK (net)
                      0.070497    0.006857    0.596347 ^ _156_/CLK (sky130_fd_sc_hd__dfrtp_1)
                                  0.250000    0.846347   clock uncertainty
                                  0.000000    0.846347   clock reconvergence pessimism
                                 -0.018645    0.827702   library hold time
                                              0.827702   data required time
---------------------------------------------------------------------------------------------
                                              0.827702   data required time
                                             -1.266117   data arrival time
---------------------------------------------------------------------------------------------
                                              0.438415   slack (MET)


Startpoint: _184_ (rising edge-triggered flip-flop clocked by HCLK)
Endpoint: _184_ (rising edge-triggered flip-flop clocked by HCLK)
Path Group: HCLK
Path Type: min

Fanout         Cap        Slew       Delay        Time   Description
---------------------------------------------------------------------------------------------
                                  0.000000    0.000000   clock HCLK (rise edge)
                                  0.000000    0.000000   clock source latency
     1    0.059439    0.203180    0.147358    0.147358 ^ HCLK (in)
                                                         HCLK (net)
                      0.204534    0.000000    0.147358 ^ clkbuf_0_HCLK/A (sky130_fd_sc_hd__clkbuf_16)
     5    0.134022    0.114650    0.179325    0.326684 ^ clkbuf_0_HCLK/X (sky130_fd_sc_hd__clkbuf_16)
                                                         clknet_0_HCLK (net)
                      0.117120    0.013264    0.339947 ^ clkbuf_2_1_0_HCLK/A (sky130_fd_sc_hd__clkbuf_8)
     2    0.036936    0.058213    0.125711    0.465659 ^ clkbuf_2_1_0_HCLK/X (sky130_fd_sc_hd__clkbuf_8)
                                                         clknet_2_1_0_HCLK (net)
                      0.058761    0.004422    0.470081 ^ clkbuf_3_2__f_HCLK/A (sky130_fd_sc_hd__clkbuf_16)
    10    0.036695    0.042800    0.102531    0.572612 ^ clkbuf_3_2__f_HCLK/X (sky130_fd_sc_hd__clkbuf_16)
                                                         clknet_3_2__leaf_HCLK (net)
                      0.043011    0.001877    0.574488 ^ _184_/CLK (sky130_fd_sc_hd__dfrtp_1)
     2    0.007290    0.058036    0.222675    0.797163 ^ _184_/Q (sky130_fd_sc_hd__dfrtp_1)
                                                         net153 (net)
                      0.058036    0.000149    0.797311 ^ hold43/A (sky130_fd_sc_hd__dlygate4sd3_1)
     1    0.002502    0.035550    0.374399    1.171711 ^ hold43/X (sky130_fd_sc_hd__dlygate4sd3_1)
                                                         net235 (net)
                      0.035550    0.000050    1.171761 ^ _117_/A1 (sky130_fd_sc_hd__mux2_1)
     1    0.002417    0.026522    0.072052    1.243813 ^ _117_/X (sky130_fd_sc_hd__mux2_1)
                                                         _033_ (net)
                      0.026522    0.000069    1.243882 ^ _184_/D (sky130_fd_sc_hd__dfrtp_1)
                                              1.243882   data arrival time

                                  0.000000    0.000000   clock HCLK (rise edge)
                                  0.000000    0.000000   clock source latency
     1    0.059439    0.203180    0.147358    0.147358 ^ HCLK (in)
                                                         HCLK (net)
                      0.204534    0.000000    0.147358 ^ clkbuf_0_HCLK/A (sky130_fd_sc_hd__clkbuf_16)
     5    0.134022    0.114650    0.179325    0.326684 ^ clkbuf_0_HCLK/X (sky130_fd_sc_hd__clkbuf_16)
                                                         clknet_0_HCLK (net)
                      0.117120    0.013264    0.339947 ^ clkbuf_2_1_0_HCLK/A (sky130_fd_sc_hd__clkbuf_8)
     2    0.036936    0.058213    0.125711    0.465659 ^ clkbuf_2_1_0_HCLK/X (sky130_fd_sc_hd__clkbuf_8)
                                                         clknet_2_1_0_HCLK (net)
                      0.058761    0.004422    0.470081 ^ clkbuf_3_2__f_HCLK/A (sky130_fd_sc_hd__clkbuf_16)
    10    0.036695    0.042800    0.102531    0.572612 ^ clkbuf_3_2__f_HCLK/X (sky130_fd_sc_hd__clkbuf_16)
                                                         clknet_3_2__leaf_HCLK (net)
                      0.043011    0.001877    0.574488 ^ _184_/CLK (sky130_fd_sc_hd__dfrtp_1)
                                  0.250000    0.824488   clock uncertainty
                                  0.000000    0.824488   clock reconvergence pessimism
                                 -0.019136    0.805353   library hold time
                                              0.805353   data required time
---------------------------------------------------------------------------------------------
                                              0.805353   data required time
                                             -1.243882   data arrival time
---------------------------------------------------------------------------------------------
                                              0.438529   slack (MET)


Startpoint: _180_ (rising edge-triggered flip-flop clocked by HCLK)
Endpoint: _180_ (rising edge-triggered flip-flop clocked by HCLK)
Path Group: HCLK
Path Type: min

Fanout         Cap        Slew       Delay        Time   Description
---------------------------------------------------------------------------------------------
                                  0.000000    0.000000   clock HCLK (rise edge)
                                  0.000000    0.000000   clock source latency
     1    0.059439    0.203180    0.147358    0.147358 ^ HCLK (in)
                                                         HCLK (net)
                      0.204534    0.000000    0.147358 ^ clkbuf_0_HCLK/A (sky130_fd_sc_hd__clkbuf_16)
     5    0.134022    0.114650    0.179325    0.326684 ^ clkbuf_0_HCLK/X (sky130_fd_sc_hd__clkbuf_16)
                                                         clknet_0_HCLK (net)
                      0.117120    0.013264    0.339947 ^ clkbuf_2_1_0_HCLK/A (sky130_fd_sc_hd__clkbuf_8)
     2    0.036936    0.058213    0.125711    0.465659 ^ clkbuf_2_1_0_HCLK/X (sky130_fd_sc_hd__clkbuf_8)
                                                         clknet_2_1_0_HCLK (net)
                      0.058761    0.004422    0.470081 ^ clkbuf_3_2__f_HCLK/A (sky130_fd_sc_hd__clkbuf_16)
    10    0.036695    0.042800    0.102531    0.572612 ^ clkbuf_3_2__f_HCLK/X (sky130_fd_sc_hd__clkbuf_16)
                                                         clknet_3_2__leaf_HCLK (net)
                      0.043025    0.001989    0.574601 ^ _180_/CLK (sky130_fd_sc_hd__dfrtp_1)
     2    0.005952    0.049973    0.216284    0.790885 ^ _180_/Q (sky130_fd_sc_hd__dfrtp_1)
                                                         net126 (net)
                      0.049973    0.000084    0.790969 ^ hold37/A (sky130_fd_sc_hd__dlygate4sd3_1)
     1    0.003523    0.042013    0.379452    1.170421 ^ hold37/X (sky130_fd_sc_hd__dlygate4sd3_1)
                                                         net229 (net)
                      0.042490    0.000114    1.170536 ^ _113_/A1 (sky130_fd_sc_hd__mux2_1)
     1    0.002422    0.026551    0.074015    1.244550 ^ _113_/X (sky130_fd_sc_hd__mux2_1)
                                                         _029_ (net)
                      0.026551    0.000069    1.244620 ^ _180_/D (sky130_fd_sc_hd__dfrtp_1)
                                              1.244620   data arrival time

                                  0.000000    0.000000   clock HCLK (rise edge)
                                  0.000000    0.000000   clock source latency
     1    0.059439    0.203180    0.147358    0.147358 ^ HCLK (in)
                                                         HCLK (net)
                      0.204534    0.000000    0.147358 ^ clkbuf_0_HCLK/A (sky130_fd_sc_hd__clkbuf_16)
     5    0.134022    0.114650    0.179325    0.326684 ^ clkbuf_0_HCLK/X (sky130_fd_sc_hd__clkbuf_16)
                                                         clknet_0_HCLK (net)
                      0.117120    0.013264    0.339947 ^ clkbuf_2_1_0_HCLK/A (sky130_fd_sc_hd__clkbuf_8)
     2    0.036936    0.058213    0.125711    0.465659 ^ clkbuf_2_1_0_HCLK/X (sky130_fd_sc_hd__clkbuf_8)
                                                         clknet_2_1_0_HCLK (net)
                      0.058761    0.004422    0.470081 ^ clkbuf_3_2__f_HCLK/A (sky130_fd_sc_hd__clkbuf_16)
    10    0.036695    0.042800    0.102531    0.572612 ^ clkbuf_3_2__f_HCLK/X (sky130_fd_sc_hd__clkbuf_16)
                                                         clknet_3_2__leaf_HCLK (net)
                      0.043025    0.001989    0.574601 ^ _180_/CLK (sky130_fd_sc_hd__dfrtp_1)
                                  0.250000    0.824601   clock uncertainty
                                  0.000000    0.824601   clock reconvergence pessimism
                                 -0.019138    0.805463   library hold time
                                              0.805463   data required time
---------------------------------------------------------------------------------------------
                                              0.805463   data required time
                                             -1.244620   data arrival time
---------------------------------------------------------------------------------------------
                                              0.439156   slack (MET)


Startpoint: _177_ (rising edge-triggered flip-flop clocked by HCLK)
Endpoint: _177_ (rising edge-triggered flip-flop clocked by HCLK)
Path Group: HCLK
Path Type: min

Fanout         Cap        Slew       Delay        Time   Description
---------------------------------------------------------------------------------------------
                                  0.000000    0.000000   clock HCLK (rise edge)
                                  0.000000    0.000000   clock source latency
     1    0.059439    0.203180    0.147358    0.147358 ^ HCLK (in)
                                                         HCLK (net)
                      0.204534    0.000000    0.147358 ^ clkbuf_0_HCLK/A (sky130_fd_sc_hd__clkbuf_16)
     5    0.134022    0.114650    0.179325    0.326684 ^ clkbuf_0_HCLK/X (sky130_fd_sc_hd__clkbuf_16)
                                                         clknet_0_HCLK (net)
                      0.116959    0.012824    0.339507 ^ clkbuf_2_0_0_HCLK/A (sky130_fd_sc_hd__clkbuf_8)
     2    0.040129    0.062153    0.129216    0.468723 ^ clkbuf_2_0_0_HCLK/X (sky130_fd_sc_hd__clkbuf_8)
                                                         clknet_2_0_0_HCLK (net)
                      0.062259    0.002040    0.470762 ^ clkbuf_3_0__f_HCLK/A (sky130_fd_sc_hd__clkbuf_16)
     8    0.097836    0.087373    0.134038    0.604801 ^ clkbuf_3_0__f_HCLK/X (sky130_fd_sc_hd__clkbuf_16)
                                                         clknet_3_0__leaf_HCLK (net)
                      0.089222    0.010049    0.614850 ^ _177_/CLK (sky130_fd_sc_hd__dfrtp_1)
     2    0.005551    0.047564    0.226927    0.841777 ^ _177_/Q (sky130_fd_sc_hd__dfrtp_1)
                                                         net123 (net)
                      0.047564    0.000095    0.841872 ^ hold48/A (sky130_fd_sc_hd__dlygate4sd3_1)
     1    0.002531    0.035711    0.372612    1.214484 ^ hold48/X (sky130_fd_sc_hd__dlygate4sd3_1)
                                                         net240 (net)
                      0.035711    0.000051    1.214535 ^ _110_/A1 (sky130_fd_sc_hd__mux2_1)
     1    0.002409    0.026476    0.072056    1.286591 ^ _110_/X (sky130_fd_sc_hd__mux2_1)
                                                         _026_ (net)
                      0.026478    0.000069    1.286659 ^ _177_/D (sky130_fd_sc_hd__dfrtp_1)
                                              1.286659   data arrival time

                                  0.000000    0.000000   clock HCLK (rise edge)
                                  0.000000    0.000000   clock source latency
     1    0.059439    0.203180    0.147358    0.147358 ^ HCLK (in)
                                                         HCLK (net)
                      0.204534    0.000000    0.147358 ^ clkbuf_0_HCLK/A (sky130_fd_sc_hd__clkbuf_16)
     5    0.134022    0.114650    0.179325    0.326684 ^ clkbuf_0_HCLK/X (sky130_fd_sc_hd__clkbuf_16)
                                                         clknet_0_HCLK (net)
                      0.116959    0.012824    0.339507 ^ clkbuf_2_0_0_HCLK/A (sky130_fd_sc_hd__clkbuf_8)
     2    0.040129    0.062153    0.129216    0.468723 ^ clkbuf_2_0_0_HCLK/X (sky130_fd_sc_hd__clkbuf_8)
                                                         clknet_2_0_0_HCLK (net)
                      0.062259    0.002040    0.470762 ^ clkbuf_3_0__f_HCLK/A (sky130_fd_sc_hd__clkbuf_16)
     8    0.097836    0.087373    0.134038    0.604801 ^ clkbuf_3_0__f_HCLK/X (sky130_fd_sc_hd__clkbuf_16)
                                                         clknet_3_0__leaf_HCLK (net)
                      0.089222    0.010049    0.614850 ^ _177_/CLK (sky130_fd_sc_hd__dfrtp_1)
                                  0.250000    0.864850   clock uncertainty
                                  0.000000    0.864850   clock reconvergence pessimism
                                 -0.017913    0.846937   library hold time
                                              0.846937   data required time
---------------------------------------------------------------------------------------------
                                              0.846937   data required time
                                             -1.286659   data arrival time
---------------------------------------------------------------------------------------------
                                              0.439722   slack (MET)


Startpoint: _202_ (rising edge-triggered flip-flop clocked by HCLK)
Endpoint: _202_ (rising edge-triggered flip-flop clocked by HCLK)
Path Group: HCLK
Path Type: min

Fanout         Cap        Slew       Delay        Time   Description
---------------------------------------------------------------------------------------------
                                  0.000000    0.000000   clock HCLK (rise edge)
                                  0.000000    0.000000   clock source latency
     1    0.059439    0.203180    0.147358    0.147358 ^ HCLK (in)
                                                         HCLK (net)
                      0.204534    0.000000    0.147358 ^ clkbuf_0_HCLK/A (sky130_fd_sc_hd__clkbuf_16)
     5    0.134022    0.114650    0.179325    0.326684 ^ clkbuf_0_HCLK/X (sky130_fd_sc_hd__clkbuf_16)
                                                         clknet_0_HCLK (net)
                      0.116959    0.012824    0.339507 ^ clkbuf_2_0_0_HCLK/A (sky130_fd_sc_hd__clkbuf_8)
     2    0.040129    0.062153    0.129216    0.468723 ^ clkbuf_2_0_0_HCLK/X (sky130_fd_sc_hd__clkbuf_8)
                                                         clknet_2_0_0_HCLK (net)
                      0.062464    0.003471    0.472194 ^ clkbuf_3_1__f_HCLK/A (sky130_fd_sc_hd__clkbuf_16)
     7    0.035580    0.041831    0.102191    0.574385 ^ clkbuf_3_1__f_HCLK/X (sky130_fd_sc_hd__clkbuf_16)
                                                         clknet_3_1__leaf_HCLK (net)
                      0.042545    0.004152    0.578537 ^ _202_/CLK (sky130_fd_sc_hd__dfrtp_1)
     2    0.006188    0.051387    0.217274    0.795811 ^ _202_/Q (sky130_fd_sc_hd__dfrtp_1)
                                                         net152 (net)
                      0.051387    0.000129    0.795940 ^ hold35/A (sky130_fd_sc_hd__dlygate4sd3_1)
     1    0.002868    0.037761    0.375577    1.171517 ^ hold35/X (sky130_fd_sc_hd__dlygate4sd3_1)
                                                         net227 (net)
                      0.037761    0.000088    1.171605 ^ _135_/A1 (sky130_fd_sc_hd__mux2_1)
     1    0.003306    0.031592    0.077219    1.248824 ^ _135_/X (sky130_fd_sc_hd__mux2_1)
                                                         _051_ (net)
                      0.031592    0.000105    1.248928 ^ _202_/D (sky130_fd_sc_hd__dfrtp_1)
                                              1.248928   data arrival time

                                  0.000000    0.000000   clock HCLK (rise edge)
                                  0.000000    0.000000   clock source latency
     1    0.059439    0.203180    0.147358    0.147358 ^ HCLK (in)
                                                         HCLK (net)
                      0.204534    0.000000    0.147358 ^ clkbuf_0_HCLK/A (sky130_fd_sc_hd__clkbuf_16)
     5    0.134022    0.114650    0.179325    0.326684 ^ clkbuf_0_HCLK/X (sky130_fd_sc_hd__clkbuf_16)
                                                         clknet_0_HCLK (net)
                      0.116959    0.012824    0.339507 ^ clkbuf_2_0_0_HCLK/A (sky130_fd_sc_hd__clkbuf_8)
     2    0.040129    0.062153    0.129216    0.468723 ^ clkbuf_2_0_0_HCLK/X (sky130_fd_sc_hd__clkbuf_8)
                                                         clknet_2_0_0_HCLK (net)
                      0.062464    0.003471    0.472194 ^ clkbuf_3_1__f_HCLK/A (sky130_fd_sc_hd__clkbuf_16)
     7    0.035580    0.041831    0.102191    0.574385 ^ clkbuf_3_1__f_HCLK/X (sky130_fd_sc_hd__clkbuf_16)
                                                         clknet_3_1__leaf_HCLK (net)
                      0.042545    0.004152    0.578537 ^ _202_/CLK (sky130_fd_sc_hd__dfrtp_1)
                                  0.250000    0.828537   clock uncertainty
                                  0.000000    0.828537   clock reconvergence pessimism
                                 -0.019531    0.809006   library hold time
                                              0.809006   data required time
---------------------------------------------------------------------------------------------
                                              0.809006   data required time
                                             -1.248928   data arrival time
---------------------------------------------------------------------------------------------
                                              0.439922   slack (MET)


Startpoint: _162_ (rising edge-triggered flip-flop clocked by HCLK)
Endpoint: _162_ (rising edge-triggered flip-flop clocked by HCLK)
Path Group: HCLK
Path Type: min

Fanout         Cap        Slew       Delay        Time   Description
---------------------------------------------------------------------------------------------
                                  0.000000    0.000000   clock HCLK (rise edge)
                                  0.000000    0.000000   clock source latency
     1    0.059439    0.203180    0.147358    0.147358 ^ HCLK (in)
                                                         HCLK (net)
                      0.204534    0.000000    0.147358 ^ clkbuf_0_HCLK/A (sky130_fd_sc_hd__clkbuf_16)
     5    0.134022    0.114650    0.179325    0.326684 ^ clkbuf_0_HCLK/X (sky130_fd_sc_hd__clkbuf_16)
                                                         clknet_0_HCLK (net)
                      0.116431    0.011266    0.337950 ^ clkbuf_2_2_0_HCLK/A (sky130_fd_sc_hd__clkbuf_8)
     2    0.035419    0.056406    0.124539    0.462489 ^ clkbuf_2_2_0_HCLK/X (sky130_fd_sc_hd__clkbuf_8)
                                                         clknet_2_2_0_HCLK (net)
                      0.056729    0.003332    0.465821 ^ clkbuf_3_4__f_HCLK/A (sky130_fd_sc_hd__clkbuf_16)
    11    0.039914    0.045093    0.104073    0.569895 ^ clkbuf_3_4__f_HCLK/X (sky130_fd_sc_hd__clkbuf_16)
                                                         clknet_3_4__leaf_HCLK (net)
                      0.045130    0.001092    0.570987 ^ _162_/CLK (sky130_fd_sc_hd__dfrtp_1)
     2    0.007029    0.056464    0.222057    0.793044 ^ _162_/Q (sky130_fd_sc_hd__dfrtp_1)
                                                         net107 (net)
                      0.056464    0.000192    0.793236 ^ hold21/A (sky130_fd_sc_hd__dlygate4sd3_1)
     1    0.002658    0.036452    0.375149    1.168385 ^ hold21/X (sky130_fd_sc_hd__dlygate4sd3_1)
                                                         net213 (net)
                      0.036452    0.000053    1.168438 ^ _095_/A1 (sky130_fd_sc_hd__mux2_1)
     1    0.002728    0.028448    0.073895    1.242333 ^ _095_/X (sky130_fd_sc_hd__mux2_1)
                                                         _011_ (net)
                      0.028448    0.000081    1.242414 ^ _162_/D (sky130_fd_sc_hd__dfrtp_1)
                                              1.242414   data arrival time

                                  0.000000    0.000000   clock HCLK (rise edge)
                                  0.000000    0.000000   clock source latency
     1    0.059439    0.203180    0.147358    0.147358 ^ HCLK (in)
                                                         HCLK (net)
                      0.204534    0.000000    0.147358 ^ clkbuf_0_HCLK/A (sky130_fd_sc_hd__clkbuf_16)
     5    0.134022    0.114650    0.179325    0.326684 ^ clkbuf_0_HCLK/X (sky130_fd_sc_hd__clkbuf_16)
                                                         clknet_0_HCLK (net)
                      0.116431    0.011266    0.337950 ^ clkbuf_2_2_0_HCLK/A (sky130_fd_sc_hd__clkbuf_8)
     2    0.035419    0.056406    0.124539    0.462489 ^ clkbuf_2_2_0_HCLK/X (sky130_fd_sc_hd__clkbuf_8)
                                                         clknet_2_2_0_HCLK (net)
                      0.056729    0.003332    0.465821 ^ clkbuf_3_4__f_HCLK/A (sky130_fd_sc_hd__clkbuf_16)
    11    0.039914    0.045093    0.104073    0.569895 ^ clkbuf_3_4__f_HCLK/X (sky130_fd_sc_hd__clkbuf_16)
                                                         clknet_3_4__leaf_HCLK (net)
                      0.045130    0.001092    0.570987 ^ _162_/CLK (sky130_fd_sc_hd__dfrtp_1)
                                  0.250000    0.820987   clock uncertainty
                                  0.000000    0.820987   clock reconvergence pessimism
                                 -0.019225    0.801762   library hold time
                                              0.801762   data required time
---------------------------------------------------------------------------------------------
                                              0.801762   data required time
                                             -1.242414   data arrival time
---------------------------------------------------------------------------------------------
                                              0.440652   slack (MET)


Startpoint: _158_ (rising edge-triggered flip-flop clocked by HCLK)
Endpoint: _158_ (rising edge-triggered flip-flop clocked by HCLK)
Path Group: HCLK
Path Type: min

Fanout         Cap        Slew       Delay        Time   Description
---------------------------------------------------------------------------------------------
                                  0.000000    0.000000   clock HCLK (rise edge)
                                  0.000000    0.000000   clock source latency
     1    0.059439    0.203180    0.147358    0.147358 ^ HCLK (in)
                                                         HCLK (net)
                      0.204534    0.000000    0.147358 ^ clkbuf_0_HCLK/A (sky130_fd_sc_hd__clkbuf_16)
     5    0.134022    0.114650    0.179325    0.326684 ^ clkbuf_0_HCLK/X (sky130_fd_sc_hd__clkbuf_16)
                                                         clknet_0_HCLK (net)
                      0.117120    0.013264    0.339947 ^ clkbuf_2_1_0_HCLK/A (sky130_fd_sc_hd__clkbuf_8)
     2    0.036936    0.058213    0.125711    0.465659 ^ clkbuf_2_1_0_HCLK/X (sky130_fd_sc_hd__clkbuf_8)
                                                         clknet_2_1_0_HCLK (net)
                      0.058723    0.004261    0.469920 ^ clkbuf_3_3__f_HCLK/A (sky130_fd_sc_hd__clkbuf_16)
    10    0.027954    0.036768    0.097675    0.567595 ^ clkbuf_3_3__f_HCLK/X (sky130_fd_sc_hd__clkbuf_16)
                                                         clknet_3_3__leaf_HCLK (net)
                      0.036781    0.000620    0.568216 ^ _158_/CLK (sky130_fd_sc_hd__dfrtp_1)
     2    0.008136    0.063168    0.224825    0.793041 ^ _158_/Q (sky130_fd_sc_hd__dfrtp_1)
                                                         net134 (net)
                      0.063168    0.000156    0.793197 ^ hold44/A (sky130_fd_sc_hd__dlygate4sd3_1)
     1    0.002521    0.035652    0.375324    1.168521 ^ hold44/X (sky130_fd_sc_hd__dlygate4sd3_1)
                                                         net236 (net)
                      0.035652    0.000051    1.168572 ^ _091_/A1 (sky130_fd_sc_hd__mux2_1)
     1    0.002346    0.026346    0.071721    1.240293 ^ _091_/X (sky130_fd_sc_hd__mux2_1)
                                                         _007_ (net)
                      0.026346    0.000066    1.240359 ^ _158_/D (sky130_fd_sc_hd__dfrtp_1)
                                              1.240359   data arrival time

                                  0.000000    0.000000   clock HCLK (rise edge)
                                  0.000000    0.000000   clock source latency
     1    0.059439    0.203180    0.147358    0.147358 ^ HCLK (in)
                                                         HCLK (net)
                      0.204534    0.000000    0.147358 ^ clkbuf_0_HCLK/A (sky130_fd_sc_hd__clkbuf_16)
     5    0.134022    0.114650    0.179325    0.326684 ^ clkbuf_0_HCLK/X (sky130_fd_sc_hd__clkbuf_16)
                                                         clknet_0_HCLK (net)
                      0.117120    0.013264    0.339947 ^ clkbuf_2_1_0_HCLK/A (sky130_fd_sc_hd__clkbuf_8)
     2    0.036936    0.058213    0.125711    0.465659 ^ clkbuf_2_1_0_HCLK/X (sky130_fd_sc_hd__clkbuf_8)
                                                         clknet_2_1_0_HCLK (net)
                      0.058723    0.004261    0.469920 ^ clkbuf_3_3__f_HCLK/A (sky130_fd_sc_hd__clkbuf_16)
    10    0.027954    0.036768    0.097675    0.567595 ^ clkbuf_3_3__f_HCLK/X (sky130_fd_sc_hd__clkbuf_16)
                                                         clknet_3_3__leaf_HCLK (net)
                      0.036781    0.000620    0.568216 ^ _158_/CLK (sky130_fd_sc_hd__dfrtp_1)
                                  0.250000    0.818215   clock uncertainty
                                  0.000000    0.818215   clock reconvergence pessimism
                                 -0.019287    0.798929   library hold time
                                              0.798929   data required time
---------------------------------------------------------------------------------------------
                                              0.798929   data required time
                                             -1.240359   data arrival time
---------------------------------------------------------------------------------------------
                                              0.441430   slack (MET)


Startpoint: _203_ (rising edge-triggered flip-flop clocked by HCLK)
Endpoint: _203_ (rising edge-triggered flip-flop clocked by HCLK)
Path Group: HCLK
Path Type: min

Fanout         Cap        Slew       Delay        Time   Description
---------------------------------------------------------------------------------------------
                                  0.000000    0.000000   clock HCLK (rise edge)
                                  0.000000    0.000000   clock source latency
     1    0.059439    0.203180    0.147358    0.147358 ^ HCLK (in)
                                                         HCLK (net)
                      0.204534    0.000000    0.147358 ^ clkbuf_0_HCLK/A (sky130_fd_sc_hd__clkbuf_16)
     5    0.134022    0.114650    0.179325    0.326684 ^ clkbuf_0_HCLK/X (sky130_fd_sc_hd__clkbuf_16)
                                                         clknet_0_HCLK (net)
                      0.116959    0.012824    0.339507 ^ clkbuf_2_0_0_HCLK/A (sky130_fd_sc_hd__clkbuf_8)
     2    0.040129    0.062153    0.129216    0.468723 ^ clkbuf_2_0_0_HCLK/X (sky130_fd_sc_hd__clkbuf_8)
                                                         clknet_2_0_0_HCLK (net)
                      0.062259    0.002040    0.470762 ^ clkbuf_3_0__f_HCLK/A (sky130_fd_sc_hd__clkbuf_16)
     8    0.097836    0.087373    0.134038    0.604801 ^ clkbuf_3_0__f_HCLK/X (sky130_fd_sc_hd__clkbuf_16)
                                                         clknet_3_0__leaf_HCLK (net)
                      0.088578    0.008123    0.612924 ^ _203_/CLK (sky130_fd_sc_hd__dfrtp_1)
     2    0.005231    0.045665    0.225220    0.838144 ^ _203_/Q (sky130_fd_sc_hd__dfrtp_1)
                                                         net154 (net)
                      0.045665    0.000109    0.838253 ^ hold40/A (sky130_fd_sc_hd__dlygate4sd3_1)
     1    0.002840    0.037586    0.374179    1.212432 ^ hold40/X (sky130_fd_sc_hd__dlygate4sd3_1)
                                                         net232 (net)
                      0.037586    0.000061    1.212493 ^ _136_/A1 (sky130_fd_sc_hd__mux2_1)
     1    0.002647    0.027810    0.073798    1.286291 ^ _136_/X (sky130_fd_sc_hd__mux2_1)
                                                         _052_ (net)
                      0.027810    0.000076    1.286367 ^ _203_/D (sky130_fd_sc_hd__dfrtp_1)
                                              1.286367   data arrival time

                                  0.000000    0.000000   clock HCLK (rise edge)
                                  0.000000    0.000000   clock source latency
     1    0.059439    0.203180    0.147358    0.147358 ^ HCLK (in)
                                                         HCLK (net)
                      0.204534    0.000000    0.147358 ^ clkbuf_0_HCLK/A (sky130_fd_sc_hd__clkbuf_16)
     5    0.134022    0.114650    0.179325    0.326684 ^ clkbuf_0_HCLK/X (sky130_fd_sc_hd__clkbuf_16)
                                                         clknet_0_HCLK (net)
                      0.116959    0.012824    0.339507 ^ clkbuf_2_0_0_HCLK/A (sky130_fd_sc_hd__clkbuf_8)
     2    0.040129    0.062153    0.129216    0.468723 ^ clkbuf_2_0_0_HCLK/X (sky130_fd_sc_hd__clkbuf_8)
                                                         clknet_2_0_0_HCLK (net)
                      0.062259    0.002040    0.470762 ^ clkbuf_3_0__f_HCLK/A (sky130_fd_sc_hd__clkbuf_16)
     8    0.097836    0.087373    0.134038    0.604801 ^ clkbuf_3_0__f_HCLK/X (sky130_fd_sc_hd__clkbuf_16)
                                                         clknet_3_0__leaf_HCLK (net)
                      0.088578    0.008123    0.612924 ^ _203_/CLK (sky130_fd_sc_hd__dfrtp_1)
                                  0.250000    0.862924   clock uncertainty
                                  0.000000    0.862924   clock reconvergence pessimism
                                 -0.018029    0.844894   library hold time
                                              0.844894   data required time
---------------------------------------------------------------------------------------------
                                              0.844894   data required time
                                             -1.286367   data arrival time
---------------------------------------------------------------------------------------------
                                              0.441473   slack (MET)


Startpoint: _185_ (rising edge-triggered flip-flop clocked by HCLK)
Endpoint: _185_ (rising edge-triggered flip-flop clocked by HCLK)
Path Group: HCLK
Path Type: min

Fanout         Cap        Slew       Delay        Time   Description
---------------------------------------------------------------------------------------------
                                  0.000000    0.000000   clock HCLK (rise edge)
                                  0.000000    0.000000   clock source latency
     1    0.059439    0.203180    0.147358    0.147358 ^ HCLK (in)
                                                         HCLK (net)
                      0.204534    0.000000    0.147358 ^ clkbuf_0_HCLK/A (sky130_fd_sc_hd__clkbuf_16)
     5    0.134022    0.114650    0.179325    0.326684 ^ clkbuf_0_HCLK/X (sky130_fd_sc_hd__clkbuf_16)
                                                         clknet_0_HCLK (net)
                      0.116431    0.011266    0.337950 ^ clkbuf_2_2_0_HCLK/A (sky130_fd_sc_hd__clkbuf_8)
     2    0.035419    0.056406    0.124539    0.462489 ^ clkbuf_2_2_0_HCLK/X (sky130_fd_sc_hd__clkbuf_8)
                                                         clknet_2_2_0_HCLK (net)
                      0.056832    0.003837    0.466326 ^ clkbuf_3_5__f_HCLK/A (sky130_fd_sc_hd__clkbuf_16)
    11    0.035096    0.041718    0.101215    0.567541 ^ clkbuf_3_5__f_HCLK/X (sky130_fd_sc_hd__clkbuf_16)
                                                         clknet_3_5__leaf_HCLK (net)
                      0.041744    0.001136    0.568677 ^ _185_/CLK (sky130_fd_sc_hd__dfrtp_1)
     2    0.007248    0.057791    0.222060    0.790737 ^ _185_/Q (sky130_fd_sc_hd__dfrtp_1)
                                                         net164 (net)
                      0.057791    0.000173    0.790910 ^ hold47/A (sky130_fd_sc_hd__dlygate4sd3_1)
     1    0.003052    0.038935    0.377858    1.168768 ^ hold47/X (sky130_fd_sc_hd__dlygate4sd3_1)
                                                         net239 (net)
                      0.038935    0.000096    1.168864 ^ _118_/A1 (sky130_fd_sc_hd__mux2_1)
     1    0.002703    0.028310    0.074462    1.243326 ^ _118_/X (sky130_fd_sc_hd__mux2_1)
                                                         _034_ (net)
                      0.028310    0.000079    1.243405 ^ _185_/D (sky130_fd_sc_hd__dfrtp_1)
                                              1.243405   data arrival time

                                  0.000000    0.000000   clock HCLK (rise edge)
                                  0.000000    0.000000   clock source latency
     1    0.059439    0.203180    0.147358    0.147358 ^ HCLK (in)
                                                         HCLK (net)
                      0.204534    0.000000    0.147358 ^ clkbuf_0_HCLK/A (sky130_fd_sc_hd__clkbuf_16)
     5    0.134022    0.114650    0.179325    0.326684 ^ clkbuf_0_HCLK/X (sky130_fd_sc_hd__clkbuf_16)
                                                         clknet_0_HCLK (net)
                      0.116431    0.011266    0.337950 ^ clkbuf_2_2_0_HCLK/A (sky130_fd_sc_hd__clkbuf_8)
     2    0.035419    0.056406    0.124539    0.462489 ^ clkbuf_2_2_0_HCLK/X (sky130_fd_sc_hd__clkbuf_8)
                                                         clknet_2_2_0_HCLK (net)
                      0.056832    0.003837    0.466326 ^ clkbuf_3_5__f_HCLK/A (sky130_fd_sc_hd__clkbuf_16)
    11    0.035096    0.041718    0.101215    0.567541 ^ clkbuf_3_5__f_HCLK/X (sky130_fd_sc_hd__clkbuf_16)
                                                         clknet_3_5__leaf_HCLK (net)
                      0.041744    0.001136    0.568677 ^ _185_/CLK (sky130_fd_sc_hd__dfrtp_1)
                                  0.250000    0.818677   clock uncertainty
                                  0.000000    0.818677   clock reconvergence pessimism
                                 -0.019304    0.799373   library hold time
                                              0.799373   data required time
---------------------------------------------------------------------------------------------
                                              0.799373   data required time
                                             -1.243405   data arrival time
---------------------------------------------------------------------------------------------
                                              0.444032   slack (MET)


Startpoint: _172_ (rising edge-triggered flip-flop clocked by HCLK)
Endpoint: _172_ (rising edge-triggered flip-flop clocked by HCLK)
Path Group: HCLK
Path Type: min

Fanout         Cap        Slew       Delay        Time   Description
---------------------------------------------------------------------------------------------
                                  0.000000    0.000000   clock HCLK (rise edge)
                                  0.000000    0.000000   clock source latency
     1    0.059439    0.203180    0.147358    0.147358 ^ HCLK (in)
                                                         HCLK (net)
                      0.204534    0.000000    0.147358 ^ clkbuf_0_HCLK/A (sky130_fd_sc_hd__clkbuf_16)
     5    0.134022    0.114650    0.179325    0.326684 ^ clkbuf_0_HCLK/X (sky130_fd_sc_hd__clkbuf_16)
                                                         clknet_0_HCLK (net)
                      0.116959    0.012824    0.339507 ^ clkbuf_2_0_0_HCLK/A (sky130_fd_sc_hd__clkbuf_8)
     2    0.040129    0.062153    0.129216    0.468723 ^ clkbuf_2_0_0_HCLK/X (sky130_fd_sc_hd__clkbuf_8)
                                                         clknet_2_0_0_HCLK (net)
                      0.062259    0.002040    0.470762 ^ clkbuf_3_0__f_HCLK/A (sky130_fd_sc_hd__clkbuf_16)
     8    0.097836    0.087373    0.134038    0.604801 ^ clkbuf_3_0__f_HCLK/X (sky130_fd_sc_hd__clkbuf_16)
                                                         clknet_3_0__leaf_HCLK (net)
                      0.089236    0.010086    0.614887 ^ _172_/CLK (sky130_fd_sc_hd__dfrtp_1)
     2    0.005591    0.047798    0.227124    0.842011 ^ _172_/Q (sky130_fd_sc_hd__dfrtp_1)
                                                         net118 (net)
                      0.047798    0.000080    0.842091 ^ hold49/A (sky130_fd_sc_hd__dlygate4sd3_1)
     1    0.003091    0.039187    0.376232    1.218323 ^ hold49/X (sky130_fd_sc_hd__dlygate4sd3_1)
                                                         net241 (net)
                      0.039187    0.000091    1.218414 ^ _105_/A1 (sky130_fd_sc_hd__mux2_1)
     1    0.002393    0.026393    0.072945    1.291359 ^ _105_/X (sky130_fd_sc_hd__mux2_1)
                                                         _021_ (net)
                      0.026394    0.000068    1.291427 ^ _172_/D (sky130_fd_sc_hd__dfrtp_1)
                                              1.291427   data arrival time

                                  0.000000    0.000000   clock HCLK (rise edge)
                                  0.000000    0.000000   clock source latency
     1    0.059439    0.203180    0.147358    0.147358 ^ HCLK (in)
                                                         HCLK (net)
                      0.204534    0.000000    0.147358 ^ clkbuf_0_HCLK/A (sky130_fd_sc_hd__clkbuf_16)
     5    0.134022    0.114650    0.179325    0.326684 ^ clkbuf_0_HCLK/X (sky130_fd_sc_hd__clkbuf_16)
                                                         clknet_0_HCLK (net)
                      0.116959    0.012824    0.339507 ^ clkbuf_2_0_0_HCLK/A (sky130_fd_sc_hd__clkbuf_8)
     2    0.040129    0.062153    0.129216    0.468723 ^ clkbuf_2_0_0_HCLK/X (sky130_fd_sc_hd__clkbuf_8)
                                                         clknet_2_0_0_HCLK (net)
                      0.062259    0.002040    0.470762 ^ clkbuf_3_0__f_HCLK/A (sky130_fd_sc_hd__clkbuf_16)
     8    0.097836    0.087373    0.134038    0.604801 ^ clkbuf_3_0__f_HCLK/X (sky130_fd_sc_hd__clkbuf_16)
                                                         clknet_3_0__leaf_HCLK (net)
                      0.089236    0.010086    0.614887 ^ _172_/CLK (sky130_fd_sc_hd__dfrtp_1)
                                  0.250000    0.864887   clock uncertainty
                                  0.000000    0.864887   clock reconvergence pessimism
                                 -0.017906    0.846981   library hold time
                                              0.846981   data required time
---------------------------------------------------------------------------------------------
                                              0.846981   data required time
                                             -1.291427   data arrival time
---------------------------------------------------------------------------------------------
                                              0.444446   slack (MET)


Startpoint: _209_ (rising edge-triggered flip-flop clocked by HCLK)
Endpoint: _209_ (rising edge-triggered flip-flop clocked by HCLK)
Path Group: HCLK
Path Type: min

Fanout         Cap        Slew       Delay        Time   Description
---------------------------------------------------------------------------------------------
                                  0.000000    0.000000   clock HCLK (rise edge)
                                  0.000000    0.000000   clock source latency
     1    0.059439    0.203180    0.147358    0.147358 ^ HCLK (in)
                                                         HCLK (net)
                      0.204534    0.000000    0.147358 ^ clkbuf_0_HCLK/A (sky130_fd_sc_hd__clkbuf_16)
     5    0.134022    0.114650    0.179325    0.326684 ^ clkbuf_0_HCLK/X (sky130_fd_sc_hd__clkbuf_16)
                                                         clknet_0_HCLK (net)
                      0.116381    0.011108    0.337791 ^ clkbuf_2_3_0_HCLK/A (sky130_fd_sc_hd__clkbuf_8)
     2    0.039123    0.060921    0.128564    0.466355 ^ clkbuf_2_3_0_HCLK/X (sky130_fd_sc_hd__clkbuf_8)
                                                         clknet_2_3_0_HCLK (net)
                      0.061123    0.002757    0.469112 ^ clkbuf_3_6__f_HCLK/A (sky130_fd_sc_hd__clkbuf_16)
     8    0.072928    0.069384    0.120378    0.589490 ^ clkbuf_3_6__f_HCLK/X (sky130_fd_sc_hd__clkbuf_16)
                                                         clknet_3_6__leaf_HCLK (net)
                      0.070258    0.006072    0.595562 ^ _209_/CLK (sky130_fd_sc_hd__dfrtp_1)
     2    0.006923    0.055816    0.228492    0.824054 ^ _209_/Q (sky130_fd_sc_hd__dfrtp_1)
                                                         net160 (net)
                      0.055816    0.000141    0.824195 ^ hold55/A (sky130_fd_sc_hd__dlygate4sd3_1)
     1    0.002595    0.036086    0.374645    1.198840 ^ hold55/X (sky130_fd_sc_hd__dlygate4sd3_1)
                                                         net247 (net)
                      0.036086    0.000051    1.198891 ^ _142_/A1 (sky130_fd_sc_hd__mux2_1)
     1    0.002690    0.028060    0.073601    1.272491 ^ _142_/X (sky130_fd_sc_hd__mux2_1)
                                                         _058_ (net)
                      0.028060    0.000077    1.272568 ^ _209_/D (sky130_fd_sc_hd__dfrtp_1)
                                              1.272568   data arrival time

                                  0.000000    0.000000   clock HCLK (rise edge)
                                  0.000000    0.000000   clock source latency
     1    0.059439    0.203180    0.147358    0.147358 ^ HCLK (in)
                                                         HCLK (net)
                      0.204534    0.000000    0.147358 ^ clkbuf_0_HCLK/A (sky130_fd_sc_hd__clkbuf_16)
     5    0.134022    0.114650    0.179325    0.326684 ^ clkbuf_0_HCLK/X (sky130_fd_sc_hd__clkbuf_16)
                                                         clknet_0_HCLK (net)
                      0.116381    0.011108    0.337791 ^ clkbuf_2_3_0_HCLK/A (sky130_fd_sc_hd__clkbuf_8)
     2    0.039123    0.060921    0.128564    0.466355 ^ clkbuf_2_3_0_HCLK/X (sky130_fd_sc_hd__clkbuf_8)
                                                         clknet_2_3_0_HCLK (net)
                      0.061123    0.002757    0.469112 ^ clkbuf_3_6__f_HCLK/A (sky130_fd_sc_hd__clkbuf_16)
     8    0.072928    0.069384    0.120378    0.589490 ^ clkbuf_3_6__f_HCLK/X (sky130_fd_sc_hd__clkbuf_16)
                                                         clknet_3_6__leaf_HCLK (net)
                      0.070258    0.006072    0.595562 ^ _209_/CLK (sky130_fd_sc_hd__dfrtp_1)
                                  0.250000    0.845562   clock uncertainty
                                  0.000000    0.845562   clock reconvergence pessimism
                                 -0.018532    0.827030   library hold time
                                              0.827030   data required time
---------------------------------------------------------------------------------------------
                                              0.827030   data required time
                                             -1.272568   data arrival time
---------------------------------------------------------------------------------------------
                                              0.445538   slack (MET)


Startpoint: _207_ (rising edge-triggered flip-flop clocked by HCLK)
Endpoint: _207_ (rising edge-triggered flip-flop clocked by HCLK)
Path Group: HCLK
Path Type: min

Fanout         Cap        Slew       Delay        Time   Description
---------------------------------------------------------------------------------------------
                                  0.000000    0.000000   clock HCLK (rise edge)
                                  0.000000    0.000000   clock source latency
     1    0.059439    0.203180    0.147358    0.147358 ^ HCLK (in)
                                                         HCLK (net)
                      0.204534    0.000000    0.147358 ^ clkbuf_0_HCLK/A (sky130_fd_sc_hd__clkbuf_16)
     5    0.134022    0.114650    0.179325    0.326684 ^ clkbuf_0_HCLK/X (sky130_fd_sc_hd__clkbuf_16)
                                                         clknet_0_HCLK (net)
                      0.116959    0.012824    0.339507 ^ clkbuf_2_0_0_HCLK/A (sky130_fd_sc_hd__clkbuf_8)
     2    0.040129    0.062153    0.129216    0.468723 ^ clkbuf_2_0_0_HCLK/X (sky130_fd_sc_hd__clkbuf_8)
                                                         clknet_2_0_0_HCLK (net)
                      0.062259    0.002040    0.470762 ^ clkbuf_3_0__f_HCLK/A (sky130_fd_sc_hd__clkbuf_16)
     8    0.097836    0.087373    0.134038    0.604801 ^ clkbuf_3_0__f_HCLK/X (sky130_fd_sc_hd__clkbuf_16)
                                                         clknet_3_0__leaf_HCLK (net)
                      0.089244    0.010109    0.614910 ^ _207_/CLK (sky130_fd_sc_hd__dfrtp_1)
     2    0.006772    0.054881    0.232766    0.847676 ^ _207_/Q (sky130_fd_sc_hd__dfrtp_1)
                                                         net158 (net)
                      0.054881    0.000134    0.847810 ^ hold54/A (sky130_fd_sc_hd__dlygate4sd3_1)
     1    0.002436    0.035172    0.373478    1.221289 ^ hold54/X (sky130_fd_sc_hd__dlygate4sd3_1)
                                                         net246 (net)
                      0.035172    0.000048    1.221336 ^ _140_/A1 (sky130_fd_sc_hd__mux2_1)
     1    0.002359    0.026200    0.071653    1.292989 ^ _140_/X (sky130_fd_sc_hd__mux2_1)
                                                         _056_ (net)
                      0.026200    0.000067    1.293056 ^ _207_/D (sky130_fd_sc_hd__dfrtp_1)
                                              1.293056   data arrival time

                                  0.000000    0.000000   clock HCLK (rise edge)
                                  0.000000    0.000000   clock source latency
     1    0.059439    0.203180    0.147358    0.147358 ^ HCLK (in)
                                                         HCLK (net)
                      0.204534    0.000000    0.147358 ^ clkbuf_0_HCLK/A (sky130_fd_sc_hd__clkbuf_16)
     5    0.134022    0.114650    0.179325    0.326684 ^ clkbuf_0_HCLK/X (sky130_fd_sc_hd__clkbuf_16)
                                                         clknet_0_HCLK (net)
                      0.116959    0.012824    0.339507 ^ clkbuf_2_0_0_HCLK/A (sky130_fd_sc_hd__clkbuf_8)
     2    0.040129    0.062153    0.129216    0.468723 ^ clkbuf_2_0_0_HCLK/X (sky130_fd_sc_hd__clkbuf_8)
                                                         clknet_2_0_0_HCLK (net)
                      0.062259    0.002040    0.470762 ^ clkbuf_3_0__f_HCLK/A (sky130_fd_sc_hd__clkbuf_16)
     8    0.097836    0.087373    0.134038    0.604801 ^ clkbuf_3_0__f_HCLK/X (sky130_fd_sc_hd__clkbuf_16)
                                                         clknet_3_0__leaf_HCLK (net)
                      0.089244    0.010109    0.614910 ^ _207_/CLK (sky130_fd_sc_hd__dfrtp_1)
                                  0.250000    0.864910   clock uncertainty
                                  0.000000    0.864910   clock reconvergence pessimism
                                 -0.017891    0.847018   library hold time
                                              0.847018   data required time
---------------------------------------------------------------------------------------------
                                              0.847018   data required time
                                             -1.293056   data arrival time
---------------------------------------------------------------------------------------------
                                              0.446038   slack (MET)


Startpoint: _165_ (rising edge-triggered flip-flop clocked by HCLK)
Endpoint: _165_ (rising edge-triggered flip-flop clocked by HCLK)
Path Group: HCLK
Path Type: min

Fanout         Cap        Slew       Delay        Time   Description
---------------------------------------------------------------------------------------------
                                  0.000000    0.000000   clock HCLK (rise edge)
                                  0.000000    0.000000   clock source latency
     1    0.059439    0.203180    0.147358    0.147358 ^ HCLK (in)
                                                         HCLK (net)
                      0.204534    0.000000    0.147358 ^ clkbuf_0_HCLK/A (sky130_fd_sc_hd__clkbuf_16)
     5    0.134022    0.114650    0.179325    0.326684 ^ clkbuf_0_HCLK/X (sky130_fd_sc_hd__clkbuf_16)
                                                         clknet_0_HCLK (net)
                      0.116959    0.012824    0.339507 ^ clkbuf_2_0_0_HCLK/A (sky130_fd_sc_hd__clkbuf_8)
     2    0.040129    0.062153    0.129216    0.468723 ^ clkbuf_2_0_0_HCLK/X (sky130_fd_sc_hd__clkbuf_8)
                                                         clknet_2_0_0_HCLK (net)
                      0.062464    0.003471    0.472194 ^ clkbuf_3_1__f_HCLK/A (sky130_fd_sc_hd__clkbuf_16)
     7    0.035580    0.041831    0.102191    0.574385 ^ clkbuf_3_1__f_HCLK/X (sky130_fd_sc_hd__clkbuf_16)
                                                         clknet_3_1__leaf_HCLK (net)
                      0.042604    0.004367    0.578752 ^ _165_/CLK (sky130_fd_sc_hd__dfrtp_1)
     2    0.007618    0.060017    0.224158    0.802911 ^ _165_/Q (sky130_fd_sc_hd__dfrtp_1)
                                                         net110 (net)
                      0.060017    0.000106    0.803017 ^ hold34/A (sky130_fd_sc_hd__dlygate4sd3_1)
     1    0.003157    0.039609    0.378881    1.181897 ^ hold34/X (sky130_fd_sc_hd__dlygate4sd3_1)
                                                         net226 (net)
                      0.039609    0.000095    1.181993 ^ _098_/A1 (sky130_fd_sc_hd__mux2_1)
     1    0.002524    0.027125    0.073735    1.255728 ^ _098_/X (sky130_fd_sc_hd__mux2_1)
                                                         _014_ (net)
                      0.027125    0.000072    1.255800 ^ _165_/D (sky130_fd_sc_hd__dfrtp_1)
                                              1.255800   data arrival time

                                  0.000000    0.000000   clock HCLK (rise edge)
                                  0.000000    0.000000   clock source latency
     1    0.059439    0.203180    0.147358    0.147358 ^ HCLK (in)
                                                         HCLK (net)
                      0.204534    0.000000    0.147358 ^ clkbuf_0_HCLK/A (sky130_fd_sc_hd__clkbuf_16)
     5    0.134022    0.114650    0.179325    0.326684 ^ clkbuf_0_HCLK/X (sky130_fd_sc_hd__clkbuf_16)
                                                         clknet_0_HCLK (net)
                      0.116959    0.012824    0.339507 ^ clkbuf_2_0_0_HCLK/A (sky130_fd_sc_hd__clkbuf_8)
     2    0.040129    0.062153    0.129216    0.468723 ^ clkbuf_2_0_0_HCLK/X (sky130_fd_sc_hd__clkbuf_8)
                                                         clknet_2_0_0_HCLK (net)
                      0.062464    0.003471    0.472194 ^ clkbuf_3_1__f_HCLK/A (sky130_fd_sc_hd__clkbuf_16)
     7    0.035580    0.041831    0.102191    0.574385 ^ clkbuf_3_1__f_HCLK/X (sky130_fd_sc_hd__clkbuf_16)
                                                         clknet_3_1__leaf_HCLK (net)
                      0.042604    0.004367    0.578752 ^ _165_/CLK (sky130_fd_sc_hd__dfrtp_1)
                                  0.250000    0.828752   clock uncertainty
                                  0.000000    0.828752   clock reconvergence pessimism
                                 -0.019192    0.809560   library hold time
                                              0.809560   data required time
---------------------------------------------------------------------------------------------
                                              0.809560   data required time
                                             -1.255800   data arrival time
---------------------------------------------------------------------------------------------
                                              0.446240   slack (MET)


Startpoint: _175_ (rising edge-triggered flip-flop clocked by HCLK)
Endpoint: _175_ (rising edge-triggered flip-flop clocked by HCLK)
Path Group: HCLK
Path Type: min

Fanout         Cap        Slew       Delay        Time   Description
---------------------------------------------------------------------------------------------
                                  0.000000    0.000000   clock HCLK (rise edge)
                                  0.000000    0.000000   clock source latency
     1    0.059439    0.203180    0.147358    0.147358 ^ HCLK (in)
                                                         HCLK (net)
                      0.204534    0.000000    0.147358 ^ clkbuf_0_HCLK/A (sky130_fd_sc_hd__clkbuf_16)
     5    0.134022    0.114650    0.179325    0.326684 ^ clkbuf_0_HCLK/X (sky130_fd_sc_hd__clkbuf_16)
                                                         clknet_0_HCLK (net)
                      0.117120    0.013264    0.339947 ^ clkbuf_2_1_0_HCLK/A (sky130_fd_sc_hd__clkbuf_8)
     2    0.036936    0.058213    0.125711    0.465659 ^ clkbuf_2_1_0_HCLK/X (sky130_fd_sc_hd__clkbuf_8)
                                                         clknet_2_1_0_HCLK (net)
                      0.058761    0.004422    0.470081 ^ clkbuf_3_2__f_HCLK/A (sky130_fd_sc_hd__clkbuf_16)
    10    0.036695    0.042800    0.102531    0.572612 ^ clkbuf_3_2__f_HCLK/X (sky130_fd_sc_hd__clkbuf_16)
                                                         clknet_3_2__leaf_HCLK (net)
                      0.043033    0.002050    0.574661 ^ _175_/CLK (sky130_fd_sc_hd__dfrtp_1)
     2    0.007760    0.060882    0.224947    0.799608 ^ _175_/Q (sky130_fd_sc_hd__dfrtp_1)
                                                         net121 (net)
                      0.060882    0.000099    0.799707 ^ hold41/A (sky130_fd_sc_hd__dlygate4sd3_1)
     1    0.003201    0.039896    0.379304    1.179011 ^ hold41/X (sky130_fd_sc_hd__dlygate4sd3_1)
                                                         net233 (net)
                      0.039896    0.000094    1.179105 ^ _108_/A1 (sky130_fd_sc_hd__mux2_1)
     1    0.002410    0.026487    0.073232    1.252337 ^ _108_/X (sky130_fd_sc_hd__mux2_1)
                                                         _024_ (net)
                      0.026487    0.000069    1.252406 ^ _175_/D (sky130_fd_sc_hd__dfrtp_1)
                                              1.252406   data arrival time

                                  0.000000    0.000000   clock HCLK (rise edge)
                                  0.000000    0.000000   clock source latency
     1    0.059439    0.203180    0.147358    0.147358 ^ HCLK (in)
                                                         HCLK (net)
                      0.204534    0.000000    0.147358 ^ clkbuf_0_HCLK/A (sky130_fd_sc_hd__clkbuf_16)
     5    0.134022    0.114650    0.179325    0.326684 ^ clkbuf_0_HCLK/X (sky130_fd_sc_hd__clkbuf_16)
                                                         clknet_0_HCLK (net)
                      0.117120    0.013264    0.339947 ^ clkbuf_2_1_0_HCLK/A (sky130_fd_sc_hd__clkbuf_8)
     2    0.036936    0.058213    0.125711    0.465659 ^ clkbuf_2_1_0_HCLK/X (sky130_fd_sc_hd__clkbuf_8)
                                                         clknet_2_1_0_HCLK (net)
                      0.058761    0.004422    0.470081 ^ clkbuf_3_2__f_HCLK/A (sky130_fd_sc_hd__clkbuf_16)
    10    0.036695    0.042800    0.102531    0.572612 ^ clkbuf_3_2__f_HCLK/X (sky130_fd_sc_hd__clkbuf_16)
                                                         clknet_3_2__leaf_HCLK (net)
                      0.043033    0.002050    0.574661 ^ _175_/CLK (sky130_fd_sc_hd__dfrtp_1)
                                  0.250000    0.824661   clock uncertainty
                                  0.000000    0.824661   clock reconvergence pessimism
                                 -0.019133    0.805529   library hold time
                                              0.805529   data required time
---------------------------------------------------------------------------------------------
                                              0.805529   data required time
                                             -1.252406   data arrival time
---------------------------------------------------------------------------------------------
                                              0.446877   slack (MET)


Startpoint: _174_ (rising edge-triggered flip-flop clocked by HCLK)
Endpoint: _174_ (rising edge-triggered flip-flop clocked by HCLK)
Path Group: HCLK
Path Type: min

Fanout         Cap        Slew       Delay        Time   Description
---------------------------------------------------------------------------------------------
                                  0.000000    0.000000   clock HCLK (rise edge)
                                  0.000000    0.000000   clock source latency
     1    0.059439    0.203180    0.147358    0.147358 ^ HCLK (in)
                                                         HCLK (net)
                      0.204534    0.000000    0.147358 ^ clkbuf_0_HCLK/A (sky130_fd_sc_hd__clkbuf_16)
     5    0.134022    0.114650    0.179325    0.326684 ^ clkbuf_0_HCLK/X (sky130_fd_sc_hd__clkbuf_16)
                                                         clknet_0_HCLK (net)
                      0.116959    0.012824    0.339507 ^ clkbuf_2_0_0_HCLK/A (sky130_fd_sc_hd__clkbuf_8)
     2    0.040129    0.062153    0.129216    0.468723 ^ clkbuf_2_0_0_HCLK/X (sky130_fd_sc_hd__clkbuf_8)
                                                         clknet_2_0_0_HCLK (net)
                      0.062259    0.002040    0.470762 ^ clkbuf_3_0__f_HCLK/A (sky130_fd_sc_hd__clkbuf_16)
     8    0.097836    0.087373    0.134038    0.604801 ^ clkbuf_3_0__f_HCLK/X (sky130_fd_sc_hd__clkbuf_16)
                                                         clknet_3_0__leaf_HCLK (net)
                      0.088572    0.008106    0.612906 ^ _174_/CLK (sky130_fd_sc_hd__dfrtp_1)
     2    0.005131    0.045076    0.224740    0.837646 ^ _174_/Q (sky130_fd_sc_hd__dfrtp_1)
                                                         net120 (net)
                      0.045076    0.000079    0.837725 ^ hold51/A (sky130_fd_sc_hd__dlygate4sd3_1)
     1    0.003670    0.043470    0.379347    1.217072 ^ hold51/X (sky130_fd_sc_hd__dlygate4sd3_1)
                                                         net243 (net)
                      0.043470    0.000115    1.217187 ^ _107_/A1 (sky130_fd_sc_hd__mux2_1)
     1    0.002640    0.027776    0.075404    1.292591 ^ _107_/X (sky130_fd_sc_hd__mux2_1)
                                                         _023_ (net)
                      0.027776    0.000077    1.292668 ^ _174_/D (sky130_fd_sc_hd__dfrtp_1)
                                              1.292668   data arrival time

                                  0.000000    0.000000   clock HCLK (rise edge)
                                  0.000000    0.000000   clock source latency
     1    0.059439    0.203180    0.147358    0.147358 ^ HCLK (in)
                                                         HCLK (net)
                      0.204534    0.000000    0.147358 ^ clkbuf_0_HCLK/A (sky130_fd_sc_hd__clkbuf_16)
     5    0.134022    0.114650    0.179325    0.326684 ^ clkbuf_0_HCLK/X (sky130_fd_sc_hd__clkbuf_16)
                                                         clknet_0_HCLK (net)
                      0.116959    0.012824    0.339507 ^ clkbuf_2_0_0_HCLK/A (sky130_fd_sc_hd__clkbuf_8)
     2    0.040129    0.062153    0.129216    0.468723 ^ clkbuf_2_0_0_HCLK/X (sky130_fd_sc_hd__clkbuf_8)
                                                         clknet_2_0_0_HCLK (net)
                      0.062259    0.002040    0.470762 ^ clkbuf_3_0__f_HCLK/A (sky130_fd_sc_hd__clkbuf_16)
     8    0.097836    0.087373    0.134038    0.604801 ^ clkbuf_3_0__f_HCLK/X (sky130_fd_sc_hd__clkbuf_16)
                                                         clknet_3_0__leaf_HCLK (net)
                      0.088572    0.008106    0.612906 ^ _174_/CLK (sky130_fd_sc_hd__dfrtp_1)
                                  0.250000    0.862906   clock uncertainty
                                  0.000000    0.862906   clock reconvergence pessimism
                                 -0.018027    0.844879   library hold time
                                              0.844879   data required time
---------------------------------------------------------------------------------------------
                                              0.844879   data required time
                                             -1.292668   data arrival time
---------------------------------------------------------------------------------------------
                                              0.447789   slack (MET)


Startpoint: _208_ (rising edge-triggered flip-flop clocked by HCLK)
Endpoint: _208_ (rising edge-triggered flip-flop clocked by HCLK)
Path Group: HCLK
Path Type: min

Fanout         Cap        Slew       Delay        Time   Description
---------------------------------------------------------------------------------------------
                                  0.000000    0.000000   clock HCLK (rise edge)
                                  0.000000    0.000000   clock source latency
     1    0.059439    0.203180    0.147358    0.147358 ^ HCLK (in)
                                                         HCLK (net)
                      0.204534    0.000000    0.147358 ^ clkbuf_0_HCLK/A (sky130_fd_sc_hd__clkbuf_16)
     5    0.134022    0.114650    0.179325    0.326684 ^ clkbuf_0_HCLK/X (sky130_fd_sc_hd__clkbuf_16)
                                                         clknet_0_HCLK (net)
                      0.116431    0.011266    0.337950 ^ clkbuf_2_2_0_HCLK/A (sky130_fd_sc_hd__clkbuf_8)
     2    0.035419    0.056406    0.124539    0.462489 ^ clkbuf_2_2_0_HCLK/X (sky130_fd_sc_hd__clkbuf_8)
                                                         clknet_2_2_0_HCLK (net)
                      0.056832    0.003837    0.466326 ^ clkbuf_3_5__f_HCLK/A (sky130_fd_sc_hd__clkbuf_16)
    11    0.035096    0.041718    0.101215    0.567541 ^ clkbuf_3_5__f_HCLK/X (sky130_fd_sc_hd__clkbuf_16)
                                                         clknet_3_5__leaf_HCLK (net)
                      0.041745    0.001142    0.568684 ^ _208_/CLK (sky130_fd_sc_hd__dfrtp_1)
     2    0.007892    0.061690    0.225166    0.793850 ^ _208_/Q (sky130_fd_sc_hd__dfrtp_1)
                                                         net159 (net)
                      0.061690    0.000181    0.794031 ^ hold50/A (sky130_fd_sc_hd__dlygate4sd3_1)
     1    0.003104    0.039268    0.378810    1.172840 ^ hold50/X (sky130_fd_sc_hd__dlygate4sd3_1)
                                                         net242 (net)
                      0.039268    0.000092    1.172932 ^ _141_/A1 (sky130_fd_sc_hd__mux2_1)
     1    0.003124    0.030707    0.076711    1.249643 ^ _141_/X (sky130_fd_sc_hd__mux2_1)
                                                         _057_ (net)
                      0.030707    0.000090    1.249733 ^ _208_/D (sky130_fd_sc_hd__dfrtp_1)
                                              1.249733   data arrival time

                                  0.000000    0.000000   clock HCLK (rise edge)
                                  0.000000    0.000000   clock source latency
     1    0.059439    0.203180    0.147358    0.147358 ^ HCLK (in)
                                                         HCLK (net)
                      0.204534    0.000000    0.147358 ^ clkbuf_0_HCLK/A (sky130_fd_sc_hd__clkbuf_16)
     5    0.134022    0.114650    0.179325    0.326684 ^ clkbuf_0_HCLK/X (sky130_fd_sc_hd__clkbuf_16)
                                                         clknet_0_HCLK (net)
                      0.116431    0.011266    0.337950 ^ clkbuf_2_2_0_HCLK/A (sky130_fd_sc_hd__clkbuf_8)
     2    0.035419    0.056406    0.124539    0.462489 ^ clkbuf_2_2_0_HCLK/X (sky130_fd_sc_hd__clkbuf_8)
                                                         clknet_2_2_0_HCLK (net)
                      0.056832    0.003837    0.466326 ^ clkbuf_3_5__f_HCLK/A (sky130_fd_sc_hd__clkbuf_16)
    11    0.035096    0.041718    0.101215    0.567541 ^ clkbuf_3_5__f_HCLK/X (sky130_fd_sc_hd__clkbuf_16)
                                                         clknet_3_5__leaf_HCLK (net)
                      0.041745    0.001142    0.568684 ^ _208_/CLK (sky130_fd_sc_hd__dfrtp_1)
                                  0.250000    0.818684   clock uncertainty
                                  0.000000    0.818684   clock reconvergence pessimism
                                 -0.019485    0.799198   library hold time
                                              0.799198   data required time
---------------------------------------------------------------------------------------------
                                              0.799198   data required time
                                             -1.249733   data arrival time
---------------------------------------------------------------------------------------------
                                              0.450535   slack (MET)


Startpoint: _210_ (rising edge-triggered flip-flop clocked by HCLK)
Endpoint: _210_ (rising edge-triggered flip-flop clocked by HCLK)
Path Group: HCLK
Path Type: min

Fanout         Cap        Slew       Delay        Time   Description
---------------------------------------------------------------------------------------------
                                  0.000000    0.000000   clock HCLK (rise edge)
                                  0.000000    0.000000   clock source latency
     1    0.059439    0.203180    0.147358    0.147358 ^ HCLK (in)
                                                         HCLK (net)
                      0.204534    0.000000    0.147358 ^ clkbuf_0_HCLK/A (sky130_fd_sc_hd__clkbuf_16)
     5    0.134022    0.114650    0.179325    0.326684 ^ clkbuf_0_HCLK/X (sky130_fd_sc_hd__clkbuf_16)
                                                         clknet_0_HCLK (net)
                      0.117120    0.013264    0.339947 ^ clkbuf_2_1_0_HCLK/A (sky130_fd_sc_hd__clkbuf_8)
     2    0.036936    0.058213    0.125711    0.465659 ^ clkbuf_2_1_0_HCLK/X (sky130_fd_sc_hd__clkbuf_8)
                                                         clknet_2_1_0_HCLK (net)
                      0.058723    0.004261    0.469920 ^ clkbuf_3_3__f_HCLK/A (sky130_fd_sc_hd__clkbuf_16)
    10    0.027954    0.036768    0.097675    0.567595 ^ clkbuf_3_3__f_HCLK/X (sky130_fd_sc_hd__clkbuf_16)
                                                         clknet_3_3__leaf_HCLK (net)
                      0.036774    0.000452    0.568047 ^ _210_/CLK (sky130_fd_sc_hd__dfrtp_1)
     2    0.010196    0.075466    0.234724    0.802771 ^ _210_/Q (sky130_fd_sc_hd__dfrtp_1)
                                                         net161 (net)
                      0.075466    0.000226    0.802997 ^ hold53/A (sky130_fd_sc_hd__dlygate4sd3_1)
     1    0.002436    0.035163    0.376711    1.179708 ^ hold53/X (sky130_fd_sc_hd__dlygate4sd3_1)
                                                         net245 (net)
                      0.035163    0.000049    1.179757 ^ _143_/A1 (sky130_fd_sc_hd__mux2_1)
     1    0.003850    0.034714    0.079280    1.259037 ^ _143_/X (sky130_fd_sc_hd__mux2_1)
                                                         _059_ (net)
                      0.034714    0.000117    1.259155 ^ _210_/D (sky130_fd_sc_hd__dfrtp_1)
                                              1.259155   data arrival time

                                  0.000000    0.000000   clock HCLK (rise edge)
                                  0.000000    0.000000   clock source latency
     1    0.059439    0.203180    0.147358    0.147358 ^ HCLK (in)
                                                         HCLK (net)
                      0.204534    0.000000    0.147358 ^ clkbuf_0_HCLK/A (sky130_fd_sc_hd__clkbuf_16)
     5    0.134022    0.114650    0.179325    0.326684 ^ clkbuf_0_HCLK/X (sky130_fd_sc_hd__clkbuf_16)
                                                         clknet_0_HCLK (net)
                      0.117120    0.013264    0.339947 ^ clkbuf_2_1_0_HCLK/A (sky130_fd_sc_hd__clkbuf_8)
     2    0.036936    0.058213    0.125711    0.465659 ^ clkbuf_2_1_0_HCLK/X (sky130_fd_sc_hd__clkbuf_8)
                                                         clknet_2_1_0_HCLK (net)
                      0.058723    0.004261    0.469920 ^ clkbuf_3_3__f_HCLK/A (sky130_fd_sc_hd__clkbuf_16)
    10    0.027954    0.036768    0.097675    0.567595 ^ clkbuf_3_3__f_HCLK/X (sky130_fd_sc_hd__clkbuf_16)
                                                         clknet_3_3__leaf_HCLK (net)
                      0.036774    0.000452    0.568047 ^ _210_/CLK (sky130_fd_sc_hd__dfrtp_1)
                                  0.250000    0.818047   clock uncertainty
                                  0.000000    0.818047   clock reconvergence pessimism
                                 -0.019919    0.798128   library hold time
                                              0.798128   data required time
---------------------------------------------------------------------------------------------
                                              0.798128   data required time
                                             -1.259155   data arrival time
---------------------------------------------------------------------------------------------
                                              0.461027   slack (MET)


Startpoint: _153_ (rising edge-triggered flip-flop clocked by HCLK)
Endpoint: _153_ (rising edge-triggered flip-flop clocked by HCLK)
Path Group: HCLK
Path Type: min

Fanout         Cap        Slew       Delay        Time   Description
---------------------------------------------------------------------------------------------
                                  0.000000    0.000000   clock HCLK (rise edge)
                                  0.000000    0.000000   clock source latency
     1    0.059439    0.203180    0.147358    0.147358 ^ HCLK (in)
                                                         HCLK (net)
                      0.204534    0.000000    0.147358 ^ clkbuf_0_HCLK/A (sky130_fd_sc_hd__clkbuf_16)
     5    0.134022    0.114650    0.179325    0.326684 ^ clkbuf_0_HCLK/X (sky130_fd_sc_hd__clkbuf_16)
                                                         clknet_0_HCLK (net)
                      0.116431    0.011266    0.337950 ^ clkbuf_2_2_0_HCLK/A (sky130_fd_sc_hd__clkbuf_8)
     2    0.035419    0.056406    0.124539    0.462489 ^ clkbuf_2_2_0_HCLK/X (sky130_fd_sc_hd__clkbuf_8)
                                                         clknet_2_2_0_HCLK (net)
                      0.056832    0.003837    0.466326 ^ clkbuf_3_5__f_HCLK/A (sky130_fd_sc_hd__clkbuf_16)
    11    0.035096    0.041718    0.101215    0.567541 ^ clkbuf_3_5__f_HCLK/X (sky130_fd_sc_hd__clkbuf_16)
                                                         clknet_3_5__leaf_HCLK (net)
                      0.041869    0.001756    0.569297 ^ _153_/CLK (sky130_fd_sc_hd__dfrtp_1)
     2    0.011688    0.084481    0.243021    0.812319 ^ _153_/Q (sky130_fd_sc_hd__dfrtp_1)
                                                         net127 (net)
                      0.084481    0.000264    0.812582 ^ hold56/A (sky130_fd_sc_hd__dlygate4sd3_1)
     1    0.002959    0.038316    0.381472    1.194054 ^ hold56/X (sky130_fd_sc_hd__dlygate4sd3_1)
                                                         net248 (net)
                      0.038316    0.000092    1.194147 ^ _086_/A1 (sky130_fd_sc_hd__mux2_1)
     1    0.002653    0.027850    0.074031    1.268178 ^ _086_/X (sky130_fd_sc_hd__mux2_1)
                                                         _002_ (net)
                      0.027850    0.000077    1.268256 ^ _153_/D (sky130_fd_sc_hd__dfrtp_1)
                                              1.268256   data arrival time

                                  0.000000    0.000000   clock HCLK (rise edge)
                                  0.000000    0.000000   clock source latency
     1    0.059439    0.203180    0.147358    0.147358 ^ HCLK (in)
                                                         HCLK (net)
                      0.204534    0.000000    0.147358 ^ clkbuf_0_HCLK/A (sky130_fd_sc_hd__clkbuf_16)
     5    0.134022    0.114650    0.179325    0.326684 ^ clkbuf_0_HCLK/X (sky130_fd_sc_hd__clkbuf_16)
                                                         clknet_0_HCLK (net)
                      0.116431    0.011266    0.337950 ^ clkbuf_2_2_0_HCLK/A (sky130_fd_sc_hd__clkbuf_8)
     2    0.035419    0.056406    0.124539    0.462489 ^ clkbuf_2_2_0_HCLK/X (sky130_fd_sc_hd__clkbuf_8)
                                                         clknet_2_2_0_HCLK (net)
                      0.056832    0.003837    0.466326 ^ clkbuf_3_5__f_HCLK/A (sky130_fd_sc_hd__clkbuf_16)
    11    0.035096    0.041718    0.101215    0.567541 ^ clkbuf_3_5__f_HCLK/X (sky130_fd_sc_hd__clkbuf_16)
                                                         clknet_3_5__leaf_HCLK (net)
                      0.041869    0.001756    0.569297 ^ _153_/CLK (sky130_fd_sc_hd__dfrtp_1)
                                  0.250000    0.819297   clock uncertainty
                                  0.000000    0.819297   clock reconvergence pessimism
                                 -0.019266    0.800031   library hold time
                                              0.800031   data required time
---------------------------------------------------------------------------------------------
                                              0.800031   data required time
                                             -1.268256   data arrival time
---------------------------------------------------------------------------------------------
                                              0.468225   slack (MET)


Startpoint: _173_ (rising edge-triggered flip-flop clocked by HCLK)
Endpoint: _173_ (rising edge-triggered flip-flop clocked by HCLK)
Path Group: HCLK
Path Type: min

Fanout         Cap        Slew       Delay        Time   Description
---------------------------------------------------------------------------------------------
                                  0.000000    0.000000   clock HCLK (rise edge)
                                  0.000000    0.000000   clock source latency
     1    0.059439    0.203180    0.147358    0.147358 ^ HCLK (in)
                                                         HCLK (net)
                      0.204534    0.000000    0.147358 ^ clkbuf_0_HCLK/A (sky130_fd_sc_hd__clkbuf_16)
     5    0.134022    0.114650    0.179325    0.326684 ^ clkbuf_0_HCLK/X (sky130_fd_sc_hd__clkbuf_16)
                                                         clknet_0_HCLK (net)
                      0.116431    0.011266    0.337950 ^ clkbuf_2_2_0_HCLK/A (sky130_fd_sc_hd__clkbuf_8)
     2    0.035419    0.056406    0.124539    0.462489 ^ clkbuf_2_2_0_HCLK/X (sky130_fd_sc_hd__clkbuf_8)
                                                         clknet_2_2_0_HCLK (net)
                      0.056832    0.003837    0.466326 ^ clkbuf_3_5__f_HCLK/A (sky130_fd_sc_hd__clkbuf_16)
    11    0.035096    0.041718    0.101215    0.567541 ^ clkbuf_3_5__f_HCLK/X (sky130_fd_sc_hd__clkbuf_16)
                                                         clknet_3_5__leaf_HCLK (net)
                      0.041856    0.001637    0.569178 ^ _173_/CLK (sky130_fd_sc_hd__dfrtp_1)
     2    0.012012    0.086537    0.244450    0.813629 ^ _173_/Q (sky130_fd_sc_hd__dfrtp_1)
                                                         net119 (net)
                      0.086537    0.000276    0.813904 ^ hold57/A (sky130_fd_sc_hd__dlygate4sd3_1)
     1    0.003044    0.038857    0.382342    1.196246 ^ hold57/X (sky130_fd_sc_hd__dlygate4sd3_1)
                                                         net249 (net)
                      0.038857    0.000090    1.196336 ^ _106_/A1 (sky130_fd_sc_hd__mux2_1)
     1    0.003362    0.031928    0.077815    1.274151 ^ _106_/X (sky130_fd_sc_hd__mux2_1)
                                                         _022_ (net)
                      0.031928    0.000100    1.274251 ^ _173_/D (sky130_fd_sc_hd__dfrtp_1)
                                              1.274251   data arrival time

                                  0.000000    0.000000   clock HCLK (rise edge)
                                  0.000000    0.000000   clock source latency
     1    0.059439    0.203180    0.147358    0.147358 ^ HCLK (in)
                                                         HCLK (net)
                      0.204534    0.000000    0.147358 ^ clkbuf_0_HCLK/A (sky130_fd_sc_hd__clkbuf_16)
     5    0.134022    0.114650    0.179325    0.326684 ^ clkbuf_0_HCLK/X (sky130_fd_sc_hd__clkbuf_16)
                                                         clknet_0_HCLK (net)
                      0.116431    0.011266    0.337950 ^ clkbuf_2_2_0_HCLK/A (sky130_fd_sc_hd__clkbuf_8)
     2    0.035419    0.056406    0.124539    0.462489 ^ clkbuf_2_2_0_HCLK/X (sky130_fd_sc_hd__clkbuf_8)
                                                         clknet_2_2_0_HCLK (net)
                      0.056832    0.003837    0.466326 ^ clkbuf_3_5__f_HCLK/A (sky130_fd_sc_hd__clkbuf_16)
    11    0.035096    0.041718    0.101215    0.567541 ^ clkbuf_3_5__f_HCLK/X (sky130_fd_sc_hd__clkbuf_16)
                                                         clknet_3_5__leaf_HCLK (net)
                      0.041856    0.001637    0.569178 ^ _173_/CLK (sky130_fd_sc_hd__dfrtp_1)
                                  0.250000    0.819178   clock uncertainty
                                  0.000000    0.819178   clock reconvergence pessimism
                                 -0.019574    0.799604   library hold time
                                              0.799604   data required time
---------------------------------------------------------------------------------------------
                                              0.799604   data required time
                                             -1.274251   data arrival time
---------------------------------------------------------------------------------------------
                                              0.474647   slack (MET)


Startpoint: _183_ (rising edge-triggered flip-flop clocked by HCLK)
Endpoint: _183_ (rising edge-triggered flip-flop clocked by HCLK)
Path Group: HCLK
Path Type: min

Fanout         Cap        Slew       Delay        Time   Description
---------------------------------------------------------------------------------------------
                                  0.000000    0.000000   clock HCLK (rise edge)
                                  0.000000    0.000000   clock source latency
     1    0.059439    0.203180    0.147358    0.147358 ^ HCLK (in)
                                                         HCLK (net)
                      0.204534    0.000000    0.147358 ^ clkbuf_0_HCLK/A (sky130_fd_sc_hd__clkbuf_16)
     5    0.134022    0.114650    0.179325    0.326684 ^ clkbuf_0_HCLK/X (sky130_fd_sc_hd__clkbuf_16)
                                                         clknet_0_HCLK (net)
                      0.116431    0.011266    0.337950 ^ clkbuf_2_2_0_HCLK/A (sky130_fd_sc_hd__clkbuf_8)
     2    0.035419    0.056406    0.124539    0.462489 ^ clkbuf_2_2_0_HCLK/X (sky130_fd_sc_hd__clkbuf_8)
                                                         clknet_2_2_0_HCLK (net)
                      0.056832    0.003837    0.466326 ^ clkbuf_3_5__f_HCLK/A (sky130_fd_sc_hd__clkbuf_16)
    11    0.035096    0.041718    0.101215    0.567541 ^ clkbuf_3_5__f_HCLK/X (sky130_fd_sc_hd__clkbuf_16)
                                                         clknet_3_5__leaf_HCLK (net)
                      0.041749    0.001185    0.568726 ^ _183_/CLK (sky130_fd_sc_hd__dfrtp_1)
     2    0.012656    0.090595    0.247401    0.816128 ^ _183_/Q (sky130_fd_sc_hd__dfrtp_1)
                                                         net142 (net)
                      0.090595    0.000185    0.816312 ^ hold52/A (sky130_fd_sc_hd__dlygate4sd3_1)
     1    0.003103    0.039233    0.383360    1.199673 ^ hold52/X (sky130_fd_sc_hd__dlygate4sd3_1)
                                                         net244 (net)
                      0.039233    0.000093    1.199766 ^ _116_/A1 (sky130_fd_sc_hd__mux2_1)
     1    0.003056    0.030152    0.076358    1.276124 ^ _116_/X (sky130_fd_sc_hd__mux2_1)
                                                         _032_ (net)
                      0.030152    0.000086    1.276209 ^ _183_/D (sky130_fd_sc_hd__dfrtp_1)
                                              1.276209   data arrival time

                                  0.000000    0.000000   clock HCLK (rise edge)
                                  0.000000    0.000000   clock source latency
     1    0.059439    0.203180    0.147358    0.147358 ^ HCLK (in)
                                                         HCLK (net)
                      0.204534    0.000000    0.147358 ^ clkbuf_0_HCLK/A (sky130_fd_sc_hd__clkbuf_16)
     5    0.134022    0.114650    0.179325    0.326684 ^ clkbuf_0_HCLK/X (sky130_fd_sc_hd__clkbuf_16)
                                                         clknet_0_HCLK (net)
                      0.116431    0.011266    0.337950 ^ clkbuf_2_2_0_HCLK/A (sky130_fd_sc_hd__clkbuf_8)
     2    0.035419    0.056406    0.124539    0.462489 ^ clkbuf_2_2_0_HCLK/X (sky130_fd_sc_hd__clkbuf_8)
                                                         clknet_2_2_0_HCLK (net)
                      0.056832    0.003837    0.466326 ^ clkbuf_3_5__f_HCLK/A (sky130_fd_sc_hd__clkbuf_16)
    11    0.035096    0.041718    0.101215    0.567541 ^ clkbuf_3_5__f_HCLK/X (sky130_fd_sc_hd__clkbuf_16)
                                                         clknet_3_5__leaf_HCLK (net)
                      0.041749    0.001185    0.568726 ^ _183_/CLK (sky130_fd_sc_hd__dfrtp_1)
                                  0.250000    0.818726   clock uncertainty
                                  0.000000    0.818726   clock reconvergence pessimism
                                 -0.019443    0.799283   library hold time
                                              0.799283   data required time
---------------------------------------------------------------------------------------------
                                              0.799283   data required time
                                             -1.276209   data arrival time
---------------------------------------------------------------------------------------------
                                              0.476926   slack (MET)


Startpoint: _215_ (rising edge-triggered flip-flop clocked by HCLK)
Endpoint: _215_ (rising edge-triggered flip-flop clocked by HCLK)
Path Group: HCLK
Path Type: min

Fanout         Cap        Slew       Delay        Time   Description
---------------------------------------------------------------------------------------------
                                  0.000000    0.000000   clock HCLK (rise edge)
                                  0.000000    0.000000   clock source latency
     1    0.059439    0.203180    0.147358    0.147358 ^ HCLK (in)
                                                         HCLK (net)
                      0.204534    0.000000    0.147358 ^ clkbuf_0_HCLK/A (sky130_fd_sc_hd__clkbuf_16)
     5    0.134022    0.114650    0.179325    0.326684 ^ clkbuf_0_HCLK/X (sky130_fd_sc_hd__clkbuf_16)
                                                         clknet_0_HCLK (net)
                      0.116381    0.011108    0.337791 ^ clkbuf_2_3_0_HCLK/A (sky130_fd_sc_hd__clkbuf_8)
     2    0.039123    0.060921    0.128564    0.466355 ^ clkbuf_2_3_0_HCLK/X (sky130_fd_sc_hd__clkbuf_8)
                                                         clknet_2_3_0_HCLK (net)
                      0.060961    0.001246    0.467601 ^ clkbuf_3_7__f_HCLK/A (sky130_fd_sc_hd__clkbuf_16)
     7    0.049920    0.051834    0.108724    0.576325 ^ clkbuf_3_7__f_HCLK/X (sky130_fd_sc_hd__clkbuf_16)
                                                         clknet_3_7__leaf_HCLK (net)
                      0.053671    0.007519    0.583844 ^ _215_/CLK (sky130_fd_sc_hd__dfrtp_1)
     2    0.012287    0.088295    0.249319    0.833163 ^ _215_/Q (sky130_fd_sc_hd__dfrtp_1)
                                                         net174 (net)
                      0.088295    0.000278    0.833440 ^ hold58/A (sky130_fd_sc_hd__dlygate4sd3_1)
     1    0.003450    0.041493    0.385227    1.218667 ^ hold58/X (sky130_fd_sc_hd__dlygate4sd3_1)
                                                         net250 (net)
                      0.041493    0.000113    1.218780 ^ _148_/A1 (sky130_fd_sc_hd__mux2_1)
     1    0.002700    0.028116    0.075160    1.293940 ^ _148_/X (sky130_fd_sc_hd__mux2_1)
                                                         _064_ (net)
                      0.028116    0.000080    1.294019 ^ _215_/D (sky130_fd_sc_hd__dfrtp_1)
                                              1.294019   data arrival time

                                  0.000000    0.000000   clock HCLK (rise edge)
                                  0.000000    0.000000   clock source latency
     1    0.059439    0.203180    0.147358    0.147358 ^ HCLK (in)
                                                         HCLK (net)
                      0.204534    0.000000    0.147358 ^ clkbuf_0_HCLK/A (sky130_fd_sc_hd__clkbuf_16)
     5    0.134022    0.114650    0.179325    0.326684 ^ clkbuf_0_HCLK/X (sky130_fd_sc_hd__clkbuf_16)
                                                         clknet_0_HCLK (net)
                      0.116381    0.011108    0.337791 ^ clkbuf_2_3_0_HCLK/A (sky130_fd_sc_hd__clkbuf_8)
     2    0.039123    0.060921    0.128564    0.466355 ^ clkbuf_2_3_0_HCLK/X (sky130_fd_sc_hd__clkbuf_8)
                                                         clknet_2_3_0_HCLK (net)
                      0.060961    0.001246    0.467601 ^ clkbuf_3_7__f_HCLK/A (sky130_fd_sc_hd__clkbuf_16)
     7    0.049920    0.051834    0.108724    0.576325 ^ clkbuf_3_7__f_HCLK/X (sky130_fd_sc_hd__clkbuf_16)
                                                         clknet_3_7__leaf_HCLK (net)
                      0.053671    0.007519    0.583844 ^ _215_/CLK (sky130_fd_sc_hd__dfrtp_1)
                                  0.250000    0.833844   clock uncertainty
                                  0.000000    0.833844   clock reconvergence pessimism
                                 -0.018974    0.814869   library hold time
                                              0.814869   data required time
---------------------------------------------------------------------------------------------
                                              0.814869   data required time
                                             -1.294019   data arrival time
---------------------------------------------------------------------------------------------
                                              0.479150   slack (MET)


Startpoint: _167_ (rising edge-triggered flip-flop clocked by HCLK)
Endpoint: _167_ (rising edge-triggered flip-flop clocked by HCLK)
Path Group: HCLK
Path Type: min

Fanout         Cap        Slew       Delay        Time   Description
---------------------------------------------------------------------------------------------
                                  0.000000    0.000000   clock HCLK (rise edge)
                                  0.000000    0.000000   clock source latency
     1    0.059439    0.203180    0.147358    0.147358 ^ HCLK (in)
                                                         HCLK (net)
                      0.204534    0.000000    0.147358 ^ clkbuf_0_HCLK/A (sky130_fd_sc_hd__clkbuf_16)
     5    0.134022    0.114650    0.179325    0.326684 ^ clkbuf_0_HCLK/X (sky130_fd_sc_hd__clkbuf_16)
                                                         clknet_0_HCLK (net)
                      0.116431    0.011266    0.337950 ^ clkbuf_2_2_0_HCLK/A (sky130_fd_sc_hd__clkbuf_8)
     2    0.035419    0.056406    0.124539    0.462489 ^ clkbuf_2_2_0_HCLK/X (sky130_fd_sc_hd__clkbuf_8)
                                                         clknet_2_2_0_HCLK (net)
                      0.056729    0.003332    0.465821 ^ clkbuf_3_4__f_HCLK/A (sky130_fd_sc_hd__clkbuf_16)
    11    0.039914    0.045093    0.104073    0.569895 ^ clkbuf_3_4__f_HCLK/X (sky130_fd_sc_hd__clkbuf_16)
                                                         clknet_3_4__leaf_HCLK (net)
                      0.045131    0.001109    0.571004 ^ _167_/CLK (sky130_fd_sc_hd__dfrtp_1)
     2    0.013958    0.098900    0.254109    0.825113 ^ _167_/Q (sky130_fd_sc_hd__dfrtp_1)
                                                         net112 (net)
                      0.098900    0.000324    0.825437 ^ hold59/A (sky130_fd_sc_hd__dlygate4sd3_1)
     1    0.003101    0.039216    0.384662    1.210098 ^ hold59/X (sky130_fd_sc_hd__dlygate4sd3_1)
                                                         net251 (net)
                      0.039216    0.000092    1.210190 ^ _100_/A1 (sky130_fd_sc_hd__mux2_1)
     1    0.003167    0.030806    0.076917    1.287107 ^ _100_/X (sky130_fd_sc_hd__mux2_1)
                                                         _016_ (net)
                      0.030806    0.000092    1.287199 ^ _167_/D (sky130_fd_sc_hd__dfrtp_1)
                                              1.287199   data arrival time

                                  0.000000    0.000000   clock HCLK (rise edge)
                                  0.000000    0.000000   clock source latency
     1    0.059439    0.203180    0.147358    0.147358 ^ HCLK (in)
                                                         HCLK (net)
                      0.204534    0.000000    0.147358 ^ clkbuf_0_HCLK/A (sky130_fd_sc_hd__clkbuf_16)
     5    0.134022    0.114650    0.179325    0.326684 ^ clkbuf_0_HCLK/X (sky130_fd_sc_hd__clkbuf_16)
                                                         clknet_0_HCLK (net)
                      0.116431    0.011266    0.337950 ^ clkbuf_2_2_0_HCLK/A (sky130_fd_sc_hd__clkbuf_8)
     2    0.035419    0.056406    0.124539    0.462489 ^ clkbuf_2_2_0_HCLK/X (sky130_fd_sc_hd__clkbuf_8)
                                                         clknet_2_2_0_HCLK (net)
                      0.056729    0.003332    0.465821 ^ clkbuf_3_4__f_HCLK/A (sky130_fd_sc_hd__clkbuf_16)
    11    0.039914    0.045093    0.104073    0.569895 ^ clkbuf_3_4__f_HCLK/X (sky130_fd_sc_hd__clkbuf_16)
                                                         clknet_3_4__leaf_HCLK (net)
                      0.045131    0.001109    0.571004 ^ _167_/CLK (sky130_fd_sc_hd__dfrtp_1)
                                  0.250000    0.821004   clock uncertainty
                                  0.000000    0.821004   clock reconvergence pessimism
                                 -0.019403    0.801601   library hold time
                                              0.801601   data required time
---------------------------------------------------------------------------------------------
                                              0.801601   data required time
                                             -1.287199   data arrival time
---------------------------------------------------------------------------------------------
                                              0.485598   slack (MET)


Startpoint: _211_ (rising edge-triggered flip-flop clocked by HCLK)
Endpoint: _211_ (rising edge-triggered flip-flop clocked by HCLK)
Path Group: HCLK
Path Type: min

Fanout         Cap        Slew       Delay        Time   Description
---------------------------------------------------------------------------------------------
                                  0.000000    0.000000   clock HCLK (rise edge)
                                  0.000000    0.000000   clock source latency
     1    0.059439    0.203180    0.147358    0.147358 ^ HCLK (in)
                                                         HCLK (net)
                      0.204534    0.000000    0.147358 ^ clkbuf_0_HCLK/A (sky130_fd_sc_hd__clkbuf_16)
     5    0.134022    0.114650    0.179325    0.326684 ^ clkbuf_0_HCLK/X (sky130_fd_sc_hd__clkbuf_16)
                                                         clknet_0_HCLK (net)
                      0.117120    0.013264    0.339947 ^ clkbuf_2_1_0_HCLK/A (sky130_fd_sc_hd__clkbuf_8)
     2    0.036936    0.058213    0.125711    0.465659 ^ clkbuf_2_1_0_HCLK/X (sky130_fd_sc_hd__clkbuf_8)
                                                         clknet_2_1_0_HCLK (net)
                      0.058723    0.004261    0.469920 ^ clkbuf_3_3__f_HCLK/A (sky130_fd_sc_hd__clkbuf_16)
    10    0.027954    0.036768    0.097675    0.567595 ^ clkbuf_3_3__f_HCLK/X (sky130_fd_sc_hd__clkbuf_16)
                                                         clknet_3_3__leaf_HCLK (net)
                      0.036782    0.000643    0.568238 ^ _211_/CLK (sky130_fd_sc_hd__dfrtp_1)
     2    0.018035    0.124761    0.269981    0.838219 ^ _211_/Q (sky130_fd_sc_hd__dfrtp_1)
                                                         net162 (net)
                      0.124761    0.000258    0.838477 ^ hold61/A (sky130_fd_sc_hd__dlygate4sd3_1)
     1    0.002410    0.034985    0.384074    1.222551 ^ hold61/X (sky130_fd_sc_hd__dlygate4sd3_1)
                                                         net253 (net)
                      0.034985    0.000047    1.222598 ^ _144_/A1 (sky130_fd_sc_hd__mux2_1)
     1    0.002404    0.026455    0.071830    1.294428 ^ _144_/X (sky130_fd_sc_hd__mux2_1)
                                                         _060_ (net)
                      0.026456    0.000068    1.294496 ^ _211_/D (sky130_fd_sc_hd__dfrtp_1)
                                              1.294496   data arrival time

                                  0.000000    0.000000   clock HCLK (rise edge)
                                  0.000000    0.000000   clock source latency
     1    0.059439    0.203180    0.147358    0.147358 ^ HCLK (in)
                                                         HCLK (net)
                      0.204534    0.000000    0.147358 ^ clkbuf_0_HCLK/A (sky130_fd_sc_hd__clkbuf_16)
     5    0.134022    0.114650    0.179325    0.326684 ^ clkbuf_0_HCLK/X (sky130_fd_sc_hd__clkbuf_16)
                                                         clknet_0_HCLK (net)
                      0.117120    0.013264    0.339947 ^ clkbuf_2_1_0_HCLK/A (sky130_fd_sc_hd__clkbuf_8)
     2    0.036936    0.058213    0.125711    0.465659 ^ clkbuf_2_1_0_HCLK/X (sky130_fd_sc_hd__clkbuf_8)
                                                         clknet_2_1_0_HCLK (net)
                      0.058723    0.004261    0.469920 ^ clkbuf_3_3__f_HCLK/A (sky130_fd_sc_hd__clkbuf_16)
    10    0.027954    0.036768    0.097675    0.567595 ^ clkbuf_3_3__f_HCLK/X (sky130_fd_sc_hd__clkbuf_16)
                                                         clknet_3_3__leaf_HCLK (net)
                      0.036782    0.000643    0.568238 ^ _211_/CLK (sky130_fd_sc_hd__dfrtp_1)
                                  0.250000    0.818238   clock uncertainty
                                  0.000000    0.818238   clock reconvergence pessimism
                                 -0.019295    0.798943   library hold time
                                              0.798943   data required time
---------------------------------------------------------------------------------------------
                                              0.798943   data required time
                                             -1.294496   data arrival time
---------------------------------------------------------------------------------------------
                                              0.495554   slack (MET)


Startpoint: _191_ (rising edge-triggered flip-flop clocked by HCLK)
Endpoint: _191_ (rising edge-triggered flip-flop clocked by HCLK)
Path Group: HCLK
Path Type: min

Fanout         Cap        Slew       Delay        Time   Description
---------------------------------------------------------------------------------------------
                                  0.000000    0.000000   clock HCLK (rise edge)
                                  0.000000    0.000000   clock source latency
     1    0.059439    0.203180    0.147358    0.147358 ^ HCLK (in)
                                                         HCLK (net)
                      0.204534    0.000000    0.147358 ^ clkbuf_0_HCLK/A (sky130_fd_sc_hd__clkbuf_16)
     5    0.134022    0.114650    0.179325    0.326684 ^ clkbuf_0_HCLK/X (sky130_fd_sc_hd__clkbuf_16)
                                                         clknet_0_HCLK (net)
                      0.116431    0.011266    0.337950 ^ clkbuf_2_2_0_HCLK/A (sky130_fd_sc_hd__clkbuf_8)
     2    0.035419    0.056406    0.124539    0.462489 ^ clkbuf_2_2_0_HCLK/X (sky130_fd_sc_hd__clkbuf_8)
                                                         clknet_2_2_0_HCLK (net)
                      0.056729    0.003332    0.465821 ^ clkbuf_3_4__f_HCLK/A (sky130_fd_sc_hd__clkbuf_16)
    11    0.039914    0.045093    0.104073    0.569895 ^ clkbuf_3_4__f_HCLK/X (sky130_fd_sc_hd__clkbuf_16)
                                                         clknet_3_4__leaf_HCLK (net)
                      0.045132    0.001125    0.571020 ^ _191_/CLK (sky130_fd_sc_hd__dfrtp_1)
     2    0.017791    0.123213    0.271476    0.842495 ^ _191_/Q (sky130_fd_sc_hd__dfrtp_1)
                                                         net172 (net)
                      0.123213    0.000255    0.842750 ^ hold60/A (sky130_fd_sc_hd__dlygate4sd3_1)
     1    0.002574    0.035917    0.385031    1.227781 ^ hold60/X (sky130_fd_sc_hd__dlygate4sd3_1)
                                                         net252 (net)
                      0.035917    0.000052    1.227834 ^ _124_/A1 (sky130_fd_sc_hd__mux2_1)
     1    0.002605    0.027583    0.073121    1.300954 ^ _124_/X (sky130_fd_sc_hd__mux2_1)
                                                         _040_ (net)
                      0.027583    0.000075    1.301030 ^ _191_/D (sky130_fd_sc_hd__dfrtp_1)
                                              1.301030   data arrival time

                                  0.000000    0.000000   clock HCLK (rise edge)
                                  0.000000    0.000000   clock source latency
     1    0.059439    0.203180    0.147358    0.147358 ^ HCLK (in)
                                                         HCLK (net)
                      0.204534    0.000000    0.147358 ^ clkbuf_0_HCLK/A (sky130_fd_sc_hd__clkbuf_16)
     5    0.134022    0.114650    0.179325    0.326684 ^ clkbuf_0_HCLK/X (sky130_fd_sc_hd__clkbuf_16)
                                                         clknet_0_HCLK (net)
                      0.116431    0.011266    0.337950 ^ clkbuf_2_2_0_HCLK/A (sky130_fd_sc_hd__clkbuf_8)
     2    0.035419    0.056406    0.124539    0.462489 ^ clkbuf_2_2_0_HCLK/X (sky130_fd_sc_hd__clkbuf_8)
                                                         clknet_2_2_0_HCLK (net)
                      0.056729    0.003332    0.465821 ^ clkbuf_3_4__f_HCLK/A (sky130_fd_sc_hd__clkbuf_16)
    11    0.039914    0.045093    0.104073    0.569895 ^ clkbuf_3_4__f_HCLK/X (sky130_fd_sc_hd__clkbuf_16)
                                                         clknet_3_4__leaf_HCLK (net)
                      0.045132    0.001125    0.571020 ^ _191_/CLK (sky130_fd_sc_hd__dfrtp_1)
                                  0.250000    0.821019   clock uncertainty
                                  0.000000    0.821019   clock reconvergence pessimism
                                 -0.019160    0.801860   library hold time
                                              0.801860   data required time
---------------------------------------------------------------------------------------------
                                              0.801860   data required time
                                             -1.301030   data arrival time
---------------------------------------------------------------------------------------------
                                              0.499170   slack (MET)


Startpoint: _181_ (rising edge-triggered flip-flop clocked by HCLK)
Endpoint: _181_ (rising edge-triggered flip-flop clocked by HCLK)
Path Group: HCLK
Path Type: min

Fanout         Cap        Slew       Delay        Time   Description
---------------------------------------------------------------------------------------------
                                  0.000000    0.000000   clock HCLK (rise edge)
                                  0.000000    0.000000   clock source latency
     1    0.059439    0.203180    0.147358    0.147358 ^ HCLK (in)
                                                         HCLK (net)
                      0.204534    0.000000    0.147358 ^ clkbuf_0_HCLK/A (sky130_fd_sc_hd__clkbuf_16)
     5    0.134022    0.114650    0.179325    0.326684 ^ clkbuf_0_HCLK/X (sky130_fd_sc_hd__clkbuf_16)
                                                         clknet_0_HCLK (net)
                      0.116431    0.011266    0.337950 ^ clkbuf_2_2_0_HCLK/A (sky130_fd_sc_hd__clkbuf_8)
     2    0.035419    0.056406    0.124539    0.462489 ^ clkbuf_2_2_0_HCLK/X (sky130_fd_sc_hd__clkbuf_8)
                                                         clknet_2_2_0_HCLK (net)
                      0.056729    0.003332    0.465821 ^ clkbuf_3_4__f_HCLK/A (sky130_fd_sc_hd__clkbuf_16)
    11    0.039914    0.045093    0.104073    0.569895 ^ clkbuf_3_4__f_HCLK/X (sky130_fd_sc_hd__clkbuf_16)
                                                         clknet_3_4__leaf_HCLK (net)
                      0.045127    0.001052    0.570947 ^ _181_/CLK (sky130_fd_sc_hd__dfrtp_1)
     2    0.019678    0.135253    0.279802    0.850748 ^ _181_/Q (sky130_fd_sc_hd__dfrtp_1)
                                                         net128 (net)
                      0.135253    0.000275    0.851023 ^ hold62/A (sky130_fd_sc_hd__dlygate4sd3_1)
     1    0.002688    0.036561    0.386573    1.237596 ^ hold62/X (sky130_fd_sc_hd__dlygate4sd3_1)
                                                         net254 (net)
                      0.036561    0.000078    1.237673 ^ _114_/A1 (sky130_fd_sc_hd__mux2_1)
     1    0.002644    0.027800    0.073498    1.311172 ^ _114_/X (sky130_fd_sc_hd__mux2_1)
                                                         _030_ (net)
                      0.027800    0.000074    1.311246 ^ _181_/D (sky130_fd_sc_hd__dfrtp_1)
                                              1.311246   data arrival time

                                  0.000000    0.000000   clock HCLK (rise edge)
                                  0.000000    0.000000   clock source latency
     1    0.059439    0.203180    0.147358    0.147358 ^ HCLK (in)
                                                         HCLK (net)
                      0.204534    0.000000    0.147358 ^ clkbuf_0_HCLK/A (sky130_fd_sc_hd__clkbuf_16)
     5    0.134022    0.114650    0.179325    0.326684 ^ clkbuf_0_HCLK/X (sky130_fd_sc_hd__clkbuf_16)
                                                         clknet_0_HCLK (net)
                      0.116431    0.011266    0.337950 ^ clkbuf_2_2_0_HCLK/A (sky130_fd_sc_hd__clkbuf_8)
     2    0.035419    0.056406    0.124539    0.462489 ^ clkbuf_2_2_0_HCLK/X (sky130_fd_sc_hd__clkbuf_8)
                                                         clknet_2_2_0_HCLK (net)
                      0.056729    0.003332    0.465821 ^ clkbuf_3_4__f_HCLK/A (sky130_fd_sc_hd__clkbuf_16)
    11    0.039914    0.045093    0.104073    0.569895 ^ clkbuf_3_4__f_HCLK/X (sky130_fd_sc_hd__clkbuf_16)
                                                         clknet_3_4__leaf_HCLK (net)
                      0.045127    0.001052    0.570947 ^ _181_/CLK (sky130_fd_sc_hd__dfrtp_1)
                                  0.250000    0.820947   clock uncertainty
                                  0.000000    0.820947   clock reconvergence pessimism
                                 -0.019176    0.801771   library hold time
                                              0.801771   data required time
---------------------------------------------------------------------------------------------
                                              0.801771   data required time
                                             -1.311246   data arrival time
---------------------------------------------------------------------------------------------
                                              0.509475   slack (MET)


Startpoint: HRESETn (input port clocked by HCLK)
Endpoint: _165_ (removal check against rising-edge clock HCLK)
Path Group: asynchronous
Path Type: min

Fanout         Cap        Slew       Delay        Time   Description
---------------------------------------------------------------------------------------------
                                  0.000000    0.000000   clock HCLK (rise edge)
                                  0.000000    0.000000   clock network delay (propagated)
                                  2.000000    2.000000 ^ input external delay
     1    0.003025    0.014720    0.007830    2.007830 ^ HRESETn (in)
                                                         HRESETn (net)
                      0.014725    0.000000    2.007830 ^ input34/A (sky130_fd_sc_hd__buf_1)
     1    0.011183    0.102625    0.096864    2.104694 ^ input34/X (sky130_fd_sc_hd__buf_1)
                                                         net34 (net)
                      0.102628    0.000503    2.105197 ^ fanout192/A (sky130_fd_sc_hd__buf_8)
     6    0.134527    0.162201    0.147786    2.252983 ^ fanout192/X (sky130_fd_sc_hd__buf_8)
                                                         net192 (net)
                      0.192659    0.053346    2.306330 ^ _165_/RESET_B (sky130_fd_sc_hd__dfrtp_1)
                                              2.306330   data arrival time

                                  0.000000    0.000000   clock HCLK (rise edge)
                                  0.000000    0.000000   clock source latency
     1    0.059439    0.203180    0.147358    0.147358 ^ HCLK (in)
                                                         HCLK (net)
                      0.204534    0.000000    0.147358 ^ clkbuf_0_HCLK/A (sky130_fd_sc_hd__clkbuf_16)
     5    0.134022    0.114650    0.179325    0.326684 ^ clkbuf_0_HCLK/X (sky130_fd_sc_hd__clkbuf_16)
                                                         clknet_0_HCLK (net)
                      0.116959    0.012824    0.339507 ^ clkbuf_2_0_0_HCLK/A (sky130_fd_sc_hd__clkbuf_8)
     2    0.040129    0.062153    0.129216    0.468723 ^ clkbuf_2_0_0_HCLK/X (sky130_fd_sc_hd__clkbuf_8)
                                                         clknet_2_0_0_HCLK (net)
                      0.062464    0.003471    0.472194 ^ clkbuf_3_1__f_HCLK/A (sky130_fd_sc_hd__clkbuf_16)
     7    0.035580    0.041831    0.102191    0.574385 ^ clkbuf_3_1__f_HCLK/X (sky130_fd_sc_hd__clkbuf_16)
                                                         clknet_3_1__leaf_HCLK (net)
                      0.042604    0.004367    0.578752 ^ _165_/CLK (sky130_fd_sc_hd__dfrtp_1)
                                  0.250000    0.828752   clock uncertainty
                                  0.000000    0.828752   clock reconvergence pessimism
                                  0.240740    1.069492   library removal time
                                              1.069492   data required time
---------------------------------------------------------------------------------------------
                                              1.069492   data required time
                                             -2.306330   data arrival time
---------------------------------------------------------------------------------------------
                                              1.236838   slack (MET)


Startpoint: HRESETn (input port clocked by HCLK)
Endpoint: _163_ (removal check against rising-edge clock HCLK)
Path Group: asynchronous
Path Type: min

Fanout         Cap        Slew       Delay        Time   Description
---------------------------------------------------------------------------------------------
                                  0.000000    0.000000   clock HCLK (rise edge)
                                  0.000000    0.000000   clock network delay (propagated)
                                  2.000000    2.000000 ^ input external delay
     1    0.003025    0.014720    0.007830    2.007830 ^ HRESETn (in)
                                                         HRESETn (net)
                      0.014725    0.000000    2.007830 ^ input34/A (sky130_fd_sc_hd__buf_1)
     1    0.011183    0.102625    0.096864    2.104694 ^ input34/X (sky130_fd_sc_hd__buf_1)
                                                         net34 (net)
                      0.102628    0.000503    2.105197 ^ fanout192/A (sky130_fd_sc_hd__buf_8)
     6    0.134527    0.162201    0.147786    2.252983 ^ fanout192/X (sky130_fd_sc_hd__buf_8)
                                                         net192 (net)
                      0.162268    0.003125    2.256109 ^ fanout190/A (sky130_fd_sc_hd__buf_8)
    13    0.128844    0.157275    0.153985    2.410094 ^ fanout190/X (sky130_fd_sc_hd__buf_8)
                                                         net190 (net)
                      0.157345    0.003019    2.413113 ^ _163_/RESET_B (sky130_fd_sc_hd__dfrtp_1)
                                              2.413113   data arrival time

                                  0.000000    0.000000   clock HCLK (rise edge)
                                  0.000000    0.000000   clock source latency
     1    0.059439    0.203180    0.147358    0.147358 ^ HCLK (in)
                                                         HCLK (net)
                      0.204534    0.000000    0.147358 ^ clkbuf_0_HCLK/A (sky130_fd_sc_hd__clkbuf_16)
     5    0.134022    0.114650    0.179325    0.326684 ^ clkbuf_0_HCLK/X (sky130_fd_sc_hd__clkbuf_16)
                                                         clknet_0_HCLK (net)
                      0.116381    0.011108    0.337791 ^ clkbuf_2_3_0_HCLK/A (sky130_fd_sc_hd__clkbuf_8)
     2    0.039123    0.060921    0.128564    0.466355 ^ clkbuf_2_3_0_HCLK/X (sky130_fd_sc_hd__clkbuf_8)
                                                         clknet_2_3_0_HCLK (net)
                      0.060961    0.001246    0.467601 ^ clkbuf_3_7__f_HCLK/A (sky130_fd_sc_hd__clkbuf_16)
     7    0.049920    0.051834    0.108724    0.576325 ^ clkbuf_3_7__f_HCLK/X (sky130_fd_sc_hd__clkbuf_16)
                                                         clknet_3_7__leaf_HCLK (net)
                      0.053548    0.007226    0.583551 ^ _163_/CLK (sky130_fd_sc_hd__dfrtp_1)
                                  0.250000    0.833551   clock uncertainty
                                  0.000000    0.833551   clock reconvergence pessimism
                                  0.233051    1.066603   library removal time
                                              1.066603   data required time
---------------------------------------------------------------------------------------------
                                              1.066603   data required time
                                             -2.413113   data arrival time
---------------------------------------------------------------------------------------------
                                              1.346510   slack (MET)


Startpoint: HRESETn (input port clocked by HCLK)
Endpoint: _162_ (removal check against rising-edge clock HCLK)
Path Group: asynchronous
Path Type: min

Fanout         Cap        Slew       Delay        Time   Description
---------------------------------------------------------------------------------------------
                                  0.000000    0.000000   clock HCLK (rise edge)
                                  0.000000    0.000000   clock network delay (propagated)
                                  2.000000    2.000000 ^ input external delay
     1    0.003025    0.014720    0.007830    2.007830 ^ HRESETn (in)
                                                         HRESETn (net)
                      0.014725    0.000000    2.007830 ^ input34/A (sky130_fd_sc_hd__buf_1)
     1    0.011183    0.102625    0.096864    2.104694 ^ input34/X (sky130_fd_sc_hd__buf_1)
                                                         net34 (net)
                      0.102628    0.000503    2.105197 ^ fanout192/A (sky130_fd_sc_hd__buf_8)
     6    0.134527    0.162201    0.147786    2.252983 ^ fanout192/X (sky130_fd_sc_hd__buf_8)
                                                         net192 (net)
                      0.162268    0.003125    2.256109 ^ fanout190/A (sky130_fd_sc_hd__buf_8)
    13    0.128844    0.157275    0.153985    2.410094 ^ fanout190/X (sky130_fd_sc_hd__buf_8)
                                                         net190 (net)
                      0.157315    0.002300    2.412394 ^ _162_/RESET_B (sky130_fd_sc_hd__dfrtp_1)
                                              2.412394   data arrival time

                                  0.000000    0.000000   clock HCLK (rise edge)
                                  0.000000    0.000000   clock source latency
     1    0.059439    0.203180    0.147358    0.147358 ^ HCLK (in)
                                                         HCLK (net)
                      0.204534    0.000000    0.147358 ^ clkbuf_0_HCLK/A (sky130_fd_sc_hd__clkbuf_16)
     5    0.134022    0.114650    0.179325    0.326684 ^ clkbuf_0_HCLK/X (sky130_fd_sc_hd__clkbuf_16)
                                                         clknet_0_HCLK (net)
                      0.116431    0.011266    0.337950 ^ clkbuf_2_2_0_HCLK/A (sky130_fd_sc_hd__clkbuf_8)
     2    0.035419    0.056406    0.124539    0.462489 ^ clkbuf_2_2_0_HCLK/X (sky130_fd_sc_hd__clkbuf_8)
                                                         clknet_2_2_0_HCLK (net)
                      0.056729    0.003332    0.465821 ^ clkbuf_3_4__f_HCLK/A (sky130_fd_sc_hd__clkbuf_16)
    11    0.039914    0.045093    0.104073    0.569895 ^ clkbuf_3_4__f_HCLK/X (sky130_fd_sc_hd__clkbuf_16)
                                                         clknet_3_4__leaf_HCLK (net)
                      0.045130    0.001092    0.570987 ^ _162_/CLK (sky130_fd_sc_hd__dfrtp_1)
                                  0.250000    0.820987   clock uncertainty
                                  0.000000    0.820987   clock reconvergence pessimism
                                  0.231899    1.052886   library removal time
                                              1.052886   data required time
---------------------------------------------------------------------------------------------
                                              1.052886   data required time
                                             -2.412394   data arrival time
---------------------------------------------------------------------------------------------
                                              1.359508   slack (MET)


Startpoint: HRESETn (input port clocked by HCLK)
Endpoint: _154_ (removal check against rising-edge clock HCLK)
Path Group: asynchronous
Path Type: min

Fanout         Cap        Slew       Delay        Time   Description
---------------------------------------------------------------------------------------------
                                  0.000000    0.000000   clock HCLK (rise edge)
                                  0.000000    0.000000   clock network delay (propagated)
                                  2.000000    2.000000 ^ input external delay
     1    0.003025    0.014720    0.007830    2.007830 ^ HRESETn (in)
                                                         HRESETn (net)
                      0.014725    0.000000    2.007830 ^ input34/A (sky130_fd_sc_hd__buf_1)
     1    0.011183    0.102625    0.096864    2.104694 ^ input34/X (sky130_fd_sc_hd__buf_1)
                                                         net34 (net)
                      0.102628    0.000503    2.105197 ^ fanout192/A (sky130_fd_sc_hd__buf_8)
     6    0.134527    0.162201    0.147786    2.252983 ^ fanout192/X (sky130_fd_sc_hd__buf_8)
                                                         net192 (net)
                      0.162268    0.003125    2.256109 ^ fanout190/A (sky130_fd_sc_hd__buf_8)
    13    0.128844    0.157275    0.153985    2.410094 ^ fanout190/X (sky130_fd_sc_hd__buf_8)
                                                         net190 (net)
                      0.157321    0.002466    2.412560 ^ _154_/RESET_B (sky130_fd_sc_hd__dfrtp_1)
                                              2.412560   data arrival time

                                  0.000000    0.000000   clock HCLK (rise edge)
                                  0.000000    0.000000   clock source latency
     1    0.059439    0.203180    0.147358    0.147358 ^ HCLK (in)
                                                         HCLK (net)
                      0.204534    0.000000    0.147358 ^ clkbuf_0_HCLK/A (sky130_fd_sc_hd__clkbuf_16)
     5    0.134022    0.114650    0.179325    0.326684 ^ clkbuf_0_HCLK/X (sky130_fd_sc_hd__clkbuf_16)
                                                         clknet_0_HCLK (net)
                      0.116431    0.011266    0.337950 ^ clkbuf_2_2_0_HCLK/A (sky130_fd_sc_hd__clkbuf_8)
     2    0.035419    0.056406    0.124539    0.462489 ^ clkbuf_2_2_0_HCLK/X (sky130_fd_sc_hd__clkbuf_8)
                                                         clknet_2_2_0_HCLK (net)
                      0.056729    0.003332    0.465821 ^ clkbuf_3_4__f_HCLK/A (sky130_fd_sc_hd__clkbuf_16)
    11    0.039914    0.045093    0.104073    0.569895 ^ clkbuf_3_4__f_HCLK/X (sky130_fd_sc_hd__clkbuf_16)
                                                         clknet_3_4__leaf_HCLK (net)
                      0.045109    0.000782    0.570677 ^ _154_/CLK (sky130_fd_sc_hd__dfrtp_1)
                                  0.250000    0.820677   clock uncertainty
                                  0.000000    0.820677   clock reconvergence pessimism
                                  0.231897    1.052575   library removal time
                                              1.052575   data required time
---------------------------------------------------------------------------------------------
                                              1.052575   data required time
                                             -2.412560   data arrival time
---------------------------------------------------------------------------------------------
                                              1.359985   slack (MET)


Startpoint: HRESETn (input port clocked by HCLK)
Endpoint: _156_ (removal check against rising-edge clock HCLK)
Path Group: asynchronous
Path Type: min

Fanout         Cap        Slew       Delay        Time   Description
---------------------------------------------------------------------------------------------
                                  0.000000    0.000000   clock HCLK (rise edge)
                                  0.000000    0.000000   clock network delay (propagated)
                                  2.000000    2.000000 ^ input external delay
     1    0.003025    0.014720    0.007830    2.007830 ^ HRESETn (in)
                                                         HRESETn (net)
                      0.014725    0.000000    2.007830 ^ input34/A (sky130_fd_sc_hd__buf_1)
     1    0.011183    0.102625    0.096864    2.104694 ^ input34/X (sky130_fd_sc_hd__buf_1)
                                                         net34 (net)
                      0.102628    0.000503    2.105197 ^ fanout192/A (sky130_fd_sc_hd__buf_8)
     6    0.134527    0.162201    0.147786    2.252983 ^ fanout192/X (sky130_fd_sc_hd__buf_8)
                                                         net192 (net)
                      0.162268    0.003125    2.256109 ^ fanout190/A (sky130_fd_sc_hd__buf_8)
    13    0.128844    0.157275    0.153985    2.410094 ^ fanout190/X (sky130_fd_sc_hd__buf_8)
                                                         net190 (net)
                      0.176128    0.041477    2.451571 ^ _156_/RESET_B (sky130_fd_sc_hd__dfrtp_1)
                                              2.451571   data arrival time

                                  0.000000    0.000000   clock HCLK (rise edge)
                                  0.000000    0.000000   clock source latency
     1    0.059439    0.203180    0.147358    0.147358 ^ HCLK (in)
                                                         HCLK (net)
                      0.204534    0.000000    0.147358 ^ clkbuf_0_HCLK/A (sky130_fd_sc_hd__clkbuf_16)
     5    0.134022    0.114650    0.179325    0.326684 ^ clkbuf_0_HCLK/X (sky130_fd_sc_hd__clkbuf_16)
                                                         clknet_0_HCLK (net)
                      0.116381    0.011108    0.337791 ^ clkbuf_2_3_0_HCLK/A (sky130_fd_sc_hd__clkbuf_8)
     2    0.039123    0.060921    0.128564    0.466355 ^ clkbuf_2_3_0_HCLK/X (sky130_fd_sc_hd__clkbuf_8)
                                                         clknet_2_3_0_HCLK (net)
                      0.061123    0.002757    0.469112 ^ clkbuf_3_6__f_HCLK/A (sky130_fd_sc_hd__clkbuf_16)
     8    0.072928    0.069384    0.120378    0.589490 ^ clkbuf_3_6__f_HCLK/X (sky130_fd_sc_hd__clkbuf_16)
                                                         clknet_3_6__leaf_HCLK (net)
                      0.070497    0.006857    0.596347 ^ _156_/CLK (sky130_fd_sc_hd__dfrtp_1)
                                  0.250000    0.846347   clock uncertainty
                                  0.000000    0.846347   clock reconvergence pessimism
                                  0.240229    1.086577   library removal time
                                              1.086577   data required time
---------------------------------------------------------------------------------------------
                                              1.086577   data required time
                                             -2.451571   data arrival time
---------------------------------------------------------------------------------------------
                                              1.364994   slack (MET)


Startpoint: HRESETn (input port clocked by HCLK)
Endpoint: _190_ (removal check against rising-edge clock HCLK)
Path Group: asynchronous
Path Type: min

Fanout         Cap        Slew       Delay        Time   Description
---------------------------------------------------------------------------------------------
                                  0.000000    0.000000   clock HCLK (rise edge)
                                  0.000000    0.000000   clock network delay (propagated)
                                  2.000000    2.000000 ^ input external delay
     1    0.003025    0.014720    0.007830    2.007830 ^ HRESETn (in)
                                                         HRESETn (net)
                      0.014725    0.000000    2.007830 ^ input34/A (sky130_fd_sc_hd__buf_1)
     1    0.011183    0.102625    0.096864    2.104694 ^ input34/X (sky130_fd_sc_hd__buf_1)
                                                         net34 (net)
                      0.102628    0.000503    2.105197 ^ fanout192/A (sky130_fd_sc_hd__buf_8)
     6    0.134527    0.162201    0.147786    2.252983 ^ fanout192/X (sky130_fd_sc_hd__buf_8)
                                                         net192 (net)
                      0.162268    0.003125    2.256109 ^ fanout190/A (sky130_fd_sc_hd__buf_8)
    13    0.128844    0.157275    0.153985    2.410094 ^ fanout190/X (sky130_fd_sc_hd__buf_8)
                                                         net190 (net)
                      0.176000    0.041330    2.451424 ^ _190_/RESET_B (sky130_fd_sc_hd__dfrtp_1)
                                              2.451424   data arrival time

                                  0.000000    0.000000   clock HCLK (rise edge)
                                  0.000000    0.000000   clock source latency
     1    0.059439    0.203180    0.147358    0.147358 ^ HCLK (in)
                                                         HCLK (net)
                      0.204534    0.000000    0.147358 ^ clkbuf_0_HCLK/A (sky130_fd_sc_hd__clkbuf_16)
     5    0.134022    0.114650    0.179325    0.326684 ^ clkbuf_0_HCLK/X (sky130_fd_sc_hd__clkbuf_16)
                                                         clknet_0_HCLK (net)
                      0.116381    0.011108    0.337791 ^ clkbuf_2_3_0_HCLK/A (sky130_fd_sc_hd__clkbuf_8)
     2    0.039123    0.060921    0.128564    0.466355 ^ clkbuf_2_3_0_HCLK/X (sky130_fd_sc_hd__clkbuf_8)
                                                         clknet_2_3_0_HCLK (net)
                      0.061123    0.002757    0.469112 ^ clkbuf_3_6__f_HCLK/A (sky130_fd_sc_hd__clkbuf_16)
     8    0.072928    0.069384    0.120378    0.589490 ^ clkbuf_3_6__f_HCLK/X (sky130_fd_sc_hd__clkbuf_16)
                                                         clknet_3_6__leaf_HCLK (net)
                      0.070445    0.006693    0.596183 ^ _190_/CLK (sky130_fd_sc_hd__dfrtp_1)
                                  0.250000    0.846183   clock uncertainty
                                  0.000000    0.846183   clock reconvergence pessimism
                                  0.240189    1.086372   library removal time
                                              1.086372   data required time
---------------------------------------------------------------------------------------------
                                              1.086372   data required time
                                             -2.451424   data arrival time
---------------------------------------------------------------------------------------------
                                              1.365051   slack (MET)


Startpoint: HRESETn (input port clocked by HCLK)
Endpoint: _171_ (removal check against rising-edge clock HCLK)
Path Group: asynchronous
Path Type: min

Fanout         Cap        Slew       Delay        Time   Description
---------------------------------------------------------------------------------------------
                                  0.000000    0.000000   clock HCLK (rise edge)
                                  0.000000    0.000000   clock network delay (propagated)
                                  2.000000    2.000000 ^ input external delay
     1    0.003025    0.014720    0.007830    2.007830 ^ HRESETn (in)
                                                         HRESETn (net)
                      0.014725    0.000000    2.007830 ^ input34/A (sky130_fd_sc_hd__buf_1)
     1    0.011183    0.102625    0.096864    2.104694 ^ input34/X (sky130_fd_sc_hd__buf_1)
                                                         net34 (net)
                      0.102628    0.000503    2.105197 ^ fanout192/A (sky130_fd_sc_hd__buf_8)
     6    0.134527    0.162201    0.147786    2.252983 ^ fanout192/X (sky130_fd_sc_hd__buf_8)
                                                         net192 (net)
                      0.162268    0.003125    2.256109 ^ fanout190/A (sky130_fd_sc_hd__buf_8)
    13    0.128844    0.157275    0.153985    2.410094 ^ fanout190/X (sky130_fd_sc_hd__buf_8)
                                                         net190 (net)
                      0.176454    0.041850    2.451944 ^ _171_/RESET_B (sky130_fd_sc_hd__dfrtp_1)
                                              2.451944   data arrival time

                                  0.000000    0.000000   clock HCLK (rise edge)
                                  0.000000    0.000000   clock source latency
     1    0.059439    0.203180    0.147358    0.147358 ^ HCLK (in)
                                                         HCLK (net)
                      0.204534    0.000000    0.147358 ^ clkbuf_0_HCLK/A (sky130_fd_sc_hd__clkbuf_16)
     5    0.134022    0.114650    0.179325    0.326684 ^ clkbuf_0_HCLK/X (sky130_fd_sc_hd__clkbuf_16)
                                                         clknet_0_HCLK (net)
                      0.116381    0.011108    0.337791 ^ clkbuf_2_3_0_HCLK/A (sky130_fd_sc_hd__clkbuf_8)
     2    0.039123    0.060921    0.128564    0.466355 ^ clkbuf_2_3_0_HCLK/X (sky130_fd_sc_hd__clkbuf_8)
                                                         clknet_2_3_0_HCLK (net)
                      0.061123    0.002757    0.469112 ^ clkbuf_3_6__f_HCLK/A (sky130_fd_sc_hd__clkbuf_16)
     8    0.072928    0.069384    0.120378    0.589490 ^ clkbuf_3_6__f_HCLK/X (sky130_fd_sc_hd__clkbuf_16)
                                                         clknet_3_6__leaf_HCLK (net)
                      0.070527    0.006949    0.596440 ^ _171_/CLK (sky130_fd_sc_hd__dfrtp_1)
                                  0.250000    0.846440   clock uncertainty
                                  0.000000    0.846440   clock reconvergence pessimism
                                  0.240318    1.086758   library removal time
                                              1.086758   data required time
---------------------------------------------------------------------------------------------
                                              1.086758   data required time
                                             -2.451944   data arrival time
---------------------------------------------------------------------------------------------
                                              1.365186   slack (MET)


Startpoint: HRESETn (input port clocked by HCLK)
Endpoint: _206_ (removal check against rising-edge clock HCLK)
Path Group: asynchronous
Path Type: min

Fanout         Cap        Slew       Delay        Time   Description
---------------------------------------------------------------------------------------------
                                  0.000000    0.000000   clock HCLK (rise edge)
                                  0.000000    0.000000   clock network delay (propagated)
                                  2.000000    2.000000 ^ input external delay
     1    0.003025    0.014720    0.007830    2.007830 ^ HRESETn (in)
                                                         HRESETn (net)
                      0.014725    0.000000    2.007830 ^ input34/A (sky130_fd_sc_hd__buf_1)
     1    0.011183    0.102625    0.096864    2.104694 ^ input34/X (sky130_fd_sc_hd__buf_1)
                                                         net34 (net)
                      0.102628    0.000503    2.105197 ^ fanout192/A (sky130_fd_sc_hd__buf_8)
     6    0.134527    0.162201    0.147786    2.252983 ^ fanout192/X (sky130_fd_sc_hd__buf_8)
                                                         net192 (net)
                      0.162268    0.003125    2.256109 ^ fanout190/A (sky130_fd_sc_hd__buf_8)
    13    0.128844    0.157275    0.153985    2.410094 ^ fanout190/X (sky130_fd_sc_hd__buf_8)
                                                         net190 (net)
                      0.176361    0.041744    2.451838 ^ _206_/RESET_B (sky130_fd_sc_hd__dfrtp_1)
                                              2.451838   data arrival time

                                  0.000000    0.000000   clock HCLK (rise edge)
                                  0.000000    0.000000   clock source latency
     1    0.059439    0.203180    0.147358    0.147358 ^ HCLK (in)
                                                         HCLK (net)
                      0.204534    0.000000    0.147358 ^ clkbuf_0_HCLK/A (sky130_fd_sc_hd__clkbuf_16)
     5    0.134022    0.114650    0.179325    0.326684 ^ clkbuf_0_HCLK/X (sky130_fd_sc_hd__clkbuf_16)
                                                         clknet_0_HCLK (net)
                      0.116381    0.011108    0.337791 ^ clkbuf_2_3_0_HCLK/A (sky130_fd_sc_hd__clkbuf_8)
     2    0.039123    0.060921    0.128564    0.466355 ^ clkbuf_2_3_0_HCLK/X (sky130_fd_sc_hd__clkbuf_8)
                                                         clknet_2_3_0_HCLK (net)
                      0.061123    0.002757    0.469112 ^ clkbuf_3_6__f_HCLK/A (sky130_fd_sc_hd__clkbuf_16)
     8    0.072928    0.069384    0.120378    0.589490 ^ clkbuf_3_6__f_HCLK/X (sky130_fd_sc_hd__clkbuf_16)
                                                         clknet_3_6__leaf_HCLK (net)
                      0.070498    0.006860    0.596350 ^ _206_/CLK (sky130_fd_sc_hd__dfrtp_1)
                                  0.250000    0.846350   clock uncertainty
                                  0.000000    0.846350   clock reconvergence pessimism
                                  0.240290    1.086640   library removal time
                                              1.086640   data required time
---------------------------------------------------------------------------------------------
                                              1.086640   data required time
                                             -2.451838   data arrival time
---------------------------------------------------------------------------------------------
                                              1.365198   slack (MET)


Startpoint: HRESETn (input port clocked by HCLK)
Endpoint: _200_ (removal check against rising-edge clock HCLK)
Path Group: asynchronous
Path Type: min

Fanout         Cap        Slew       Delay        Time   Description
---------------------------------------------------------------------------------------------
                                  0.000000    0.000000   clock HCLK (rise edge)
                                  0.000000    0.000000   clock network delay (propagated)
                                  2.000000    2.000000 ^ input external delay
     1    0.003025    0.014720    0.007830    2.007830 ^ HRESETn (in)
                                                         HRESETn (net)
                      0.014725    0.000000    2.007830 ^ input34/A (sky130_fd_sc_hd__buf_1)
     1    0.011183    0.102625    0.096864    2.104694 ^ input34/X (sky130_fd_sc_hd__buf_1)
                                                         net34 (net)
                      0.102628    0.000503    2.105197 ^ fanout192/A (sky130_fd_sc_hd__buf_8)
     6    0.134527    0.162201    0.147786    2.252983 ^ fanout192/X (sky130_fd_sc_hd__buf_8)
                                                         net192 (net)
                      0.162268    0.003125    2.256109 ^ fanout190/A (sky130_fd_sc_hd__buf_8)
    13    0.128844    0.157275    0.153985    2.410094 ^ fanout190/X (sky130_fd_sc_hd__buf_8)
                                                         net190 (net)
                      0.176433    0.041826    2.451920 ^ _200_/RESET_B (sky130_fd_sc_hd__dfrtp_1)
                                              2.451920   data arrival time

                                  0.000000    0.000000   clock HCLK (rise edge)
                                  0.000000    0.000000   clock source latency
     1    0.059439    0.203180    0.147358    0.147358 ^ HCLK (in)
                                                         HCLK (net)
                      0.204534    0.000000    0.147358 ^ clkbuf_0_HCLK/A (sky130_fd_sc_hd__clkbuf_16)
     5    0.134022    0.114650    0.179325    0.326684 ^ clkbuf_0_HCLK/X (sky130_fd_sc_hd__clkbuf_16)
                                                         clknet_0_HCLK (net)
                      0.116381    0.011108    0.337791 ^ clkbuf_2_3_0_HCLK/A (sky130_fd_sc_hd__clkbuf_8)
     2    0.039123    0.060921    0.128564    0.466355 ^ clkbuf_2_3_0_HCLK/X (sky130_fd_sc_hd__clkbuf_8)
                                                         clknet_2_3_0_HCLK (net)
                      0.061123    0.002757    0.469112 ^ clkbuf_3_6__f_HCLK/A (sky130_fd_sc_hd__clkbuf_16)
     8    0.072928    0.069384    0.120378    0.589490 ^ clkbuf_3_6__f_HCLK/X (sky130_fd_sc_hd__clkbuf_16)
                                                         clknet_3_6__leaf_HCLK (net)
                      0.070514    0.006910    0.596401 ^ _200_/CLK (sky130_fd_sc_hd__dfrtp_1)
                                  0.250000    0.846401   clock uncertainty
                                  0.000000    0.846401   clock reconvergence pessimism
                                  0.240311    1.086712   library removal time
                                              1.086712   data required time
---------------------------------------------------------------------------------------------
                                              1.086712   data required time
                                             -2.451920   data arrival time
---------------------------------------------------------------------------------------------
                                              1.365208   slack (MET)


Startpoint: HRESETn (input port clocked by HCLK)
Endpoint: _199_ (removal check against rising-edge clock HCLK)
Path Group: asynchronous
Path Type: min

Fanout         Cap        Slew       Delay        Time   Description
---------------------------------------------------------------------------------------------
                                  0.000000    0.000000   clock HCLK (rise edge)
                                  0.000000    0.000000   clock network delay (propagated)
                                  2.000000    2.000000 ^ input external delay
     1    0.003025    0.014720    0.007830    2.007830 ^ HRESETn (in)
                                                         HRESETn (net)
                      0.014725    0.000000    2.007830 ^ input34/A (sky130_fd_sc_hd__buf_1)
     1    0.011183    0.102625    0.096864    2.104694 ^ input34/X (sky130_fd_sc_hd__buf_1)
                                                         net34 (net)
                      0.102628    0.000503    2.105197 ^ fanout192/A (sky130_fd_sc_hd__buf_8)
     6    0.134527    0.162201    0.147786    2.252983 ^ fanout192/X (sky130_fd_sc_hd__buf_8)
                                                         net192 (net)
                      0.162268    0.003125    2.256109 ^ fanout190/A (sky130_fd_sc_hd__buf_8)
    13    0.128844    0.157275    0.153985    2.410094 ^ fanout190/X (sky130_fd_sc_hd__buf_8)
                                                         net190 (net)
                      0.175900    0.041215    2.451308 ^ _199_/RESET_B (sky130_fd_sc_hd__dfrtp_1)
                                              2.451308   data arrival time

                                  0.000000    0.000000   clock HCLK (rise edge)
                                  0.000000    0.000000   clock source latency
     1    0.059439    0.203180    0.147358    0.147358 ^ HCLK (in)
                                                         HCLK (net)
                      0.204534    0.000000    0.147358 ^ clkbuf_0_HCLK/A (sky130_fd_sc_hd__clkbuf_16)
     5    0.134022    0.114650    0.179325    0.326684 ^ clkbuf_0_HCLK/X (sky130_fd_sc_hd__clkbuf_16)
                                                         clknet_0_HCLK (net)
                      0.116381    0.011108    0.337791 ^ clkbuf_2_3_0_HCLK/A (sky130_fd_sc_hd__clkbuf_8)
     2    0.039123    0.060921    0.128564    0.466355 ^ clkbuf_2_3_0_HCLK/X (sky130_fd_sc_hd__clkbuf_8)
                                                         clknet_2_3_0_HCLK (net)
                      0.061123    0.002757    0.469112 ^ clkbuf_3_6__f_HCLK/A (sky130_fd_sc_hd__clkbuf_16)
     8    0.072928    0.069384    0.120378    0.589490 ^ clkbuf_3_6__f_HCLK/X (sky130_fd_sc_hd__clkbuf_16)
                                                         clknet_3_6__leaf_HCLK (net)
                      0.070360    0.006418    0.595909 ^ _199_/CLK (sky130_fd_sc_hd__dfrtp_1)
                                  0.250000    0.845909   clock uncertainty
                                  0.000000    0.845909   clock reconvergence pessimism
                                  0.240152    1.086060   library removal time
                                              1.086060   data required time
---------------------------------------------------------------------------------------------
                                              1.086060   data required time
                                             -2.451308   data arrival time
---------------------------------------------------------------------------------------------
                                              1.365248   slack (MET)


Startpoint: HRESETn (input port clocked by HCLK)
Endpoint: _209_ (removal check against rising-edge clock HCLK)
Path Group: asynchronous
Path Type: min

Fanout         Cap        Slew       Delay        Time   Description
---------------------------------------------------------------------------------------------
                                  0.000000    0.000000   clock HCLK (rise edge)
                                  0.000000    0.000000   clock network delay (propagated)
                                  2.000000    2.000000 ^ input external delay
     1    0.003025    0.014720    0.007830    2.007830 ^ HRESETn (in)
                                                         HRESETn (net)
                      0.014725    0.000000    2.007830 ^ input34/A (sky130_fd_sc_hd__buf_1)
     1    0.011183    0.102625    0.096864    2.104694 ^ input34/X (sky130_fd_sc_hd__buf_1)
                                                         net34 (net)
                      0.102628    0.000503    2.105197 ^ fanout192/A (sky130_fd_sc_hd__buf_8)
     6    0.134527    0.162201    0.147786    2.252983 ^ fanout192/X (sky130_fd_sc_hd__buf_8)
                                                         net192 (net)
                      0.162268    0.003125    2.256109 ^ fanout190/A (sky130_fd_sc_hd__buf_8)
    13    0.128844    0.157275    0.153985    2.410094 ^ fanout190/X (sky130_fd_sc_hd__buf_8)
                                                         net190 (net)
                      0.175719    0.041005    2.451099 ^ _209_/RESET_B (sky130_fd_sc_hd__dfrtp_1)
                                              2.451099   data arrival time

                                  0.000000    0.000000   clock HCLK (rise edge)
                                  0.000000    0.000000   clock source latency
     1    0.059439    0.203180    0.147358    0.147358 ^ HCLK (in)
                                                         HCLK (net)
                      0.204534    0.000000    0.147358 ^ clkbuf_0_HCLK/A (sky130_fd_sc_hd__clkbuf_16)
     5    0.134022    0.114650    0.179325    0.326684 ^ clkbuf_0_HCLK/X (sky130_fd_sc_hd__clkbuf_16)
                                                         clknet_0_HCLK (net)
                      0.116381    0.011108    0.337791 ^ clkbuf_2_3_0_HCLK/A (sky130_fd_sc_hd__clkbuf_8)
     2    0.039123    0.060921    0.128564    0.466355 ^ clkbuf_2_3_0_HCLK/X (sky130_fd_sc_hd__clkbuf_8)
                                                         clknet_2_3_0_HCLK (net)
                      0.061123    0.002757    0.469112 ^ clkbuf_3_6__f_HCLK/A (sky130_fd_sc_hd__clkbuf_16)
     8    0.072928    0.069384    0.120378    0.589490 ^ clkbuf_3_6__f_HCLK/X (sky130_fd_sc_hd__clkbuf_16)
                                                         clknet_3_6__leaf_HCLK (net)
                      0.070258    0.006072    0.595562 ^ _209_/CLK (sky130_fd_sc_hd__dfrtp_1)
                                  0.250000    0.845562   clock uncertainty
                                  0.000000    0.845562   clock reconvergence pessimism
                                  0.240091    1.085653   library removal time
                                              1.085653   data required time
---------------------------------------------------------------------------------------------
                                              1.085653   data required time
                                             -2.451099   data arrival time
---------------------------------------------------------------------------------------------
                                              1.365446   slack (MET)


Startpoint: HRESETn (input port clocked by HCLK)
Endpoint: _195_ (removal check against rising-edge clock HCLK)
Path Group: asynchronous
Path Type: min

Fanout         Cap        Slew       Delay        Time   Description
---------------------------------------------------------------------------------------------
                                  0.000000    0.000000   clock HCLK (rise edge)
                                  0.000000    0.000000   clock network delay (propagated)
                                  2.000000    2.000000 ^ input external delay
     1    0.003025    0.014720    0.007830    2.007830 ^ HRESETn (in)
                                                         HRESETn (net)
                      0.014725    0.000000    2.007830 ^ input34/A (sky130_fd_sc_hd__buf_1)
     1    0.011183    0.102625    0.096864    2.104694 ^ input34/X (sky130_fd_sc_hd__buf_1)
                                                         net34 (net)
                      0.102628    0.000503    2.105197 ^ fanout192/A (sky130_fd_sc_hd__buf_8)
     6    0.134527    0.162201    0.147786    2.252983 ^ fanout192/X (sky130_fd_sc_hd__buf_8)
                                                         net192 (net)
                      0.176363    0.035785    2.288768 ^ fanout187/A (sky130_fd_sc_hd__buf_8)
     6    0.151222    0.185463    0.173946    2.462715 ^ fanout187/X (sky130_fd_sc_hd__buf_8)
                                                         net187 (net)
                      0.185495    0.002169    2.464884 ^ _195_/RESET_B (sky130_fd_sc_hd__dfrtp_4)
                                              2.464884   data arrival time

                                  0.000000    0.000000   clock HCLK (rise edge)
                                  0.000000    0.000000   clock source latency
     1    0.059439    0.203180    0.147358    0.147358 ^ HCLK (in)
                                                         HCLK (net)
                      0.204534    0.000000    0.147358 ^ clkbuf_0_HCLK/A (sky130_fd_sc_hd__clkbuf_16)
     5    0.134022    0.114650    0.179325    0.326684 ^ clkbuf_0_HCLK/X (sky130_fd_sc_hd__clkbuf_16)
                                                         clknet_0_HCLK (net)
                      0.116381    0.011108    0.337791 ^ clkbuf_2_3_0_HCLK/A (sky130_fd_sc_hd__clkbuf_8)
     2    0.039123    0.060921    0.128564    0.466355 ^ clkbuf_2_3_0_HCLK/X (sky130_fd_sc_hd__clkbuf_8)
                                                         clknet_2_3_0_HCLK (net)
                      0.061123    0.002757    0.469112 ^ clkbuf_3_6__f_HCLK/A (sky130_fd_sc_hd__clkbuf_16)
     8    0.072928    0.069384    0.120378    0.589490 ^ clkbuf_3_6__f_HCLK/X (sky130_fd_sc_hd__clkbuf_16)
                                                         clknet_3_6__leaf_HCLK (net)
                      0.071034    0.008390    0.597880 ^ _195_/CLK (sky130_fd_sc_hd__dfrtp_4)
                                  0.250000    0.847880   clock uncertainty
                                  0.000000    0.847880   clock reconvergence pessimism
                                  0.243418    1.091298   library removal time
                                              1.091298   data required time
---------------------------------------------------------------------------------------------
                                              1.091298   data required time
                                             -2.464884   data arrival time
---------------------------------------------------------------------------------------------
                                              1.373586   slack (MET)


Startpoint: HRESETn (input port clocked by HCLK)
Endpoint: _217_ (removal check against rising-edge clock HCLK)
Path Group: asynchronous
Path Type: min

Fanout         Cap        Slew       Delay        Time   Description
---------------------------------------------------------------------------------------------
                                  0.000000    0.000000   clock HCLK (rise edge)
                                  0.000000    0.000000   clock network delay (propagated)
                                  2.000000    2.000000 ^ input external delay
     1    0.003025    0.014720    0.007830    2.007830 ^ HRESETn (in)
                                                         HRESETn (net)
                      0.014725    0.000000    2.007830 ^ input34/A (sky130_fd_sc_hd__buf_1)
     1    0.011183    0.102625    0.096864    2.104694 ^ input34/X (sky130_fd_sc_hd__buf_1)
                                                         net34 (net)
                      0.102628    0.000503    2.105197 ^ fanout192/A (sky130_fd_sc_hd__buf_8)
     6    0.134527    0.162201    0.147786    2.252983 ^ fanout192/X (sky130_fd_sc_hd__buf_8)
                                                         net192 (net)
                      0.162362    0.004793    2.257777 ^ fanout191/A (sky130_fd_sc_hd__clkbuf_4)
     7    0.048290    0.114730    0.179314    2.437090 ^ fanout191/X (sky130_fd_sc_hd__clkbuf_4)
                                                         net191 (net)
                      0.114734    0.000841    2.437932 ^ _217_/RESET_B (sky130_fd_sc_hd__dfrtp_2)
                                              2.437932   data arrival time

                                  0.000000    0.000000   clock HCLK (rise edge)
                                  0.000000    0.000000   clock source latency
     1    0.059439    0.203180    0.147358    0.147358 ^ HCLK (in)
                                                         HCLK (net)
                      0.204534    0.000000    0.147358 ^ clkbuf_0_HCLK/A (sky130_fd_sc_hd__clkbuf_16)
     5    0.134022    0.114650    0.179325    0.326684 ^ clkbuf_0_HCLK/X (sky130_fd_sc_hd__clkbuf_16)
                                                         clknet_0_HCLK (net)
                      0.116381    0.011108    0.337791 ^ clkbuf_2_3_0_HCLK/A (sky130_fd_sc_hd__clkbuf_8)
     2    0.039123    0.060921    0.128564    0.466355 ^ clkbuf_2_3_0_HCLK/X (sky130_fd_sc_hd__clkbuf_8)
                                                         clknet_2_3_0_HCLK (net)
                      0.060961    0.001246    0.467601 ^ clkbuf_3_7__f_HCLK/A (sky130_fd_sc_hd__clkbuf_16)
     7    0.049920    0.051834    0.108724    0.576325 ^ clkbuf_3_7__f_HCLK/X (sky130_fd_sc_hd__clkbuf_16)
                                                         clknet_3_7__leaf_HCLK (net)
                      0.053627    0.007415    0.583740 ^ _217_/CLK (sky130_fd_sc_hd__dfrtp_2)
                                  0.250000    0.833740   clock uncertainty
                                  0.000000    0.833740   clock reconvergence pessimism
                                  0.221997    1.055737   library removal time
                                              1.055737   data required time
---------------------------------------------------------------------------------------------
                                              1.055737   data required time
                                             -2.437932   data arrival time
---------------------------------------------------------------------------------------------
                                              1.382195   slack (MET)


Startpoint: HRESETn (input port clocked by HCLK)
Endpoint: _216_ (removal check against rising-edge clock HCLK)
Path Group: asynchronous
Path Type: min

Fanout         Cap        Slew       Delay        Time   Description
---------------------------------------------------------------------------------------------
                                  0.000000    0.000000   clock HCLK (rise edge)
                                  0.000000    0.000000   clock network delay (propagated)
                                  2.000000    2.000000 ^ input external delay
     1    0.003025    0.014720    0.007830    2.007830 ^ HRESETn (in)
                                                         HRESETn (net)
                      0.014725    0.000000    2.007830 ^ input34/A (sky130_fd_sc_hd__buf_1)
     1    0.011183    0.102625    0.096864    2.104694 ^ input34/X (sky130_fd_sc_hd__buf_1)
                                                         net34 (net)
                      0.102628    0.000503    2.105197 ^ fanout192/A (sky130_fd_sc_hd__buf_8)
     6    0.134527    0.162201    0.147786    2.252983 ^ fanout192/X (sky130_fd_sc_hd__buf_8)
                                                         net192 (net)
                      0.162362    0.004793    2.257777 ^ fanout191/A (sky130_fd_sc_hd__clkbuf_4)
     7    0.048290    0.114730    0.179314    2.437090 ^ fanout191/X (sky130_fd_sc_hd__clkbuf_4)
                                                         net191 (net)
                      0.114739    0.001117    2.438207 ^ _216_/RESET_B (sky130_fd_sc_hd__dfrtp_2)
                                              2.438207   data arrival time

                                  0.000000    0.000000   clock HCLK (rise edge)
                                  0.000000    0.000000   clock source latency
     1    0.059439    0.203180    0.147358    0.147358 ^ HCLK (in)
                                                         HCLK (net)
                      0.204534    0.000000    0.147358 ^ clkbuf_0_HCLK/A (sky130_fd_sc_hd__clkbuf_16)
     5    0.134022    0.114650    0.179325    0.326684 ^ clkbuf_0_HCLK/X (sky130_fd_sc_hd__clkbuf_16)
                                                         clknet_0_HCLK (net)
                      0.116381    0.011108    0.337791 ^ clkbuf_2_3_0_HCLK/A (sky130_fd_sc_hd__clkbuf_8)
     2    0.039123    0.060921    0.128564    0.466355 ^ clkbuf_2_3_0_HCLK/X (sky130_fd_sc_hd__clkbuf_8)
                                                         clknet_2_3_0_HCLK (net)
                      0.060961    0.001246    0.467601 ^ clkbuf_3_7__f_HCLK/A (sky130_fd_sc_hd__clkbuf_16)
     7    0.049920    0.051834    0.108724    0.576325 ^ clkbuf_3_7__f_HCLK/X (sky130_fd_sc_hd__clkbuf_16)
                                                         clknet_3_7__leaf_HCLK (net)
                      0.053636    0.007436    0.583761 ^ _216_/CLK (sky130_fd_sc_hd__dfrtp_2)
                                  0.250000    0.833761   clock uncertainty
                                  0.000000    0.833761   clock reconvergence pessimism
                                  0.221999    1.055760   library removal time
                                              1.055760   data required time
---------------------------------------------------------------------------------------------
                                              1.055760   data required time
                                             -2.438207   data arrival time
---------------------------------------------------------------------------------------------
                                              1.382447   slack (MET)


Startpoint: HRESETn (input port clocked by HCLK)
Endpoint: _215_ (removal check against rising-edge clock HCLK)
Path Group: asynchronous
Path Type: min

Fanout         Cap        Slew       Delay        Time   Description
---------------------------------------------------------------------------------------------
                                  0.000000    0.000000   clock HCLK (rise edge)
                                  0.000000    0.000000   clock network delay (propagated)
                                  2.000000    2.000000 ^ input external delay
     1    0.003025    0.014720    0.007830    2.007830 ^ HRESETn (in)
                                                         HRESETn (net)
                      0.014725    0.000000    2.007830 ^ input34/A (sky130_fd_sc_hd__buf_1)
     1    0.011183    0.102625    0.096864    2.104694 ^ input34/X (sky130_fd_sc_hd__buf_1)
                                                         net34 (net)
                      0.102628    0.000503    2.105197 ^ fanout192/A (sky130_fd_sc_hd__buf_8)
     6    0.134527    0.162201    0.147786    2.252983 ^ fanout192/X (sky130_fd_sc_hd__buf_8)
                                                         net192 (net)
                      0.162362    0.004793    2.257777 ^ fanout191/A (sky130_fd_sc_hd__clkbuf_4)
     7    0.048290    0.114730    0.179314    2.437090 ^ fanout191/X (sky130_fd_sc_hd__clkbuf_4)
                                                         net191 (net)
                      0.114810    0.001634    2.438725 ^ _215_/RESET_B (sky130_fd_sc_hd__dfrtp_1)
                                              2.438725   data arrival time

                                  0.000000    0.000000   clock HCLK (rise edge)
                                  0.000000    0.000000   clock source latency
     1    0.059439    0.203180    0.147358    0.147358 ^ HCLK (in)
                                                         HCLK (net)
                      0.204534    0.000000    0.147358 ^ clkbuf_0_HCLK/A (sky130_fd_sc_hd__clkbuf_16)
     5    0.134022    0.114650    0.179325    0.326684 ^ clkbuf_0_HCLK/X (sky130_fd_sc_hd__clkbuf_16)
                                                         clknet_0_HCLK (net)
                      0.116381    0.011108    0.337791 ^ clkbuf_2_3_0_HCLK/A (sky130_fd_sc_hd__clkbuf_8)
     2    0.039123    0.060921    0.128564    0.466355 ^ clkbuf_2_3_0_HCLK/X (sky130_fd_sc_hd__clkbuf_8)
                                                         clknet_2_3_0_HCLK (net)
                      0.060961    0.001246    0.467601 ^ clkbuf_3_7__f_HCLK/A (sky130_fd_sc_hd__clkbuf_16)
     7    0.049920    0.051834    0.108724    0.576325 ^ clkbuf_3_7__f_HCLK/X (sky130_fd_sc_hd__clkbuf_16)
                                                         clknet_3_7__leaf_HCLK (net)
                      0.053671    0.007519    0.583844 ^ _215_/CLK (sky130_fd_sc_hd__dfrtp_1)
                                  0.250000    0.833844   clock uncertainty
                                  0.000000    0.833844   clock reconvergence pessimism
                                  0.222022    1.055866   library removal time
                                              1.055866   data required time
---------------------------------------------------------------------------------------------
                                              1.055866   data required time
                                             -2.438725   data arrival time
---------------------------------------------------------------------------------------------
                                              1.382859   slack (MET)


Startpoint: HRESETn (input port clocked by HCLK)
Endpoint: _164_ (removal check against rising-edge clock HCLK)
Path Group: asynchronous
Path Type: min

Fanout         Cap        Slew       Delay        Time   Description
---------------------------------------------------------------------------------------------
                                  0.000000    0.000000   clock HCLK (rise edge)
                                  0.000000    0.000000   clock network delay (propagated)
                                  2.000000    2.000000 ^ input external delay
     1    0.003025    0.014720    0.007830    2.007830 ^ HRESETn (in)
                                                         HRESETn (net)
                      0.014725    0.000000    2.007830 ^ input34/A (sky130_fd_sc_hd__buf_1)
     1    0.011183    0.102625    0.096864    2.104694 ^ input34/X (sky130_fd_sc_hd__buf_1)
                                                         net34 (net)
                      0.102628    0.000503    2.105197 ^ fanout192/A (sky130_fd_sc_hd__buf_8)
     6    0.134527    0.162201    0.147786    2.252983 ^ fanout192/X (sky130_fd_sc_hd__buf_8)
                                                         net192 (net)
                      0.162362    0.004793    2.257777 ^ fanout191/A (sky130_fd_sc_hd__clkbuf_4)
     7    0.048290    0.114730    0.179314    2.437090 ^ fanout191/X (sky130_fd_sc_hd__clkbuf_4)
                                                         net191 (net)
                      0.114745    0.001368    2.438459 ^ _164_/RESET_B (sky130_fd_sc_hd__dfrtp_4)
                                              2.438459   data arrival time

                                  0.000000    0.000000   clock HCLK (rise edge)
                                  0.000000    0.000000   clock source latency
     1    0.059439    0.203180    0.147358    0.147358 ^ HCLK (in)
                                                         HCLK (net)
                      0.204534    0.000000    0.147358 ^ clkbuf_0_HCLK/A (sky130_fd_sc_hd__clkbuf_16)
     5    0.134022    0.114650    0.179325    0.326684 ^ clkbuf_0_HCLK/X (sky130_fd_sc_hd__clkbuf_16)
                                                         clknet_0_HCLK (net)
                      0.116381    0.011108    0.337791 ^ clkbuf_2_3_0_HCLK/A (sky130_fd_sc_hd__clkbuf_8)
     2    0.039123    0.060921    0.128564    0.466355 ^ clkbuf_2_3_0_HCLK/X (sky130_fd_sc_hd__clkbuf_8)
                                                         clknet_2_3_0_HCLK (net)
                      0.060961    0.001246    0.467601 ^ clkbuf_3_7__f_HCLK/A (sky130_fd_sc_hd__clkbuf_16)
     7    0.049920    0.051834    0.108724    0.576325 ^ clkbuf_3_7__f_HCLK/X (sky130_fd_sc_hd__clkbuf_16)
                                                         clknet_3_7__leaf_HCLK (net)
                      0.052841    0.005323    0.581648 ^ _164_/CLK (sky130_fd_sc_hd__dfrtp_4)
                                  0.250000    0.831648   clock uncertainty
                                  0.000000    0.831648   clock reconvergence pessimism
                                  0.222768    1.054416   library removal time
                                              1.054416   data required time
---------------------------------------------------------------------------------------------
                                              1.054416   data required time
                                             -2.438459   data arrival time
---------------------------------------------------------------------------------------------
                                              1.384043   slack (MET)


Startpoint: HRESETn (input port clocked by HCLK)
Endpoint: _167_ (removal check against rising-edge clock HCLK)
Path Group: asynchronous
Path Type: min

Fanout         Cap        Slew       Delay        Time   Description
---------------------------------------------------------------------------------------------
                                  0.000000    0.000000   clock HCLK (rise edge)
                                  0.000000    0.000000   clock network delay (propagated)
                                  2.000000    2.000000 ^ input external delay
     1    0.003025    0.014720    0.007830    2.007830 ^ HRESETn (in)
                                                         HRESETn (net)
                      0.014725    0.000000    2.007830 ^ input34/A (sky130_fd_sc_hd__buf_1)
     1    0.011183    0.102625    0.096864    2.104694 ^ input34/X (sky130_fd_sc_hd__buf_1)
                                                         net34 (net)
                      0.102628    0.000503    2.105197 ^ fanout192/A (sky130_fd_sc_hd__buf_8)
     6    0.134527    0.162201    0.147786    2.252983 ^ fanout192/X (sky130_fd_sc_hd__buf_8)
                                                         net192 (net)
                      0.162362    0.004793    2.257777 ^ fanout191/A (sky130_fd_sc_hd__clkbuf_4)
     7    0.048290    0.114730    0.179314    2.437090 ^ fanout191/X (sky130_fd_sc_hd__clkbuf_4)
                                                         net191 (net)
                      0.114826    0.001982    2.439072 ^ _167_/RESET_B (sky130_fd_sc_hd__dfrtp_1)
                                              2.439072   data arrival time

                                  0.000000    0.000000   clock HCLK (rise edge)
                                  0.000000    0.000000   clock source latency
     1    0.059439    0.203180    0.147358    0.147358 ^ HCLK (in)
                                                         HCLK (net)
                      0.204534    0.000000    0.147358 ^ clkbuf_0_HCLK/A (sky130_fd_sc_hd__clkbuf_16)
     5    0.134022    0.114650    0.179325    0.326684 ^ clkbuf_0_HCLK/X (sky130_fd_sc_hd__clkbuf_16)
                                                         clknet_0_HCLK (net)
                      0.116431    0.011266    0.337950 ^ clkbuf_2_2_0_HCLK/A (sky130_fd_sc_hd__clkbuf_8)
     2    0.035419    0.056406    0.124539    0.462489 ^ clkbuf_2_2_0_HCLK/X (sky130_fd_sc_hd__clkbuf_8)
                                                         clknet_2_2_0_HCLK (net)
                      0.056729    0.003332    0.465821 ^ clkbuf_3_4__f_HCLK/A (sky130_fd_sc_hd__clkbuf_16)
    11    0.039914    0.045093    0.104073    0.569895 ^ clkbuf_3_4__f_HCLK/X (sky130_fd_sc_hd__clkbuf_16)
                                                         clknet_3_4__leaf_HCLK (net)
                      0.045131    0.001109    0.571004 ^ _167_/CLK (sky130_fd_sc_hd__dfrtp_1)
                                  0.250000    0.821004   clock uncertainty
                                  0.000000    0.821004   clock reconvergence pessimism
                                  0.220860    1.041863   library removal time
                                              1.041863   data required time
---------------------------------------------------------------------------------------------
                                              1.041863   data required time
                                             -2.439072   data arrival time
---------------------------------------------------------------------------------------------
                                              1.397209   slack (MET)


Startpoint: HRESETn (input port clocked by HCLK)
Endpoint: _193_ (removal check against rising-edge clock HCLK)
Path Group: asynchronous
Path Type: min

Fanout         Cap        Slew       Delay        Time   Description
---------------------------------------------------------------------------------------------
                                  0.000000    0.000000   clock HCLK (rise edge)
                                  0.000000    0.000000   clock network delay (propagated)
                                  2.000000    2.000000 ^ input external delay
     1    0.003025    0.014720    0.007830    2.007830 ^ HRESETn (in)
                                                         HRESETn (net)
                      0.014725    0.000000    2.007830 ^ input34/A (sky130_fd_sc_hd__buf_1)
     1    0.011183    0.102625    0.096864    2.104694 ^ input34/X (sky130_fd_sc_hd__buf_1)
                                                         net34 (net)
                      0.102628    0.000503    2.105197 ^ fanout192/A (sky130_fd_sc_hd__buf_8)
     6    0.134527    0.162201    0.147786    2.252983 ^ fanout192/X (sky130_fd_sc_hd__buf_8)
                                                         net192 (net)
                      0.162362    0.004793    2.257777 ^ fanout191/A (sky130_fd_sc_hd__clkbuf_4)
     7    0.048290    0.114730    0.179314    2.437090 ^ fanout191/X (sky130_fd_sc_hd__clkbuf_4)
                                                         net191 (net)
                      0.114837    0.002177    2.439268 ^ _193_/RESET_B (sky130_fd_sc_hd__dfrtp_1)
                                              2.439268   data arrival time

                                  0.000000    0.000000   clock HCLK (rise edge)
                                  0.000000    0.000000   clock source latency
     1    0.059439    0.203180    0.147358    0.147358 ^ HCLK (in)
                                                         HCLK (net)
                      0.204534    0.000000    0.147358 ^ clkbuf_0_HCLK/A (sky130_fd_sc_hd__clkbuf_16)
     5    0.134022    0.114650    0.179325    0.326684 ^ clkbuf_0_HCLK/X (sky130_fd_sc_hd__clkbuf_16)
                                                         clknet_0_HCLK (net)
                      0.116431    0.011266    0.337950 ^ clkbuf_2_2_0_HCLK/A (sky130_fd_sc_hd__clkbuf_8)
     2    0.035419    0.056406    0.124539    0.462489 ^ clkbuf_2_2_0_HCLK/X (sky130_fd_sc_hd__clkbuf_8)
                                                         clknet_2_2_0_HCLK (net)
                      0.056729    0.003332    0.465821 ^ clkbuf_3_4__f_HCLK/A (sky130_fd_sc_hd__clkbuf_16)
    11    0.039914    0.045093    0.104073    0.569895 ^ clkbuf_3_4__f_HCLK/X (sky130_fd_sc_hd__clkbuf_16)
                                                         clknet_3_4__leaf_HCLK (net)
                      0.045122    0.000980    0.570875 ^ _193_/CLK (sky130_fd_sc_hd__dfrtp_1)
                                  0.250000    0.820875   clock uncertainty
                                  0.000000    0.820875   clock reconvergence pessimism
                                  0.220861    1.041736   library removal time
                                              1.041736   data required time
---------------------------------------------------------------------------------------------
                                              1.041736   data required time
                                             -2.439268   data arrival time
---------------------------------------------------------------------------------------------
                                              1.397532   slack (MET)


Startpoint: HRESETn (input port clocked by HCLK)
Endpoint: _198_ (removal check against rising-edge clock HCLK)
Path Group: asynchronous
Path Type: min

Fanout         Cap        Slew       Delay        Time   Description
---------------------------------------------------------------------------------------------
                                  0.000000    0.000000   clock HCLK (rise edge)
                                  0.000000    0.000000   clock network delay (propagated)
                                  2.000000    2.000000 ^ input external delay
     1    0.003025    0.014720    0.007830    2.007830 ^ HRESETn (in)
                                                         HRESETn (net)
                      0.014725    0.000000    2.007830 ^ input34/A (sky130_fd_sc_hd__buf_1)
     1    0.011183    0.102625    0.096864    2.104694 ^ input34/X (sky130_fd_sc_hd__buf_1)
                                                         net34 (net)
                      0.102628    0.000503    2.105197 ^ fanout192/A (sky130_fd_sc_hd__buf_8)
     6    0.134527    0.162201    0.147786    2.252983 ^ fanout192/X (sky130_fd_sc_hd__buf_8)
                                                         net192 (net)
                      0.162362    0.004793    2.257777 ^ fanout191/A (sky130_fd_sc_hd__clkbuf_4)
     7    0.048290    0.114730    0.179314    2.437090 ^ fanout191/X (sky130_fd_sc_hd__clkbuf_4)
                                                         net191 (net)
                      0.114850    0.002396    2.439486 ^ _198_/RESET_B (sky130_fd_sc_hd__dfrtp_1)
                                              2.439486   data arrival time

                                  0.000000    0.000000   clock HCLK (rise edge)
                                  0.000000    0.000000   clock source latency
     1    0.059439    0.203180    0.147358    0.147358 ^ HCLK (in)
                                                         HCLK (net)
                      0.204534    0.000000    0.147358 ^ clkbuf_0_HCLK/A (sky130_fd_sc_hd__clkbuf_16)
     5    0.134022    0.114650    0.179325    0.326684 ^ clkbuf_0_HCLK/X (sky130_fd_sc_hd__clkbuf_16)
                                                         clknet_0_HCLK (net)
                      0.116431    0.011266    0.337950 ^ clkbuf_2_2_0_HCLK/A (sky130_fd_sc_hd__clkbuf_8)
     2    0.035419    0.056406    0.124539    0.462489 ^ clkbuf_2_2_0_HCLK/X (sky130_fd_sc_hd__clkbuf_8)
                                                         clknet_2_2_0_HCLK (net)
                      0.056729    0.003332    0.465821 ^ clkbuf_3_4__f_HCLK/A (sky130_fd_sc_hd__clkbuf_16)
    11    0.039914    0.045093    0.104073    0.569895 ^ clkbuf_3_4__f_HCLK/X (sky130_fd_sc_hd__clkbuf_16)
                                                         clknet_3_4__leaf_HCLK (net)
                      0.045104    0.000683    0.570578 ^ _198_/CLK (sky130_fd_sc_hd__dfrtp_1)
                                  0.250000    0.820578   clock uncertainty
                                  0.000000    0.820578   clock reconvergence pessimism
                                  0.220862    1.041440   library removal time
                                              1.041440   data required time
---------------------------------------------------------------------------------------------
                                              1.041440   data required time
                                             -2.439486   data arrival time
---------------------------------------------------------------------------------------------
                                              1.398046   slack (MET)


Startpoint: HRESETn (input port clocked by HCLK)
Endpoint: _194_ (removal check against rising-edge clock HCLK)
Path Group: asynchronous
Path Type: min

Fanout         Cap        Slew       Delay        Time   Description
---------------------------------------------------------------------------------------------
                                  0.000000    0.000000   clock HCLK (rise edge)
                                  0.000000    0.000000   clock network delay (propagated)
                                  2.000000    2.000000 ^ input external delay
     1    0.003025    0.014720    0.007830    2.007830 ^ HRESETn (in)
                                                         HRESETn (net)
                      0.014725    0.000000    2.007830 ^ input34/A (sky130_fd_sc_hd__buf_1)
     1    0.011183    0.102625    0.096864    2.104694 ^ input34/X (sky130_fd_sc_hd__buf_1)
                                                         net34 (net)
                      0.102628    0.000503    2.105197 ^ fanout192/A (sky130_fd_sc_hd__buf_8)
     6    0.134527    0.162201    0.147786    2.252983 ^ fanout192/X (sky130_fd_sc_hd__buf_8)
                                                         net192 (net)
                      0.162452    0.005918    2.258901 ^ fanout189/A (sky130_fd_sc_hd__clkbuf_4)
     8    0.051928    0.123030    0.183155    2.442057 ^ fanout189/X (sky130_fd_sc_hd__clkbuf_4)
                                                         net189 (net)
                      0.123046    0.001161    2.443218 ^ _194_/RESET_B (sky130_fd_sc_hd__dfrtp_1)
                                              2.443218   data arrival time

                                  0.000000    0.000000   clock HCLK (rise edge)
                                  0.000000    0.000000   clock source latency
     1    0.059439    0.203180    0.147358    0.147358 ^ HCLK (in)
                                                         HCLK (net)
                      0.204534    0.000000    0.147358 ^ clkbuf_0_HCLK/A (sky130_fd_sc_hd__clkbuf_16)
     5    0.134022    0.114650    0.179325    0.326684 ^ clkbuf_0_HCLK/X (sky130_fd_sc_hd__clkbuf_16)
                                                         clknet_0_HCLK (net)
                      0.116431    0.011266    0.337950 ^ clkbuf_2_2_0_HCLK/A (sky130_fd_sc_hd__clkbuf_8)
     2    0.035419    0.056406    0.124539    0.462489 ^ clkbuf_2_2_0_HCLK/X (sky130_fd_sc_hd__clkbuf_8)
                                                         clknet_2_2_0_HCLK (net)
                      0.056729    0.003332    0.465821 ^ clkbuf_3_4__f_HCLK/A (sky130_fd_sc_hd__clkbuf_16)
    11    0.039914    0.045093    0.104073    0.569895 ^ clkbuf_3_4__f_HCLK/X (sky130_fd_sc_hd__clkbuf_16)
                                                         clknet_3_4__leaf_HCLK (net)
                      0.045106    0.000724    0.570619 ^ _194_/CLK (sky130_fd_sc_hd__dfrtp_1)
                                  0.250000    0.820619   clock uncertainty
                                  0.000000    0.820619   clock reconvergence pessimism
                                  0.222992    1.043611   library removal time
                                              1.043611   data required time
---------------------------------------------------------------------------------------------
                                              1.043611   data required time
                                             -2.443218   data arrival time
---------------------------------------------------------------------------------------------
                                              1.399607   slack (MET)


Startpoint: HRESETn (input port clocked by HCLK)
Endpoint: _191_ (removal check against rising-edge clock HCLK)
Path Group: asynchronous
Path Type: min

Fanout         Cap        Slew       Delay        Time   Description
---------------------------------------------------------------------------------------------
                                  0.000000    0.000000   clock HCLK (rise edge)
                                  0.000000    0.000000   clock network delay (propagated)
                                  2.000000    2.000000 ^ input external delay
     1    0.003025    0.014720    0.007830    2.007830 ^ HRESETn (in)
                                                         HRESETn (net)
                      0.014725    0.000000    2.007830 ^ input34/A (sky130_fd_sc_hd__buf_1)
     1    0.011183    0.102625    0.096864    2.104694 ^ input34/X (sky130_fd_sc_hd__buf_1)
                                                         net34 (net)
                      0.102628    0.000503    2.105197 ^ fanout192/A (sky130_fd_sc_hd__buf_8)
     6    0.134527    0.162201    0.147786    2.252983 ^ fanout192/X (sky130_fd_sc_hd__buf_8)
                                                         net192 (net)
                      0.162452    0.005918    2.258901 ^ fanout189/A (sky130_fd_sc_hd__clkbuf_4)
     8    0.051928    0.123030    0.183155    2.442057 ^ fanout189/X (sky130_fd_sc_hd__clkbuf_4)
                                                         net189 (net)
                      0.123109    0.002575    2.444631 ^ _191_/RESET_B (sky130_fd_sc_hd__dfrtp_1)
                                              2.444631   data arrival time

                                  0.000000    0.000000   clock HCLK (rise edge)
                                  0.000000    0.000000   clock source latency
     1    0.059439    0.203180    0.147358    0.147358 ^ HCLK (in)
                                                         HCLK (net)
                      0.204534    0.000000    0.147358 ^ clkbuf_0_HCLK/A (sky130_fd_sc_hd__clkbuf_16)
     5    0.134022    0.114650    0.179325    0.326684 ^ clkbuf_0_HCLK/X (sky130_fd_sc_hd__clkbuf_16)
                                                         clknet_0_HCLK (net)
                      0.116431    0.011266    0.337950 ^ clkbuf_2_2_0_HCLK/A (sky130_fd_sc_hd__clkbuf_8)
     2    0.035419    0.056406    0.124539    0.462489 ^ clkbuf_2_2_0_HCLK/X (sky130_fd_sc_hd__clkbuf_8)
                                                         clknet_2_2_0_HCLK (net)
                      0.056729    0.003332    0.465821 ^ clkbuf_3_4__f_HCLK/A (sky130_fd_sc_hd__clkbuf_16)
    11    0.039914    0.045093    0.104073    0.569895 ^ clkbuf_3_4__f_HCLK/X (sky130_fd_sc_hd__clkbuf_16)
                                                         clknet_3_4__leaf_HCLK (net)
                      0.045132    0.001125    0.571020 ^ _191_/CLK (sky130_fd_sc_hd__dfrtp_1)
                                  0.250000    0.821019   clock uncertainty
                                  0.000000    0.821019   clock reconvergence pessimism
                                  0.223012    1.044031   library removal time
                                              1.044031   data required time
---------------------------------------------------------------------------------------------
                                              1.044031   data required time
                                             -2.444631   data arrival time
---------------------------------------------------------------------------------------------
                                              1.400600   slack (MET)


Startpoint: HRESETn (input port clocked by HCLK)
Endpoint: _183_ (removal check against rising-edge clock HCLK)
Path Group: asynchronous
Path Type: min

Fanout         Cap        Slew       Delay        Time   Description
---------------------------------------------------------------------------------------------
                                  0.000000    0.000000   clock HCLK (rise edge)
                                  0.000000    0.000000   clock network delay (propagated)
                                  2.000000    2.000000 ^ input external delay
     1    0.003025    0.014720    0.007830    2.007830 ^ HRESETn (in)
                                                         HRESETn (net)
                      0.014725    0.000000    2.007830 ^ input34/A (sky130_fd_sc_hd__buf_1)
     1    0.011183    0.102625    0.096864    2.104694 ^ input34/X (sky130_fd_sc_hd__buf_1)
                                                         net34 (net)
                      0.102628    0.000503    2.105197 ^ fanout192/A (sky130_fd_sc_hd__buf_8)
     6    0.134527    0.162201    0.147786    2.252983 ^ fanout192/X (sky130_fd_sc_hd__buf_8)
                                                         net192 (net)
                      0.162452    0.005918    2.258901 ^ fanout189/A (sky130_fd_sc_hd__clkbuf_4)
     8    0.051928    0.123030    0.183155    2.442057 ^ fanout189/X (sky130_fd_sc_hd__clkbuf_4)
                                                         net189 (net)
                      0.123176    0.003477    2.445534 ^ _183_/RESET_B (sky130_fd_sc_hd__dfrtp_1)
                                              2.445534   data arrival time

                                  0.000000    0.000000   clock HCLK (rise edge)
                                  0.000000    0.000000   clock source latency
     1    0.059439    0.203180    0.147358    0.147358 ^ HCLK (in)
                                                         HCLK (net)
                      0.204534    0.000000    0.147358 ^ clkbuf_0_HCLK/A (sky130_fd_sc_hd__clkbuf_16)
     5    0.134022    0.114650    0.179325    0.326684 ^ clkbuf_0_HCLK/X (sky130_fd_sc_hd__clkbuf_16)
                                                         clknet_0_HCLK (net)
                      0.116431    0.011266    0.337950 ^ clkbuf_2_2_0_HCLK/A (sky130_fd_sc_hd__clkbuf_8)
     2    0.035419    0.056406    0.124539    0.462489 ^ clkbuf_2_2_0_HCLK/X (sky130_fd_sc_hd__clkbuf_8)
                                                         clknet_2_2_0_HCLK (net)
                      0.056832    0.003837    0.466326 ^ clkbuf_3_5__f_HCLK/A (sky130_fd_sc_hd__clkbuf_16)
    11    0.035096    0.041718    0.101215    0.567541 ^ clkbuf_3_5__f_HCLK/X (sky130_fd_sc_hd__clkbuf_16)
                                                         clknet_3_5__leaf_HCLK (net)
                      0.041749    0.001185    0.568726 ^ _183_/CLK (sky130_fd_sc_hd__dfrtp_1)
                                  0.250000    0.818726   clock uncertainty
                                  0.000000    0.818726   clock reconvergence pessimism
                                  0.222567    1.041294   library removal time
                                              1.041294   data required time
---------------------------------------------------------------------------------------------
                                              1.041294   data required time
                                             -2.445534   data arrival time
---------------------------------------------------------------------------------------------
                                              1.404240   slack (MET)


Startpoint: HRESETn (input port clocked by HCLK)
Endpoint: _196_ (removal check against rising-edge clock HCLK)
Path Group: asynchronous
Path Type: min

Fanout         Cap        Slew       Delay        Time   Description
---------------------------------------------------------------------------------------------
                                  0.000000    0.000000   clock HCLK (rise edge)
                                  0.000000    0.000000   clock network delay (propagated)
                                  2.000000    2.000000 ^ input external delay
     1    0.003025    0.014720    0.007830    2.007830 ^ HRESETn (in)
                                                         HRESETn (net)
                      0.014725    0.000000    2.007830 ^ input34/A (sky130_fd_sc_hd__buf_1)
     1    0.011183    0.102625    0.096864    2.104694 ^ input34/X (sky130_fd_sc_hd__buf_1)
                                                         net34 (net)
                      0.102628    0.000503    2.105197 ^ fanout192/A (sky130_fd_sc_hd__buf_8)
     6    0.134527    0.162201    0.147786    2.252983 ^ fanout192/X (sky130_fd_sc_hd__buf_8)
                                                         net192 (net)
                      0.162452    0.005918    2.258901 ^ fanout189/A (sky130_fd_sc_hd__clkbuf_4)
     8    0.051928    0.123030    0.183155    2.442057 ^ fanout189/X (sky130_fd_sc_hd__clkbuf_4)
                                                         net189 (net)
                      0.123392    0.005408    2.447465 ^ _196_/RESET_B (sky130_fd_sc_hd__dfrtp_1)
                                              2.447465   data arrival time

                                  0.000000    0.000000   clock HCLK (rise edge)
                                  0.000000    0.000000   clock source latency
     1    0.059439    0.203180    0.147358    0.147358 ^ HCLK (in)
                                                         HCLK (net)
                      0.204534    0.000000    0.147358 ^ clkbuf_0_HCLK/A (sky130_fd_sc_hd__clkbuf_16)
     5    0.134022    0.114650    0.179325    0.326684 ^ clkbuf_0_HCLK/X (sky130_fd_sc_hd__clkbuf_16)
                                                         clknet_0_HCLK (net)
                      0.116431    0.011266    0.337950 ^ clkbuf_2_2_0_HCLK/A (sky130_fd_sc_hd__clkbuf_8)
     2    0.035419    0.056406    0.124539    0.462489 ^ clkbuf_2_2_0_HCLK/X (sky130_fd_sc_hd__clkbuf_8)
                                                         clknet_2_2_0_HCLK (net)
                      0.056832    0.003837    0.466326 ^ clkbuf_3_5__f_HCLK/A (sky130_fd_sc_hd__clkbuf_16)
    11    0.035096    0.041718    0.101215    0.567541 ^ clkbuf_3_5__f_HCLK/X (sky130_fd_sc_hd__clkbuf_16)
                                                         clknet_3_5__leaf_HCLK (net)
                      0.041886    0.001899    0.569440 ^ _196_/CLK (sky130_fd_sc_hd__dfrtp_1)
                                  0.250000    0.819440   clock uncertainty
                                  0.000000    0.819440   clock reconvergence pessimism
                                  0.222642    1.042083   library removal time
                                              1.042083   data required time
---------------------------------------------------------------------------------------------
                                              1.042083   data required time
                                             -2.447465   data arrival time
---------------------------------------------------------------------------------------------
                                              1.405382   slack (MET)


Startpoint: HRESETn (input port clocked by HCLK)
Endpoint: _152_ (removal check against rising-edge clock HCLK)
Path Group: asynchronous
Path Type: min

Fanout         Cap        Slew       Delay        Time   Description
---------------------------------------------------------------------------------------------
                                  0.000000    0.000000   clock HCLK (rise edge)
                                  0.000000    0.000000   clock network delay (propagated)
                                  2.000000    2.000000 ^ input external delay
     1    0.003025    0.014720    0.007830    2.007830 ^ HRESETn (in)
                                                         HRESETn (net)
                      0.014725    0.000000    2.007830 ^ input34/A (sky130_fd_sc_hd__buf_1)
     1    0.011183    0.102625    0.096864    2.104694 ^ input34/X (sky130_fd_sc_hd__buf_1)
                                                         net34 (net)
                      0.102628    0.000503    2.105197 ^ fanout192/A (sky130_fd_sc_hd__buf_8)
     6    0.134527    0.162201    0.147786    2.252983 ^ fanout192/X (sky130_fd_sc_hd__buf_8)
                                                         net192 (net)
                      0.162452    0.005918    2.258901 ^ fanout189/A (sky130_fd_sc_hd__clkbuf_4)
     8    0.051928    0.123030    0.183155    2.442057 ^ fanout189/X (sky130_fd_sc_hd__clkbuf_4)
                                                         net189 (net)
                      0.123438    0.005732    2.447788 ^ _152_/RESET_B (sky130_fd_sc_hd__dfrtp_1)
                                              2.447788   data arrival time

                                  0.000000    0.000000   clock HCLK (rise edge)
                                  0.000000    0.000000   clock source latency
     1    0.059439    0.203180    0.147358    0.147358 ^ HCLK (in)
                                                         HCLK (net)
                      0.204534    0.000000    0.147358 ^ clkbuf_0_HCLK/A (sky130_fd_sc_hd__clkbuf_16)
     5    0.134022    0.114650    0.179325    0.326684 ^ clkbuf_0_HCLK/X (sky130_fd_sc_hd__clkbuf_16)
                                                         clknet_0_HCLK (net)
                      0.116431    0.011266    0.337950 ^ clkbuf_2_2_0_HCLK/A (sky130_fd_sc_hd__clkbuf_8)
     2    0.035419    0.056406    0.124539    0.462489 ^ clkbuf_2_2_0_HCLK/X (sky130_fd_sc_hd__clkbuf_8)
                                                         clknet_2_2_0_HCLK (net)
                      0.056832    0.003837    0.466326 ^ clkbuf_3_5__f_HCLK/A (sky130_fd_sc_hd__clkbuf_16)
    11    0.035096    0.041718    0.101215    0.567541 ^ clkbuf_3_5__f_HCLK/X (sky130_fd_sc_hd__clkbuf_16)
                                                         clknet_3_5__leaf_HCLK (net)
                      0.041901    0.002027    0.569568 ^ _152_/CLK (sky130_fd_sc_hd__dfrtp_1)
                                  0.250000    0.819568   clock uncertainty
                                  0.000000    0.819568   clock reconvergence pessimism
                                  0.222656    1.042225   library removal time
                                              1.042225   data required time
---------------------------------------------------------------------------------------------
                                              1.042225   data required time
                                             -2.447788   data arrival time
---------------------------------------------------------------------------------------------
                                              1.405564   slack (MET)


Startpoint: HRESETn (input port clocked by HCLK)
Endpoint: _169_ (removal check against rising-edge clock HCLK)
Path Group: asynchronous
Path Type: min

Fanout         Cap        Slew       Delay        Time   Description
---------------------------------------------------------------------------------------------
                                  0.000000    0.000000   clock HCLK (rise edge)
                                  0.000000    0.000000   clock network delay (propagated)
                                  2.000000    2.000000 ^ input external delay
     1    0.003025    0.014720    0.007830    2.007830 ^ HRESETn (in)
                                                         HRESETn (net)
                      0.014725    0.000000    2.007830 ^ input34/A (sky130_fd_sc_hd__buf_1)
     1    0.011183    0.102625    0.096864    2.104694 ^ input34/X (sky130_fd_sc_hd__buf_1)
                                                         net34 (net)
                      0.102628    0.000503    2.105197 ^ fanout192/A (sky130_fd_sc_hd__buf_8)
     6    0.134527    0.162201    0.147786    2.252983 ^ fanout192/X (sky130_fd_sc_hd__buf_8)
                                                         net192 (net)
                      0.162452    0.005918    2.258901 ^ fanout189/A (sky130_fd_sc_hd__clkbuf_4)
     8    0.051928    0.123030    0.183155    2.442057 ^ fanout189/X (sky130_fd_sc_hd__clkbuf_4)
                                                         net189 (net)
                      0.123455    0.005850    2.447907 ^ _169_/RESET_B (sky130_fd_sc_hd__dfrtp_1)
                                              2.447907   data arrival time

                                  0.000000    0.000000   clock HCLK (rise edge)
                                  0.000000    0.000000   clock source latency
     1    0.059439    0.203180    0.147358    0.147358 ^ HCLK (in)
                                                         HCLK (net)
                      0.204534    0.000000    0.147358 ^ clkbuf_0_HCLK/A (sky130_fd_sc_hd__clkbuf_16)
     5    0.134022    0.114650    0.179325    0.326684 ^ clkbuf_0_HCLK/X (sky130_fd_sc_hd__clkbuf_16)
                                                         clknet_0_HCLK (net)
                      0.116431    0.011266    0.337950 ^ clkbuf_2_2_0_HCLK/A (sky130_fd_sc_hd__clkbuf_8)
     2    0.035419    0.056406    0.124539    0.462489 ^ clkbuf_2_2_0_HCLK/X (sky130_fd_sc_hd__clkbuf_8)
                                                         clknet_2_2_0_HCLK (net)
                      0.056832    0.003837    0.466326 ^ clkbuf_3_5__f_HCLK/A (sky130_fd_sc_hd__clkbuf_16)
    11    0.035096    0.041718    0.101215    0.567541 ^ clkbuf_3_5__f_HCLK/X (sky130_fd_sc_hd__clkbuf_16)
                                                         clknet_3_5__leaf_HCLK (net)
                      0.041911    0.002111    0.569652 ^ _169_/CLK (sky130_fd_sc_hd__dfrtp_1)
                                  0.250000    0.819652   clock uncertainty
                                  0.000000    0.819652   clock reconvergence pessimism
                                  0.222662    1.042314   library removal time
                                              1.042314   data required time
---------------------------------------------------------------------------------------------
                                              1.042314   data required time
                                             -2.447907   data arrival time
---------------------------------------------------------------------------------------------
                                              1.405593   slack (MET)


Startpoint: HRESETn (input port clocked by HCLK)
Endpoint: _186_ (removal check against rising-edge clock HCLK)
Path Group: asynchronous
Path Type: min

Fanout         Cap        Slew       Delay        Time   Description
---------------------------------------------------------------------------------------------
                                  0.000000    0.000000   clock HCLK (rise edge)
                                  0.000000    0.000000   clock network delay (propagated)
                                  2.000000    2.000000 ^ input external delay
     1    0.003025    0.014720    0.007830    2.007830 ^ HRESETn (in)
                                                         HRESETn (net)
                      0.014725    0.000000    2.007830 ^ input34/A (sky130_fd_sc_hd__buf_1)
     1    0.011183    0.102625    0.096864    2.104694 ^ input34/X (sky130_fd_sc_hd__buf_1)
                                                         net34 (net)
                      0.102628    0.000503    2.105197 ^ fanout192/A (sky130_fd_sc_hd__buf_8)
     6    0.134527    0.162201    0.147786    2.252983 ^ fanout192/X (sky130_fd_sc_hd__buf_8)
                                                         net192 (net)
                      0.162452    0.005918    2.258901 ^ fanout189/A (sky130_fd_sc_hd__clkbuf_4)
     8    0.051928    0.123030    0.183155    2.442057 ^ fanout189/X (sky130_fd_sc_hd__clkbuf_4)
                                                         net189 (net)
                      0.123451    0.005818    2.447875 ^ _186_/RESET_B (sky130_fd_sc_hd__dfrtp_1)
                                              2.447875   data arrival time

                                  0.000000    0.000000   clock HCLK (rise edge)
                                  0.000000    0.000000   clock source latency
     1    0.059439    0.203180    0.147358    0.147358 ^ HCLK (in)
                                                         HCLK (net)
                      0.204534    0.000000    0.147358 ^ clkbuf_0_HCLK/A (sky130_fd_sc_hd__clkbuf_16)
     5    0.134022    0.114650    0.179325    0.326684 ^ clkbuf_0_HCLK/X (sky130_fd_sc_hd__clkbuf_16)
                                                         clknet_0_HCLK (net)
                      0.116431    0.011266    0.337950 ^ clkbuf_2_2_0_HCLK/A (sky130_fd_sc_hd__clkbuf_8)
     2    0.035419    0.056406    0.124539    0.462489 ^ clkbuf_2_2_0_HCLK/X (sky130_fd_sc_hd__clkbuf_8)
                                                         clknet_2_2_0_HCLK (net)
                      0.056832    0.003837    0.466326 ^ clkbuf_3_5__f_HCLK/A (sky130_fd_sc_hd__clkbuf_16)
    11    0.035096    0.041718    0.101215    0.567541 ^ clkbuf_3_5__f_HCLK/X (sky130_fd_sc_hd__clkbuf_16)
                                                         clknet_3_5__leaf_HCLK (net)
                      0.041908    0.002081    0.569622 ^ _186_/CLK (sky130_fd_sc_hd__dfrtp_1)
                                  0.250000    0.819622   clock uncertainty
                                  0.000000    0.819622   clock reconvergence pessimism
                                  0.222660    1.042283   library removal time
                                              1.042283   data required time
---------------------------------------------------------------------------------------------
                                              1.042283   data required time
                                             -2.447875   data arrival time
---------------------------------------------------------------------------------------------
                                              1.405592   slack (MET)


Startpoint: HRESETn (input port clocked by HCLK)
Endpoint: _184_ (removal check against rising-edge clock HCLK)
Path Group: asynchronous
Path Type: min

Fanout         Cap        Slew       Delay        Time   Description
---------------------------------------------------------------------------------------------
                                  0.000000    0.000000   clock HCLK (rise edge)
                                  0.000000    0.000000   clock network delay (propagated)
                                  2.000000    2.000000 ^ input external delay
     1    0.003025    0.014720    0.007830    2.007830 ^ HRESETn (in)
                                                         HRESETn (net)
                      0.014725    0.000000    2.007830 ^ input34/A (sky130_fd_sc_hd__buf_1)
     1    0.011183    0.102625    0.096864    2.104694 ^ input34/X (sky130_fd_sc_hd__buf_1)
                                                         net34 (net)
                      0.102628    0.000503    2.105197 ^ fanout192/A (sky130_fd_sc_hd__buf_8)
     6    0.134527    0.162201    0.147786    2.252983 ^ fanout192/X (sky130_fd_sc_hd__buf_8)
                                                         net192 (net)
                      0.176363    0.035785    2.288768 ^ fanout187/A (sky130_fd_sc_hd__buf_8)
     6    0.151222    0.185463    0.173946    2.462715 ^ fanout187/X (sky130_fd_sc_hd__buf_8)
                                                         net187 (net)
                      0.188589    0.019329    2.482044 ^ _184_/RESET_B (sky130_fd_sc_hd__dfrtp_1)
                                              2.482044   data arrival time

                                  0.000000    0.000000   clock HCLK (rise edge)
                                  0.000000    0.000000   clock source latency
     1    0.059439    0.203180    0.147358    0.147358 ^ HCLK (in)
                                                         HCLK (net)
                      0.204534    0.000000    0.147358 ^ clkbuf_0_HCLK/A (sky130_fd_sc_hd__clkbuf_16)
     5    0.134022    0.114650    0.179325    0.326684 ^ clkbuf_0_HCLK/X (sky130_fd_sc_hd__clkbuf_16)
                                                         clknet_0_HCLK (net)
                      0.117120    0.013264    0.339947 ^ clkbuf_2_1_0_HCLK/A (sky130_fd_sc_hd__clkbuf_8)
     2    0.036936    0.058213    0.125711    0.465659 ^ clkbuf_2_1_0_HCLK/X (sky130_fd_sc_hd__clkbuf_8)
                                                         clknet_2_1_0_HCLK (net)
                      0.058761    0.004422    0.470081 ^ clkbuf_3_2__f_HCLK/A (sky130_fd_sc_hd__clkbuf_16)
    10    0.036695    0.042800    0.102531    0.572612 ^ clkbuf_3_2__f_HCLK/X (sky130_fd_sc_hd__clkbuf_16)
                                                         clknet_3_2__leaf_HCLK (net)
                      0.043011    0.001877    0.574488 ^ _184_/CLK (sky130_fd_sc_hd__dfrtp_1)
                                  0.250000    0.824488   clock uncertainty
                                  0.000000    0.824488   clock reconvergence pessimism
                                  0.239737    1.064225   library removal time
                                              1.064225   data required time
---------------------------------------------------------------------------------------------
                                              1.064225   data required time
                                             -2.482044   data arrival time
---------------------------------------------------------------------------------------------
                                              1.417819   slack (MET)


Startpoint: HRESETn (input port clocked by HCLK)
Endpoint: _182_ (removal check against rising-edge clock HCLK)
Path Group: asynchronous
Path Type: min

Fanout         Cap        Slew       Delay        Time   Description
---------------------------------------------------------------------------------------------
                                  0.000000    0.000000   clock HCLK (rise edge)
                                  0.000000    0.000000   clock network delay (propagated)
                                  2.000000    2.000000 ^ input external delay
     1    0.003025    0.014720    0.007830    2.007830 ^ HRESETn (in)
                                                         HRESETn (net)
                      0.014725    0.000000    2.007830 ^ input34/A (sky130_fd_sc_hd__buf_1)
     1    0.011183    0.102625    0.096864    2.104694 ^ input34/X (sky130_fd_sc_hd__buf_1)
                                                         net34 (net)
                      0.102628    0.000503    2.105197 ^ fanout192/A (sky130_fd_sc_hd__buf_8)
     6    0.134527    0.162201    0.147786    2.252983 ^ fanout192/X (sky130_fd_sc_hd__buf_8)
                                                         net192 (net)
                      0.176363    0.035785    2.288768 ^ fanout187/A (sky130_fd_sc_hd__buf_8)
     6    0.151222    0.185463    0.173946    2.462715 ^ fanout187/X (sky130_fd_sc_hd__buf_8)
                                                         net187 (net)
                      0.188784    0.019875    2.482589 ^ _182_/RESET_B (sky130_fd_sc_hd__dfrtp_1)
                                              2.482589   data arrival time

                                  0.000000    0.000000   clock HCLK (rise edge)
                                  0.000000    0.000000   clock source latency
     1    0.059439    0.203180    0.147358    0.147358 ^ HCLK (in)
                                                         HCLK (net)
                      0.204534    0.000000    0.147358 ^ clkbuf_0_HCLK/A (sky130_fd_sc_hd__clkbuf_16)
     5    0.134022    0.114650    0.179325    0.326684 ^ clkbuf_0_HCLK/X (sky130_fd_sc_hd__clkbuf_16)
                                                         clknet_0_HCLK (net)
                      0.117120    0.013264    0.339947 ^ clkbuf_2_1_0_HCLK/A (sky130_fd_sc_hd__clkbuf_8)
     2    0.036936    0.058213    0.125711    0.465659 ^ clkbuf_2_1_0_HCLK/X (sky130_fd_sc_hd__clkbuf_8)
                                                         clknet_2_1_0_HCLK (net)
                      0.058761    0.004422    0.470081 ^ clkbuf_3_2__f_HCLK/A (sky130_fd_sc_hd__clkbuf_16)
    10    0.036695    0.042800    0.102531    0.572612 ^ clkbuf_3_2__f_HCLK/X (sky130_fd_sc_hd__clkbuf_16)
                                                         clknet_3_2__leaf_HCLK (net)
                      0.043070    0.002322    0.574934 ^ _182_/CLK (sky130_fd_sc_hd__dfrtp_1)
                                  0.250000    0.824934   clock uncertainty
                                  0.000000    0.824934   clock reconvergence pessimism
                                  0.239796    1.064730   library removal time
                                              1.064730   data required time
---------------------------------------------------------------------------------------------
                                              1.064730   data required time
                                             -2.482589   data arrival time
---------------------------------------------------------------------------------------------
                                              1.417860   slack (MET)


Startpoint: HRESETn (input port clocked by HCLK)
Endpoint: _174_ (removal check against rising-edge clock HCLK)
Path Group: asynchronous
Path Type: min

Fanout         Cap        Slew       Delay        Time   Description
---------------------------------------------------------------------------------------------
                                  0.000000    0.000000   clock HCLK (rise edge)
                                  0.000000    0.000000   clock network delay (propagated)
                                  2.000000    2.000000 ^ input external delay
     1    0.003025    0.014720    0.007830    2.007830 ^ HRESETn (in)
                                                         HRESETn (net)
                      0.014725    0.000000    2.007830 ^ input34/A (sky130_fd_sc_hd__buf_1)
     1    0.011183    0.102625    0.096864    2.104694 ^ input34/X (sky130_fd_sc_hd__buf_1)
                                                         net34 (net)
                      0.102628    0.000503    2.105197 ^ fanout192/A (sky130_fd_sc_hd__buf_8)
     6    0.134527    0.162201    0.147786    2.252983 ^ fanout192/X (sky130_fd_sc_hd__buf_8)
                                                         net192 (net)
                      0.176363    0.035785    2.288768 ^ fanout187/A (sky130_fd_sc_hd__buf_8)
     6    0.151222    0.185463    0.173946    2.462715 ^ fanout187/X (sky130_fd_sc_hd__buf_8)
                                                         net187 (net)
                      0.195771    0.034041    2.496756 ^ fanout185/A (sky130_fd_sc_hd__buf_8)
    11    0.136028    0.166400    0.160778    2.657534 ^ fanout185/X (sky130_fd_sc_hd__buf_8)
                                                         net185 (net)
                      0.167456    0.011056    2.668590 ^ _174_/RESET_B (sky130_fd_sc_hd__dfrtp_1)
                                              2.668590   data arrival time

                                  0.000000    0.000000   clock HCLK (rise edge)
                                  0.000000    0.000000   clock source latency
     1    0.059439    0.203180    0.147358    0.147358 ^ HCLK (in)
                                                         HCLK (net)
                      0.204534    0.000000    0.147358 ^ clkbuf_0_HCLK/A (sky130_fd_sc_hd__clkbuf_16)
     5    0.134022    0.114650    0.179325    0.326684 ^ clkbuf_0_HCLK/X (sky130_fd_sc_hd__clkbuf_16)
                                                         clknet_0_HCLK (net)
                      0.116959    0.012824    0.339507 ^ clkbuf_2_0_0_HCLK/A (sky130_fd_sc_hd__clkbuf_8)
     2    0.040129    0.062153    0.129216    0.468723 ^ clkbuf_2_0_0_HCLK/X (sky130_fd_sc_hd__clkbuf_8)
                                                         clknet_2_0_0_HCLK (net)
                      0.062259    0.002040    0.470762 ^ clkbuf_3_0__f_HCLK/A (sky130_fd_sc_hd__clkbuf_16)
     8    0.097836    0.087373    0.134038    0.604801 ^ clkbuf_3_0__f_HCLK/X (sky130_fd_sc_hd__clkbuf_16)
                                                         clknet_3_0__leaf_HCLK (net)
                      0.088572    0.008106    0.612906 ^ _174_/CLK (sky130_fd_sc_hd__dfrtp_1)
                                  0.250000    0.862906   clock uncertainty
                                  0.000000    0.862906   clock reconvergence pessimism
                                  0.240435    1.103341   library removal time
                                              1.103341   data required time
---------------------------------------------------------------------------------------------
                                              1.103341   data required time
                                             -2.668590   data arrival time
---------------------------------------------------------------------------------------------
                                              1.565249   slack (MET)


Startpoint: HRESETn (input port clocked by HCLK)
Endpoint: _203_ (removal check against rising-edge clock HCLK)
Path Group: asynchronous
Path Type: min

Fanout         Cap        Slew       Delay        Time   Description
---------------------------------------------------------------------------------------------
                                  0.000000    0.000000   clock HCLK (rise edge)
                                  0.000000    0.000000   clock network delay (propagated)
                                  2.000000    2.000000 ^ input external delay
     1    0.003025    0.014720    0.007830    2.007830 ^ HRESETn (in)
                                                         HRESETn (net)
                      0.014725    0.000000    2.007830 ^ input34/A (sky130_fd_sc_hd__buf_1)
     1    0.011183    0.102625    0.096864    2.104694 ^ input34/X (sky130_fd_sc_hd__buf_1)
                                                         net34 (net)
                      0.102628    0.000503    2.105197 ^ fanout192/A (sky130_fd_sc_hd__buf_8)
     6    0.134527    0.162201    0.147786    2.252983 ^ fanout192/X (sky130_fd_sc_hd__buf_8)
                                                         net192 (net)
                      0.176363    0.035785    2.288768 ^ fanout187/A (sky130_fd_sc_hd__buf_8)
     6    0.151222    0.185463    0.173946    2.462715 ^ fanout187/X (sky130_fd_sc_hd__buf_8)
                                                         net187 (net)
                      0.195771    0.034041    2.496756 ^ fanout185/A (sky130_fd_sc_hd__buf_8)
    11    0.136028    0.166400    0.160778    2.657534 ^ fanout185/X (sky130_fd_sc_hd__buf_8)
                                                         net185 (net)
                      0.167565    0.011557    2.669091 ^ _203_/RESET_B (sky130_fd_sc_hd__dfrtp_1)
                                              2.669091   data arrival time

                                  0.000000    0.000000   clock HCLK (rise edge)
                                  0.000000    0.000000   clock source latency
     1    0.059439    0.203180    0.147358    0.147358 ^ HCLK (in)
                                                         HCLK (net)
                      0.204534    0.000000    0.147358 ^ clkbuf_0_HCLK/A (sky130_fd_sc_hd__clkbuf_16)
     5    0.134022    0.114650    0.179325    0.326684 ^ clkbuf_0_HCLK/X (sky130_fd_sc_hd__clkbuf_16)
                                                         clknet_0_HCLK (net)
                      0.116959    0.012824    0.339507 ^ clkbuf_2_0_0_HCLK/A (sky130_fd_sc_hd__clkbuf_8)
     2    0.040129    0.062153    0.129216    0.468723 ^ clkbuf_2_0_0_HCLK/X (sky130_fd_sc_hd__clkbuf_8)
                                                         clknet_2_0_0_HCLK (net)
                      0.062259    0.002040    0.470762 ^ clkbuf_3_0__f_HCLK/A (sky130_fd_sc_hd__clkbuf_16)
     8    0.097836    0.087373    0.134038    0.604801 ^ clkbuf_3_0__f_HCLK/X (sky130_fd_sc_hd__clkbuf_16)
                                                         clknet_3_0__leaf_HCLK (net)
                      0.088578    0.008123    0.612924 ^ _203_/CLK (sky130_fd_sc_hd__dfrtp_1)
                                  0.250000    0.862924   clock uncertainty
                                  0.000000    0.862924   clock reconvergence pessimism
                                  0.240464    1.103387   library removal time
                                              1.103387   data required time
---------------------------------------------------------------------------------------------
                                              1.103387   data required time
                                             -2.669091   data arrival time
---------------------------------------------------------------------------------------------
                                              1.565703   slack (MET)


Startpoint: HRESETn (input port clocked by HCLK)
Endpoint: _155_ (removal check against rising-edge clock HCLK)
Path Group: asynchronous
Path Type: min

Fanout         Cap        Slew       Delay        Time   Description
---------------------------------------------------------------------------------------------
                                  0.000000    0.000000   clock HCLK (rise edge)
                                  0.000000    0.000000   clock network delay (propagated)
                                  2.000000    2.000000 ^ input external delay
     1    0.003025    0.014720    0.007830    2.007830 ^ HRESETn (in)
                                                         HRESETn (net)
                      0.014725    0.000000    2.007830 ^ input34/A (sky130_fd_sc_hd__buf_1)
     1    0.011183    0.102625    0.096864    2.104694 ^ input34/X (sky130_fd_sc_hd__buf_1)
                                                         net34 (net)
                      0.102628    0.000503    2.105197 ^ fanout192/A (sky130_fd_sc_hd__buf_8)
     6    0.134527    0.162201    0.147786    2.252983 ^ fanout192/X (sky130_fd_sc_hd__buf_8)
                                                         net192 (net)
                      0.162452    0.005918    2.258901 ^ fanout189/A (sky130_fd_sc_hd__clkbuf_4)
     8    0.051928    0.123030    0.183155    2.442057 ^ fanout189/X (sky130_fd_sc_hd__clkbuf_4)
                                                         net189 (net)
                      0.123043    0.001033    2.443089 ^ fanout188/A (sky130_fd_sc_hd__clkbuf_4)
    10    0.051495    0.121111    0.176882    2.619971 ^ fanout188/X (sky130_fd_sc_hd__clkbuf_4)
                                                         net188 (net)
                      0.121114    0.000521    2.620492 ^ _155_/RESET_B (sky130_fd_sc_hd__dfrtp_1)
                                              2.620492   data arrival time

                                  0.000000    0.000000   clock HCLK (rise edge)
                                  0.000000    0.000000   clock source latency
     1    0.059439    0.203180    0.147358    0.147358 ^ HCLK (in)
                                                         HCLK (net)
                      0.204534    0.000000    0.147358 ^ clkbuf_0_HCLK/A (sky130_fd_sc_hd__clkbuf_16)
     5    0.134022    0.114650    0.179325    0.326684 ^ clkbuf_0_HCLK/X (sky130_fd_sc_hd__clkbuf_16)
                                                         clknet_0_HCLK (net)
                      0.116431    0.011266    0.337950 ^ clkbuf_2_2_0_HCLK/A (sky130_fd_sc_hd__clkbuf_8)
     2    0.035419    0.056406    0.124539    0.462489 ^ clkbuf_2_2_0_HCLK/X (sky130_fd_sc_hd__clkbuf_8)
                                                         clknet_2_2_0_HCLK (net)
                      0.056729    0.003332    0.465821 ^ clkbuf_3_4__f_HCLK/A (sky130_fd_sc_hd__clkbuf_16)
    11    0.039914    0.045093    0.104073    0.569895 ^ clkbuf_3_4__f_HCLK/X (sky130_fd_sc_hd__clkbuf_16)
                                                         clknet_3_4__leaf_HCLK (net)
                      0.045101    0.000637    0.570532 ^ _155_/CLK (sky130_fd_sc_hd__dfrtp_1)
                                  0.250000    0.820532   clock uncertainty
                                  0.000000    0.820532   clock reconvergence pessimism
                                  0.222489    1.043022   library removal time
                                              1.043022   data required time
---------------------------------------------------------------------------------------------
                                              1.043022   data required time
                                             -2.620492   data arrival time
---------------------------------------------------------------------------------------------
                                              1.577470   slack (MET)


Startpoint: HRESETn (input port clocked by HCLK)
Endpoint: _176_ (removal check against rising-edge clock HCLK)
Path Group: asynchronous
Path Type: min

Fanout         Cap        Slew       Delay        Time   Description
---------------------------------------------------------------------------------------------
                                  0.000000    0.000000   clock HCLK (rise edge)
                                  0.000000    0.000000   clock network delay (propagated)
                                  2.000000    2.000000 ^ input external delay
     1    0.003025    0.014720    0.007830    2.007830 ^ HRESETn (in)
                                                         HRESETn (net)
                      0.014725    0.000000    2.007830 ^ input34/A (sky130_fd_sc_hd__buf_1)
     1    0.011183    0.102625    0.096864    2.104694 ^ input34/X (sky130_fd_sc_hd__buf_1)
                                                         net34 (net)
                      0.102628    0.000503    2.105197 ^ fanout192/A (sky130_fd_sc_hd__buf_8)
     6    0.134527    0.162201    0.147786    2.252983 ^ fanout192/X (sky130_fd_sc_hd__buf_8)
                                                         net192 (net)
                      0.162452    0.005918    2.258901 ^ fanout189/A (sky130_fd_sc_hd__clkbuf_4)
     8    0.051928    0.123030    0.183155    2.442057 ^ fanout189/X (sky130_fd_sc_hd__clkbuf_4)
                                                         net189 (net)
                      0.123043    0.001033    2.443089 ^ fanout188/A (sky130_fd_sc_hd__clkbuf_4)
    10    0.051495    0.121111    0.176882    2.619971 ^ fanout188/X (sky130_fd_sc_hd__clkbuf_4)
                                                         net188 (net)
                      0.121135    0.001426    2.621397 ^ _176_/RESET_B (sky130_fd_sc_hd__dfrtp_1)
                                              2.621397   data arrival time

                                  0.000000    0.000000   clock HCLK (rise edge)
                                  0.000000    0.000000   clock source latency
     1    0.059439    0.203180    0.147358    0.147358 ^ HCLK (in)
                                                         HCLK (net)
                      0.204534    0.000000    0.147358 ^ clkbuf_0_HCLK/A (sky130_fd_sc_hd__clkbuf_16)
     5    0.134022    0.114650    0.179325    0.326684 ^ clkbuf_0_HCLK/X (sky130_fd_sc_hd__clkbuf_16)
                                                         clknet_0_HCLK (net)
                      0.116431    0.011266    0.337950 ^ clkbuf_2_2_0_HCLK/A (sky130_fd_sc_hd__clkbuf_8)
     2    0.035419    0.056406    0.124539    0.462489 ^ clkbuf_2_2_0_HCLK/X (sky130_fd_sc_hd__clkbuf_8)
                                                         clknet_2_2_0_HCLK (net)
                      0.056729    0.003332    0.465821 ^ clkbuf_3_4__f_HCLK/A (sky130_fd_sc_hd__clkbuf_16)
    11    0.039914    0.045093    0.104073    0.569895 ^ clkbuf_3_4__f_HCLK/X (sky130_fd_sc_hd__clkbuf_16)
                                                         clknet_3_4__leaf_HCLK (net)
                      0.045114    0.000865    0.570760 ^ _176_/CLK (sky130_fd_sc_hd__dfrtp_1)
                                  0.250000    0.820760   clock uncertainty
                                  0.000000    0.820760   clock reconvergence pessimism
                                  0.222497    1.043256   library removal time
                                              1.043256   data required time
---------------------------------------------------------------------------------------------
                                              1.043256   data required time
                                             -2.621397   data arrival time
---------------------------------------------------------------------------------------------
                                              1.578141   slack (MET)


Startpoint: HRESETn (input port clocked by HCLK)
Endpoint: _181_ (removal check against rising-edge clock HCLK)
Path Group: asynchronous
Path Type: min

Fanout         Cap        Slew       Delay        Time   Description
---------------------------------------------------------------------------------------------
                                  0.000000    0.000000   clock HCLK (rise edge)
                                  0.000000    0.000000   clock network delay (propagated)
                                  2.000000    2.000000 ^ input external delay
     1    0.003025    0.014720    0.007830    2.007830 ^ HRESETn (in)
                                                         HRESETn (net)
                      0.014725    0.000000    2.007830 ^ input34/A (sky130_fd_sc_hd__buf_1)
     1    0.011183    0.102625    0.096864    2.104694 ^ input34/X (sky130_fd_sc_hd__buf_1)
                                                         net34 (net)
                      0.102628    0.000503    2.105197 ^ fanout192/A (sky130_fd_sc_hd__buf_8)
     6    0.134527    0.162201    0.147786    2.252983 ^ fanout192/X (sky130_fd_sc_hd__buf_8)
                                                         net192 (net)
                      0.162452    0.005918    2.258901 ^ fanout189/A (sky130_fd_sc_hd__clkbuf_4)
     8    0.051928    0.123030    0.183155    2.442057 ^ fanout189/X (sky130_fd_sc_hd__clkbuf_4)
                                                         net189 (net)
                      0.123043    0.001033    2.443089 ^ fanout188/A (sky130_fd_sc_hd__clkbuf_4)
    10    0.051495    0.121111    0.176882    2.619971 ^ fanout188/X (sky130_fd_sc_hd__clkbuf_4)
                                                         net188 (net)
                      0.121145    0.001684    2.621655 ^ _181_/RESET_B (sky130_fd_sc_hd__dfrtp_1)
                                              2.621655   data arrival time

                                  0.000000    0.000000   clock HCLK (rise edge)
                                  0.000000    0.000000   clock source latency
     1    0.059439    0.203180    0.147358    0.147358 ^ HCLK (in)
                                                         HCLK (net)
                      0.204534    0.000000    0.147358 ^ clkbuf_0_HCLK/A (sky130_fd_sc_hd__clkbuf_16)
     5    0.134022    0.114650    0.179325    0.326684 ^ clkbuf_0_HCLK/X (sky130_fd_sc_hd__clkbuf_16)
                                                         clknet_0_HCLK (net)
                      0.116431    0.011266    0.337950 ^ clkbuf_2_2_0_HCLK/A (sky130_fd_sc_hd__clkbuf_8)
     2    0.035419    0.056406    0.124539    0.462489 ^ clkbuf_2_2_0_HCLK/X (sky130_fd_sc_hd__clkbuf_8)
                                                         clknet_2_2_0_HCLK (net)
                      0.056729    0.003332    0.465821 ^ clkbuf_3_4__f_HCLK/A (sky130_fd_sc_hd__clkbuf_16)
    11    0.039914    0.045093    0.104073    0.569895 ^ clkbuf_3_4__f_HCLK/X (sky130_fd_sc_hd__clkbuf_16)
                                                         clknet_3_4__leaf_HCLK (net)
                      0.045127    0.001052    0.570947 ^ _181_/CLK (sky130_fd_sc_hd__dfrtp_1)
                                  0.250000    0.820947   clock uncertainty
                                  0.000000    0.820947   clock reconvergence pessimism
                                  0.222501    1.043448   library removal time
                                              1.043448   data required time
---------------------------------------------------------------------------------------------
                                              1.043448   data required time
                                             -2.621655   data arrival time
---------------------------------------------------------------------------------------------
                                              1.578207   slack (MET)


Startpoint: HRESETn (input port clocked by HCLK)
Endpoint: _170_ (removal check against rising-edge clock HCLK)
Path Group: asynchronous
Path Type: min

Fanout         Cap        Slew       Delay        Time   Description
---------------------------------------------------------------------------------------------
                                  0.000000    0.000000   clock HCLK (rise edge)
                                  0.000000    0.000000   clock network delay (propagated)
                                  2.000000    2.000000 ^ input external delay
     1    0.003025    0.014720    0.007830    2.007830 ^ HRESETn (in)
                                                         HRESETn (net)
                      0.014725    0.000000    2.007830 ^ input34/A (sky130_fd_sc_hd__buf_1)
     1    0.011183    0.102625    0.096864    2.104694 ^ input34/X (sky130_fd_sc_hd__buf_1)
                                                         net34 (net)
                      0.102628    0.000503    2.105197 ^ fanout192/A (sky130_fd_sc_hd__buf_8)
     6    0.134527    0.162201    0.147786    2.252983 ^ fanout192/X (sky130_fd_sc_hd__buf_8)
                                                         net192 (net)
                      0.162452    0.005918    2.258901 ^ fanout189/A (sky130_fd_sc_hd__clkbuf_4)
     8    0.051928    0.123030    0.183155    2.442057 ^ fanout189/X (sky130_fd_sc_hd__clkbuf_4)
                                                         net189 (net)
                      0.123043    0.001033    2.443089 ^ fanout188/A (sky130_fd_sc_hd__clkbuf_4)
    10    0.051495    0.121111    0.176882    2.619971 ^ fanout188/X (sky130_fd_sc_hd__clkbuf_4)
                                                         net188 (net)
                      0.121163    0.002081    2.622052 ^ _170_/RESET_B (sky130_fd_sc_hd__dfrtp_1)
                                              2.622052   data arrival time

                                  0.000000    0.000000   clock HCLK (rise edge)
                                  0.000000    0.000000   clock source latency
     1    0.059439    0.203180    0.147358    0.147358 ^ HCLK (in)
                                                         HCLK (net)
                      0.204534    0.000000    0.147358 ^ clkbuf_0_HCLK/A (sky130_fd_sc_hd__clkbuf_16)
     5    0.134022    0.114650    0.179325    0.326684 ^ clkbuf_0_HCLK/X (sky130_fd_sc_hd__clkbuf_16)
                                                         clknet_0_HCLK (net)
                      0.116431    0.011266    0.337950 ^ clkbuf_2_2_0_HCLK/A (sky130_fd_sc_hd__clkbuf_8)
     2    0.035419    0.056406    0.124539    0.462489 ^ clkbuf_2_2_0_HCLK/X (sky130_fd_sc_hd__clkbuf_8)
                                                         clknet_2_2_0_HCLK (net)
                      0.056729    0.003332    0.465821 ^ clkbuf_3_4__f_HCLK/A (sky130_fd_sc_hd__clkbuf_16)
    11    0.039914    0.045093    0.104073    0.569895 ^ clkbuf_3_4__f_HCLK/X (sky130_fd_sc_hd__clkbuf_16)
                                                         clknet_3_4__leaf_HCLK (net)
                      0.045136    0.001180    0.571075 ^ _170_/CLK (sky130_fd_sc_hd__dfrtp_1)
                                  0.250000    0.821075   clock uncertainty
                                  0.000000    0.821075   clock reconvergence pessimism
                                  0.222507    1.043582   library removal time
                                              1.043582   data required time
---------------------------------------------------------------------------------------------
                                              1.043582   data required time
                                             -2.622052   data arrival time
---------------------------------------------------------------------------------------------
                                              1.578470   slack (MET)


Startpoint: HRESETn (input port clocked by HCLK)
Endpoint: _185_ (removal check against rising-edge clock HCLK)
Path Group: asynchronous
Path Type: min

Fanout         Cap        Slew       Delay        Time   Description
---------------------------------------------------------------------------------------------
                                  0.000000    0.000000   clock HCLK (rise edge)
                                  0.000000    0.000000   clock network delay (propagated)
                                  2.000000    2.000000 ^ input external delay
     1    0.003025    0.014720    0.007830    2.007830 ^ HRESETn (in)
                                                         HRESETn (net)
                      0.014725    0.000000    2.007830 ^ input34/A (sky130_fd_sc_hd__buf_1)
     1    0.011183    0.102625    0.096864    2.104694 ^ input34/X (sky130_fd_sc_hd__buf_1)
                                                         net34 (net)
                      0.102628    0.000503    2.105197 ^ fanout192/A (sky130_fd_sc_hd__buf_8)
     6    0.134527    0.162201    0.147786    2.252983 ^ fanout192/X (sky130_fd_sc_hd__buf_8)
                                                         net192 (net)
                      0.162452    0.005918    2.258901 ^ fanout189/A (sky130_fd_sc_hd__clkbuf_4)
     8    0.051928    0.123030    0.183155    2.442057 ^ fanout189/X (sky130_fd_sc_hd__clkbuf_4)
                                                         net189 (net)
                      0.123043    0.001033    2.443089 ^ fanout188/A (sky130_fd_sc_hd__clkbuf_4)
    10    0.051495    0.121111    0.176882    2.619971 ^ fanout188/X (sky130_fd_sc_hd__clkbuf_4)
                                                         net188 (net)
                      0.121192    0.002580    2.622551 ^ _185_/RESET_B (sky130_fd_sc_hd__dfrtp_1)
                                              2.622551   data arrival time

                                  0.000000    0.000000   clock HCLK (rise edge)
                                  0.000000    0.000000   clock source latency
     1    0.059439    0.203180    0.147358    0.147358 ^ HCLK (in)
                                                         HCLK (net)
                      0.204534    0.000000    0.147358 ^ clkbuf_0_HCLK/A (sky130_fd_sc_hd__clkbuf_16)
     5    0.134022    0.114650    0.179325    0.326684 ^ clkbuf_0_HCLK/X (sky130_fd_sc_hd__clkbuf_16)
                                                         clknet_0_HCLK (net)
                      0.116431    0.011266    0.337950 ^ clkbuf_2_2_0_HCLK/A (sky130_fd_sc_hd__clkbuf_8)
     2    0.035419    0.056406    0.124539    0.462489 ^ clkbuf_2_2_0_HCLK/X (sky130_fd_sc_hd__clkbuf_8)
                                                         clknet_2_2_0_HCLK (net)
                      0.056832    0.003837    0.466326 ^ clkbuf_3_5__f_HCLK/A (sky130_fd_sc_hd__clkbuf_16)
    11    0.035096    0.041718    0.101215    0.567541 ^ clkbuf_3_5__f_HCLK/X (sky130_fd_sc_hd__clkbuf_16)
                                                         clknet_3_5__leaf_HCLK (net)
                      0.041744    0.001136    0.568677 ^ _185_/CLK (sky130_fd_sc_hd__dfrtp_1)
                                  0.250000    0.818677   clock uncertainty
                                  0.000000    0.818677   clock reconvergence pessimism
                                  0.222051    1.040729   library removal time
                                              1.040729   data required time
---------------------------------------------------------------------------------------------
                                              1.040729   data required time
                                             -2.622551   data arrival time
---------------------------------------------------------------------------------------------
                                              1.581823   slack (MET)


Startpoint: HRESETn (input port clocked by HCLK)
Endpoint: _153_ (removal check against rising-edge clock HCLK)
Path Group: asynchronous
Path Type: min

Fanout         Cap        Slew       Delay        Time   Description
---------------------------------------------------------------------------------------------
                                  0.000000    0.000000   clock HCLK (rise edge)
                                  0.000000    0.000000   clock network delay (propagated)
                                  2.000000    2.000000 ^ input external delay
     1    0.003025    0.014720    0.007830    2.007830 ^ HRESETn (in)
                                                         HRESETn (net)
                      0.014725    0.000000    2.007830 ^ input34/A (sky130_fd_sc_hd__buf_1)
     1    0.011183    0.102625    0.096864    2.104694 ^ input34/X (sky130_fd_sc_hd__buf_1)
                                                         net34 (net)
                      0.102628    0.000503    2.105197 ^ fanout192/A (sky130_fd_sc_hd__buf_8)
     6    0.134527    0.162201    0.147786    2.252983 ^ fanout192/X (sky130_fd_sc_hd__buf_8)
                                                         net192 (net)
                      0.162452    0.005918    2.258901 ^ fanout189/A (sky130_fd_sc_hd__clkbuf_4)
     8    0.051928    0.123030    0.183155    2.442057 ^ fanout189/X (sky130_fd_sc_hd__clkbuf_4)
                                                         net189 (net)
                      0.123043    0.001033    2.443089 ^ fanout188/A (sky130_fd_sc_hd__clkbuf_4)
    10    0.051495    0.121111    0.176882    2.619971 ^ fanout188/X (sky130_fd_sc_hd__clkbuf_4)
                                                         net188 (net)
                      0.121271    0.003591    2.623562 ^ _153_/RESET_B (sky130_fd_sc_hd__dfrtp_1)
                                              2.623562   data arrival time

                                  0.000000    0.000000   clock HCLK (rise edge)
                                  0.000000    0.000000   clock source latency
     1    0.059439    0.203180    0.147358    0.147358 ^ HCLK (in)
                                                         HCLK (net)
                      0.204534    0.000000    0.147358 ^ clkbuf_0_HCLK/A (sky130_fd_sc_hd__clkbuf_16)
     5    0.134022    0.114650    0.179325    0.326684 ^ clkbuf_0_HCLK/X (sky130_fd_sc_hd__clkbuf_16)
                                                         clknet_0_HCLK (net)
                      0.116431    0.011266    0.337950 ^ clkbuf_2_2_0_HCLK/A (sky130_fd_sc_hd__clkbuf_8)
     2    0.035419    0.056406    0.124539    0.462489 ^ clkbuf_2_2_0_HCLK/X (sky130_fd_sc_hd__clkbuf_8)
                                                         clknet_2_2_0_HCLK (net)
                      0.056832    0.003837    0.466326 ^ clkbuf_3_5__f_HCLK/A (sky130_fd_sc_hd__clkbuf_16)
    11    0.035096    0.041718    0.101215    0.567541 ^ clkbuf_3_5__f_HCLK/X (sky130_fd_sc_hd__clkbuf_16)
                                                         clknet_3_5__leaf_HCLK (net)
                      0.041869    0.001756    0.569297 ^ _153_/CLK (sky130_fd_sc_hd__dfrtp_1)
                                  0.250000    0.819297   clock uncertainty
                                  0.000000    0.819297   clock reconvergence pessimism
                                  0.222089    1.041386   library removal time
                                              1.041386   data required time
---------------------------------------------------------------------------------------------
                                              1.041386   data required time
                                             -2.623562   data arrival time
---------------------------------------------------------------------------------------------
                                              1.582176   slack (MET)


Startpoint: HRESETn (input port clocked by HCLK)
Endpoint: _173_ (removal check against rising-edge clock HCLK)
Path Group: asynchronous
Path Type: min

Fanout         Cap        Slew       Delay        Time   Description
---------------------------------------------------------------------------------------------
                                  0.000000    0.000000   clock HCLK (rise edge)
                                  0.000000    0.000000   clock network delay (propagated)
                                  2.000000    2.000000 ^ input external delay
     1    0.003025    0.014720    0.007830    2.007830 ^ HRESETn (in)
                                                         HRESETn (net)
                      0.014725    0.000000    2.007830 ^ input34/A (sky130_fd_sc_hd__buf_1)
     1    0.011183    0.102625    0.096864    2.104694 ^ input34/X (sky130_fd_sc_hd__buf_1)
                                                         net34 (net)
                      0.102628    0.000503    2.105197 ^ fanout192/A (sky130_fd_sc_hd__buf_8)
     6    0.134527    0.162201    0.147786    2.252983 ^ fanout192/X (sky130_fd_sc_hd__buf_8)
                                                         net192 (net)
                      0.162452    0.005918    2.258901 ^ fanout189/A (sky130_fd_sc_hd__clkbuf_4)
     8    0.051928    0.123030    0.183155    2.442057 ^ fanout189/X (sky130_fd_sc_hd__clkbuf_4)
                                                         net189 (net)
                      0.123043    0.001033    2.443089 ^ fanout188/A (sky130_fd_sc_hd__clkbuf_4)
    10    0.051495    0.121111    0.176882    2.619971 ^ fanout188/X (sky130_fd_sc_hd__clkbuf_4)
                                                         net188 (net)
                      0.121260    0.003471    2.623442 ^ _173_/RESET_B (sky130_fd_sc_hd__dfrtp_1)
                                              2.623442   data arrival time

                                  0.000000    0.000000   clock HCLK (rise edge)
                                  0.000000    0.000000   clock source latency
     1    0.059439    0.203180    0.147358    0.147358 ^ HCLK (in)
                                                         HCLK (net)
                      0.204534    0.000000    0.147358 ^ clkbuf_0_HCLK/A (sky130_fd_sc_hd__clkbuf_16)
     5    0.134022    0.114650    0.179325    0.326684 ^ clkbuf_0_HCLK/X (sky130_fd_sc_hd__clkbuf_16)
                                                         clknet_0_HCLK (net)
                      0.116431    0.011266    0.337950 ^ clkbuf_2_2_0_HCLK/A (sky130_fd_sc_hd__clkbuf_8)
     2    0.035419    0.056406    0.124539    0.462489 ^ clkbuf_2_2_0_HCLK/X (sky130_fd_sc_hd__clkbuf_8)
                                                         clknet_2_2_0_HCLK (net)
                      0.056832    0.003837    0.466326 ^ clkbuf_3_5__f_HCLK/A (sky130_fd_sc_hd__clkbuf_16)
    11    0.035096    0.041718    0.101215    0.567541 ^ clkbuf_3_5__f_HCLK/X (sky130_fd_sc_hd__clkbuf_16)
                                                         clknet_3_5__leaf_HCLK (net)
                      0.041856    0.001637    0.569178 ^ _173_/CLK (sky130_fd_sc_hd__dfrtp_1)
                                  0.250000    0.819178   clock uncertainty
                                  0.000000    0.819178   clock reconvergence pessimism
                                  0.222084    1.041263   library removal time
                                              1.041263   data required time
---------------------------------------------------------------------------------------------
                                              1.041263   data required time
                                             -2.623442   data arrival time
---------------------------------------------------------------------------------------------
                                              1.582179   slack (MET)


Startpoint: HRESETn (input port clocked by HCLK)
Endpoint: _192_ (removal check against rising-edge clock HCLK)
Path Group: asynchronous
Path Type: min

Fanout         Cap        Slew       Delay        Time   Description
---------------------------------------------------------------------------------------------
                                  0.000000    0.000000   clock HCLK (rise edge)
                                  0.000000    0.000000   clock network delay (propagated)
                                  2.000000    2.000000 ^ input external delay
     1    0.003025    0.014720    0.007830    2.007830 ^ HRESETn (in)
                                                         HRESETn (net)
                      0.014725    0.000000    2.007830 ^ input34/A (sky130_fd_sc_hd__buf_1)
     1    0.011183    0.102625    0.096864    2.104694 ^ input34/X (sky130_fd_sc_hd__buf_1)
                                                         net34 (net)
                      0.102628    0.000503    2.105197 ^ fanout192/A (sky130_fd_sc_hd__buf_8)
     6    0.134527    0.162201    0.147786    2.252983 ^ fanout192/X (sky130_fd_sc_hd__buf_8)
                                                         net192 (net)
                      0.162452    0.005918    2.258901 ^ fanout189/A (sky130_fd_sc_hd__clkbuf_4)
     8    0.051928    0.123030    0.183155    2.442057 ^ fanout189/X (sky130_fd_sc_hd__clkbuf_4)
                                                         net189 (net)
                      0.123043    0.001033    2.443089 ^ fanout188/A (sky130_fd_sc_hd__clkbuf_4)
    10    0.051495    0.121111    0.176882    2.619971 ^ fanout188/X (sky130_fd_sc_hd__clkbuf_4)
                                                         net188 (net)
                      0.121218    0.002955    2.622926 ^ _192_/RESET_B (sky130_fd_sc_hd__dfrtp_1)
                                              2.622926   data arrival time

                                  0.000000    0.000000   clock HCLK (rise edge)
                                  0.000000    0.000000   clock source latency
     1    0.059439    0.203180    0.147358    0.147358 ^ HCLK (in)
                                                         HCLK (net)
                      0.204534    0.000000    0.147358 ^ clkbuf_0_HCLK/A (sky130_fd_sc_hd__clkbuf_16)
     5    0.134022    0.114650    0.179325    0.326684 ^ clkbuf_0_HCLK/X (sky130_fd_sc_hd__clkbuf_16)
                                                         clknet_0_HCLK (net)
                      0.116431    0.011266    0.337950 ^ clkbuf_2_2_0_HCLK/A (sky130_fd_sc_hd__clkbuf_8)
     2    0.035419    0.056406    0.124539    0.462489 ^ clkbuf_2_2_0_HCLK/X (sky130_fd_sc_hd__clkbuf_8)
                                                         clknet_2_2_0_HCLK (net)
                      0.056832    0.003837    0.466326 ^ clkbuf_3_5__f_HCLK/A (sky130_fd_sc_hd__clkbuf_16)
    11    0.035096    0.041718    0.101215    0.567541 ^ clkbuf_3_5__f_HCLK/X (sky130_fd_sc_hd__clkbuf_16)
                                                         clknet_3_5__leaf_HCLK (net)
                      0.041740    0.001095    0.568636 ^ _192_/CLK (sky130_fd_sc_hd__dfrtp_1)
                                  0.250000    0.818636   clock uncertainty
                                  0.000000    0.818636   clock reconvergence pessimism
                                  0.222057    1.040694   library removal time
                                              1.040694   data required time
---------------------------------------------------------------------------------------------
                                              1.040694   data required time
                                             -2.622926   data arrival time
---------------------------------------------------------------------------------------------
                                              1.582232   slack (MET)


Startpoint: HRESETn (input port clocked by HCLK)
Endpoint: _188_ (removal check against rising-edge clock HCLK)
Path Group: asynchronous
Path Type: min

Fanout         Cap        Slew       Delay        Time   Description
---------------------------------------------------------------------------------------------
                                  0.000000    0.000000   clock HCLK (rise edge)
                                  0.000000    0.000000   clock network delay (propagated)
                                  2.000000    2.000000 ^ input external delay
     1    0.003025    0.014720    0.007830    2.007830 ^ HRESETn (in)
                                                         HRESETn (net)
                      0.014725    0.000000    2.007830 ^ input34/A (sky130_fd_sc_hd__buf_1)
     1    0.011183    0.102625    0.096864    2.104694 ^ input34/X (sky130_fd_sc_hd__buf_1)
                                                         net34 (net)
                      0.102628    0.000503    2.105197 ^ fanout192/A (sky130_fd_sc_hd__buf_8)
     6    0.134527    0.162201    0.147786    2.252983 ^ fanout192/X (sky130_fd_sc_hd__buf_8)
                                                         net192 (net)
                      0.162452    0.005918    2.258901 ^ fanout189/A (sky130_fd_sc_hd__clkbuf_4)
     8    0.051928    0.123030    0.183155    2.442057 ^ fanout189/X (sky130_fd_sc_hd__clkbuf_4)
                                                         net189 (net)
                      0.123043    0.001033    2.443089 ^ fanout188/A (sky130_fd_sc_hd__clkbuf_4)
    10    0.051495    0.121111    0.176882    2.619971 ^ fanout188/X (sky130_fd_sc_hd__clkbuf_4)
                                                         net188 (net)
                      0.121249    0.003342    2.623313 ^ _188_/RESET_B (sky130_fd_sc_hd__dfrtp_1)
                                              2.623313   data arrival time

                                  0.000000    0.000000   clock HCLK (rise edge)
                                  0.000000    0.000000   clock source latency
     1    0.059439    0.203180    0.147358    0.147358 ^ HCLK (in)
                                                         HCLK (net)
                      0.204534    0.000000    0.147358 ^ clkbuf_0_HCLK/A (sky130_fd_sc_hd__clkbuf_16)
     5    0.134022    0.114650    0.179325    0.326684 ^ clkbuf_0_HCLK/X (sky130_fd_sc_hd__clkbuf_16)
                                                         clknet_0_HCLK (net)
                      0.116431    0.011266    0.337950 ^ clkbuf_2_2_0_HCLK/A (sky130_fd_sc_hd__clkbuf_8)
     2    0.035419    0.056406    0.124539    0.462489 ^ clkbuf_2_2_0_HCLK/X (sky130_fd_sc_hd__clkbuf_8)
                                                         clknet_2_2_0_HCLK (net)
                      0.056832    0.003837    0.466326 ^ clkbuf_3_5__f_HCLK/A (sky130_fd_sc_hd__clkbuf_16)
    11    0.035096    0.041718    0.101215    0.567541 ^ clkbuf_3_5__f_HCLK/X (sky130_fd_sc_hd__clkbuf_16)
                                                         clknet_3_5__leaf_HCLK (net)
                      0.041770    0.001380    0.568921 ^ _188_/CLK (sky130_fd_sc_hd__dfrtp_1)
                                  0.250000    0.818921   clock uncertainty
                                  0.000000    0.818921   clock reconvergence pessimism
                                  0.222070    1.040990   library removal time
                                              1.040990   data required time
---------------------------------------------------------------------------------------------
                                              1.040990   data required time
                                             -2.623313   data arrival time
---------------------------------------------------------------------------------------------
                                              1.582323   slack (MET)


Startpoint: HRESETn (input port clocked by HCLK)
Endpoint: _208_ (removal check against rising-edge clock HCLK)
Path Group: asynchronous
Path Type: min

Fanout         Cap        Slew       Delay        Time   Description
---------------------------------------------------------------------------------------------
                                  0.000000    0.000000   clock HCLK (rise edge)
                                  0.000000    0.000000   clock network delay (propagated)
                                  2.000000    2.000000 ^ input external delay
     1    0.003025    0.014720    0.007830    2.007830 ^ HRESETn (in)
                                                         HRESETn (net)
                      0.014725    0.000000    2.007830 ^ input34/A (sky130_fd_sc_hd__buf_1)
     1    0.011183    0.102625    0.096864    2.104694 ^ input34/X (sky130_fd_sc_hd__buf_1)
                                                         net34 (net)
                      0.102628    0.000503    2.105197 ^ fanout192/A (sky130_fd_sc_hd__buf_8)
     6    0.134527    0.162201    0.147786    2.252983 ^ fanout192/X (sky130_fd_sc_hd__buf_8)
                                                         net192 (net)
                      0.162452    0.005918    2.258901 ^ fanout189/A (sky130_fd_sc_hd__clkbuf_4)
     8    0.051928    0.123030    0.183155    2.442057 ^ fanout189/X (sky130_fd_sc_hd__clkbuf_4)
                                                         net189 (net)
                      0.123043    0.001033    2.443089 ^ fanout188/A (sky130_fd_sc_hd__clkbuf_4)
    10    0.051495    0.121111    0.176882    2.619971 ^ fanout188/X (sky130_fd_sc_hd__clkbuf_4)
                                                         net188 (net)
                      0.121242    0.003255    2.623226 ^ _208_/RESET_B (sky130_fd_sc_hd__dfrtp_1)
                                              2.623226   data arrival time

                                  0.000000    0.000000   clock HCLK (rise edge)
                                  0.000000    0.000000   clock source latency
     1    0.059439    0.203180    0.147358    0.147358 ^ HCLK (in)
                                                         HCLK (net)
                      0.204534    0.000000    0.147358 ^ clkbuf_0_HCLK/A (sky130_fd_sc_hd__clkbuf_16)
     5    0.134022    0.114650    0.179325    0.326684 ^ clkbuf_0_HCLK/X (sky130_fd_sc_hd__clkbuf_16)
                                                         clknet_0_HCLK (net)
                      0.116431    0.011266    0.337950 ^ clkbuf_2_2_0_HCLK/A (sky130_fd_sc_hd__clkbuf_8)
     2    0.035419    0.056406    0.124539    0.462489 ^ clkbuf_2_2_0_HCLK/X (sky130_fd_sc_hd__clkbuf_8)
                                                         clknet_2_2_0_HCLK (net)
                      0.056832    0.003837    0.466326 ^ clkbuf_3_5__f_HCLK/A (sky130_fd_sc_hd__clkbuf_16)
    11    0.035096    0.041718    0.101215    0.567541 ^ clkbuf_3_5__f_HCLK/X (sky130_fd_sc_hd__clkbuf_16)
                                                         clknet_3_5__leaf_HCLK (net)
                      0.041745    0.001142    0.568684 ^ _208_/CLK (sky130_fd_sc_hd__dfrtp_1)
                                  0.250000    0.818684   clock uncertainty
                                  0.000000    0.818684   clock reconvergence pessimism
                                  0.222064    1.040748   library removal time
                                              1.040748   data required time
---------------------------------------------------------------------------------------------
                                              1.040748   data required time
                                             -2.623226   data arrival time
---------------------------------------------------------------------------------------------
                                              1.582478   slack (MET)


Startpoint: HRESETn (input port clocked by HCLK)
Endpoint: _197_ (removal check against rising-edge clock HCLK)
Path Group: asynchronous
Path Type: min

Fanout         Cap        Slew       Delay        Time   Description
---------------------------------------------------------------------------------------------
                                  0.000000    0.000000   clock HCLK (rise edge)
                                  0.000000    0.000000   clock network delay (propagated)
                                  2.000000    2.000000 ^ input external delay
     1    0.003025    0.014720    0.007830    2.007830 ^ HRESETn (in)
                                                         HRESETn (net)
                      0.014725    0.000000    2.007830 ^ input34/A (sky130_fd_sc_hd__buf_1)
     1    0.011183    0.102625    0.096864    2.104694 ^ input34/X (sky130_fd_sc_hd__buf_1)
                                                         net34 (net)
                      0.102628    0.000503    2.105197 ^ fanout192/A (sky130_fd_sc_hd__buf_8)
     6    0.134527    0.162201    0.147786    2.252983 ^ fanout192/X (sky130_fd_sc_hd__buf_8)
                                                         net192 (net)
                      0.176363    0.035785    2.288768 ^ fanout187/A (sky130_fd_sc_hd__buf_8)
     6    0.151222    0.185463    0.173946    2.462715 ^ fanout187/X (sky130_fd_sc_hd__buf_8)
                                                         net187 (net)
                      0.195771    0.034041    2.496756 ^ fanout185/A (sky130_fd_sc_hd__buf_8)
    11    0.136028    0.166400    0.160778    2.657534 ^ fanout185/X (sky130_fd_sc_hd__buf_8)
                                                         net185 (net)
                      0.166414    0.001560    2.659094 ^ _197_/RESET_B (sky130_fd_sc_hd__dfrtp_1)
                                              2.659094   data arrival time

                                  0.000000    0.000000   clock HCLK (rise edge)
                                  0.000000    0.000000   clock source latency
     1    0.059439    0.203180    0.147358    0.147358 ^ HCLK (in)
                                                         HCLK (net)
                      0.204534    0.000000    0.147358 ^ clkbuf_0_HCLK/A (sky130_fd_sc_hd__clkbuf_16)
     5    0.134022    0.114650    0.179325    0.326684 ^ clkbuf_0_HCLK/X (sky130_fd_sc_hd__clkbuf_16)
                                                         clknet_0_HCLK (net)
                      0.116959    0.012824    0.339507 ^ clkbuf_2_0_0_HCLK/A (sky130_fd_sc_hd__clkbuf_8)
     2    0.040129    0.062153    0.129216    0.468723 ^ clkbuf_2_0_0_HCLK/X (sky130_fd_sc_hd__clkbuf_8)
                                                         clknet_2_0_0_HCLK (net)
                      0.062464    0.003471    0.472194 ^ clkbuf_3_1__f_HCLK/A (sky130_fd_sc_hd__clkbuf_16)
     7    0.035580    0.041831    0.102191    0.574385 ^ clkbuf_3_1__f_HCLK/X (sky130_fd_sc_hd__clkbuf_16)
                                                         clknet_3_1__leaf_HCLK (net)
                      0.042611    0.004392    0.578777 ^ _197_/CLK (sky130_fd_sc_hd__dfrtp_1)
                                  0.250000    0.828777   clock uncertainty
                                  0.000000    0.828777   clock reconvergence pessimism
                                  0.233921    1.062698   library removal time
                                              1.062698   data required time
---------------------------------------------------------------------------------------------
                                              1.062698   data required time
                                             -2.659094   data arrival time
---------------------------------------------------------------------------------------------
                                              1.596397   slack (MET)


Startpoint: HRESETn (input port clocked by HCLK)
Endpoint: _161_ (removal check against rising-edge clock HCLK)
Path Group: asynchronous
Path Type: min

Fanout         Cap        Slew       Delay        Time   Description
---------------------------------------------------------------------------------------------
                                  0.000000    0.000000   clock HCLK (rise edge)
                                  0.000000    0.000000   clock network delay (propagated)
                                  2.000000    2.000000 ^ input external delay
     1    0.003025    0.014720    0.007830    2.007830 ^ HRESETn (in)
                                                         HRESETn (net)
                      0.014725    0.000000    2.007830 ^ input34/A (sky130_fd_sc_hd__buf_1)
     1    0.011183    0.102625    0.096864    2.104694 ^ input34/X (sky130_fd_sc_hd__buf_1)
                                                         net34 (net)
                      0.102628    0.000503    2.105197 ^ fanout192/A (sky130_fd_sc_hd__buf_8)
     6    0.134527    0.162201    0.147786    2.252983 ^ fanout192/X (sky130_fd_sc_hd__buf_8)
                                                         net192 (net)
                      0.176363    0.035785    2.288768 ^ fanout187/A (sky130_fd_sc_hd__buf_8)
     6    0.151222    0.185463    0.173946    2.462715 ^ fanout187/X (sky130_fd_sc_hd__buf_8)
                                                         net187 (net)
                      0.195771    0.034041    2.496756 ^ fanout185/A (sky130_fd_sc_hd__buf_8)
    11    0.136028    0.166400    0.160778    2.657534 ^ fanout185/X (sky130_fd_sc_hd__buf_8)
                                                         net185 (net)
                      0.166511    0.004082    2.661616 ^ _161_/RESET_B (sky130_fd_sc_hd__dfrtp_1)
                                              2.661616   data arrival time

                                  0.000000    0.000000   clock HCLK (rise edge)
                                  0.000000    0.000000   clock source latency
     1    0.059439    0.203180    0.147358    0.147358 ^ HCLK (in)
                                                         HCLK (net)
                      0.204534    0.000000    0.147358 ^ clkbuf_0_HCLK/A (sky130_fd_sc_hd__clkbuf_16)
     5    0.134022    0.114650    0.179325    0.326684 ^ clkbuf_0_HCLK/X (sky130_fd_sc_hd__clkbuf_16)
                                                         clknet_0_HCLK (net)
                      0.116959    0.012824    0.339507 ^ clkbuf_2_0_0_HCLK/A (sky130_fd_sc_hd__clkbuf_8)
     2    0.040129    0.062153    0.129216    0.468723 ^ clkbuf_2_0_0_HCLK/X (sky130_fd_sc_hd__clkbuf_8)
                                                         clknet_2_0_0_HCLK (net)
                      0.062464    0.003471    0.472194 ^ clkbuf_3_1__f_HCLK/A (sky130_fd_sc_hd__clkbuf_16)
     7    0.035580    0.041831    0.102191    0.574385 ^ clkbuf_3_1__f_HCLK/X (sky130_fd_sc_hd__clkbuf_16)
                                                         clknet_3_1__leaf_HCLK (net)
                      0.042570    0.004244    0.578630 ^ _161_/CLK (sky130_fd_sc_hd__dfrtp_1)
                                  0.250000    0.828630   clock uncertainty
                                  0.000000    0.828630   clock reconvergence pessimism
                                  0.233940    1.062570   library removal time
                                              1.062570   data required time
---------------------------------------------------------------------------------------------
                                              1.062570   data required time
                                             -2.661616   data arrival time
---------------------------------------------------------------------------------------------
                                              1.599046   slack (MET)


Startpoint: HRESETn (input port clocked by HCLK)
Endpoint: _202_ (removal check against rising-edge clock HCLK)
Path Group: asynchronous
Path Type: min

Fanout         Cap        Slew       Delay        Time   Description
---------------------------------------------------------------------------------------------
                                  0.000000    0.000000   clock HCLK (rise edge)
                                  0.000000    0.000000   clock network delay (propagated)
                                  2.000000    2.000000 ^ input external delay
     1    0.003025    0.014720    0.007830    2.007830 ^ HRESETn (in)
                                                         HRESETn (net)
                      0.014725    0.000000    2.007830 ^ input34/A (sky130_fd_sc_hd__buf_1)
     1    0.011183    0.102625    0.096864    2.104694 ^ input34/X (sky130_fd_sc_hd__buf_1)
                                                         net34 (net)
                      0.102628    0.000503    2.105197 ^ fanout192/A (sky130_fd_sc_hd__buf_8)
     6    0.134527    0.162201    0.147786    2.252983 ^ fanout192/X (sky130_fd_sc_hd__buf_8)
                                                         net192 (net)
                      0.176363    0.035785    2.288768 ^ fanout187/A (sky130_fd_sc_hd__buf_8)
     6    0.151222    0.185463    0.173946    2.462715 ^ fanout187/X (sky130_fd_sc_hd__buf_8)
                                                         net187 (net)
                      0.195771    0.034041    2.496756 ^ fanout185/A (sky130_fd_sc_hd__buf_8)
    11    0.136028    0.166400    0.160778    2.657534 ^ fanout185/X (sky130_fd_sc_hd__buf_8)
                                                         net185 (net)
                      0.166611    0.005077    2.662611 ^ _202_/RESET_B (sky130_fd_sc_hd__dfrtp_1)
                                              2.662611   data arrival time

                                  0.000000    0.000000   clock HCLK (rise edge)
                                  0.000000    0.000000   clock source latency
     1    0.059439    0.203180    0.147358    0.147358 ^ HCLK (in)
                                                         HCLK (net)
                      0.204534    0.000000    0.147358 ^ clkbuf_0_HCLK/A (sky130_fd_sc_hd__clkbuf_16)
     5    0.134022    0.114650    0.179325    0.326684 ^ clkbuf_0_HCLK/X (sky130_fd_sc_hd__clkbuf_16)
                                                         clknet_0_HCLK (net)
                      0.116959    0.012824    0.339507 ^ clkbuf_2_0_0_HCLK/A (sky130_fd_sc_hd__clkbuf_8)
     2    0.040129    0.062153    0.129216    0.468723 ^ clkbuf_2_0_0_HCLK/X (sky130_fd_sc_hd__clkbuf_8)
                                                         clknet_2_0_0_HCLK (net)
                      0.062464    0.003471    0.472194 ^ clkbuf_3_1__f_HCLK/A (sky130_fd_sc_hd__clkbuf_16)
     7    0.035580    0.041831    0.102191    0.574385 ^ clkbuf_3_1__f_HCLK/X (sky130_fd_sc_hd__clkbuf_16)
                                                         clknet_3_1__leaf_HCLK (net)
                      0.042545    0.004152    0.578537 ^ _202_/CLK (sky130_fd_sc_hd__dfrtp_1)
                                  0.250000    0.828537   clock uncertainty
                                  0.000000    0.828537   clock reconvergence pessimism
                                  0.233963    1.062499   library removal time
                                              1.062499   data required time
---------------------------------------------------------------------------------------------
                                              1.062499   data required time
                                             -2.662611   data arrival time
---------------------------------------------------------------------------------------------
                                              1.600112   slack (MET)


Startpoint: HRESETn (input port clocked by HCLK)
Endpoint: _160_ (removal check against rising-edge clock HCLK)
Path Group: asynchronous
Path Type: min

Fanout         Cap        Slew       Delay        Time   Description
---------------------------------------------------------------------------------------------
                                  0.000000    0.000000   clock HCLK (rise edge)
                                  0.000000    0.000000   clock network delay (propagated)
                                  2.000000    2.000000 ^ input external delay
     1    0.003025    0.014720    0.007830    2.007830 ^ HRESETn (in)
                                                         HRESETn (net)
                      0.014725    0.000000    2.007830 ^ input34/A (sky130_fd_sc_hd__buf_1)
     1    0.011183    0.102625    0.096864    2.104694 ^ input34/X (sky130_fd_sc_hd__buf_1)
                                                         net34 (net)
                      0.102628    0.000503    2.105197 ^ fanout192/A (sky130_fd_sc_hd__buf_8)
     6    0.134527    0.162201    0.147786    2.252983 ^ fanout192/X (sky130_fd_sc_hd__buf_8)
                                                         net192 (net)
                      0.176363    0.035785    2.288768 ^ fanout187/A (sky130_fd_sc_hd__buf_8)
     6    0.151222    0.185463    0.173946    2.462715 ^ fanout187/X (sky130_fd_sc_hd__buf_8)
                                                         net187 (net)
                      0.195771    0.034041    2.496756 ^ fanout185/A (sky130_fd_sc_hd__buf_8)
    11    0.136028    0.166400    0.160778    2.657534 ^ fanout185/X (sky130_fd_sc_hd__buf_8)
                                                         net185 (net)
                      0.166701    0.006098    2.663632 ^ _160_/RESET_B (sky130_fd_sc_hd__dfrtp_1)
                                              2.663632   data arrival time

                                  0.000000    0.000000   clock HCLK (rise edge)
                                  0.000000    0.000000   clock source latency
     1    0.059439    0.203180    0.147358    0.147358 ^ HCLK (in)
                                                         HCLK (net)
                      0.204534    0.000000    0.147358 ^ clkbuf_0_HCLK/A (sky130_fd_sc_hd__clkbuf_16)
     5    0.134022    0.114650    0.179325    0.326684 ^ clkbuf_0_HCLK/X (sky130_fd_sc_hd__clkbuf_16)
                                                         clknet_0_HCLK (net)
                      0.116959    0.012824    0.339507 ^ clkbuf_2_0_0_HCLK/A (sky130_fd_sc_hd__clkbuf_8)
     2    0.040129    0.062153    0.129216    0.468723 ^ clkbuf_2_0_0_HCLK/X (sky130_fd_sc_hd__clkbuf_8)
                                                         clknet_2_0_0_HCLK (net)
                      0.062464    0.003471    0.472194 ^ clkbuf_3_1__f_HCLK/A (sky130_fd_sc_hd__clkbuf_16)
     7    0.035580    0.041831    0.102191    0.574385 ^ clkbuf_3_1__f_HCLK/X (sky130_fd_sc_hd__clkbuf_16)
                                                         clknet_3_1__leaf_HCLK (net)
                      0.042514    0.004039    0.578424 ^ _160_/CLK (sky130_fd_sc_hd__dfrtp_1)
                                  0.250000    0.828424   clock uncertainty
                                  0.000000    0.828424   clock reconvergence pessimism
                                  0.233982    1.062406   library removal time
                                              1.062406   data required time
---------------------------------------------------------------------------------------------
                                              1.062406   data required time
                                             -2.663632   data arrival time
---------------------------------------------------------------------------------------------
                                              1.601227   slack (MET)


Startpoint: HRESETn (input port clocked by HCLK)
Endpoint: _187_ (removal check against rising-edge clock HCLK)
Path Group: asynchronous
Path Type: min

Fanout         Cap        Slew       Delay        Time   Description
---------------------------------------------------------------------------------------------
                                  0.000000    0.000000   clock HCLK (rise edge)
                                  0.000000    0.000000   clock network delay (propagated)
                                  2.000000    2.000000 ^ input external delay
     1    0.003025    0.014720    0.007830    2.007830 ^ HRESETn (in)
                                                         HRESETn (net)
                      0.014725    0.000000    2.007830 ^ input34/A (sky130_fd_sc_hd__buf_1)
     1    0.011183    0.102625    0.096864    2.104694 ^ input34/X (sky130_fd_sc_hd__buf_1)
                                                         net34 (net)
                      0.102628    0.000503    2.105197 ^ fanout192/A (sky130_fd_sc_hd__buf_8)
     6    0.134527    0.162201    0.147786    2.252983 ^ fanout192/X (sky130_fd_sc_hd__buf_8)
                                                         net192 (net)
                      0.176363    0.035785    2.288768 ^ fanout187/A (sky130_fd_sc_hd__buf_8)
     6    0.151222    0.185463    0.173946    2.462715 ^ fanout187/X (sky130_fd_sc_hd__buf_8)
                                                         net187 (net)
                      0.195771    0.034041    2.496756 ^ fanout185/A (sky130_fd_sc_hd__buf_8)
    11    0.136028    0.166400    0.160778    2.657534 ^ fanout185/X (sky130_fd_sc_hd__buf_8)
                                                         net185 (net)
                      0.167187    0.009672    2.667206 ^ _187_/RESET_B (sky130_fd_sc_hd__dfrtp_1)
                                              2.667206   data arrival time

                                  0.000000    0.000000   clock HCLK (rise edge)
                                  0.000000    0.000000   clock source latency
     1    0.059439    0.203180    0.147358    0.147358 ^ HCLK (in)
                                                         HCLK (net)
                      0.204534    0.000000    0.147358 ^ clkbuf_0_HCLK/A (sky130_fd_sc_hd__clkbuf_16)
     5    0.134022    0.114650    0.179325    0.326684 ^ clkbuf_0_HCLK/X (sky130_fd_sc_hd__clkbuf_16)
                                                         clknet_0_HCLK (net)
                      0.116959    0.012824    0.339507 ^ clkbuf_2_0_0_HCLK/A (sky130_fd_sc_hd__clkbuf_8)
     2    0.040129    0.062153    0.129216    0.468723 ^ clkbuf_2_0_0_HCLK/X (sky130_fd_sc_hd__clkbuf_8)
                                                         clknet_2_0_0_HCLK (net)
                      0.062464    0.003471    0.472194 ^ clkbuf_3_1__f_HCLK/A (sky130_fd_sc_hd__clkbuf_16)
     7    0.035580    0.041831    0.102191    0.574385 ^ clkbuf_3_1__f_HCLK/X (sky130_fd_sc_hd__clkbuf_16)
                                                         clknet_3_1__leaf_HCLK (net)
                      0.042448    0.003784    0.578169 ^ _187_/CLK (sky130_fd_sc_hd__dfrtp_1)
                                  0.250000    0.828169   clock uncertainty
                                  0.000000    0.828169   clock reconvergence pessimism
                                  0.234099    1.062268   library removal time
                                              1.062268   data required time
---------------------------------------------------------------------------------------------
                                              1.062268   data required time
                                             -2.667206   data arrival time
---------------------------------------------------------------------------------------------
                                              1.604938   slack (MET)


Startpoint: HRESETn (input port clocked by HCLK)
Endpoint: _212_ (removal check against rising-edge clock HCLK)
Path Group: asynchronous
Path Type: min

Fanout         Cap        Slew       Delay        Time   Description
---------------------------------------------------------------------------------------------
                                  0.000000    0.000000   clock HCLK (rise edge)
                                  0.000000    0.000000   clock network delay (propagated)
                                  2.000000    2.000000 ^ input external delay
     1    0.003025    0.014720    0.007830    2.007830 ^ HRESETn (in)
                                                         HRESETn (net)
                      0.014725    0.000000    2.007830 ^ input34/A (sky130_fd_sc_hd__buf_1)
     1    0.011183    0.102625    0.096864    2.104694 ^ input34/X (sky130_fd_sc_hd__buf_1)
                                                         net34 (net)
                      0.102628    0.000503    2.105197 ^ fanout192/A (sky130_fd_sc_hd__buf_8)
     6    0.134527    0.162201    0.147786    2.252983 ^ fanout192/X (sky130_fd_sc_hd__buf_8)
                                                         net192 (net)
                      0.176363    0.035785    2.288768 ^ fanout187/A (sky130_fd_sc_hd__buf_8)
     6    0.151222    0.185463    0.173946    2.462715 ^ fanout187/X (sky130_fd_sc_hd__buf_8)
                                                         net187 (net)
                      0.195771    0.034041    2.496756 ^ fanout185/A (sky130_fd_sc_hd__buf_8)
    11    0.136028    0.166400    0.160778    2.657534 ^ fanout185/X (sky130_fd_sc_hd__buf_8)
                                                         net185 (net)
                      0.167571    0.011584    2.669118 ^ _212_/RESET_B (sky130_fd_sc_hd__dfrtp_1)
                                              2.669118   data arrival time

                                  0.000000    0.000000   clock HCLK (rise edge)
                                  0.000000    0.000000   clock source latency
     1    0.059439    0.203180    0.147358    0.147358 ^ HCLK (in)
                                                         HCLK (net)
                      0.204534    0.000000    0.147358 ^ clkbuf_0_HCLK/A (sky130_fd_sc_hd__clkbuf_16)
     5    0.134022    0.114650    0.179325    0.326684 ^ clkbuf_0_HCLK/X (sky130_fd_sc_hd__clkbuf_16)
                                                         clknet_0_HCLK (net)
                      0.116959    0.012824    0.339507 ^ clkbuf_2_0_0_HCLK/A (sky130_fd_sc_hd__clkbuf_8)
     2    0.040129    0.062153    0.129216    0.468723 ^ clkbuf_2_0_0_HCLK/X (sky130_fd_sc_hd__clkbuf_8)
                                                         clknet_2_0_0_HCLK (net)
                      0.062464    0.003471    0.472194 ^ clkbuf_3_1__f_HCLK/A (sky130_fd_sc_hd__clkbuf_16)
     7    0.035580    0.041831    0.102191    0.574385 ^ clkbuf_3_1__f_HCLK/X (sky130_fd_sc_hd__clkbuf_16)
                                                         clknet_3_1__leaf_HCLK (net)
                      0.042394    0.003566    0.577951 ^ _212_/CLK (sky130_fd_sc_hd__dfrtp_1)
                                  0.250000    0.827951   clock uncertainty
                                  0.000000    0.827951   clock reconvergence pessimism
                                  0.234192    1.062143   library removal time
                                              1.062143   data required time
---------------------------------------------------------------------------------------------
                                              1.062143   data required time
                                             -2.669118   data arrival time
---------------------------------------------------------------------------------------------
                                              1.606975   slack (MET)


Startpoint: HRESETn (input port clocked by HCLK)
Endpoint: _168_ (removal check against rising-edge clock HCLK)
Path Group: asynchronous
Path Type: min

Fanout         Cap        Slew       Delay        Time   Description
---------------------------------------------------------------------------------------------
                                  0.000000    0.000000   clock HCLK (rise edge)
                                  0.000000    0.000000   clock network delay (propagated)
                                  2.000000    2.000000 ^ input external delay
     1    0.003025    0.014720    0.007830    2.007830 ^ HRESETn (in)
                                                         HRESETn (net)
                      0.014725    0.000000    2.007830 ^ input34/A (sky130_fd_sc_hd__buf_1)
     1    0.011183    0.102625    0.096864    2.104694 ^ input34/X (sky130_fd_sc_hd__buf_1)
                                                         net34 (net)
                      0.102628    0.000503    2.105197 ^ fanout192/A (sky130_fd_sc_hd__buf_8)
     6    0.134527    0.162201    0.147786    2.252983 ^ fanout192/X (sky130_fd_sc_hd__buf_8)
                                                         net192 (net)
                      0.176363    0.035785    2.288768 ^ fanout187/A (sky130_fd_sc_hd__buf_8)
     6    0.151222    0.185463    0.173946    2.462715 ^ fanout187/X (sky130_fd_sc_hd__buf_8)
                                                         net187 (net)
                      0.188730    0.019726    2.482440 ^ fanout186/A (sky130_fd_sc_hd__clkbuf_4)
    10    0.045094    0.108311    0.178761    2.661201 ^ fanout186/X (sky130_fd_sc_hd__clkbuf_4)
                                                         net186 (net)
                      0.108314    0.000766    2.661967 ^ _168_/RESET_B (sky130_fd_sc_hd__dfrtp_1)
                                              2.661967   data arrival time

                                  0.000000    0.000000   clock HCLK (rise edge)
                                  0.000000    0.000000   clock source latency
     1    0.059439    0.203180    0.147358    0.147358 ^ HCLK (in)
                                                         HCLK (net)
                      0.204534    0.000000    0.147358 ^ clkbuf_0_HCLK/A (sky130_fd_sc_hd__clkbuf_16)
     5    0.134022    0.114650    0.179325    0.326684 ^ clkbuf_0_HCLK/X (sky130_fd_sc_hd__clkbuf_16)
                                                         clknet_0_HCLK (net)
                      0.117120    0.013264    0.339947 ^ clkbuf_2_1_0_HCLK/A (sky130_fd_sc_hd__clkbuf_8)
     2    0.036936    0.058213    0.125711    0.465659 ^ clkbuf_2_1_0_HCLK/X (sky130_fd_sc_hd__clkbuf_8)
                                                         clknet_2_1_0_HCLK (net)
                      0.058761    0.004422    0.470081 ^ clkbuf_3_2__f_HCLK/A (sky130_fd_sc_hd__clkbuf_16)
    10    0.036695    0.042800    0.102531    0.572612 ^ clkbuf_3_2__f_HCLK/X (sky130_fd_sc_hd__clkbuf_16)
                                                         clknet_3_2__leaf_HCLK (net)
                      0.043042    0.002122    0.574733 ^ _168_/CLK (sky130_fd_sc_hd__dfrtp_1)
                                  0.250000    0.824733   clock uncertainty
                                  0.000000    0.824733   clock reconvergence pessimism
                                  0.218882    1.043615   library removal time
                                              1.043615   data required time
---------------------------------------------------------------------------------------------
                                              1.043615   data required time
                                             -2.661967   data arrival time
---------------------------------------------------------------------------------------------
                                              1.618351   slack (MET)


Startpoint: HRESETn (input port clocked by HCLK)
Endpoint: _175_ (removal check against rising-edge clock HCLK)
Path Group: asynchronous
Path Type: min

Fanout         Cap        Slew       Delay        Time   Description
---------------------------------------------------------------------------------------------
                                  0.000000    0.000000   clock HCLK (rise edge)
                                  0.000000    0.000000   clock network delay (propagated)
                                  2.000000    2.000000 ^ input external delay
     1    0.003025    0.014720    0.007830    2.007830 ^ HRESETn (in)
                                                         HRESETn (net)
                      0.014725    0.000000    2.007830 ^ input34/A (sky130_fd_sc_hd__buf_1)
     1    0.011183    0.102625    0.096864    2.104694 ^ input34/X (sky130_fd_sc_hd__buf_1)
                                                         net34 (net)
                      0.102628    0.000503    2.105197 ^ fanout192/A (sky130_fd_sc_hd__buf_8)
     6    0.134527    0.162201    0.147786    2.252983 ^ fanout192/X (sky130_fd_sc_hd__buf_8)
                                                         net192 (net)
                      0.176363    0.035785    2.288768 ^ fanout187/A (sky130_fd_sc_hd__buf_8)
     6    0.151222    0.185463    0.173946    2.462715 ^ fanout187/X (sky130_fd_sc_hd__buf_8)
                                                         net187 (net)
                      0.188730    0.019726    2.482440 ^ fanout186/A (sky130_fd_sc_hd__clkbuf_4)
    10    0.045094    0.108311    0.178761    2.661201 ^ fanout186/X (sky130_fd_sc_hd__clkbuf_4)
                                                         net186 (net)
                      0.108319    0.001055    2.662256 ^ _175_/RESET_B (sky130_fd_sc_hd__dfrtp_1)
                                              2.662256   data arrival time

                                  0.000000    0.000000   clock HCLK (rise edge)
                                  0.000000    0.000000   clock source latency
     1    0.059439    0.203180    0.147358    0.147358 ^ HCLK (in)
                                                         HCLK (net)
                      0.204534    0.000000    0.147358 ^ clkbuf_0_HCLK/A (sky130_fd_sc_hd__clkbuf_16)
     5    0.134022    0.114650    0.179325    0.326684 ^ clkbuf_0_HCLK/X (sky130_fd_sc_hd__clkbuf_16)
                                                         clknet_0_HCLK (net)
                      0.117120    0.013264    0.339947 ^ clkbuf_2_1_0_HCLK/A (sky130_fd_sc_hd__clkbuf_8)
     2    0.036936    0.058213    0.125711    0.465659 ^ clkbuf_2_1_0_HCLK/X (sky130_fd_sc_hd__clkbuf_8)
                                                         clknet_2_1_0_HCLK (net)
                      0.058761    0.004422    0.470081 ^ clkbuf_3_2__f_HCLK/A (sky130_fd_sc_hd__clkbuf_16)
    10    0.036695    0.042800    0.102531    0.572612 ^ clkbuf_3_2__f_HCLK/X (sky130_fd_sc_hd__clkbuf_16)
                                                         clknet_3_2__leaf_HCLK (net)
                      0.043033    0.002050    0.574661 ^ _175_/CLK (sky130_fd_sc_hd__dfrtp_1)
                                  0.250000    0.824661   clock uncertainty
                                  0.000000    0.824661   clock reconvergence pessimism
                                  0.218882    1.043543   library removal time
                                              1.043543   data required time
---------------------------------------------------------------------------------------------
                                              1.043543   data required time
                                             -2.662256   data arrival time
---------------------------------------------------------------------------------------------
                                              1.618713   slack (MET)


Startpoint: HRESETn (input port clocked by HCLK)
Endpoint: _180_ (removal check against rising-edge clock HCLK)
Path Group: asynchronous
Path Type: min

Fanout         Cap        Slew       Delay        Time   Description
---------------------------------------------------------------------------------------------
                                  0.000000    0.000000   clock HCLK (rise edge)
                                  0.000000    0.000000   clock network delay (propagated)
                                  2.000000    2.000000 ^ input external delay
     1    0.003025    0.014720    0.007830    2.007830 ^ HRESETn (in)
                                                         HRESETn (net)
                      0.014725    0.000000    2.007830 ^ input34/A (sky130_fd_sc_hd__buf_1)
     1    0.011183    0.102625    0.096864    2.104694 ^ input34/X (sky130_fd_sc_hd__buf_1)
                                                         net34 (net)
                      0.102628    0.000503    2.105197 ^ fanout192/A (sky130_fd_sc_hd__buf_8)
     6    0.134527    0.162201    0.147786    2.252983 ^ fanout192/X (sky130_fd_sc_hd__buf_8)
                                                         net192 (net)
                      0.176363    0.035785    2.288768 ^ fanout187/A (sky130_fd_sc_hd__buf_8)
     6    0.151222    0.185463    0.173946    2.462715 ^ fanout187/X (sky130_fd_sc_hd__buf_8)
                                                         net187 (net)
                      0.188730    0.019726    2.482440 ^ fanout186/A (sky130_fd_sc_hd__clkbuf_4)
    10    0.045094    0.108311    0.178761    2.661201 ^ fanout186/X (sky130_fd_sc_hd__clkbuf_4)
                                                         net186 (net)
                      0.108323    0.001236    2.662437 ^ _180_/RESET_B (sky130_fd_sc_hd__dfrtp_1)
                                              2.662437   data arrival time

                                  0.000000    0.000000   clock HCLK (rise edge)
                                  0.000000    0.000000   clock source latency
     1    0.059439    0.203180    0.147358    0.147358 ^ HCLK (in)
                                                         HCLK (net)
                      0.204534    0.000000    0.147358 ^ clkbuf_0_HCLK/A (sky130_fd_sc_hd__clkbuf_16)
     5    0.134022    0.114650    0.179325    0.326684 ^ clkbuf_0_HCLK/X (sky130_fd_sc_hd__clkbuf_16)
                                                         clknet_0_HCLK (net)
                      0.117120    0.013264    0.339947 ^ clkbuf_2_1_0_HCLK/A (sky130_fd_sc_hd__clkbuf_8)
     2    0.036936    0.058213    0.125711    0.465659 ^ clkbuf_2_1_0_HCLK/X (sky130_fd_sc_hd__clkbuf_8)
                                                         clknet_2_1_0_HCLK (net)
                      0.058761    0.004422    0.470081 ^ clkbuf_3_2__f_HCLK/A (sky130_fd_sc_hd__clkbuf_16)
    10    0.036695    0.042800    0.102531    0.572612 ^ clkbuf_3_2__f_HCLK/X (sky130_fd_sc_hd__clkbuf_16)
                                                         clknet_3_2__leaf_HCLK (net)
                      0.043025    0.001989    0.574601 ^ _180_/CLK (sky130_fd_sc_hd__dfrtp_1)
                                  0.250000    0.824601   clock uncertainty
                                  0.000000    0.824601   clock reconvergence pessimism
                                  0.218882    1.043483   library removal time
                                              1.043483   data required time
---------------------------------------------------------------------------------------------
                                              1.043483   data required time
                                             -2.662437   data arrival time
---------------------------------------------------------------------------------------------
                                              1.618954   slack (MET)


Startpoint: HRESETn (input port clocked by HCLK)
Endpoint: _159_ (removal check against rising-edge clock HCLK)
Path Group: asynchronous
Path Type: min

Fanout         Cap        Slew       Delay        Time   Description
---------------------------------------------------------------------------------------------
                                  0.000000    0.000000   clock HCLK (rise edge)
                                  0.000000    0.000000   clock network delay (propagated)
                                  2.000000    2.000000 ^ input external delay
     1    0.003025    0.014720    0.007830    2.007830 ^ HRESETn (in)
                                                         HRESETn (net)
                      0.014725    0.000000    2.007830 ^ input34/A (sky130_fd_sc_hd__buf_1)
     1    0.011183    0.102625    0.096864    2.104694 ^ input34/X (sky130_fd_sc_hd__buf_1)
                                                         net34 (net)
                      0.102628    0.000503    2.105197 ^ fanout192/A (sky130_fd_sc_hd__buf_8)
     6    0.134527    0.162201    0.147786    2.252983 ^ fanout192/X (sky130_fd_sc_hd__buf_8)
                                                         net192 (net)
                      0.176363    0.035785    2.288768 ^ fanout187/A (sky130_fd_sc_hd__buf_8)
     6    0.151222    0.185463    0.173946    2.462715 ^ fanout187/X (sky130_fd_sc_hd__buf_8)
                                                         net187 (net)
                      0.188730    0.019726    2.482440 ^ fanout186/A (sky130_fd_sc_hd__clkbuf_4)
    10    0.045094    0.108311    0.178761    2.661201 ^ fanout186/X (sky130_fd_sc_hd__clkbuf_4)
                                                         net186 (net)
                      0.108336    0.001634    2.662835 ^ _159_/RESET_B (sky130_fd_sc_hd__dfrtp_1)
                                              2.662835   data arrival time

                                  0.000000    0.000000   clock HCLK (rise edge)
                                  0.000000    0.000000   clock source latency
     1    0.059439    0.203180    0.147358    0.147358 ^ HCLK (in)
                                                         HCLK (net)
                      0.204534    0.000000    0.147358 ^ clkbuf_0_HCLK/A (sky130_fd_sc_hd__clkbuf_16)
     5    0.134022    0.114650    0.179325    0.326684 ^ clkbuf_0_HCLK/X (sky130_fd_sc_hd__clkbuf_16)
                                                         clknet_0_HCLK (net)
                      0.117120    0.013264    0.339947 ^ clkbuf_2_1_0_HCLK/A (sky130_fd_sc_hd__clkbuf_8)
     2    0.036936    0.058213    0.125711    0.465659 ^ clkbuf_2_1_0_HCLK/X (sky130_fd_sc_hd__clkbuf_8)
                                                         clknet_2_1_0_HCLK (net)
                      0.058761    0.004422    0.470081 ^ clkbuf_3_2__f_HCLK/A (sky130_fd_sc_hd__clkbuf_16)
    10    0.036695    0.042800    0.102531    0.572612 ^ clkbuf_3_2__f_HCLK/X (sky130_fd_sc_hd__clkbuf_16)
                                                         clknet_3_2__leaf_HCLK (net)
                      0.043000    0.001787    0.574399 ^ _159_/CLK (sky130_fd_sc_hd__dfrtp_1)
                                  0.250000    0.824399   clock uncertainty
                                  0.000000    0.824399   clock reconvergence pessimism
                                  0.218882    1.043281   library removal time
                                              1.043281   data required time
---------------------------------------------------------------------------------------------
                                              1.043281   data required time
                                             -2.662835   data arrival time
---------------------------------------------------------------------------------------------
                                              1.619555   slack (MET)


Startpoint: HRESETn (input port clocked by HCLK)
Endpoint: _157_ (removal check against rising-edge clock HCLK)
Path Group: asynchronous
Path Type: min

Fanout         Cap        Slew       Delay        Time   Description
---------------------------------------------------------------------------------------------
                                  0.000000    0.000000   clock HCLK (rise edge)
                                  0.000000    0.000000   clock network delay (propagated)
                                  2.000000    2.000000 ^ input external delay
     1    0.003025    0.014720    0.007830    2.007830 ^ HRESETn (in)
                                                         HRESETn (net)
                      0.014725    0.000000    2.007830 ^ input34/A (sky130_fd_sc_hd__buf_1)
     1    0.011183    0.102625    0.096864    2.104694 ^ input34/X (sky130_fd_sc_hd__buf_1)
                                                         net34 (net)
                      0.102628    0.000503    2.105197 ^ fanout192/A (sky130_fd_sc_hd__buf_8)
     6    0.134527    0.162201    0.147786    2.252983 ^ fanout192/X (sky130_fd_sc_hd__buf_8)
                                                         net192 (net)
                      0.176363    0.035785    2.288768 ^ fanout187/A (sky130_fd_sc_hd__buf_8)
     6    0.151222    0.185463    0.173946    2.462715 ^ fanout187/X (sky130_fd_sc_hd__buf_8)
                                                         net187 (net)
                      0.188730    0.019726    2.482440 ^ fanout186/A (sky130_fd_sc_hd__clkbuf_4)
    10    0.045094    0.108311    0.178761    2.661201 ^ fanout186/X (sky130_fd_sc_hd__clkbuf_4)
                                                         net186 (net)
                      0.108344    0.001823    2.663024 ^ _157_/RESET_B (sky130_fd_sc_hd__dfrtp_1)
                                              2.663024   data arrival time

                                  0.000000    0.000000   clock HCLK (rise edge)
                                  0.000000    0.000000   clock source latency
     1    0.059439    0.203180    0.147358    0.147358 ^ HCLK (in)
                                                         HCLK (net)
                      0.204534    0.000000    0.147358 ^ clkbuf_0_HCLK/A (sky130_fd_sc_hd__clkbuf_16)
     5    0.134022    0.114650    0.179325    0.326684 ^ clkbuf_0_HCLK/X (sky130_fd_sc_hd__clkbuf_16)
                                                         clknet_0_HCLK (net)
                      0.117120    0.013264    0.339947 ^ clkbuf_2_1_0_HCLK/A (sky130_fd_sc_hd__clkbuf_8)
     2    0.036936    0.058213    0.125711    0.465659 ^ clkbuf_2_1_0_HCLK/X (sky130_fd_sc_hd__clkbuf_8)
                                                         clknet_2_1_0_HCLK (net)
                      0.058761    0.004422    0.470081 ^ clkbuf_3_2__f_HCLK/A (sky130_fd_sc_hd__clkbuf_16)
    10    0.036695    0.042800    0.102531    0.572612 ^ clkbuf_3_2__f_HCLK/X (sky130_fd_sc_hd__clkbuf_16)
                                                         clknet_3_2__leaf_HCLK (net)
                      0.042982    0.001634    0.574245 ^ _157_/CLK (sky130_fd_sc_hd__dfrtp_1)
                                  0.250000    0.824245   clock uncertainty
                                  0.000000    0.824245   clock reconvergence pessimism
                                  0.218882    1.043127   library removal time
                                              1.043127   data required time
---------------------------------------------------------------------------------------------
                                              1.043127   data required time
                                             -2.663024   data arrival time
---------------------------------------------------------------------------------------------
                                              1.619897   slack (MET)


Startpoint: HRESETn (input port clocked by HCLK)
Endpoint: _189_ (removal check against rising-edge clock HCLK)
Path Group: asynchronous
Path Type: min

Fanout         Cap        Slew       Delay        Time   Description
---------------------------------------------------------------------------------------------
                                  0.000000    0.000000   clock HCLK (rise edge)
                                  0.000000    0.000000   clock network delay (propagated)
                                  2.000000    2.000000 ^ input external delay
     1    0.003025    0.014720    0.007830    2.007830 ^ HRESETn (in)
                                                         HRESETn (net)
                      0.014725    0.000000    2.007830 ^ input34/A (sky130_fd_sc_hd__buf_1)
     1    0.011183    0.102625    0.096864    2.104694 ^ input34/X (sky130_fd_sc_hd__buf_1)
                                                         net34 (net)
                      0.102628    0.000503    2.105197 ^ fanout192/A (sky130_fd_sc_hd__buf_8)
     6    0.134527    0.162201    0.147786    2.252983 ^ fanout192/X (sky130_fd_sc_hd__buf_8)
                                                         net192 (net)
                      0.176363    0.035785    2.288768 ^ fanout187/A (sky130_fd_sc_hd__buf_8)
     6    0.151222    0.185463    0.173946    2.462715 ^ fanout187/X (sky130_fd_sc_hd__buf_8)
                                                         net187 (net)
                      0.188730    0.019726    2.482440 ^ fanout186/A (sky130_fd_sc_hd__clkbuf_4)
    10    0.045094    0.108311    0.178761    2.661201 ^ fanout186/X (sky130_fd_sc_hd__clkbuf_4)
                                                         net186 (net)
                      0.108410    0.002021    2.663222 ^ _189_/RESET_B (sky130_fd_sc_hd__dfrtp_1)
                                              2.663222   data arrival time

                                  0.000000    0.000000   clock HCLK (rise edge)
                                  0.000000    0.000000   clock source latency
     1    0.059439    0.203180    0.147358    0.147358 ^ HCLK (in)
                                                         HCLK (net)
                      0.204534    0.000000    0.147358 ^ clkbuf_0_HCLK/A (sky130_fd_sc_hd__clkbuf_16)
     5    0.134022    0.114650    0.179325    0.326684 ^ clkbuf_0_HCLK/X (sky130_fd_sc_hd__clkbuf_16)
                                                         clknet_0_HCLK (net)
                      0.117120    0.013264    0.339947 ^ clkbuf_2_1_0_HCLK/A (sky130_fd_sc_hd__clkbuf_8)
     2    0.036936    0.058213    0.125711    0.465659 ^ clkbuf_2_1_0_HCLK/X (sky130_fd_sc_hd__clkbuf_8)
                                                         clknet_2_1_0_HCLK (net)
                      0.058761    0.004422    0.470081 ^ clkbuf_3_2__f_HCLK/A (sky130_fd_sc_hd__clkbuf_16)
    10    0.036695    0.042800    0.102531    0.572612 ^ clkbuf_3_2__f_HCLK/X (sky130_fd_sc_hd__clkbuf_16)
                                                         clknet_3_2__leaf_HCLK (net)
                      0.042974    0.001563    0.574175 ^ _189_/CLK (sky130_fd_sc_hd__dfrtp_1)
                                  0.250000    0.824175   clock uncertainty
                                  0.000000    0.824175   clock reconvergence pessimism
                                  0.218898    1.043073   library removal time
                                              1.043073   data required time
---------------------------------------------------------------------------------------------
                                              1.043073   data required time
                                             -2.663222   data arrival time
---------------------------------------------------------------------------------------------
                                              1.620149   slack (MET)


Startpoint: HRESETn (input port clocked by HCLK)
Endpoint: _178_ (removal check against rising-edge clock HCLK)
Path Group: asynchronous
Path Type: min

Fanout         Cap        Slew       Delay        Time   Description
---------------------------------------------------------------------------------------------
                                  0.000000    0.000000   clock HCLK (rise edge)
                                  0.000000    0.000000   clock network delay (propagated)
                                  2.000000    2.000000 ^ input external delay
     1    0.003025    0.014720    0.007830    2.007830 ^ HRESETn (in)
                                                         HRESETn (net)
                      0.014725    0.000000    2.007830 ^ input34/A (sky130_fd_sc_hd__buf_1)
     1    0.011183    0.102625    0.096864    2.104694 ^ input34/X (sky130_fd_sc_hd__buf_1)
                                                         net34 (net)
                      0.102628    0.000503    2.105197 ^ fanout192/A (sky130_fd_sc_hd__buf_8)
     6    0.134527    0.162201    0.147786    2.252983 ^ fanout192/X (sky130_fd_sc_hd__buf_8)
                                                         net192 (net)
                      0.176363    0.035785    2.288768 ^ fanout187/A (sky130_fd_sc_hd__buf_8)
     6    0.151222    0.185463    0.173946    2.462715 ^ fanout187/X (sky130_fd_sc_hd__buf_8)
                                                         net187 (net)
                      0.188730    0.019726    2.482440 ^ fanout186/A (sky130_fd_sc_hd__clkbuf_4)
    10    0.045094    0.108311    0.178761    2.661201 ^ fanout186/X (sky130_fd_sc_hd__clkbuf_4)
                                                         net186 (net)
                      0.108349    0.001933    2.663134 ^ _178_/RESET_B (sky130_fd_sc_hd__dfrtp_1)
                                              2.663134   data arrival time

                                  0.000000    0.000000   clock HCLK (rise edge)
                                  0.000000    0.000000   clock source latency
     1    0.059439    0.203180    0.147358    0.147358 ^ HCLK (in)
                                                         HCLK (net)
                      0.204534    0.000000    0.147358 ^ clkbuf_0_HCLK/A (sky130_fd_sc_hd__clkbuf_16)
     5    0.134022    0.114650    0.179325    0.326684 ^ clkbuf_0_HCLK/X (sky130_fd_sc_hd__clkbuf_16)
                                                         clknet_0_HCLK (net)
                      0.117120    0.013264    0.339947 ^ clkbuf_2_1_0_HCLK/A (sky130_fd_sc_hd__clkbuf_8)
     2    0.036936    0.058213    0.125711    0.465659 ^ clkbuf_2_1_0_HCLK/X (sky130_fd_sc_hd__clkbuf_8)
                                                         clknet_2_1_0_HCLK (net)
                      0.058761    0.004422    0.470081 ^ clkbuf_3_2__f_HCLK/A (sky130_fd_sc_hd__clkbuf_16)
    10    0.036695    0.042800    0.102531    0.572612 ^ clkbuf_3_2__f_HCLK/X (sky130_fd_sc_hd__clkbuf_16)
                                                         clknet_3_2__leaf_HCLK (net)
                      0.042957    0.001412    0.574023 ^ _178_/CLK (sky130_fd_sc_hd__dfrtp_1)
                                  0.250000    0.824023   clock uncertainty
                                  0.000000    0.824023   clock reconvergence pessimism
                                  0.218880    1.042903   library removal time
                                              1.042903   data required time
---------------------------------------------------------------------------------------------
                                              1.042903   data required time
                                             -2.663134   data arrival time
---------------------------------------------------------------------------------------------
                                              1.620231   slack (MET)


Startpoint: HRESETn (input port clocked by HCLK)
Endpoint: _211_ (removal check against rising-edge clock HCLK)
Path Group: asynchronous
Path Type: min

Fanout         Cap        Slew       Delay        Time   Description
---------------------------------------------------------------------------------------------
                                  0.000000    0.000000   clock HCLK (rise edge)
                                  0.000000    0.000000   clock network delay (propagated)
                                  2.000000    2.000000 ^ input external delay
     1    0.003025    0.014720    0.007830    2.007830 ^ HRESETn (in)
                                                         HRESETn (net)
                      0.014725    0.000000    2.007830 ^ input34/A (sky130_fd_sc_hd__buf_1)
     1    0.011183    0.102625    0.096864    2.104694 ^ input34/X (sky130_fd_sc_hd__buf_1)
                                                         net34 (net)
                      0.102628    0.000503    2.105197 ^ fanout192/A (sky130_fd_sc_hd__buf_8)
     6    0.134527    0.162201    0.147786    2.252983 ^ fanout192/X (sky130_fd_sc_hd__buf_8)
                                                         net192 (net)
                      0.176363    0.035785    2.288768 ^ fanout187/A (sky130_fd_sc_hd__buf_8)
     6    0.151222    0.185463    0.173946    2.462715 ^ fanout187/X (sky130_fd_sc_hd__buf_8)
                                                         net187 (net)
                      0.188730    0.019726    2.482440 ^ fanout186/A (sky130_fd_sc_hd__clkbuf_4)
    10    0.045094    0.108311    0.178761    2.661201 ^ fanout186/X (sky130_fd_sc_hd__clkbuf_4)
                                                         net186 (net)
                      0.108416    0.002124    2.663325 ^ _211_/RESET_B (sky130_fd_sc_hd__dfrtp_1)
                                              2.663325   data arrival time

                                  0.000000    0.000000   clock HCLK (rise edge)
                                  0.000000    0.000000   clock source latency
     1    0.059439    0.203180    0.147358    0.147358 ^ HCLK (in)
                                                         HCLK (net)
                      0.204534    0.000000    0.147358 ^ clkbuf_0_HCLK/A (sky130_fd_sc_hd__clkbuf_16)
     5    0.134022    0.114650    0.179325    0.326684 ^ clkbuf_0_HCLK/X (sky130_fd_sc_hd__clkbuf_16)
                                                         clknet_0_HCLK (net)
                      0.117120    0.013264    0.339947 ^ clkbuf_2_1_0_HCLK/A (sky130_fd_sc_hd__clkbuf_8)
     2    0.036936    0.058213    0.125711    0.465659 ^ clkbuf_2_1_0_HCLK/X (sky130_fd_sc_hd__clkbuf_8)
                                                         clknet_2_1_0_HCLK (net)
                      0.058723    0.004261    0.469920 ^ clkbuf_3_3__f_HCLK/A (sky130_fd_sc_hd__clkbuf_16)
    10    0.027954    0.036768    0.097675    0.567595 ^ clkbuf_3_3__f_HCLK/X (sky130_fd_sc_hd__clkbuf_16)
                                                         clknet_3_3__leaf_HCLK (net)
                      0.036782    0.000643    0.568238 ^ _211_/CLK (sky130_fd_sc_hd__dfrtp_1)
                                  0.250000    0.818238   clock uncertainty
                                  0.000000    0.818238   clock reconvergence pessimism
                                  0.218053    1.036290   library removal time
                                              1.036290   data required time
---------------------------------------------------------------------------------------------
                                              1.036290   data required time
                                             -2.663325   data arrival time
---------------------------------------------------------------------------------------------
                                              1.627035   slack (MET)


Startpoint: HRESETn (input port clocked by HCLK)
Endpoint: _166_ (removal check against rising-edge clock HCLK)
Path Group: asynchronous
Path Type: min

Fanout         Cap        Slew       Delay        Time   Description
---------------------------------------------------------------------------------------------
                                  0.000000    0.000000   clock HCLK (rise edge)
                                  0.000000    0.000000   clock network delay (propagated)
                                  2.000000    2.000000 ^ input external delay
     1    0.003025    0.014720    0.007830    2.007830 ^ HRESETn (in)
                                                         HRESETn (net)
                      0.014725    0.000000    2.007830 ^ input34/A (sky130_fd_sc_hd__buf_1)
     1    0.011183    0.102625    0.096864    2.104694 ^ input34/X (sky130_fd_sc_hd__buf_1)
                                                         net34 (net)
                      0.102628    0.000503    2.105197 ^ fanout192/A (sky130_fd_sc_hd__buf_8)
     6    0.134527    0.162201    0.147786    2.252983 ^ fanout192/X (sky130_fd_sc_hd__buf_8)
                                                         net192 (net)
                      0.176363    0.035785    2.288768 ^ fanout187/A (sky130_fd_sc_hd__buf_8)
     6    0.151222    0.185463    0.173946    2.462715 ^ fanout187/X (sky130_fd_sc_hd__buf_8)
                                                         net187 (net)
                      0.188730    0.019726    2.482440 ^ fanout186/A (sky130_fd_sc_hd__clkbuf_4)
    10    0.045094    0.108311    0.178761    2.661201 ^ fanout186/X (sky130_fd_sc_hd__clkbuf_4)
                                                         net186 (net)
                      0.108422    0.002210    2.663411 ^ _166_/RESET_B (sky130_fd_sc_hd__dfrtp_1)
                                              2.663411   data arrival time

                                  0.000000    0.000000   clock HCLK (rise edge)
                                  0.000000    0.000000   clock source latency
     1    0.059439    0.203180    0.147358    0.147358 ^ HCLK (in)
                                                         HCLK (net)
                      0.204534    0.000000    0.147358 ^ clkbuf_0_HCLK/A (sky130_fd_sc_hd__clkbuf_16)
     5    0.134022    0.114650    0.179325    0.326684 ^ clkbuf_0_HCLK/X (sky130_fd_sc_hd__clkbuf_16)
                                                         clknet_0_HCLK (net)
                      0.117120    0.013264    0.339947 ^ clkbuf_2_1_0_HCLK/A (sky130_fd_sc_hd__clkbuf_8)
     2    0.036936    0.058213    0.125711    0.465659 ^ clkbuf_2_1_0_HCLK/X (sky130_fd_sc_hd__clkbuf_8)
                                                         clknet_2_1_0_HCLK (net)
                      0.058723    0.004261    0.469920 ^ clkbuf_3_3__f_HCLK/A (sky130_fd_sc_hd__clkbuf_16)
    10    0.027954    0.036768    0.097675    0.567595 ^ clkbuf_3_3__f_HCLK/X (sky130_fd_sc_hd__clkbuf_16)
                                                         clknet_3_3__leaf_HCLK (net)
                      0.036780    0.000610    0.568205 ^ _166_/CLK (sky130_fd_sc_hd__dfrtp_1)
                                  0.250000    0.818205   clock uncertainty
                                  0.000000    0.818205   clock reconvergence pessimism
                                  0.218054    1.036259   library removal time
                                              1.036259   data required time
---------------------------------------------------------------------------------------------
                                              1.036259   data required time
                                             -2.663411   data arrival time
---------------------------------------------------------------------------------------------
                                              1.627152   slack (MET)


Startpoint: HRESETn (input port clocked by HCLK)
Endpoint: _204_ (removal check against rising-edge clock HCLK)
Path Group: asynchronous
Path Type: min

Fanout         Cap        Slew       Delay        Time   Description
---------------------------------------------------------------------------------------------
                                  0.000000    0.000000   clock HCLK (rise edge)
                                  0.000000    0.000000   clock network delay (propagated)
                                  2.000000    2.000000 ^ input external delay
     1    0.003025    0.014720    0.007830    2.007830 ^ HRESETn (in)
                                                         HRESETn (net)
                      0.014725    0.000000    2.007830 ^ input34/A (sky130_fd_sc_hd__buf_1)
     1    0.011183    0.102625    0.096864    2.104694 ^ input34/X (sky130_fd_sc_hd__buf_1)
                                                         net34 (net)
                      0.102628    0.000503    2.105197 ^ fanout192/A (sky130_fd_sc_hd__buf_8)
     6    0.134527    0.162201    0.147786    2.252983 ^ fanout192/X (sky130_fd_sc_hd__buf_8)
                                                         net192 (net)
                      0.176363    0.035785    2.288768 ^ fanout187/A (sky130_fd_sc_hd__buf_8)
     6    0.151222    0.185463    0.173946    2.462715 ^ fanout187/X (sky130_fd_sc_hd__buf_8)
                                                         net187 (net)
                      0.188730    0.019726    2.482440 ^ fanout186/A (sky130_fd_sc_hd__clkbuf_4)
    10    0.045094    0.108311    0.178761    2.661201 ^ fanout186/X (sky130_fd_sc_hd__clkbuf_4)
                                                         net186 (net)
                      0.108424    0.002242    2.663443 ^ _204_/RESET_B (sky130_fd_sc_hd__dfrtp_1)
                                              2.663443   data arrival time

                                  0.000000    0.000000   clock HCLK (rise edge)
                                  0.000000    0.000000   clock source latency
     1    0.059439    0.203180    0.147358    0.147358 ^ HCLK (in)
                                                         HCLK (net)
                      0.204534    0.000000    0.147358 ^ clkbuf_0_HCLK/A (sky130_fd_sc_hd__clkbuf_16)
     5    0.134022    0.114650    0.179325    0.326684 ^ clkbuf_0_HCLK/X (sky130_fd_sc_hd__clkbuf_16)
                                                         clknet_0_HCLK (net)
                      0.117120    0.013264    0.339947 ^ clkbuf_2_1_0_HCLK/A (sky130_fd_sc_hd__clkbuf_8)
     2    0.036936    0.058213    0.125711    0.465659 ^ clkbuf_2_1_0_HCLK/X (sky130_fd_sc_hd__clkbuf_8)
                                                         clknet_2_1_0_HCLK (net)
                      0.058723    0.004261    0.469920 ^ clkbuf_3_3__f_HCLK/A (sky130_fd_sc_hd__clkbuf_16)
    10    0.027954    0.036768    0.097675    0.567595 ^ clkbuf_3_3__f_HCLK/X (sky130_fd_sc_hd__clkbuf_16)
                                                         clknet_3_3__leaf_HCLK (net)
                      0.036778    0.000569    0.568164 ^ _204_/CLK (sky130_fd_sc_hd__dfrtp_1)
                                  0.250000    0.818164   clock uncertainty
                                  0.000000    0.818164   clock reconvergence pessimism
                                  0.218054    1.036218   library removal time
                                              1.036218   data required time
---------------------------------------------------------------------------------------------
                                              1.036218   data required time
                                             -2.663443   data arrival time
---------------------------------------------------------------------------------------------
                                              1.627225   slack (MET)


Startpoint: HRESETn (input port clocked by HCLK)
Endpoint: _213_ (removal check against rising-edge clock HCLK)
Path Group: asynchronous
Path Type: min

Fanout         Cap        Slew       Delay        Time   Description
---------------------------------------------------------------------------------------------
                                  0.000000    0.000000   clock HCLK (rise edge)
                                  0.000000    0.000000   clock network delay (propagated)
                                  2.000000    2.000000 ^ input external delay
     1    0.003025    0.014720    0.007830    2.007830 ^ HRESETn (in)
                                                         HRESETn (net)
                      0.014725    0.000000    2.007830 ^ input34/A (sky130_fd_sc_hd__buf_1)
     1    0.011183    0.102625    0.096864    2.104694 ^ input34/X (sky130_fd_sc_hd__buf_1)
                                                         net34 (net)
                      0.102628    0.000503    2.105197 ^ fanout192/A (sky130_fd_sc_hd__buf_8)
     6    0.134527    0.162201    0.147786    2.252983 ^ fanout192/X (sky130_fd_sc_hd__buf_8)
                                                         net192 (net)
                      0.176363    0.035785    2.288768 ^ fanout187/A (sky130_fd_sc_hd__buf_8)
     6    0.151222    0.185463    0.173946    2.462715 ^ fanout187/X (sky130_fd_sc_hd__buf_8)
                                                         net187 (net)
                      0.195771    0.034041    2.496756 ^ fanout185/A (sky130_fd_sc_hd__buf_8)
    11    0.136028    0.166400    0.160778    2.657534 ^ fanout185/X (sky130_fd_sc_hd__buf_8)
                                                         net185 (net)
                      0.186746    0.044561    2.702095 ^ _213_/RESET_B (sky130_fd_sc_hd__dfrtp_1)
                                              2.702095   data arrival time

                                  0.000000    0.000000   clock HCLK (rise edge)
                                  0.000000    0.000000   clock source latency
     1    0.059439    0.203180    0.147358    0.147358 ^ HCLK (in)
                                                         HCLK (net)
                      0.204534    0.000000    0.147358 ^ clkbuf_0_HCLK/A (sky130_fd_sc_hd__clkbuf_16)
     5    0.134022    0.114650    0.179325    0.326684 ^ clkbuf_0_HCLK/X (sky130_fd_sc_hd__clkbuf_16)
                                                         clknet_0_HCLK (net)
                      0.117120    0.013264    0.339947 ^ clkbuf_2_1_0_HCLK/A (sky130_fd_sc_hd__clkbuf_8)
     2    0.036936    0.058213    0.125711    0.465659 ^ clkbuf_2_1_0_HCLK/X (sky130_fd_sc_hd__clkbuf_8)
                                                         clknet_2_1_0_HCLK (net)
                      0.058723    0.004261    0.469920 ^ clkbuf_3_3__f_HCLK/A (sky130_fd_sc_hd__clkbuf_16)
    10    0.027954    0.036768    0.097675    0.567595 ^ clkbuf_3_3__f_HCLK/X (sky130_fd_sc_hd__clkbuf_16)
                                                         clknet_3_3__leaf_HCLK (net)
                      0.036775    0.000481    0.568076 ^ _213_/CLK (sky130_fd_sc_hd__dfrtp_1)
                                  0.250000    0.818076   clock uncertainty
                                  0.000000    0.818076   clock reconvergence pessimism
                                  0.238413    1.056489   library removal time
                                              1.056489   data required time
---------------------------------------------------------------------------------------------
                                              1.056489   data required time
                                             -2.702095   data arrival time
---------------------------------------------------------------------------------------------
                                              1.645606   slack (MET)


Startpoint: HRESETn (input port clocked by HCLK)
Endpoint: _207_ (removal check against rising-edge clock HCLK)
Path Group: asynchronous
Path Type: min

Fanout         Cap        Slew       Delay        Time   Description
---------------------------------------------------------------------------------------------
                                  0.000000    0.000000   clock HCLK (rise edge)
                                  0.000000    0.000000   clock network delay (propagated)
                                  2.000000    2.000000 ^ input external delay
     1    0.003025    0.014720    0.007830    2.007830 ^ HRESETn (in)
                                                         HRESETn (net)
                      0.014725    0.000000    2.007830 ^ input34/A (sky130_fd_sc_hd__buf_1)
     1    0.011183    0.102625    0.096864    2.104694 ^ input34/X (sky130_fd_sc_hd__buf_1)
                                                         net34 (net)
                      0.102628    0.000503    2.105197 ^ fanout192/A (sky130_fd_sc_hd__buf_8)
     6    0.134527    0.162201    0.147786    2.252983 ^ fanout192/X (sky130_fd_sc_hd__buf_8)
                                                         net192 (net)
                      0.176363    0.035785    2.288768 ^ fanout187/A (sky130_fd_sc_hd__buf_8)
     6    0.151222    0.185463    0.173946    2.462715 ^ fanout187/X (sky130_fd_sc_hd__buf_8)
                                                         net187 (net)
                      0.195771    0.034041    2.496756 ^ fanout185/A (sky130_fd_sc_hd__buf_8)
    11    0.136028    0.166400    0.160778    2.657534 ^ fanout185/X (sky130_fd_sc_hd__buf_8)
                                                         net185 (net)
                      0.186870    0.044702    2.702236 ^ fanout184/A (sky130_fd_sc_hd__clkbuf_4)
    10    0.045887    0.109955    0.179627    2.881862 ^ fanout184/X (sky130_fd_sc_hd__clkbuf_4)
                                                         net184 (net)
                      0.110063    0.002164    2.884027 ^ _207_/RESET_B (sky130_fd_sc_hd__dfrtp_1)
                                              2.884027   data arrival time

                                  0.000000    0.000000   clock HCLK (rise edge)
                                  0.000000    0.000000   clock source latency
     1    0.059439    0.203180    0.147358    0.147358 ^ HCLK (in)
                                                         HCLK (net)
                      0.204534    0.000000    0.147358 ^ clkbuf_0_HCLK/A (sky130_fd_sc_hd__clkbuf_16)
     5    0.134022    0.114650    0.179325    0.326684 ^ clkbuf_0_HCLK/X (sky130_fd_sc_hd__clkbuf_16)
                                                         clknet_0_HCLK (net)
                      0.116959    0.012824    0.339507 ^ clkbuf_2_0_0_HCLK/A (sky130_fd_sc_hd__clkbuf_8)
     2    0.040129    0.062153    0.129216    0.468723 ^ clkbuf_2_0_0_HCLK/X (sky130_fd_sc_hd__clkbuf_8)
                                                         clknet_2_0_0_HCLK (net)
                      0.062259    0.002040    0.470762 ^ clkbuf_3_0__f_HCLK/A (sky130_fd_sc_hd__clkbuf_16)
     8    0.097836    0.087373    0.134038    0.604801 ^ clkbuf_3_0__f_HCLK/X (sky130_fd_sc_hd__clkbuf_16)
                                                         clknet_3_0__leaf_HCLK (net)
                      0.089244    0.010109    0.614910 ^ _207_/CLK (sky130_fd_sc_hd__dfrtp_1)
                                  0.250000    0.864910   clock uncertainty
                                  0.000000    0.864910   clock reconvergence pessimism
                                  0.225653    1.090563   library removal time
                                              1.090563   data required time
---------------------------------------------------------------------------------------------
                                              1.090563   data required time
                                             -2.884027   data arrival time
---------------------------------------------------------------------------------------------
                                              1.793464   slack (MET)


Startpoint: HRESETn (input port clocked by HCLK)
Endpoint: _172_ (removal check against rising-edge clock HCLK)
Path Group: asynchronous
Path Type: min

Fanout         Cap        Slew       Delay        Time   Description
---------------------------------------------------------------------------------------------
                                  0.000000    0.000000   clock HCLK (rise edge)
                                  0.000000    0.000000   clock network delay (propagated)
                                  2.000000    2.000000 ^ input external delay
     1    0.003025    0.014720    0.007830    2.007830 ^ HRESETn (in)
                                                         HRESETn (net)
                      0.014725    0.000000    2.007830 ^ input34/A (sky130_fd_sc_hd__buf_1)
     1    0.011183    0.102625    0.096864    2.104694 ^ input34/X (sky130_fd_sc_hd__buf_1)
                                                         net34 (net)
                      0.102628    0.000503    2.105197 ^ fanout192/A (sky130_fd_sc_hd__buf_8)
     6    0.134527    0.162201    0.147786    2.252983 ^ fanout192/X (sky130_fd_sc_hd__buf_8)
                                                         net192 (net)
                      0.176363    0.035785    2.288768 ^ fanout187/A (sky130_fd_sc_hd__buf_8)
     6    0.151222    0.185463    0.173946    2.462715 ^ fanout187/X (sky130_fd_sc_hd__buf_8)
                                                         net187 (net)
                      0.195771    0.034041    2.496756 ^ fanout185/A (sky130_fd_sc_hd__buf_8)
    11    0.136028    0.166400    0.160778    2.657534 ^ fanout185/X (sky130_fd_sc_hd__buf_8)
                                                         net185 (net)
                      0.186870    0.044702    2.702236 ^ fanout184/A (sky130_fd_sc_hd__clkbuf_4)
    10    0.045887    0.109955    0.179627    2.881862 ^ fanout184/X (sky130_fd_sc_hd__clkbuf_4)
                                                         net184 (net)
                      0.110068    0.002254    2.884116 ^ _172_/RESET_B (sky130_fd_sc_hd__dfrtp_1)
                                              2.884116   data arrival time

                                  0.000000    0.000000   clock HCLK (rise edge)
                                  0.000000    0.000000   clock source latency
     1    0.059439    0.203180    0.147358    0.147358 ^ HCLK (in)
                                                         HCLK (net)
                      0.204534    0.000000    0.147358 ^ clkbuf_0_HCLK/A (sky130_fd_sc_hd__clkbuf_16)
     5    0.134022    0.114650    0.179325    0.326684 ^ clkbuf_0_HCLK/X (sky130_fd_sc_hd__clkbuf_16)
                                                         clknet_0_HCLK (net)
                      0.116959    0.012824    0.339507 ^ clkbuf_2_0_0_HCLK/A (sky130_fd_sc_hd__clkbuf_8)
     2    0.040129    0.062153    0.129216    0.468723 ^ clkbuf_2_0_0_HCLK/X (sky130_fd_sc_hd__clkbuf_8)
                                                         clknet_2_0_0_HCLK (net)
                      0.062259    0.002040    0.470762 ^ clkbuf_3_0__f_HCLK/A (sky130_fd_sc_hd__clkbuf_16)
     8    0.097836    0.087373    0.134038    0.604801 ^ clkbuf_3_0__f_HCLK/X (sky130_fd_sc_hd__clkbuf_16)
                                                         clknet_3_0__leaf_HCLK (net)
                      0.089236    0.010086    0.614887 ^ _172_/CLK (sky130_fd_sc_hd__dfrtp_1)
                                  0.250000    0.864887   clock uncertainty
                                  0.000000    0.864887   clock reconvergence pessimism
                                  0.225653    1.090540   library removal time
                                              1.090540   data required time
---------------------------------------------------------------------------------------------
                                              1.090540   data required time
                                             -2.884116   data arrival time
---------------------------------------------------------------------------------------------
                                              1.793576   slack (MET)


Startpoint: HRESETn (input port clocked by HCLK)
Endpoint: _177_ (removal check against rising-edge clock HCLK)
Path Group: asynchronous
Path Type: min

Fanout         Cap        Slew       Delay        Time   Description
---------------------------------------------------------------------------------------------
                                  0.000000    0.000000   clock HCLK (rise edge)
                                  0.000000    0.000000   clock network delay (propagated)
                                  2.000000    2.000000 ^ input external delay
     1    0.003025    0.014720    0.007830    2.007830 ^ HRESETn (in)
                                                         HRESETn (net)
                      0.014725    0.000000    2.007830 ^ input34/A (sky130_fd_sc_hd__buf_1)
     1    0.011183    0.102625    0.096864    2.104694 ^ input34/X (sky130_fd_sc_hd__buf_1)
                                                         net34 (net)
                      0.102628    0.000503    2.105197 ^ fanout192/A (sky130_fd_sc_hd__buf_8)
     6    0.134527    0.162201    0.147786    2.252983 ^ fanout192/X (sky130_fd_sc_hd__buf_8)
                                                         net192 (net)
                      0.176363    0.035785    2.288768 ^ fanout187/A (sky130_fd_sc_hd__buf_8)
     6    0.151222    0.185463    0.173946    2.462715 ^ fanout187/X (sky130_fd_sc_hd__buf_8)
                                                         net187 (net)
                      0.195771    0.034041    2.496756 ^ fanout185/A (sky130_fd_sc_hd__buf_8)
    11    0.136028    0.166400    0.160778    2.657534 ^ fanout185/X (sky130_fd_sc_hd__buf_8)
                                                         net185 (net)
                      0.186870    0.044702    2.702236 ^ fanout184/A (sky130_fd_sc_hd__clkbuf_4)
    10    0.045887    0.109955    0.179627    2.881862 ^ fanout184/X (sky130_fd_sc_hd__clkbuf_4)
                                                         net184 (net)
                      0.110072    0.002318    2.884180 ^ _177_/RESET_B (sky130_fd_sc_hd__dfrtp_1)
                                              2.884180   data arrival time

                                  0.000000    0.000000   clock HCLK (rise edge)
                                  0.000000    0.000000   clock source latency
     1    0.059439    0.203180    0.147358    0.147358 ^ HCLK (in)
                                                         HCLK (net)
                      0.204534    0.000000    0.147358 ^ clkbuf_0_HCLK/A (sky130_fd_sc_hd__clkbuf_16)
     5    0.134022    0.114650    0.179325    0.326684 ^ clkbuf_0_HCLK/X (sky130_fd_sc_hd__clkbuf_16)
                                                         clknet_0_HCLK (net)
                      0.116959    0.012824    0.339507 ^ clkbuf_2_0_0_HCLK/A (sky130_fd_sc_hd__clkbuf_8)
     2    0.040129    0.062153    0.129216    0.468723 ^ clkbuf_2_0_0_HCLK/X (sky130_fd_sc_hd__clkbuf_8)
                                                         clknet_2_0_0_HCLK (net)
                      0.062259    0.002040    0.470762 ^ clkbuf_3_0__f_HCLK/A (sky130_fd_sc_hd__clkbuf_16)
     8    0.097836    0.087373    0.134038    0.604801 ^ clkbuf_3_0__f_HCLK/X (sky130_fd_sc_hd__clkbuf_16)
                                                         clknet_3_0__leaf_HCLK (net)
                      0.089222    0.010049    0.614850 ^ _177_/CLK (sky130_fd_sc_hd__dfrtp_1)
                                  0.250000    0.864850   clock uncertainty
                                  0.000000    0.864850   clock reconvergence pessimism
                                  0.225653    1.090503   library removal time
                                              1.090503   data required time
---------------------------------------------------------------------------------------------
                                              1.090503   data required time
                                             -2.884180   data arrival time
---------------------------------------------------------------------------------------------
                                              1.793678   slack (MET)


Startpoint: HRESETn (input port clocked by HCLK)
Endpoint: _214_ (removal check against rising-edge clock HCLK)
Path Group: asynchronous
Path Type: min

Fanout         Cap        Slew       Delay        Time   Description
---------------------------------------------------------------------------------------------
                                  0.000000    0.000000   clock HCLK (rise edge)
                                  0.000000    0.000000   clock network delay (propagated)
                                  2.000000    2.000000 ^ input external delay
     1    0.003025    0.014720    0.007830    2.007830 ^ HRESETn (in)
                                                         HRESETn (net)
                      0.014725    0.000000    2.007830 ^ input34/A (sky130_fd_sc_hd__buf_1)
     1    0.011183    0.102625    0.096864    2.104694 ^ input34/X (sky130_fd_sc_hd__buf_1)
                                                         net34 (net)
                      0.102628    0.000503    2.105197 ^ fanout192/A (sky130_fd_sc_hd__buf_8)
     6    0.134527    0.162201    0.147786    2.252983 ^ fanout192/X (sky130_fd_sc_hd__buf_8)
                                                         net192 (net)
                      0.176363    0.035785    2.288768 ^ fanout187/A (sky130_fd_sc_hd__buf_8)
     6    0.151222    0.185463    0.173946    2.462715 ^ fanout187/X (sky130_fd_sc_hd__buf_8)
                                                         net187 (net)
                      0.195771    0.034041    2.496756 ^ fanout185/A (sky130_fd_sc_hd__buf_8)
    11    0.136028    0.166400    0.160778    2.657534 ^ fanout185/X (sky130_fd_sc_hd__buf_8)
                                                         net185 (net)
                      0.186870    0.044702    2.702236 ^ fanout184/A (sky130_fd_sc_hd__clkbuf_4)
    10    0.045887    0.109955    0.179627    2.881862 ^ fanout184/X (sky130_fd_sc_hd__clkbuf_4)
                                                         net184 (net)
                      0.110074    0.002339    2.884201 ^ _214_/RESET_B (sky130_fd_sc_hd__dfrtp_1)
                                              2.884201   data arrival time

                                  0.000000    0.000000   clock HCLK (rise edge)
                                  0.000000    0.000000   clock source latency
     1    0.059439    0.203180    0.147358    0.147358 ^ HCLK (in)
                                                         HCLK (net)
                      0.204534    0.000000    0.147358 ^ clkbuf_0_HCLK/A (sky130_fd_sc_hd__clkbuf_16)
     5    0.134022    0.114650    0.179325    0.326684 ^ clkbuf_0_HCLK/X (sky130_fd_sc_hd__clkbuf_16)
                                                         clknet_0_HCLK (net)
                      0.116959    0.012824    0.339507 ^ clkbuf_2_0_0_HCLK/A (sky130_fd_sc_hd__clkbuf_8)
     2    0.040129    0.062153    0.129216    0.468723 ^ clkbuf_2_0_0_HCLK/X (sky130_fd_sc_hd__clkbuf_8)
                                                         clknet_2_0_0_HCLK (net)
                      0.062259    0.002040    0.470762 ^ clkbuf_3_0__f_HCLK/A (sky130_fd_sc_hd__clkbuf_16)
     8    0.097836    0.087373    0.134038    0.604801 ^ clkbuf_3_0__f_HCLK/X (sky130_fd_sc_hd__clkbuf_16)
                                                         clknet_3_0__leaf_HCLK (net)
                      0.089192    0.009969    0.614769 ^ _214_/CLK (sky130_fd_sc_hd__dfrtp_1)
                                  0.250000    0.864769   clock uncertainty
                                  0.000000    0.864769   clock reconvergence pessimism
                                  0.225649    1.090418   library removal time
                                              1.090418   data required time
---------------------------------------------------------------------------------------------
                                              1.090418   data required time
                                             -2.884201   data arrival time
---------------------------------------------------------------------------------------------
                                              1.793783   slack (MET)


Startpoint: HRESETn (input port clocked by HCLK)
Endpoint: _151_ (removal check against rising-edge clock HCLK)
Path Group: asynchronous
Path Type: min

Fanout         Cap        Slew       Delay        Time   Description
---------------------------------------------------------------------------------------------
                                  0.000000    0.000000   clock HCLK (rise edge)
                                  0.000000    0.000000   clock network delay (propagated)
                                  2.000000    2.000000 ^ input external delay
     1    0.003025    0.014720    0.007830    2.007830 ^ HRESETn (in)
                                                         HRESETn (net)
                      0.014725    0.000000    2.007830 ^ input34/A (sky130_fd_sc_hd__buf_1)
     1    0.011183    0.102625    0.096864    2.104694 ^ input34/X (sky130_fd_sc_hd__buf_1)
                                                         net34 (net)
                      0.102628    0.000503    2.105197 ^ fanout192/A (sky130_fd_sc_hd__buf_8)
     6    0.134527    0.162201    0.147786    2.252983 ^ fanout192/X (sky130_fd_sc_hd__buf_8)
                                                         net192 (net)
                      0.176363    0.035785    2.288768 ^ fanout187/A (sky130_fd_sc_hd__buf_8)
     6    0.151222    0.185463    0.173946    2.462715 ^ fanout187/X (sky130_fd_sc_hd__buf_8)
                                                         net187 (net)
                      0.195771    0.034041    2.496756 ^ fanout185/A (sky130_fd_sc_hd__buf_8)
    11    0.136028    0.166400    0.160778    2.657534 ^ fanout185/X (sky130_fd_sc_hd__buf_8)
                                                         net185 (net)
                      0.186870    0.044702    2.702236 ^ fanout184/A (sky130_fd_sc_hd__clkbuf_4)
    10    0.045887    0.109955    0.179627    2.881862 ^ fanout184/X (sky130_fd_sc_hd__clkbuf_4)
                                                         net184 (net)
                      0.109958    0.000766    2.882628 ^ _151_/RESET_B (sky130_fd_sc_hd__dfrtp_1)
                                              2.882628   data arrival time

                                  0.000000    0.000000   clock HCLK (rise edge)
                                  0.000000    0.000000   clock source latency
     1    0.059439    0.203180    0.147358    0.147358 ^ HCLK (in)
                                                         HCLK (net)
                      0.204534    0.000000    0.147358 ^ clkbuf_0_HCLK/A (sky130_fd_sc_hd__clkbuf_16)
     5    0.134022    0.114650    0.179325    0.326684 ^ clkbuf_0_HCLK/X (sky130_fd_sc_hd__clkbuf_16)
                                                         clknet_0_HCLK (net)
                      0.117120    0.013264    0.339947 ^ clkbuf_2_1_0_HCLK/A (sky130_fd_sc_hd__clkbuf_8)
     2    0.036936    0.058213    0.125711    0.465659 ^ clkbuf_2_1_0_HCLK/X (sky130_fd_sc_hd__clkbuf_8)
                                                         clknet_2_1_0_HCLK (net)
                      0.058723    0.004261    0.469920 ^ clkbuf_3_3__f_HCLK/A (sky130_fd_sc_hd__clkbuf_16)
    10    0.027954    0.036768    0.097675    0.567595 ^ clkbuf_3_3__f_HCLK/X (sky130_fd_sc_hd__clkbuf_16)
                                                         clknet_3_3__leaf_HCLK (net)
                      0.036776    0.000528    0.568123 ^ _151_/CLK (sky130_fd_sc_hd__dfrtp_1)
                                  0.250000    0.818123   clock uncertainty
                                  0.000000    0.818123   clock reconvergence pessimism
                                  0.218453    1.036576   library removal time
                                              1.036576   data required time
---------------------------------------------------------------------------------------------
                                              1.036576   data required time
                                             -2.882628   data arrival time
---------------------------------------------------------------------------------------------
                                              1.846052   slack (MET)


Startpoint: HRESETn (input port clocked by HCLK)
Endpoint: _205_ (removal check against rising-edge clock HCLK)
Path Group: asynchronous
Path Type: min

Fanout         Cap        Slew       Delay        Time   Description
---------------------------------------------------------------------------------------------
                                  0.000000    0.000000   clock HCLK (rise edge)
                                  0.000000    0.000000   clock network delay (propagated)
                                  2.000000    2.000000 ^ input external delay
     1    0.003025    0.014720    0.007830    2.007830 ^ HRESETn (in)
                                                         HRESETn (net)
                      0.014725    0.000000    2.007830 ^ input34/A (sky130_fd_sc_hd__buf_1)
     1    0.011183    0.102625    0.096864    2.104694 ^ input34/X (sky130_fd_sc_hd__buf_1)
                                                         net34 (net)
                      0.102628    0.000503    2.105197 ^ fanout192/A (sky130_fd_sc_hd__buf_8)
     6    0.134527    0.162201    0.147786    2.252983 ^ fanout192/X (sky130_fd_sc_hd__buf_8)
                                                         net192 (net)
                      0.176363    0.035785    2.288768 ^ fanout187/A (sky130_fd_sc_hd__buf_8)
     6    0.151222    0.185463    0.173946    2.462715 ^ fanout187/X (sky130_fd_sc_hd__buf_8)
                                                         net187 (net)
                      0.195771    0.034041    2.496756 ^ fanout185/A (sky130_fd_sc_hd__buf_8)
    11    0.136028    0.166400    0.160778    2.657534 ^ fanout185/X (sky130_fd_sc_hd__buf_8)
                                                         net185 (net)
                      0.186870    0.044702    2.702236 ^ fanout184/A (sky130_fd_sc_hd__clkbuf_4)
    10    0.045887    0.109955    0.179627    2.881862 ^ fanout184/X (sky130_fd_sc_hd__clkbuf_4)
                                                         net184 (net)
                      0.109964    0.001086    2.882949 ^ _205_/RESET_B (sky130_fd_sc_hd__dfrtp_1)
                                              2.882949   data arrival time

                                  0.000000    0.000000   clock HCLK (rise edge)
                                  0.000000    0.000000   clock source latency
     1    0.059439    0.203180    0.147358    0.147358 ^ HCLK (in)
                                                         HCLK (net)
                      0.204534    0.000000    0.147358 ^ clkbuf_0_HCLK/A (sky130_fd_sc_hd__clkbuf_16)
     5    0.134022    0.114650    0.179325    0.326684 ^ clkbuf_0_HCLK/X (sky130_fd_sc_hd__clkbuf_16)
                                                         clknet_0_HCLK (net)
                      0.117120    0.013264    0.339947 ^ clkbuf_2_1_0_HCLK/A (sky130_fd_sc_hd__clkbuf_8)
     2    0.036936    0.058213    0.125711    0.465659 ^ clkbuf_2_1_0_HCLK/X (sky130_fd_sc_hd__clkbuf_8)
                                                         clknet_2_1_0_HCLK (net)
                      0.058723    0.004261    0.469920 ^ clkbuf_3_3__f_HCLK/A (sky130_fd_sc_hd__clkbuf_16)
    10    0.027954    0.036768    0.097675    0.567595 ^ clkbuf_3_3__f_HCLK/X (sky130_fd_sc_hd__clkbuf_16)
                                                         clknet_3_3__leaf_HCLK (net)
                      0.036773    0.000444    0.568039 ^ _205_/CLK (sky130_fd_sc_hd__dfrtp_1)
                                  0.250000    0.818039   clock uncertainty
                                  0.000000    0.818039   clock reconvergence pessimism
                                  0.218454    1.036492   library removal time
                                              1.036492   data required time
---------------------------------------------------------------------------------------------
                                              1.036492   data required time
                                             -2.882949   data arrival time
---------------------------------------------------------------------------------------------
                                              1.846456   slack (MET)


Startpoint: HRESETn (input port clocked by HCLK)
Endpoint: _210_ (removal check against rising-edge clock HCLK)
Path Group: asynchronous
Path Type: min

Fanout         Cap        Slew       Delay        Time   Description
---------------------------------------------------------------------------------------------
                                  0.000000    0.000000   clock HCLK (rise edge)
                                  0.000000    0.000000   clock network delay (propagated)
                                  2.000000    2.000000 ^ input external delay
     1    0.003025    0.014720    0.007830    2.007830 ^ HRESETn (in)
                                                         HRESETn (net)
                      0.014725    0.000000    2.007830 ^ input34/A (sky130_fd_sc_hd__buf_1)
     1    0.011183    0.102625    0.096864    2.104694 ^ input34/X (sky130_fd_sc_hd__buf_1)
                                                         net34 (net)
                      0.102628    0.000503    2.105197 ^ fanout192/A (sky130_fd_sc_hd__buf_8)
     6    0.134527    0.162201    0.147786    2.252983 ^ fanout192/X (sky130_fd_sc_hd__buf_8)
                                                         net192 (net)
                      0.176363    0.035785    2.288768 ^ fanout187/A (sky130_fd_sc_hd__buf_8)
     6    0.151222    0.185463    0.173946    2.462715 ^ fanout187/X (sky130_fd_sc_hd__buf_8)
                                                         net187 (net)
                      0.195771    0.034041    2.496756 ^ fanout185/A (sky130_fd_sc_hd__buf_8)
    11    0.136028    0.166400    0.160778    2.657534 ^ fanout185/X (sky130_fd_sc_hd__buf_8)
                                                         net185 (net)
                      0.186870    0.044702    2.702236 ^ fanout184/A (sky130_fd_sc_hd__clkbuf_4)
    10    0.045887    0.109955    0.179627    2.881862 ^ fanout184/X (sky130_fd_sc_hd__clkbuf_4)
                                                         net184 (net)
                      0.109968    0.001270    2.883132 ^ _210_/RESET_B (sky130_fd_sc_hd__dfrtp_1)
                                              2.883132   data arrival time

                                  0.000000    0.000000   clock HCLK (rise edge)
                                  0.000000    0.000000   clock source latency
     1    0.059439    0.203180    0.147358    0.147358 ^ HCLK (in)
                                                         HCLK (net)
                      0.204534    0.000000    0.147358 ^ clkbuf_0_HCLK/A (sky130_fd_sc_hd__clkbuf_16)
     5    0.134022    0.114650    0.179325    0.326684 ^ clkbuf_0_HCLK/X (sky130_fd_sc_hd__clkbuf_16)
                                                         clknet_0_HCLK (net)
                      0.117120    0.013264    0.339947 ^ clkbuf_2_1_0_HCLK/A (sky130_fd_sc_hd__clkbuf_8)
     2    0.036936    0.058213    0.125711    0.465659 ^ clkbuf_2_1_0_HCLK/X (sky130_fd_sc_hd__clkbuf_8)
                                                         clknet_2_1_0_HCLK (net)
                      0.058723    0.004261    0.469920 ^ clkbuf_3_3__f_HCLK/A (sky130_fd_sc_hd__clkbuf_16)
    10    0.027954    0.036768    0.097675    0.567595 ^ clkbuf_3_3__f_HCLK/X (sky130_fd_sc_hd__clkbuf_16)
                                                         clknet_3_3__leaf_HCLK (net)
                      0.036774    0.000452    0.568047 ^ _210_/CLK (sky130_fd_sc_hd__dfrtp_1)
                                  0.250000    0.818047   clock uncertainty
                                  0.000000    0.818047   clock reconvergence pessimism
                                  0.218455    1.036502   library removal time
                                              1.036502   data required time
---------------------------------------------------------------------------------------------
                                              1.036502   data required time
                                             -2.883132   data arrival time
---------------------------------------------------------------------------------------------
                                              1.846630   slack (MET)


Startpoint: HRESETn (input port clocked by HCLK)
Endpoint: _179_ (removal check against rising-edge clock HCLK)
Path Group: asynchronous
Path Type: min

Fanout         Cap        Slew       Delay        Time   Description
---------------------------------------------------------------------------------------------
                                  0.000000    0.000000   clock HCLK (rise edge)
                                  0.000000    0.000000   clock network delay (propagated)
                                  2.000000    2.000000 ^ input external delay
     1    0.003025    0.014720    0.007830    2.007830 ^ HRESETn (in)
                                                         HRESETn (net)
                      0.014725    0.000000    2.007830 ^ input34/A (sky130_fd_sc_hd__buf_1)
     1    0.011183    0.102625    0.096864    2.104694 ^ input34/X (sky130_fd_sc_hd__buf_1)
                                                         net34 (net)
                      0.102628    0.000503    2.105197 ^ fanout192/A (sky130_fd_sc_hd__buf_8)
     6    0.134527    0.162201    0.147786    2.252983 ^ fanout192/X (sky130_fd_sc_hd__buf_8)
                                                         net192 (net)
                      0.176363    0.035785    2.288768 ^ fanout187/A (sky130_fd_sc_hd__buf_8)
     6    0.151222    0.185463    0.173946    2.462715 ^ fanout187/X (sky130_fd_sc_hd__buf_8)
                                                         net187 (net)
                      0.195771    0.034041    2.496756 ^ fanout185/A (sky130_fd_sc_hd__buf_8)
    11    0.136028    0.166400    0.160778    2.657534 ^ fanout185/X (sky130_fd_sc_hd__buf_8)
                                                         net185 (net)
                      0.186870    0.044702    2.702236 ^ fanout184/A (sky130_fd_sc_hd__clkbuf_4)
    10    0.045887    0.109955    0.179627    2.881862 ^ fanout184/X (sky130_fd_sc_hd__clkbuf_4)
                                                         net184 (net)
                      0.109980    0.001628    2.883490 ^ _179_/RESET_B (sky130_fd_sc_hd__dfrtp_1)
                                              2.883490   data arrival time

                                  0.000000    0.000000   clock HCLK (rise edge)
                                  0.000000    0.000000   clock source latency
     1    0.059439    0.203180    0.147358    0.147358 ^ HCLK (in)
                                                         HCLK (net)
                      0.204534    0.000000    0.147358 ^ clkbuf_0_HCLK/A (sky130_fd_sc_hd__clkbuf_16)
     5    0.134022    0.114650    0.179325    0.326684 ^ clkbuf_0_HCLK/X (sky130_fd_sc_hd__clkbuf_16)
                                                         clknet_0_HCLK (net)
                      0.117120    0.013264    0.339947 ^ clkbuf_2_1_0_HCLK/A (sky130_fd_sc_hd__clkbuf_8)
     2    0.036936    0.058213    0.125711    0.465659 ^ clkbuf_2_1_0_HCLK/X (sky130_fd_sc_hd__clkbuf_8)
                                                         clknet_2_1_0_HCLK (net)
                      0.058723    0.004261    0.469920 ^ clkbuf_3_3__f_HCLK/A (sky130_fd_sc_hd__clkbuf_16)
    10    0.027954    0.036768    0.097675    0.567595 ^ clkbuf_3_3__f_HCLK/X (sky130_fd_sc_hd__clkbuf_16)
                                                         clknet_3_3__leaf_HCLK (net)
                      0.036777    0.000550    0.568145 ^ _179_/CLK (sky130_fd_sc_hd__dfrtp_1)
                                  0.250000    0.818145   clock uncertainty
                                  0.000000    0.818145   clock reconvergence pessimism
                                  0.218458    1.036604   library removal time
                                              1.036604   data required time
---------------------------------------------------------------------------------------------
                                              1.036604   data required time
                                             -2.883490   data arrival time
---------------------------------------------------------------------------------------------
                                              1.846887   slack (MET)


Startpoint: HRESETn (input port clocked by HCLK)
Endpoint: _201_ (removal check against rising-edge clock HCLK)
Path Group: asynchronous
Path Type: min

Fanout         Cap        Slew       Delay        Time   Description
---------------------------------------------------------------------------------------------
                                  0.000000    0.000000   clock HCLK (rise edge)
                                  0.000000    0.000000   clock network delay (propagated)
                                  2.000000    2.000000 ^ input external delay
     1    0.003025    0.014720    0.007830    2.007830 ^ HRESETn (in)
                                                         HRESETn (net)
                      0.014725    0.000000    2.007830 ^ input34/A (sky130_fd_sc_hd__buf_1)
     1    0.011183    0.102625    0.096864    2.104694 ^ input34/X (sky130_fd_sc_hd__buf_1)
                                                         net34 (net)
                      0.102628    0.000503    2.105197 ^ fanout192/A (sky130_fd_sc_hd__buf_8)
     6    0.134527    0.162201    0.147786    2.252983 ^ fanout192/X (sky130_fd_sc_hd__buf_8)
                                                         net192 (net)
                      0.176363    0.035785    2.288768 ^ fanout187/A (sky130_fd_sc_hd__buf_8)
     6    0.151222    0.185463    0.173946    2.462715 ^ fanout187/X (sky130_fd_sc_hd__buf_8)
                                                         net187 (net)
                      0.195771    0.034041    2.496756 ^ fanout185/A (sky130_fd_sc_hd__buf_8)
    11    0.136028    0.166400    0.160778    2.657534 ^ fanout185/X (sky130_fd_sc_hd__buf_8)
                                                         net185 (net)
                      0.186870    0.044702    2.702236 ^ fanout184/A (sky130_fd_sc_hd__clkbuf_4)
    10    0.045887    0.109955    0.179627    2.881862 ^ fanout184/X (sky130_fd_sc_hd__clkbuf_4)
                                                         net184 (net)
                      0.109987    0.001820    2.883682 ^ _201_/RESET_B (sky130_fd_sc_hd__dfrtp_1)
                                              2.883682   data arrival time

                                  0.000000    0.000000   clock HCLK (rise edge)
                                  0.000000    0.000000   clock source latency
     1    0.059439    0.203180    0.147358    0.147358 ^ HCLK (in)
                                                         HCLK (net)
                      0.204534    0.000000    0.147358 ^ clkbuf_0_HCLK/A (sky130_fd_sc_hd__clkbuf_16)
     5    0.134022    0.114650    0.179325    0.326684 ^ clkbuf_0_HCLK/X (sky130_fd_sc_hd__clkbuf_16)
                                                         clknet_0_HCLK (net)
                      0.117120    0.013264    0.339947 ^ clkbuf_2_1_0_HCLK/A (sky130_fd_sc_hd__clkbuf_8)
     2    0.036936    0.058213    0.125711    0.465659 ^ clkbuf_2_1_0_HCLK/X (sky130_fd_sc_hd__clkbuf_8)
                                                         clknet_2_1_0_HCLK (net)
                      0.058723    0.004261    0.469920 ^ clkbuf_3_3__f_HCLK/A (sky130_fd_sc_hd__clkbuf_16)
    10    0.027954    0.036768    0.097675    0.567595 ^ clkbuf_3_3__f_HCLK/X (sky130_fd_sc_hd__clkbuf_16)
                                                         clknet_3_3__leaf_HCLK (net)
                      0.036779    0.000593    0.568188 ^ _201_/CLK (sky130_fd_sc_hd__dfrtp_1)
                                  0.250000    0.818188   clock uncertainty
                                  0.000000    0.818188   clock reconvergence pessimism
                                  0.218461    1.036649   library removal time
                                              1.036649   data required time
---------------------------------------------------------------------------------------------
                                              1.036649   data required time
                                             -2.883682   data arrival time
---------------------------------------------------------------------------------------------
                                              1.847033   slack (MET)


Startpoint: HRESETn (input port clocked by HCLK)
Endpoint: _158_ (removal check against rising-edge clock HCLK)
Path Group: asynchronous
Path Type: min

Fanout         Cap        Slew       Delay        Time   Description
---------------------------------------------------------------------------------------------
                                  0.000000    0.000000   clock HCLK (rise edge)
                                  0.000000    0.000000   clock network delay (propagated)
                                  2.000000    2.000000 ^ input external delay
     1    0.003025    0.014720    0.007830    2.007830 ^ HRESETn (in)
                                                         HRESETn (net)
                      0.014725    0.000000    2.007830 ^ input34/A (sky130_fd_sc_hd__buf_1)
     1    0.011183    0.102625    0.096864    2.104694 ^ input34/X (sky130_fd_sc_hd__buf_1)
                                                         net34 (net)
                      0.102628    0.000503    2.105197 ^ fanout192/A (sky130_fd_sc_hd__buf_8)
     6    0.134527    0.162201    0.147786    2.252983 ^ fanout192/X (sky130_fd_sc_hd__buf_8)
                                                         net192 (net)
                      0.176363    0.035785    2.288768 ^ fanout187/A (sky130_fd_sc_hd__buf_8)
     6    0.151222    0.185463    0.173946    2.462715 ^ fanout187/X (sky130_fd_sc_hd__buf_8)
                                                         net187 (net)
                      0.195771    0.034041    2.496756 ^ fanout185/A (sky130_fd_sc_hd__buf_8)
    11    0.136028    0.166400    0.160778    2.657534 ^ fanout185/X (sky130_fd_sc_hd__buf_8)
                                                         net185 (net)
                      0.186870    0.044702    2.702236 ^ fanout184/A (sky130_fd_sc_hd__clkbuf_4)
    10    0.045887    0.109955    0.179627    2.881862 ^ fanout184/X (sky130_fd_sc_hd__clkbuf_4)
                                                         net184 (net)
                      0.110053    0.001992    2.883854 ^ _158_/RESET_B (sky130_fd_sc_hd__dfrtp_1)
                                              2.883854   data arrival time

                                  0.000000    0.000000   clock HCLK (rise edge)
                                  0.000000    0.000000   clock source latency
     1    0.059439    0.203180    0.147358    0.147358 ^ HCLK (in)
                                                         HCLK (net)
                      0.204534    0.000000    0.147358 ^ clkbuf_0_HCLK/A (sky130_fd_sc_hd__clkbuf_16)
     5    0.134022    0.114650    0.179325    0.326684 ^ clkbuf_0_HCLK/X (sky130_fd_sc_hd__clkbuf_16)
                                                         clknet_0_HCLK (net)
                      0.117120    0.013264    0.339947 ^ clkbuf_2_1_0_HCLK/A (sky130_fd_sc_hd__clkbuf_8)
     2    0.036936    0.058213    0.125711    0.465659 ^ clkbuf_2_1_0_HCLK/X (sky130_fd_sc_hd__clkbuf_8)
                                                         clknet_2_1_0_HCLK (net)
                      0.058723    0.004261    0.469920 ^ clkbuf_3_3__f_HCLK/A (sky130_fd_sc_hd__clkbuf_16)
    10    0.027954    0.036768    0.097675    0.567595 ^ clkbuf_3_3__f_HCLK/X (sky130_fd_sc_hd__clkbuf_16)
                                                         clknet_3_3__leaf_HCLK (net)
                      0.036781    0.000620    0.568216 ^ _158_/CLK (sky130_fd_sc_hd__dfrtp_1)
                                  0.250000    0.818215   clock uncertainty
                                  0.000000    0.818215   clock reconvergence pessimism
                                  0.218478    1.036693   library removal time
                                              1.036693   data required time
---------------------------------------------------------------------------------------------
                                              1.036693   data required time
                                             -2.883854   data arrival time
---------------------------------------------------------------------------------------------
                                              1.847161   slack (MET)


Startpoint: _201_ (rising edge-triggered flip-flop clocked by HCLK)
Endpoint: PWDATA[18] (output port clocked by HCLK)
Path Group: HCLK
Path Type: min

Fanout         Cap        Slew       Delay        Time   Description
---------------------------------------------------------------------------------------------
                                  0.000000    0.000000   clock HCLK (rise edge)
                                  0.000000    0.000000   clock source latency
     1    0.059439    0.203180    0.147358    0.147358 ^ HCLK (in)
                                                         HCLK (net)
                      0.204534    0.000000    0.147358 ^ clkbuf_0_HCLK/A (sky130_fd_sc_hd__clkbuf_16)
     5    0.134022    0.114650    0.179325    0.326684 ^ clkbuf_0_HCLK/X (sky130_fd_sc_hd__clkbuf_16)
                                                         clknet_0_HCLK (net)
                      0.117120    0.013264    0.339947 ^ clkbuf_2_1_0_HCLK/A (sky130_fd_sc_hd__clkbuf_8)
     2    0.036936    0.058213    0.125711    0.465659 ^ clkbuf_2_1_0_HCLK/X (sky130_fd_sc_hd__clkbuf_8)
                                                         clknet_2_1_0_HCLK (net)
                      0.058723    0.004261    0.469920 ^ clkbuf_3_3__f_HCLK/A (sky130_fd_sc_hd__clkbuf_16)
    10    0.027954    0.036768    0.097675    0.567595 ^ clkbuf_3_3__f_HCLK/X (sky130_fd_sc_hd__clkbuf_16)
                                                         clknet_3_3__leaf_HCLK (net)
                      0.036779    0.000593    0.568188 ^ _201_/CLK (sky130_fd_sc_hd__dfrtp_1)
     2    0.003807    0.031506    0.226964    0.795152 v _201_/Q (sky130_fd_sc_hd__dfrtp_1)
                                                         net151 (net)
                      0.031506    0.000093    0.795245 v output151/A (sky130_fd_sc_hd__buf_2)
     1    0.035373    0.064432    0.119196    0.914441 v output151/X (sky130_fd_sc_hd__buf_2)
                                                         PWDATA[18] (net)
                      0.064439    0.000704    0.915145 v PWDATA[18] (out)
                                              0.915145   data arrival time

                                  0.000000    0.000000   clock HCLK (rise edge)
                                  0.000000    0.000000   clock network delay (propagated)
                                  0.250000    0.250000   clock uncertainty
                                  0.000000    0.250000   clock reconvergence pessimism
                                 -2.000000   -1.750000   output external delay
                                             -1.750000   data required time
---------------------------------------------------------------------------------------------
                                             -1.750000   data required time
                                             -0.915145   data arrival time
---------------------------------------------------------------------------------------------
                                              2.665145   slack (MET)


Startpoint: _205_ (rising edge-triggered flip-flop clocked by HCLK)
Endpoint: PWDATA[22] (output port clocked by HCLK)
Path Group: HCLK
Path Type: min

Fanout         Cap        Slew       Delay        Time   Description
---------------------------------------------------------------------------------------------
                                  0.000000    0.000000   clock HCLK (rise edge)
                                  0.000000    0.000000   clock source latency
     1    0.059439    0.203180    0.147358    0.147358 ^ HCLK (in)
                                                         HCLK (net)
                      0.204534    0.000000    0.147358 ^ clkbuf_0_HCLK/A (sky130_fd_sc_hd__clkbuf_16)
     5    0.134022    0.114650    0.179325    0.326684 ^ clkbuf_0_HCLK/X (sky130_fd_sc_hd__clkbuf_16)
                                                         clknet_0_HCLK (net)
                      0.117120    0.013264    0.339947 ^ clkbuf_2_1_0_HCLK/A (sky130_fd_sc_hd__clkbuf_8)
     2    0.036936    0.058213    0.125711    0.465659 ^ clkbuf_2_1_0_HCLK/X (sky130_fd_sc_hd__clkbuf_8)
                                                         clknet_2_1_0_HCLK (net)
                      0.058723    0.004261    0.469920 ^ clkbuf_3_3__f_HCLK/A (sky130_fd_sc_hd__clkbuf_16)
    10    0.027954    0.036768    0.097675    0.567595 ^ clkbuf_3_3__f_HCLK/X (sky130_fd_sc_hd__clkbuf_16)
                                                         clknet_3_3__leaf_HCLK (net)
                      0.036773    0.000444    0.568039 ^ _205_/CLK (sky130_fd_sc_hd__dfrtp_1)
     2    0.003863    0.031727    0.227262    0.795301 v _205_/Q (sky130_fd_sc_hd__dfrtp_1)
                                                         net156 (net)
                      0.031727    0.000056    0.795357 v output156/A (sky130_fd_sc_hd__buf_2)
     1    0.035802    0.065164    0.119637    0.914993 v output156/X (sky130_fd_sc_hd__buf_2)
                                                         PWDATA[22] (net)
                      0.065180    0.000965    0.915958 v PWDATA[22] (out)
                                              0.915958   data arrival time

                                  0.000000    0.000000   clock HCLK (rise edge)
                                  0.000000    0.000000   clock network delay (propagated)
                                  0.250000    0.250000   clock uncertainty
                                  0.000000    0.250000   clock reconvergence pessimism
                                 -2.000000   -1.750000   output external delay
                                             -1.750000   data required time
---------------------------------------------------------------------------------------------
                                             -1.750000   data required time
                                             -0.915958   data arrival time
---------------------------------------------------------------------------------------------
                                              2.665958   slack (MET)


Startpoint: _213_ (rising edge-triggered flip-flop clocked by HCLK)
Endpoint: PWDATA[30] (output port clocked by HCLK)
Path Group: HCLK
Path Type: min

Fanout         Cap        Slew       Delay        Time   Description
---------------------------------------------------------------------------------------------
                                  0.000000    0.000000   clock HCLK (rise edge)
                                  0.000000    0.000000   clock source latency
     1    0.059439    0.203180    0.147358    0.147358 ^ HCLK (in)
                                                         HCLK (net)
                      0.204534    0.000000    0.147358 ^ clkbuf_0_HCLK/A (sky130_fd_sc_hd__clkbuf_16)
     5    0.134022    0.114650    0.179325    0.326684 ^ clkbuf_0_HCLK/X (sky130_fd_sc_hd__clkbuf_16)
                                                         clknet_0_HCLK (net)
                      0.117120    0.013264    0.339947 ^ clkbuf_2_1_0_HCLK/A (sky130_fd_sc_hd__clkbuf_8)
     2    0.036936    0.058213    0.125711    0.465659 ^ clkbuf_2_1_0_HCLK/X (sky130_fd_sc_hd__clkbuf_8)
                                                         clknet_2_1_0_HCLK (net)
                      0.058723    0.004261    0.469920 ^ clkbuf_3_3__f_HCLK/A (sky130_fd_sc_hd__clkbuf_16)
    10    0.027954    0.036768    0.097675    0.567595 ^ clkbuf_3_3__f_HCLK/X (sky130_fd_sc_hd__clkbuf_16)
                                                         clknet_3_3__leaf_HCLK (net)
                      0.036775    0.000481    0.568076 ^ _213_/CLK (sky130_fd_sc_hd__dfrtp_1)
     2    0.004387    0.033175    0.229178    0.797254 v _213_/Q (sky130_fd_sc_hd__dfrtp_1)
                                                         net165 (net)
                      0.033175    0.000084    0.797338 v output165/A (sky130_fd_sc_hd__buf_2)
     1    0.035387    0.064442    0.119904    0.917241 v output165/X (sky130_fd_sc_hd__buf_2)
                                                         PWDATA[30] (net)
                      0.064449    0.000677    0.917918 v PWDATA[30] (out)
                                              0.917918   data arrival time

                                  0.000000    0.000000   clock HCLK (rise edge)
                                  0.000000    0.000000   clock network delay (propagated)
                                  0.250000    0.250000   clock uncertainty
                                  0.000000    0.250000   clock reconvergence pessimism
                                 -2.000000   -1.750000   output external delay
                                             -1.750000   data required time
---------------------------------------------------------------------------------------------
                                             -1.750000   data required time
                                             -0.917918   data arrival time
---------------------------------------------------------------------------------------------
                                              2.667918   slack (MET)


Startpoint: _166_ (rising edge-triggered flip-flop clocked by HCLK)
Endpoint: PADDR[15] (output port clocked by HCLK)
Path Group: HCLK
Path Type: min

Fanout         Cap        Slew       Delay        Time   Description
---------------------------------------------------------------------------------------------
                                  0.000000    0.000000   clock HCLK (rise edge)
                                  0.000000    0.000000   clock source latency
     1    0.059439    0.203180    0.147358    0.147358 ^ HCLK (in)
                                                         HCLK (net)
                      0.204534    0.000000    0.147358 ^ clkbuf_0_HCLK/A (sky130_fd_sc_hd__clkbuf_16)
     5    0.134022    0.114650    0.179325    0.326684 ^ clkbuf_0_HCLK/X (sky130_fd_sc_hd__clkbuf_16)
                                                         clknet_0_HCLK (net)
                      0.117120    0.013264    0.339947 ^ clkbuf_2_1_0_HCLK/A (sky130_fd_sc_hd__clkbuf_8)
     2    0.036936    0.058213    0.125711    0.465659 ^ clkbuf_2_1_0_HCLK/X (sky130_fd_sc_hd__clkbuf_8)
                                                         clknet_2_1_0_HCLK (net)
                      0.058723    0.004261    0.469920 ^ clkbuf_3_3__f_HCLK/A (sky130_fd_sc_hd__clkbuf_16)
    10    0.027954    0.036768    0.097675    0.567595 ^ clkbuf_3_3__f_HCLK/X (sky130_fd_sc_hd__clkbuf_16)
                                                         clknet_3_3__leaf_HCLK (net)
                      0.036780    0.000610    0.568205 ^ _166_/CLK (sky130_fd_sc_hd__dfrtp_1)
     2    0.004762    0.034259    0.230530    0.798735 v _166_/Q (sky130_fd_sc_hd__dfrtp_1)
                                                         net111 (net)
                      0.034259    0.000114    0.798850 v output111/A (sky130_fd_sc_hd__buf_2)
     1    0.034621    0.063346    0.119282    0.918132 v output111/X (sky130_fd_sc_hd__buf_2)
                                                         PADDR[15] (net)
                      0.063355    0.000773    0.918905 v PADDR[15] (out)
                                              0.918905   data arrival time

                                  0.000000    0.000000   clock HCLK (rise edge)
                                  0.000000    0.000000   clock network delay (propagated)
                                  0.250000    0.250000   clock uncertainty
                                  0.000000    0.250000   clock reconvergence pessimism
                                 -2.000000   -1.750000   output external delay
                                             -1.750000   data required time
---------------------------------------------------------------------------------------------
                                             -1.750000   data required time
                                             -0.918905   data arrival time
---------------------------------------------------------------------------------------------
                                              2.668905   slack (MET)


Startpoint: _169_ (rising edge-triggered flip-flop clocked by HCLK)
Endpoint: PADDR[18] (output port clocked by HCLK)
Path Group: HCLK
Path Type: min

Fanout         Cap        Slew       Delay        Time   Description
---------------------------------------------------------------------------------------------
                                  0.000000    0.000000   clock HCLK (rise edge)
                                  0.000000    0.000000   clock source latency
     1    0.059439    0.203180    0.147358    0.147358 ^ HCLK (in)
                                                         HCLK (net)
                      0.204534    0.000000    0.147358 ^ clkbuf_0_HCLK/A (sky130_fd_sc_hd__clkbuf_16)
     5    0.134022    0.114650    0.179325    0.326684 ^ clkbuf_0_HCLK/X (sky130_fd_sc_hd__clkbuf_16)
                                                         clknet_0_HCLK (net)
                      0.116431    0.011266    0.337950 ^ clkbuf_2_2_0_HCLK/A (sky130_fd_sc_hd__clkbuf_8)
     2    0.035419    0.056406    0.124539    0.462489 ^ clkbuf_2_2_0_HCLK/X (sky130_fd_sc_hd__clkbuf_8)
                                                         clknet_2_2_0_HCLK (net)
                      0.056832    0.003837    0.466326 ^ clkbuf_3_5__f_HCLK/A (sky130_fd_sc_hd__clkbuf_16)
    11    0.035096    0.041718    0.101215    0.567541 ^ clkbuf_3_5__f_HCLK/X (sky130_fd_sc_hd__clkbuf_16)
                                                         clknet_3_5__leaf_HCLK (net)
                      0.041911    0.002111    0.569652 ^ _169_/CLK (sky130_fd_sc_hd__dfrtp_1)
     2    0.004388    0.033175    0.230685    0.800337 v _169_/Q (sky130_fd_sc_hd__dfrtp_1)
                                                         net114 (net)
                      0.033175    0.000104    0.800440 v output114/A (sky130_fd_sc_hd__buf_2)
     1    0.034058    0.062455    0.118243    0.918684 v output114/X (sky130_fd_sc_hd__buf_2)
                                                         PADDR[18] (net)
                      0.062461    0.000622    0.919306 v PADDR[18] (out)
                                              0.919306   data arrival time

                                  0.000000    0.000000   clock HCLK (rise edge)
                                  0.000000    0.000000   clock network delay (propagated)
                                  0.250000    0.250000   clock uncertainty
                                  0.000000    0.250000   clock reconvergence pessimism
                                 -2.000000   -1.750000   output external delay
                                             -1.750000   data required time
---------------------------------------------------------------------------------------------
                                             -1.750000   data required time
                                             -0.919306   data arrival time
---------------------------------------------------------------------------------------------
                                              2.669306   slack (MET)


Startpoint: _152_ (rising edge-triggered flip-flop clocked by HCLK)
Endpoint: PADDR[1] (output port clocked by HCLK)
Path Group: HCLK
Path Type: min

Fanout         Cap        Slew       Delay        Time   Description
---------------------------------------------------------------------------------------------
                                  0.000000    0.000000   clock HCLK (rise edge)
                                  0.000000    0.000000   clock source latency
     1    0.059439    0.203180    0.147358    0.147358 ^ HCLK (in)
                                                         HCLK (net)
                      0.204534    0.000000    0.147358 ^ clkbuf_0_HCLK/A (sky130_fd_sc_hd__clkbuf_16)
     5    0.134022    0.114650    0.179325    0.326684 ^ clkbuf_0_HCLK/X (sky130_fd_sc_hd__clkbuf_16)
                                                         clknet_0_HCLK (net)
                      0.116431    0.011266    0.337950 ^ clkbuf_2_2_0_HCLK/A (sky130_fd_sc_hd__clkbuf_8)
     2    0.035419    0.056406    0.124539    0.462489 ^ clkbuf_2_2_0_HCLK/X (sky130_fd_sc_hd__clkbuf_8)
                                                         clknet_2_2_0_HCLK (net)
                      0.056832    0.003837    0.466326 ^ clkbuf_3_5__f_HCLK/A (sky130_fd_sc_hd__clkbuf_16)
    11    0.035096    0.041718    0.101215    0.567541 ^ clkbuf_3_5__f_HCLK/X (sky130_fd_sc_hd__clkbuf_16)
                                                         clknet_3_5__leaf_HCLK (net)
                      0.041901    0.002027    0.569568 ^ _152_/CLK (sky130_fd_sc_hd__dfrtp_1)
     2    0.004405    0.033224    0.230734    0.800302 v _152_/Q (sky130_fd_sc_hd__dfrtp_1)
                                                         net116 (net)
                      0.033224    0.000134    0.800436 v output116/A (sky130_fd_sc_hd__buf_2)
     1    0.034450    0.063084    0.118665    0.919102 v output116/X (sky130_fd_sc_hd__buf_2)
                                                         PADDR[1] (net)
                      0.063093    0.000754    0.919855 v PADDR[1] (out)
                                              0.919855   data arrival time

                                  0.000000    0.000000   clock HCLK (rise edge)
                                  0.000000    0.000000   clock network delay (propagated)
                                  0.250000    0.250000   clock uncertainty
                                  0.000000    0.250000   clock reconvergence pessimism
                                 -2.000000   -1.750000   output external delay
                                             -1.750000   data required time
---------------------------------------------------------------------------------------------
                                             -1.750000   data required time
                                             -0.919855   data arrival time
---------------------------------------------------------------------------------------------
                                              2.669855   slack (MET)


Startpoint: _186_ (rising edge-triggered flip-flop clocked by HCLK)
Endpoint: PWDATA[3] (output port clocked by HCLK)
Path Group: HCLK
Path Type: min

Fanout         Cap        Slew       Delay        Time   Description
---------------------------------------------------------------------------------------------
                                  0.000000    0.000000   clock HCLK (rise edge)
                                  0.000000    0.000000   clock source latency
     1    0.059439    0.203180    0.147358    0.147358 ^ HCLK (in)
                                                         HCLK (net)
                      0.204534    0.000000    0.147358 ^ clkbuf_0_HCLK/A (sky130_fd_sc_hd__clkbuf_16)
     5    0.134022    0.114650    0.179325    0.326684 ^ clkbuf_0_HCLK/X (sky130_fd_sc_hd__clkbuf_16)
                                                         clknet_0_HCLK (net)
                      0.116431    0.011266    0.337950 ^ clkbuf_2_2_0_HCLK/A (sky130_fd_sc_hd__clkbuf_8)
     2    0.035419    0.056406    0.124539    0.462489 ^ clkbuf_2_2_0_HCLK/X (sky130_fd_sc_hd__clkbuf_8)
                                                         clknet_2_2_0_HCLK (net)
                      0.056832    0.003837    0.466326 ^ clkbuf_3_5__f_HCLK/A (sky130_fd_sc_hd__clkbuf_16)
    11    0.035096    0.041718    0.101215    0.567541 ^ clkbuf_3_5__f_HCLK/X (sky130_fd_sc_hd__clkbuf_16)
                                                         clknet_3_5__leaf_HCLK (net)
                      0.041908    0.002081    0.569622 ^ _186_/CLK (sky130_fd_sc_hd__dfrtp_1)
     2    0.004402    0.033216    0.230735    0.800358 v _186_/Q (sky130_fd_sc_hd__dfrtp_1)
                                                         net167 (net)
                      0.033216    0.000093    0.800451 v output167/A (sky130_fd_sc_hd__buf_2)
     1    0.034739    0.063504    0.119047    0.919497 v output167/X (sky130_fd_sc_hd__buf_2)
                                                         PWDATA[3] (net)
                      0.063513    0.000733    0.920230 v PWDATA[3] (out)
                                              0.920230   data arrival time

                                  0.000000    0.000000   clock HCLK (rise edge)
                                  0.000000    0.000000   clock network delay (propagated)
                                  0.250000    0.250000   clock uncertainty
                                  0.000000    0.250000   clock reconvergence pessimism
                                 -2.000000   -1.750000   output external delay
                                             -1.750000   data required time
---------------------------------------------------------------------------------------------
                                             -1.750000   data required time
                                             -0.920230   data arrival time
---------------------------------------------------------------------------------------------
                                              2.670230   slack (MET)


Startpoint: _204_ (rising edge-triggered flip-flop clocked by HCLK)
Endpoint: PWDATA[21] (output port clocked by HCLK)
Path Group: HCLK
Path Type: min

Fanout         Cap        Slew       Delay        Time   Description
---------------------------------------------------------------------------------------------
                                  0.000000    0.000000   clock HCLK (rise edge)
                                  0.000000    0.000000   clock source latency
     1    0.059439    0.203180    0.147358    0.147358 ^ HCLK (in)
                                                         HCLK (net)
                      0.204534    0.000000    0.147358 ^ clkbuf_0_HCLK/A (sky130_fd_sc_hd__clkbuf_16)
     5    0.134022    0.114650    0.179325    0.326684 ^ clkbuf_0_HCLK/X (sky130_fd_sc_hd__clkbuf_16)
                                                         clknet_0_HCLK (net)
                      0.117120    0.013264    0.339947 ^ clkbuf_2_1_0_HCLK/A (sky130_fd_sc_hd__clkbuf_8)
     2    0.036936    0.058213    0.125711    0.465659 ^ clkbuf_2_1_0_HCLK/X (sky130_fd_sc_hd__clkbuf_8)
                                                         clknet_2_1_0_HCLK (net)
                      0.058723    0.004261    0.469920 ^ clkbuf_3_3__f_HCLK/A (sky130_fd_sc_hd__clkbuf_16)
    10    0.027954    0.036768    0.097675    0.567595 ^ clkbuf_3_3__f_HCLK/X (sky130_fd_sc_hd__clkbuf_16)
                                                         clknet_3_3__leaf_HCLK (net)
                      0.036778    0.000569    0.568164 ^ _204_/CLK (sky130_fd_sc_hd__dfrtp_1)
     2    0.005250    0.035728    0.232311    0.800475 v _204_/Q (sky130_fd_sc_hd__dfrtp_1)
                                                         net155 (net)
                      0.035728    0.000115    0.800589 v output155/A (sky130_fd_sc_hd__buf_2)
     1    0.034235    0.062758    0.119415    0.920004 v output155/X (sky130_fd_sc_hd__buf_2)
                                                         PWDATA[21] (net)
                      0.062766    0.000727    0.920732 v PWDATA[21] (out)
                                              0.920732   data arrival time

                                  0.000000    0.000000   clock HCLK (rise edge)
                                  0.000000    0.000000   clock network delay (propagated)
                                  0.250000    0.250000   clock uncertainty
                                  0.000000    0.250000   clock reconvergence pessimism
                                 -2.000000   -1.750000   output external delay
                                             -1.750000   data required time
---------------------------------------------------------------------------------------------
                                             -1.750000   data required time
                                             -0.920732   data arrival time
---------------------------------------------------------------------------------------------
                                              2.670732   slack (MET)


Startpoint: _176_ (rising edge-triggered flip-flop clocked by HCLK)
Endpoint: PADDR[25] (output port clocked by HCLK)
Path Group: HCLK
Path Type: min

Fanout         Cap        Slew       Delay        Time   Description
---------------------------------------------------------------------------------------------
                                  0.000000    0.000000   clock HCLK (rise edge)
                                  0.000000    0.000000   clock source latency
     1    0.059439    0.203180    0.147358    0.147358 ^ HCLK (in)
                                                         HCLK (net)
                      0.204534    0.000000    0.147358 ^ clkbuf_0_HCLK/A (sky130_fd_sc_hd__clkbuf_16)
     5    0.134022    0.114650    0.179325    0.326684 ^ clkbuf_0_HCLK/X (sky130_fd_sc_hd__clkbuf_16)
                                                         clknet_0_HCLK (net)
                      0.116431    0.011266    0.337950 ^ clkbuf_2_2_0_HCLK/A (sky130_fd_sc_hd__clkbuf_8)
     2    0.035419    0.056406    0.124539    0.462489 ^ clkbuf_2_2_0_HCLK/X (sky130_fd_sc_hd__clkbuf_8)
                                                         clknet_2_2_0_HCLK (net)
                      0.056729    0.003332    0.465821 ^ clkbuf_3_4__f_HCLK/A (sky130_fd_sc_hd__clkbuf_16)
    11    0.039914    0.045093    0.104073    0.569895 ^ clkbuf_3_4__f_HCLK/X (sky130_fd_sc_hd__clkbuf_16)
                                                         clknet_3_4__leaf_HCLK (net)
                      0.045114    0.000865    0.570760 ^ _176_/CLK (sky130_fd_sc_hd__dfrtp_1)
     2    0.003951    0.031966    0.230040    0.800800 v _176_/Q (sky130_fd_sc_hd__dfrtp_1)
                                                         net122 (net)
                      0.031966    0.000095    0.800894 v output122/A (sky130_fd_sc_hd__buf_2)
     1    0.035487    0.064588    0.119551    0.920445 v output122/X (sky130_fd_sc_hd__buf_2)
                                                         PADDR[25] (net)
                      0.064595    0.000673    0.921118 v PADDR[25] (out)
                                              0.921118   data arrival time

                                  0.000000    0.000000   clock HCLK (rise edge)
                                  0.000000    0.000000   clock network delay (propagated)
                                  0.250000    0.250000   clock uncertainty
                                  0.000000    0.250000   clock reconvergence pessimism
                                 -2.000000   -1.750000   output external delay
                                             -1.750000   data required time
---------------------------------------------------------------------------------------------
                                             -1.750000   data required time
                                             -0.921118   data arrival time
---------------------------------------------------------------------------------------------
                                              2.671118   slack (MET)


Startpoint: _179_ (rising edge-triggered flip-flop clocked by HCLK)
Endpoint: PADDR[28] (output port clocked by HCLK)
Path Group: HCLK
Path Type: min

Fanout         Cap        Slew       Delay        Time   Description
---------------------------------------------------------------------------------------------
                                  0.000000    0.000000   clock HCLK (rise edge)
                                  0.000000    0.000000   clock source latency
     1    0.059439    0.203180    0.147358    0.147358 ^ HCLK (in)
                                                         HCLK (net)
                      0.204534    0.000000    0.147358 ^ clkbuf_0_HCLK/A (sky130_fd_sc_hd__clkbuf_16)
     5    0.134022    0.114650    0.179325    0.326684 ^ clkbuf_0_HCLK/X (sky130_fd_sc_hd__clkbuf_16)
                                                         clknet_0_HCLK (net)
                      0.117120    0.013264    0.339947 ^ clkbuf_2_1_0_HCLK/A (sky130_fd_sc_hd__clkbuf_8)
     2    0.036936    0.058213    0.125711    0.465659 ^ clkbuf_2_1_0_HCLK/X (sky130_fd_sc_hd__clkbuf_8)
                                                         clknet_2_1_0_HCLK (net)
                      0.058723    0.004261    0.469920 ^ clkbuf_3_3__f_HCLK/A (sky130_fd_sc_hd__clkbuf_16)
    10    0.027954    0.036768    0.097675    0.567595 ^ clkbuf_3_3__f_HCLK/X (sky130_fd_sc_hd__clkbuf_16)
                                                         clknet_3_3__leaf_HCLK (net)
                      0.036777    0.000550    0.568145 ^ _179_/CLK (sky130_fd_sc_hd__dfrtp_1)
     2    0.005388    0.036162    0.232799    0.800944 v _179_/Q (sky130_fd_sc_hd__dfrtp_1)
                                                         net125 (net)
                      0.036162    0.000137    0.801082 v output125/A (sky130_fd_sc_hd__buf_2)
     1    0.034107    0.062560    0.119441    0.920522 v output125/X (sky130_fd_sc_hd__buf_2)
                                                         PADDR[28] (net)
                      0.062568    0.000705    0.921228 v PADDR[28] (out)
                                              0.921228   data arrival time

                                  0.000000    0.000000   clock HCLK (rise edge)
                                  0.000000    0.000000   clock network delay (propagated)
                                  0.250000    0.250000   clock uncertainty
                                  0.000000    0.250000   clock reconvergence pessimism
                                 -2.000000   -1.750000   output external delay
                                             -1.750000   data required time
---------------------------------------------------------------------------------------------
                                             -1.750000   data required time
                                             -0.921228   data arrival time
---------------------------------------------------------------------------------------------
                                              2.671227   slack (MET)


Startpoint: _193_ (rising edge-triggered flip-flop clocked by HCLK)
Endpoint: PWDATA[10] (output port clocked by HCLK)
Path Group: HCLK
Path Type: min

Fanout         Cap        Slew       Delay        Time   Description
---------------------------------------------------------------------------------------------
                                  0.000000    0.000000   clock HCLK (rise edge)
                                  0.000000    0.000000   clock source latency
     1    0.059439    0.203180    0.147358    0.147358 ^ HCLK (in)
                                                         HCLK (net)
                      0.204534    0.000000    0.147358 ^ clkbuf_0_HCLK/A (sky130_fd_sc_hd__clkbuf_16)
     5    0.134022    0.114650    0.179325    0.326684 ^ clkbuf_0_HCLK/X (sky130_fd_sc_hd__clkbuf_16)
                                                         clknet_0_HCLK (net)
                      0.116431    0.011266    0.337950 ^ clkbuf_2_2_0_HCLK/A (sky130_fd_sc_hd__clkbuf_8)
     2    0.035419    0.056406    0.124539    0.462489 ^ clkbuf_2_2_0_HCLK/X (sky130_fd_sc_hd__clkbuf_8)
                                                         clknet_2_2_0_HCLK (net)
                      0.056729    0.003332    0.465821 ^ clkbuf_3_4__f_HCLK/A (sky130_fd_sc_hd__clkbuf_16)
    11    0.039914    0.045093    0.104073    0.569895 ^ clkbuf_3_4__f_HCLK/X (sky130_fd_sc_hd__clkbuf_16)
                                                         clknet_3_4__leaf_HCLK (net)
                      0.045122    0.000980    0.570875 ^ _193_/CLK (sky130_fd_sc_hd__dfrtp_1)
     2    0.004111    0.032403    0.230625    0.801499 v _193_/Q (sky130_fd_sc_hd__dfrtp_1)
                                                         net143 (net)
                      0.032403    0.000094    0.801593 v output143/A (sky130_fd_sc_hd__buf_2)
     1    0.035846    0.065129    0.120169    0.921762 v output143/X (sky130_fd_sc_hd__buf_2)
                                                         PWDATA[10] (net)
                      0.065136    0.000695    0.922457 v PWDATA[10] (out)
                                              0.922457   data arrival time

                                  0.000000    0.000000   clock HCLK (rise edge)
                                  0.000000    0.000000   clock network delay (propagated)
                                  0.250000    0.250000   clock uncertainty
                                  0.000000    0.250000   clock reconvergence pessimism
                                 -2.000000   -1.750000   output external delay
                                             -1.750000   data required time
---------------------------------------------------------------------------------------------
                                             -1.750000   data required time
                                             -0.922457   data arrival time
---------------------------------------------------------------------------------------------
                                              2.672457   slack (MET)


Startpoint: _151_ (rising edge-triggered flip-flop clocked by HCLK)
Endpoint: PADDR[0] (output port clocked by HCLK)
Path Group: HCLK
Path Type: min

Fanout         Cap        Slew       Delay        Time   Description
---------------------------------------------------------------------------------------------
                                  0.000000    0.000000   clock HCLK (rise edge)
                                  0.000000    0.000000   clock source latency
     1    0.059439    0.203180    0.147358    0.147358 ^ HCLK (in)
                                                         HCLK (net)
                      0.204534    0.000000    0.147358 ^ clkbuf_0_HCLK/A (sky130_fd_sc_hd__clkbuf_16)
     5    0.134022    0.114650    0.179325    0.326684 ^ clkbuf_0_HCLK/X (sky130_fd_sc_hd__clkbuf_16)
                                                         clknet_0_HCLK (net)
                      0.117120    0.013264    0.339947 ^ clkbuf_2_1_0_HCLK/A (sky130_fd_sc_hd__clkbuf_8)
     2    0.036936    0.058213    0.125711    0.465659 ^ clkbuf_2_1_0_HCLK/X (sky130_fd_sc_hd__clkbuf_8)
                                                         clknet_2_1_0_HCLK (net)
                      0.058723    0.004261    0.469920 ^ clkbuf_3_3__f_HCLK/A (sky130_fd_sc_hd__clkbuf_16)
    10    0.027954    0.036768    0.097675    0.567595 ^ clkbuf_3_3__f_HCLK/X (sky130_fd_sc_hd__clkbuf_16)
                                                         clknet_3_3__leaf_HCLK (net)
                      0.036776    0.000528    0.568123 ^ _151_/CLK (sky130_fd_sc_hd__dfrtp_1)
     2    0.005472    0.036415    0.233116    0.801240 v _151_/Q (sky130_fd_sc_hd__dfrtp_1)
                                                         net105 (net)
                      0.036415    0.000130    0.801369 v output105/A (sky130_fd_sc_hd__buf_2)
     1    0.034785    0.063589    0.120355    0.921724 v output105/X (sky130_fd_sc_hd__buf_2)
                                                         PADDR[0] (net)
                      0.063599    0.000777    0.922501 v PADDR[0] (out)
                                              0.922501   data arrival time

                                  0.000000    0.000000   clock HCLK (rise edge)
                                  0.000000    0.000000   clock network delay (propagated)
                                  0.250000    0.250000   clock uncertainty
                                  0.000000    0.250000   clock reconvergence pessimism
                                 -2.000000   -1.750000   output external delay
                                             -1.750000   data required time
---------------------------------------------------------------------------------------------
                                             -1.750000   data required time
                                             -0.922501   data arrival time
---------------------------------------------------------------------------------------------
                                              2.672501   slack (MET)


Startpoint: _196_ (rising edge-triggered flip-flop clocked by HCLK)
Endpoint: PWDATA[13] (output port clocked by HCLK)
Path Group: HCLK
Path Type: min

Fanout         Cap        Slew       Delay        Time   Description
---------------------------------------------------------------------------------------------
                                  0.000000    0.000000   clock HCLK (rise edge)
                                  0.000000    0.000000   clock source latency
     1    0.059439    0.203180    0.147358    0.147358 ^ HCLK (in)
                                                         HCLK (net)
                      0.204534    0.000000    0.147358 ^ clkbuf_0_HCLK/A (sky130_fd_sc_hd__clkbuf_16)
     5    0.134022    0.114650    0.179325    0.326684 ^ clkbuf_0_HCLK/X (sky130_fd_sc_hd__clkbuf_16)
                                                         clknet_0_HCLK (net)
                      0.116431    0.011266    0.337950 ^ clkbuf_2_2_0_HCLK/A (sky130_fd_sc_hd__clkbuf_8)
     2    0.035419    0.056406    0.124539    0.462489 ^ clkbuf_2_2_0_HCLK/X (sky130_fd_sc_hd__clkbuf_8)
                                                         clknet_2_2_0_HCLK (net)
                      0.056832    0.003837    0.466326 ^ clkbuf_3_5__f_HCLK/A (sky130_fd_sc_hd__clkbuf_16)
    11    0.035096    0.041718    0.101215    0.567541 ^ clkbuf_3_5__f_HCLK/X (sky130_fd_sc_hd__clkbuf_16)
                                                         clknet_3_5__leaf_HCLK (net)
                      0.041886    0.001899    0.569440 ^ _196_/CLK (sky130_fd_sc_hd__dfrtp_1)
     2    0.005057    0.035145    0.233112    0.802552 v _196_/Q (sky130_fd_sc_hd__dfrtp_1)
                                                         net146 (net)
                      0.035145    0.000111    0.802663 v output146/A (sky130_fd_sc_hd__buf_2)
     1    0.034455    0.063048    0.119529    0.922191 v output146/X (sky130_fd_sc_hd__buf_2)
                                                         PWDATA[13] (net)
                      0.063055    0.000639    0.922830 v PWDATA[13] (out)
                                              0.922830   data arrival time

                                  0.000000    0.000000   clock HCLK (rise edge)
                                  0.000000    0.000000   clock network delay (propagated)
                                  0.250000    0.250000   clock uncertainty
                                  0.000000    0.250000   clock reconvergence pessimism
                                 -2.000000   -1.750000   output external delay
                                             -1.750000   data required time
---------------------------------------------------------------------------------------------
                                             -1.750000   data required time
                                             -0.922830   data arrival time
---------------------------------------------------------------------------------------------
                                              2.672830   slack (MET)


Startpoint: _198_ (rising edge-triggered flip-flop clocked by HCLK)
Endpoint: PWDATA[15] (output port clocked by HCLK)
Path Group: HCLK
Path Type: min

Fanout         Cap        Slew       Delay        Time   Description
---------------------------------------------------------------------------------------------
                                  0.000000    0.000000   clock HCLK (rise edge)
                                  0.000000    0.000000   clock source latency
     1    0.059439    0.203180    0.147358    0.147358 ^ HCLK (in)
                                                         HCLK (net)
                      0.204534    0.000000    0.147358 ^ clkbuf_0_HCLK/A (sky130_fd_sc_hd__clkbuf_16)
     5    0.134022    0.114650    0.179325    0.326684 ^ clkbuf_0_HCLK/X (sky130_fd_sc_hd__clkbuf_16)
                                                         clknet_0_HCLK (net)
                      0.116431    0.011266    0.337950 ^ clkbuf_2_2_0_HCLK/A (sky130_fd_sc_hd__clkbuf_8)
     2    0.035419    0.056406    0.124539    0.462489 ^ clkbuf_2_2_0_HCLK/X (sky130_fd_sc_hd__clkbuf_8)
                                                         clknet_2_2_0_HCLK (net)
                      0.056729    0.003332    0.465821 ^ clkbuf_3_4__f_HCLK/A (sky130_fd_sc_hd__clkbuf_16)
    11    0.039914    0.045093    0.104073    0.569895 ^ clkbuf_3_4__f_HCLK/X (sky130_fd_sc_hd__clkbuf_16)
                                                         clknet_3_4__leaf_HCLK (net)
                      0.045104    0.000683    0.570578 ^ _198_/CLK (sky130_fd_sc_hd__dfrtp_1)
     2    0.004419    0.033262    0.231735    0.802313 v _198_/Q (sky130_fd_sc_hd__dfrtp_1)
                                                         net148 (net)
                      0.033262    0.000115    0.802428 v output148/A (sky130_fd_sc_hd__buf_2)
     1    0.035245    0.064231    0.119758    0.922186 v output148/X (sky130_fd_sc_hd__buf_2)
                                                         PWDATA[15] (net)
                      0.064238    0.000674    0.922860 v PWDATA[15] (out)
                                              0.922860   data arrival time

                                  0.000000    0.000000   clock HCLK (rise edge)
                                  0.000000    0.000000   clock network delay (propagated)
                                  0.250000    0.250000   clock uncertainty
                                  0.000000    0.250000   clock reconvergence pessimism
                                 -2.000000   -1.750000   output external delay
                                             -1.750000   data required time
---------------------------------------------------------------------------------------------
                                             -1.750000   data required time
                                             -0.922860   data arrival time
---------------------------------------------------------------------------------------------
                                              2.672860   slack (MET)


Startpoint: _188_ (rising edge-triggered flip-flop clocked by HCLK)
Endpoint: PWDATA[5] (output port clocked by HCLK)
Path Group: HCLK
Path Type: min

Fanout         Cap        Slew       Delay        Time   Description
---------------------------------------------------------------------------------------------
                                  0.000000    0.000000   clock HCLK (rise edge)
                                  0.000000    0.000000   clock source latency
     1    0.059439    0.203180    0.147358    0.147358 ^ HCLK (in)
                                                         HCLK (net)
                      0.204534    0.000000    0.147358 ^ clkbuf_0_HCLK/A (sky130_fd_sc_hd__clkbuf_16)
     5    0.134022    0.114650    0.179325    0.326684 ^ clkbuf_0_HCLK/X (sky130_fd_sc_hd__clkbuf_16)
                                                         clknet_0_HCLK (net)
                      0.116431    0.011266    0.337950 ^ clkbuf_2_2_0_HCLK/A (sky130_fd_sc_hd__clkbuf_8)
     2    0.035419    0.056406    0.124539    0.462489 ^ clkbuf_2_2_0_HCLK/X (sky130_fd_sc_hd__clkbuf_8)
                                                         clknet_2_2_0_HCLK (net)
                      0.056832    0.003837    0.466326 ^ clkbuf_3_5__f_HCLK/A (sky130_fd_sc_hd__clkbuf_16)
    11    0.035096    0.041718    0.101215    0.567541 ^ clkbuf_3_5__f_HCLK/X (sky130_fd_sc_hd__clkbuf_16)
                                                         clknet_3_5__leaf_HCLK (net)
                      0.041770    0.001380    0.568921 ^ _188_/CLK (sky130_fd_sc_hd__dfrtp_1)
     2    0.004849    0.034509    0.232326    0.801247 v _188_/Q (sky130_fd_sc_hd__dfrtp_1)
                                                         net169 (net)
                      0.034509    0.000097    0.801344 v output169/A (sky130_fd_sc_hd__buf_2)
     1    0.035897    0.065306    0.120876    0.922220 v output169/X (sky130_fd_sc_hd__buf_2)
                                                         PWDATA[5] (net)
                      0.065321    0.000954    0.923174 v PWDATA[5] (out)
                                              0.923174   data arrival time

                                  0.000000    0.000000   clock HCLK (rise edge)
                                  0.000000    0.000000   clock network delay (propagated)
                                  0.250000    0.250000   clock uncertainty
                                  0.000000    0.250000   clock reconvergence pessimism
                                 -2.000000   -1.750000   output external delay
                                             -1.750000   data required time
---------------------------------------------------------------------------------------------
                                             -1.750000   data required time
                                             -0.923174   data arrival time
---------------------------------------------------------------------------------------------
                                              2.673173   slack (MET)


Startpoint: _194_ (rising edge-triggered flip-flop clocked by HCLK)
Endpoint: PWDATA[11] (output port clocked by HCLK)
Path Group: HCLK
Path Type: min

Fanout         Cap        Slew       Delay        Time   Description
---------------------------------------------------------------------------------------------
                                  0.000000    0.000000   clock HCLK (rise edge)
                                  0.000000    0.000000   clock source latency
     1    0.059439    0.203180    0.147358    0.147358 ^ HCLK (in)
                                                         HCLK (net)
                      0.204534    0.000000    0.147358 ^ clkbuf_0_HCLK/A (sky130_fd_sc_hd__clkbuf_16)
     5    0.134022    0.114650    0.179325    0.326684 ^ clkbuf_0_HCLK/X (sky130_fd_sc_hd__clkbuf_16)
                                                         clknet_0_HCLK (net)
                      0.116431    0.011266    0.337950 ^ clkbuf_2_2_0_HCLK/A (sky130_fd_sc_hd__clkbuf_8)
     2    0.035419    0.056406    0.124539    0.462489 ^ clkbuf_2_2_0_HCLK/X (sky130_fd_sc_hd__clkbuf_8)
                                                         clknet_2_2_0_HCLK (net)
                      0.056729    0.003332    0.465821 ^ clkbuf_3_4__f_HCLK/A (sky130_fd_sc_hd__clkbuf_16)
    11    0.039914    0.045093    0.104073    0.569895 ^ clkbuf_3_4__f_HCLK/X (sky130_fd_sc_hd__clkbuf_16)
                                                         clknet_3_4__leaf_HCLK (net)
                      0.045106    0.000724    0.570619 ^ _194_/CLK (sky130_fd_sc_hd__dfrtp_1)
     2    0.004744    0.034200    0.232917    0.803536 v _194_/Q (sky130_fd_sc_hd__dfrtp_1)
                                                         net144 (net)
                      0.034200    0.000101    0.803637 v output144/A (sky130_fd_sc_hd__buf_2)
     1    0.036304    0.065894    0.121304    0.924942 v output144/X (sky130_fd_sc_hd__buf_2)
                                                         PWDATA[11] (net)
                      0.065908    0.000914    0.925855 v PWDATA[11] (out)
                                              0.925855   data arrival time

                                  0.000000    0.000000   clock HCLK (rise edge)
                                  0.000000    0.000000   clock network delay (propagated)
                                  0.250000    0.250000   clock uncertainty
                                  0.000000    0.250000   clock reconvergence pessimism
                                 -2.000000   -1.750000   output external delay
                                             -1.750000   data required time
---------------------------------------------------------------------------------------------
                                             -1.750000   data required time
                                             -0.925855   data arrival time
---------------------------------------------------------------------------------------------
                                              2.675855   slack (MET)


Startpoint: _170_ (rising edge-triggered flip-flop clocked by HCLK)
Endpoint: PADDR[19] (output port clocked by HCLK)
Path Group: HCLK
Path Type: min

Fanout         Cap        Slew       Delay        Time   Description
---------------------------------------------------------------------------------------------
                                  0.000000    0.000000   clock HCLK (rise edge)
                                  0.000000    0.000000   clock source latency
     1    0.059439    0.203180    0.147358    0.147358 ^ HCLK (in)
                                                         HCLK (net)
                      0.204534    0.000000    0.147358 ^ clkbuf_0_HCLK/A (sky130_fd_sc_hd__clkbuf_16)
     5    0.134022    0.114650    0.179325    0.326684 ^ clkbuf_0_HCLK/X (sky130_fd_sc_hd__clkbuf_16)
                                                         clknet_0_HCLK (net)
                      0.116431    0.011266    0.337950 ^ clkbuf_2_2_0_HCLK/A (sky130_fd_sc_hd__clkbuf_8)
     2    0.035419    0.056406    0.124539    0.462489 ^ clkbuf_2_2_0_HCLK/X (sky130_fd_sc_hd__clkbuf_8)
                                                         clknet_2_2_0_HCLK (net)
                      0.056729    0.003332    0.465821 ^ clkbuf_3_4__f_HCLK/A (sky130_fd_sc_hd__clkbuf_16)
    11    0.039914    0.045093    0.104073    0.569895 ^ clkbuf_3_4__f_HCLK/X (sky130_fd_sc_hd__clkbuf_16)
                                                         clknet_3_4__leaf_HCLK (net)
                      0.045136    0.001180    0.571075 ^ _170_/CLK (sky130_fd_sc_hd__dfrtp_1)
     2    0.005019    0.035032    0.233922    0.804997 v _170_/Q (sky130_fd_sc_hd__dfrtp_1)
                                                         net115 (net)
                      0.035032    0.000124    0.805121 v output115/A (sky130_fd_sc_hd__buf_2)
     1    0.035814    0.065081    0.121183    0.926305 v output115/X (sky130_fd_sc_hd__buf_2)
                                                         PADDR[19] (net)
                      0.065088    0.000693    0.926998 v PADDR[19] (out)
                                              0.926998   data arrival time

                                  0.000000    0.000000   clock HCLK (rise edge)
                                  0.000000    0.000000   clock network delay (propagated)
                                  0.250000    0.250000   clock uncertainty
                                  0.000000    0.250000   clock reconvergence pessimism
                                 -2.000000   -1.750000   output external delay
                                             -1.750000   data required time
---------------------------------------------------------------------------------------------
                                             -1.750000   data required time
                                             -0.926998   data arrival time
---------------------------------------------------------------------------------------------
                                              2.676998   slack (MET)


Startpoint: _182_ (rising edge-triggered flip-flop clocked by HCLK)
Endpoint: PADDR[31] (output port clocked by HCLK)
Path Group: HCLK
Path Type: min

Fanout         Cap        Slew       Delay        Time   Description
---------------------------------------------------------------------------------------------
                                  0.000000    0.000000   clock HCLK (rise edge)
                                  0.000000    0.000000   clock source latency
     1    0.059439    0.203180    0.147358    0.147358 ^ HCLK (in)
                                                         HCLK (net)
                      0.204534    0.000000    0.147358 ^ clkbuf_0_HCLK/A (sky130_fd_sc_hd__clkbuf_16)
     5    0.134022    0.114650    0.179325    0.326684 ^ clkbuf_0_HCLK/X (sky130_fd_sc_hd__clkbuf_16)
                                                         clknet_0_HCLK (net)
                      0.117120    0.013264    0.339947 ^ clkbuf_2_1_0_HCLK/A (sky130_fd_sc_hd__clkbuf_8)
     2    0.036936    0.058213    0.125711    0.465659 ^ clkbuf_2_1_0_HCLK/X (sky130_fd_sc_hd__clkbuf_8)
                                                         clknet_2_1_0_HCLK (net)
                      0.058761    0.004422    0.470081 ^ clkbuf_3_2__f_HCLK/A (sky130_fd_sc_hd__clkbuf_16)
    10    0.036695    0.042800    0.102531    0.572612 ^ clkbuf_3_2__f_HCLK/X (sky130_fd_sc_hd__clkbuf_16)
                                                         clknet_3_2__leaf_HCLK (net)
                      0.043070    0.002322    0.574934 ^ _182_/CLK (sky130_fd_sc_hd__dfrtp_1)
     2    0.005015    0.035019    0.233299    0.808234 v _182_/Q (sky130_fd_sc_hd__dfrtp_1)
                                                         net129 (net)
                      0.035019    0.000127    0.808361 v output129/A (sky130_fd_sc_hd__buf_2)
     1    0.034148    0.062601    0.119073    0.927434 v output129/X (sky130_fd_sc_hd__buf_2)
                                                         PADDR[31] (net)
                      0.062608    0.000656    0.928090 v PADDR[31] (out)
                                              0.928090   data arrival time

                                  0.000000    0.000000   clock HCLK (rise edge)
                                  0.000000    0.000000   clock network delay (propagated)
                                  0.250000    0.250000   clock uncertainty
                                  0.000000    0.250000   clock reconvergence pessimism
                                 -2.000000   -1.750000   output external delay
                                             -1.750000   data required time
---------------------------------------------------------------------------------------------
                                             -1.750000   data required time
                                             -0.928090   data arrival time
---------------------------------------------------------------------------------------------
                                              2.678090   slack (MET)


Startpoint: _192_ (rising edge-triggered flip-flop clocked by HCLK)
Endpoint: PWDATA[9] (output port clocked by HCLK)
Path Group: HCLK
Path Type: min

Fanout         Cap        Slew       Delay        Time   Description
---------------------------------------------------------------------------------------------
                                  0.000000    0.000000   clock HCLK (rise edge)
                                  0.000000    0.000000   clock source latency
     1    0.059439    0.203180    0.147358    0.147358 ^ HCLK (in)
                                                         HCLK (net)
                      0.204534    0.000000    0.147358 ^ clkbuf_0_HCLK/A (sky130_fd_sc_hd__clkbuf_16)
     5    0.134022    0.114650    0.179325    0.326684 ^ clkbuf_0_HCLK/X (sky130_fd_sc_hd__clkbuf_16)
                                                         clknet_0_HCLK (net)
                      0.116431    0.011266    0.337950 ^ clkbuf_2_2_0_HCLK/A (sky130_fd_sc_hd__clkbuf_8)
     2    0.035419    0.056406    0.124539    0.462489 ^ clkbuf_2_2_0_HCLK/X (sky130_fd_sc_hd__clkbuf_8)
                                                         clknet_2_2_0_HCLK (net)
                      0.056832    0.003837    0.466326 ^ clkbuf_3_5__f_HCLK/A (sky130_fd_sc_hd__clkbuf_16)
    11    0.035096    0.041718    0.101215    0.567541 ^ clkbuf_3_5__f_HCLK/X (sky130_fd_sc_hd__clkbuf_16)
                                                         clknet_3_5__leaf_HCLK (net)
                      0.041740    0.001095    0.568636 ^ _192_/CLK (sky130_fd_sc_hd__dfrtp_1)
     2    0.005793    0.037431    0.235718    0.804354 v _192_/Q (sky130_fd_sc_hd__dfrtp_1)
                                                         net173 (net)
                      0.037431    0.000174    0.804528 v output173/A (sky130_fd_sc_hd__buf_2)
     1    0.036421    0.066022    0.122840    0.927367 v output173/X (sky130_fd_sc_hd__buf_2)
                                                         PWDATA[9] (net)
                      0.066033    0.000803    0.928171 v PWDATA[9] (out)
                                              0.928171   data arrival time

                                  0.000000    0.000000   clock HCLK (rise edge)
                                  0.000000    0.000000   clock network delay (propagated)
                                  0.250000    0.250000   clock uncertainty
                                  0.000000    0.250000   clock reconvergence pessimism
                                 -2.000000   -1.750000   output external delay
                                             -1.750000   data required time
---------------------------------------------------------------------------------------------
                                             -1.750000   data required time
                                             -0.928171   data arrival time
---------------------------------------------------------------------------------------------
                                              2.678171   slack (MET)


Startpoint: _157_ (rising edge-triggered flip-flop clocked by HCLK)
Endpoint: PADDR[6] (output port clocked by HCLK)
Path Group: HCLK
Path Type: min

Fanout         Cap        Slew       Delay        Time   Description
---------------------------------------------------------------------------------------------
                                  0.000000    0.000000   clock HCLK (rise edge)
                                  0.000000    0.000000   clock source latency
     1    0.059439    0.203180    0.147358    0.147358 ^ HCLK (in)
                                                         HCLK (net)
                      0.204534    0.000000    0.147358 ^ clkbuf_0_HCLK/A (sky130_fd_sc_hd__clkbuf_16)
     5    0.134022    0.114650    0.179325    0.326684 ^ clkbuf_0_HCLK/X (sky130_fd_sc_hd__clkbuf_16)
                                                         clknet_0_HCLK (net)
                      0.117120    0.013264    0.339947 ^ clkbuf_2_1_0_HCLK/A (sky130_fd_sc_hd__clkbuf_8)
     2    0.036936    0.058213    0.125711    0.465659 ^ clkbuf_2_1_0_HCLK/X (sky130_fd_sc_hd__clkbuf_8)
                                                         clknet_2_1_0_HCLK (net)
                      0.058761    0.004422    0.470081 ^ clkbuf_3_2__f_HCLK/A (sky130_fd_sc_hd__clkbuf_16)
    10    0.036695    0.042800    0.102531    0.572612 ^ clkbuf_3_2__f_HCLK/X (sky130_fd_sc_hd__clkbuf_16)
                                                         clknet_3_2__leaf_HCLK (net)
                      0.042982    0.001634    0.574245 ^ _157_/CLK (sky130_fd_sc_hd__dfrtp_1)
     2    0.004950    0.034811    0.233038    0.807283 v _157_/Q (sky130_fd_sc_hd__dfrtp_1)
                                                         net133 (net)
                      0.034811    0.000124    0.807407 v output133/A (sky130_fd_sc_hd__buf_2)
     1    0.035074    0.064061    0.119994    0.927401 v output133/X (sky130_fd_sc_hd__buf_2)
                                                         PADDR[6] (net)
                      0.064075    0.000893    0.928293 v PADDR[6] (out)
                                              0.928293   data arrival time

                                  0.000000    0.000000   clock HCLK (rise edge)
                                  0.000000    0.000000   clock network delay (propagated)
                                  0.250000    0.250000   clock uncertainty
                                  0.000000    0.250000   clock reconvergence pessimism
                                 -2.000000   -1.750000   output external delay
                                             -1.750000   data required time
---------------------------------------------------------------------------------------------
                                             -1.750000   data required time
                                             -0.928293   data arrival time
---------------------------------------------------------------------------------------------
                                              2.678293   slack (MET)


Startpoint: _178_ (rising edge-triggered flip-flop clocked by HCLK)
Endpoint: PADDR[27] (output port clocked by HCLK)
Path Group: HCLK
Path Type: min

Fanout         Cap        Slew       Delay        Time   Description
---------------------------------------------------------------------------------------------
                                  0.000000    0.000000   clock HCLK (rise edge)
                                  0.000000    0.000000   clock source latency
     1    0.059439    0.203180    0.147358    0.147358 ^ HCLK (in)
                                                         HCLK (net)
                      0.204534    0.000000    0.147358 ^ clkbuf_0_HCLK/A (sky130_fd_sc_hd__clkbuf_16)
     5    0.134022    0.114650    0.179325    0.326684 ^ clkbuf_0_HCLK/X (sky130_fd_sc_hd__clkbuf_16)
                                                         clknet_0_HCLK (net)
                      0.117120    0.013264    0.339947 ^ clkbuf_2_1_0_HCLK/A (sky130_fd_sc_hd__clkbuf_8)
     2    0.036936    0.058213    0.125711    0.465659 ^ clkbuf_2_1_0_HCLK/X (sky130_fd_sc_hd__clkbuf_8)
                                                         clknet_2_1_0_HCLK (net)
                      0.058761    0.004422    0.470081 ^ clkbuf_3_2__f_HCLK/A (sky130_fd_sc_hd__clkbuf_16)
    10    0.036695    0.042800    0.102531    0.572612 ^ clkbuf_3_2__f_HCLK/X (sky130_fd_sc_hd__clkbuf_16)
                                                         clknet_3_2__leaf_HCLK (net)
                      0.042957    0.001412    0.574023 ^ _178_/CLK (sky130_fd_sc_hd__dfrtp_1)
     2    0.005175    0.035500    0.233855    0.807879 v _178_/Q (sky130_fd_sc_hd__dfrtp_1)
                                                         net124 (net)
                      0.035500    0.000120    0.807999 v output124/A (sky130_fd_sc_hd__buf_2)
     1    0.034536    0.063229    0.119656    0.927654 v output124/X (sky130_fd_sc_hd__buf_2)
                                                         PADDR[27] (net)
                      0.063239    0.000793    0.928447 v PADDR[27] (out)
                                              0.928447   data arrival time

                                  0.000000    0.000000   clock HCLK (rise edge)
                                  0.000000    0.000000   clock network delay (propagated)
                                  0.250000    0.250000   clock uncertainty
                                  0.000000    0.250000   clock reconvergence pessimism
                                 -2.000000   -1.750000   output external delay
                                             -1.750000   data required time
---------------------------------------------------------------------------------------------
                                             -1.750000   data required time
                                             -0.928447   data arrival time
---------------------------------------------------------------------------------------------
                                              2.678447   slack (MET)


Startpoint: _155_ (rising edge-triggered flip-flop clocked by HCLK)
Endpoint: PADDR[4] (output port clocked by HCLK)
Path Group: HCLK
Path Type: min

Fanout         Cap        Slew       Delay        Time   Description
---------------------------------------------------------------------------------------------
                                  0.000000    0.000000   clock HCLK (rise edge)
                                  0.000000    0.000000   clock source latency
     1    0.059439    0.203180    0.147358    0.147358 ^ HCLK (in)
                                                         HCLK (net)
                      0.204534    0.000000    0.147358 ^ clkbuf_0_HCLK/A (sky130_fd_sc_hd__clkbuf_16)
     5    0.134022    0.114650    0.179325    0.326684 ^ clkbuf_0_HCLK/X (sky130_fd_sc_hd__clkbuf_16)
                                                         clknet_0_HCLK (net)
                      0.116431    0.011266    0.337950 ^ clkbuf_2_2_0_HCLK/A (sky130_fd_sc_hd__clkbuf_8)
     2    0.035419    0.056406    0.124539    0.462489 ^ clkbuf_2_2_0_HCLK/X (sky130_fd_sc_hd__clkbuf_8)
                                                         clknet_2_2_0_HCLK (net)
                      0.056729    0.003332    0.465821 ^ clkbuf_3_4__f_HCLK/A (sky130_fd_sc_hd__clkbuf_16)
    11    0.039914    0.045093    0.104073    0.569895 ^ clkbuf_3_4__f_HCLK/X (sky130_fd_sc_hd__clkbuf_16)
                                                         clknet_3_4__leaf_HCLK (net)
                      0.045101    0.000637    0.570532 ^ _155_/CLK (sky130_fd_sc_hd__dfrtp_1)
     2    0.005673    0.037045    0.236280    0.806812 v _155_/Q (sky130_fd_sc_hd__dfrtp_1)
                                                         net131 (net)
                      0.037045    0.000159    0.806971 v output131/A (sky130_fd_sc_hd__buf_2)
     1    0.034929    0.063755    0.120888    0.927860 v output131/X (sky130_fd_sc_hd__buf_2)
                                                         PADDR[4] (net)
                      0.063762    0.000650    0.928510 v PADDR[4] (out)
                                              0.928510   data arrival time

                                  0.000000    0.000000   clock HCLK (rise edge)
                                  0.000000    0.000000   clock network delay (propagated)
                                  0.250000    0.250000   clock uncertainty
                                  0.000000    0.250000   clock reconvergence pessimism
                                 -2.000000   -1.750000   output external delay
                                             -1.750000   data required time
---------------------------------------------------------------------------------------------
                                             -1.750000   data required time
                                             -0.928510   data arrival time
---------------------------------------------------------------------------------------------
                                              2.678510   slack (MET)


Startpoint: _154_ (rising edge-triggered flip-flop clocked by HCLK)
Endpoint: PADDR[3] (output port clocked by HCLK)
Path Group: HCLK
Path Type: min

Fanout         Cap        Slew       Delay        Time   Description
---------------------------------------------------------------------------------------------
                                  0.000000    0.000000   clock HCLK (rise edge)
                                  0.000000    0.000000   clock source latency
     1    0.059439    0.203180    0.147358    0.147358 ^ HCLK (in)
                                                         HCLK (net)
                      0.204534    0.000000    0.147358 ^ clkbuf_0_HCLK/A (sky130_fd_sc_hd__clkbuf_16)
     5    0.134022    0.114650    0.179325    0.326684 ^ clkbuf_0_HCLK/X (sky130_fd_sc_hd__clkbuf_16)
                                                         clknet_0_HCLK (net)
                      0.116431    0.011266    0.337950 ^ clkbuf_2_2_0_HCLK/A (sky130_fd_sc_hd__clkbuf_8)
     2    0.035419    0.056406    0.124539    0.462489 ^ clkbuf_2_2_0_HCLK/X (sky130_fd_sc_hd__clkbuf_8)
                                                         clknet_2_2_0_HCLK (net)
                      0.056729    0.003332    0.465821 ^ clkbuf_3_4__f_HCLK/A (sky130_fd_sc_hd__clkbuf_16)
    11    0.039914    0.045093    0.104073    0.569895 ^ clkbuf_3_4__f_HCLK/X (sky130_fd_sc_hd__clkbuf_16)
                                                         clknet_3_4__leaf_HCLK (net)
                      0.045109    0.000782    0.570677 ^ _154_/CLK (sky130_fd_sc_hd__dfrtp_1)
     2    0.005691    0.037101    0.236352    0.807028 v _154_/Q (sky130_fd_sc_hd__dfrtp_1)
                                                         net130 (net)
                      0.037101    0.000132    0.807161 v output130/A (sky130_fd_sc_hd__buf_2)
     1    0.035339    0.064385    0.121391    0.928552 v output130/X (sky130_fd_sc_hd__buf_2)
                                                         PADDR[3] (net)
                      0.064393    0.000708    0.929260 v PADDR[3] (out)
                                              0.929260   data arrival time

                                  0.000000    0.000000   clock HCLK (rise edge)
                                  0.000000    0.000000   clock network delay (propagated)
                                  0.250000    0.250000   clock uncertainty
                                  0.000000    0.250000   clock reconvergence pessimism
                                 -2.000000   -1.750000   output external delay
                                             -1.750000   data required time
---------------------------------------------------------------------------------------------
                                             -1.750000   data required time
                                             -0.929260   data arrival time
---------------------------------------------------------------------------------------------
                                              2.679260   slack (MET)


Startpoint: _189_ (rising edge-triggered flip-flop clocked by HCLK)
Endpoint: PWDATA[6] (output port clocked by HCLK)
Path Group: HCLK
Path Type: min

Fanout         Cap        Slew       Delay        Time   Description
---------------------------------------------------------------------------------------------
                                  0.000000    0.000000   clock HCLK (rise edge)
                                  0.000000    0.000000   clock source latency
     1    0.059439    0.203180    0.147358    0.147358 ^ HCLK (in)
                                                         HCLK (net)
                      0.204534    0.000000    0.147358 ^ clkbuf_0_HCLK/A (sky130_fd_sc_hd__clkbuf_16)
     5    0.134022    0.114650    0.179325    0.326684 ^ clkbuf_0_HCLK/X (sky130_fd_sc_hd__clkbuf_16)
                                                         clknet_0_HCLK (net)
                      0.117120    0.013264    0.339947 ^ clkbuf_2_1_0_HCLK/A (sky130_fd_sc_hd__clkbuf_8)
     2    0.036936    0.058213    0.125711    0.465659 ^ clkbuf_2_1_0_HCLK/X (sky130_fd_sc_hd__clkbuf_8)
                                                         clknet_2_1_0_HCLK (net)
                      0.058761    0.004422    0.470081 ^ clkbuf_3_2__f_HCLK/A (sky130_fd_sc_hd__clkbuf_16)
    10    0.036695    0.042800    0.102531    0.572612 ^ clkbuf_3_2__f_HCLK/X (sky130_fd_sc_hd__clkbuf_16)
                                                         clknet_3_2__leaf_HCLK (net)
                      0.042974    0.001563    0.574175 ^ _189_/CLK (sky130_fd_sc_hd__dfrtp_1)
     2    0.005447    0.036335    0.234850    0.809025 v _189_/Q (sky130_fd_sc_hd__dfrtp_1)
                                                         net170 (net)
                      0.036335    0.000130    0.809155 v output170/A (sky130_fd_sc_hd__buf_2)
     1    0.034191    0.062680    0.119624    0.928779 v output170/X (sky130_fd_sc_hd__buf_2)
                                                         PWDATA[6] (net)
                      0.062688    0.000696    0.929474 v PWDATA[6] (out)
                                              0.929474   data arrival time

                                  0.000000    0.000000   clock HCLK (rise edge)
                                  0.000000    0.000000   clock network delay (propagated)
                                  0.250000    0.250000   clock uncertainty
                                  0.000000    0.250000   clock reconvergence pessimism
                                 -2.000000   -1.750000   output external delay
                                             -1.750000   data required time
---------------------------------------------------------------------------------------------
                                             -1.750000   data required time
                                             -0.929474   data arrival time
---------------------------------------------------------------------------------------------
                                              2.679474   slack (MET)


Startpoint: _161_ (rising edge-triggered flip-flop clocked by HCLK)
Endpoint: PADDR[10] (output port clocked by HCLK)
Path Group: HCLK
Path Type: min

Fanout         Cap        Slew       Delay        Time   Description
---------------------------------------------------------------------------------------------
                                  0.000000    0.000000   clock HCLK (rise edge)
                                  0.000000    0.000000   clock source latency
     1    0.059439    0.203180    0.147358    0.147358 ^ HCLK (in)
                                                         HCLK (net)
                      0.204534    0.000000    0.147358 ^ clkbuf_0_HCLK/A (sky130_fd_sc_hd__clkbuf_16)
     5    0.134022    0.114650    0.179325    0.326684 ^ clkbuf_0_HCLK/X (sky130_fd_sc_hd__clkbuf_16)
                                                         clknet_0_HCLK (net)
                      0.116959    0.012824    0.339507 ^ clkbuf_2_0_0_HCLK/A (sky130_fd_sc_hd__clkbuf_8)
     2    0.040129    0.062153    0.129216    0.468723 ^ clkbuf_2_0_0_HCLK/X (sky130_fd_sc_hd__clkbuf_8)
                                                         clknet_2_0_0_HCLK (net)
                      0.062464    0.003471    0.472194 ^ clkbuf_3_1__f_HCLK/A (sky130_fd_sc_hd__clkbuf_16)
     7    0.035580    0.041831    0.102191    0.574385 ^ clkbuf_3_1__f_HCLK/X (sky130_fd_sc_hd__clkbuf_16)
                                                         clknet_3_1__leaf_HCLK (net)
                      0.042570    0.004244    0.578630 ^ _161_/CLK (sky130_fd_sc_hd__dfrtp_1)
     2    0.004581    0.033729    0.231576    0.810205 v _161_/Q (sky130_fd_sc_hd__dfrtp_1)
                                                         net106 (net)
                      0.033729    0.000120    0.810325 v output106/A (sky130_fd_sc_hd__buf_2)
     1    0.034397    0.063004    0.118806    0.929131 v output106/X (sky130_fd_sc_hd__buf_2)
                                                         PADDR[10] (net)
                      0.063013    0.000747    0.929878 v PADDR[10] (out)
                                              0.929878   data arrival time

                                  0.000000    0.000000   clock HCLK (rise edge)
                                  0.000000    0.000000   clock network delay (propagated)
                                  0.250000    0.250000   clock uncertainty
                                  0.000000    0.250000   clock reconvergence pessimism
                                 -2.000000   -1.750000   output external delay
                                             -1.750000   data required time
---------------------------------------------------------------------------------------------
                                             -1.750000   data required time
                                             -0.929878   data arrival time
---------------------------------------------------------------------------------------------
                                              2.679878   slack (MET)


Startpoint: _160_ (rising edge-triggered flip-flop clocked by HCLK)
Endpoint: PADDR[9] (output port clocked by HCLK)
Path Group: HCLK
Path Type: min

Fanout         Cap        Slew       Delay        Time   Description
---------------------------------------------------------------------------------------------
                                  0.000000    0.000000   clock HCLK (rise edge)
                                  0.000000    0.000000   clock source latency
     1    0.059439    0.203180    0.147358    0.147358 ^ HCLK (in)
                                                         HCLK (net)
                      0.204534    0.000000    0.147358 ^ clkbuf_0_HCLK/A (sky130_fd_sc_hd__clkbuf_16)
     5    0.134022    0.114650    0.179325    0.326684 ^ clkbuf_0_HCLK/X (sky130_fd_sc_hd__clkbuf_16)
                                                         clknet_0_HCLK (net)
                      0.116959    0.012824    0.339507 ^ clkbuf_2_0_0_HCLK/A (sky130_fd_sc_hd__clkbuf_8)
     2    0.040129    0.062153    0.129216    0.468723 ^ clkbuf_2_0_0_HCLK/X (sky130_fd_sc_hd__clkbuf_8)
                                                         clknet_2_0_0_HCLK (net)
                      0.062464    0.003471    0.472194 ^ clkbuf_3_1__f_HCLK/A (sky130_fd_sc_hd__clkbuf_16)
     7    0.035580    0.041831    0.102191    0.574385 ^ clkbuf_3_1__f_HCLK/X (sky130_fd_sc_hd__clkbuf_16)
                                                         clknet_3_1__leaf_HCLK (net)
                      0.042514    0.004039    0.578424 ^ _160_/CLK (sky130_fd_sc_hd__dfrtp_1)
     2    0.004685    0.034029    0.231949    0.810372 v _160_/Q (sky130_fd_sc_hd__dfrtp_1)
                                                         net136 (net)
                      0.034029    0.000064    0.810436 v output136/A (sky130_fd_sc_hd__buf_2)
     1    0.034409    0.063025    0.118935    0.929371 v output136/X (sky130_fd_sc_hd__buf_2)
                                                         PADDR[9] (net)
                      0.063035    0.000756    0.930128 v PADDR[9] (out)
                                              0.930128   data arrival time

                                  0.000000    0.000000   clock HCLK (rise edge)
                                  0.000000    0.000000   clock network delay (propagated)
                                  0.250000    0.250000   clock uncertainty
                                  0.000000    0.250000   clock reconvergence pessimism
                                 -2.000000   -1.750000   output external delay
                                             -1.750000   data required time
---------------------------------------------------------------------------------------------
                                             -1.750000   data required time
                                             -0.930128   data arrival time
---------------------------------------------------------------------------------------------
                                              2.680128   slack (MET)


Startpoint: _197_ (rising edge-triggered flip-flop clocked by HCLK)
Endpoint: PWDATA[14] (output port clocked by HCLK)
Path Group: HCLK
Path Type: min

Fanout         Cap        Slew       Delay        Time   Description
---------------------------------------------------------------------------------------------
                                  0.000000    0.000000   clock HCLK (rise edge)
                                  0.000000    0.000000   clock source latency
     1    0.059439    0.203180    0.147358    0.147358 ^ HCLK (in)
                                                         HCLK (net)
                      0.204534    0.000000    0.147358 ^ clkbuf_0_HCLK/A (sky130_fd_sc_hd__clkbuf_16)
     5    0.134022    0.114650    0.179325    0.326684 ^ clkbuf_0_HCLK/X (sky130_fd_sc_hd__clkbuf_16)
                                                         clknet_0_HCLK (net)
                      0.116959    0.012824    0.339507 ^ clkbuf_2_0_0_HCLK/A (sky130_fd_sc_hd__clkbuf_8)
     2    0.040129    0.062153    0.129216    0.468723 ^ clkbuf_2_0_0_HCLK/X (sky130_fd_sc_hd__clkbuf_8)
                                                         clknet_2_0_0_HCLK (net)
                      0.062464    0.003471    0.472194 ^ clkbuf_3_1__f_HCLK/A (sky130_fd_sc_hd__clkbuf_16)
     7    0.035580    0.041831    0.102191    0.574385 ^ clkbuf_3_1__f_HCLK/X (sky130_fd_sc_hd__clkbuf_16)
                                                         clknet_3_1__leaf_HCLK (net)
                      0.042611    0.004392    0.578777 ^ _197_/CLK (sky130_fd_sc_hd__dfrtp_1)
     2    0.004752    0.034227    0.232214    0.810991 v _197_/Q (sky130_fd_sc_hd__dfrtp_1)
                                                         net147 (net)
                      0.034227    0.000109    0.811100 v output147/A (sky130_fd_sc_hd__buf_2)
     1    0.034147    0.062615    0.118722    0.929822 v output147/X (sky130_fd_sc_hd__buf_2)
                                                         PWDATA[14] (net)
                      0.062623    0.000698    0.930521 v PWDATA[14] (out)
                                              0.930521   data arrival time

                                  0.000000    0.000000   clock HCLK (rise edge)
                                  0.000000    0.000000   clock network delay (propagated)
                                  0.250000    0.250000   clock uncertainty
                                  0.000000    0.250000   clock reconvergence pessimism
                                 -2.000000   -1.750000   output external delay
                                             -1.750000   data required time
---------------------------------------------------------------------------------------------
                                             -1.750000   data required time
                                             -0.930521   data arrival time
---------------------------------------------------------------------------------------------
                                              2.680521   slack (MET)


Startpoint: _187_ (rising edge-triggered flip-flop clocked by HCLK)
Endpoint: PWDATA[4] (output port clocked by HCLK)
Path Group: HCLK
Path Type: min

Fanout         Cap        Slew       Delay        Time   Description
---------------------------------------------------------------------------------------------
                                  0.000000    0.000000   clock HCLK (rise edge)
                                  0.000000    0.000000   clock source latency
     1    0.059439    0.203180    0.147358    0.147358 ^ HCLK (in)
                                                         HCLK (net)
                      0.204534    0.000000    0.147358 ^ clkbuf_0_HCLK/A (sky130_fd_sc_hd__clkbuf_16)
     5    0.134022    0.114650    0.179325    0.326684 ^ clkbuf_0_HCLK/X (sky130_fd_sc_hd__clkbuf_16)
                                                         clknet_0_HCLK (net)
                      0.116959    0.012824    0.339507 ^ clkbuf_2_0_0_HCLK/A (sky130_fd_sc_hd__clkbuf_8)
     2    0.040129    0.062153    0.129216    0.468723 ^ clkbuf_2_0_0_HCLK/X (sky130_fd_sc_hd__clkbuf_8)
                                                         clknet_2_0_0_HCLK (net)
                      0.062464    0.003471    0.472194 ^ clkbuf_3_1__f_HCLK/A (sky130_fd_sc_hd__clkbuf_16)
     7    0.035580    0.041831    0.102191    0.574385 ^ clkbuf_3_1__f_HCLK/X (sky130_fd_sc_hd__clkbuf_16)
                                                         clknet_3_1__leaf_HCLK (net)
                      0.042448    0.003784    0.578169 ^ _187_/CLK (sky130_fd_sc_hd__dfrtp_1)
     2    0.004837    0.034475    0.232473    0.810642 v _187_/Q (sky130_fd_sc_hd__dfrtp_1)
                                                         net168 (net)
                      0.034475    0.000115    0.810758 v output168/A (sky130_fd_sc_hd__buf_2)
     1    0.034724    0.063521    0.119457    0.930215 v output168/X (sky130_fd_sc_hd__buf_2)
                                                         PWDATA[4] (net)
                      0.063533    0.000835    0.931050 v PWDATA[4] (out)
                                              0.931050   data arrival time

                                  0.000000    0.000000   clock HCLK (rise edge)
                                  0.000000    0.000000   clock network delay (propagated)
                                  0.250000    0.250000   clock uncertainty
                                  0.000000    0.250000   clock reconvergence pessimism
                                 -2.000000   -1.750000   output external delay
                                             -1.750000   data required time
---------------------------------------------------------------------------------------------
                                             -1.750000   data required time
                                             -0.931050   data arrival time
---------------------------------------------------------------------------------------------
                                              2.681050   slack (MET)


Startpoint: _168_ (rising edge-triggered flip-flop clocked by HCLK)
Endpoint: PADDR[17] (output port clocked by HCLK)
Path Group: HCLK
Path Type: min

Fanout         Cap        Slew       Delay        Time   Description
---------------------------------------------------------------------------------------------
                                  0.000000    0.000000   clock HCLK (rise edge)
                                  0.000000    0.000000   clock source latency
     1    0.059439    0.203180    0.147358    0.147358 ^ HCLK (in)
                                                         HCLK (net)
                      0.204534    0.000000    0.147358 ^ clkbuf_0_HCLK/A (sky130_fd_sc_hd__clkbuf_16)
     5    0.134022    0.114650    0.179325    0.326684 ^ clkbuf_0_HCLK/X (sky130_fd_sc_hd__clkbuf_16)
                                                         clknet_0_HCLK (net)
                      0.117120    0.013264    0.339947 ^ clkbuf_2_1_0_HCLK/A (sky130_fd_sc_hd__clkbuf_8)
     2    0.036936    0.058213    0.125711    0.465659 ^ clkbuf_2_1_0_HCLK/X (sky130_fd_sc_hd__clkbuf_8)
                                                         clknet_2_1_0_HCLK (net)
                      0.058761    0.004422    0.470081 ^ clkbuf_3_2__f_HCLK/A (sky130_fd_sc_hd__clkbuf_16)
    10    0.036695    0.042800    0.102531    0.572612 ^ clkbuf_3_2__f_HCLK/X (sky130_fd_sc_hd__clkbuf_16)
                                                         clknet_3_2__leaf_HCLK (net)
                      0.043042    0.002122    0.574733 ^ _168_/CLK (sky130_fd_sc_hd__dfrtp_1)
     2    0.005689    0.037101    0.235722    0.810456 v _168_/Q (sky130_fd_sc_hd__dfrtp_1)
                                                         net113 (net)
                      0.037101    0.000192    0.810648 v output113/A (sky130_fd_sc_hd__buf_2)
     1    0.034429    0.063057    0.120187    0.930834 v output113/X (sky130_fd_sc_hd__buf_2)
                                                         PADDR[17] (net)
                      0.063067    0.000761    0.931595 v PADDR[17] (out)
                                              0.931595   data arrival time

                                  0.000000    0.000000   clock HCLK (rise edge)
                                  0.000000    0.000000   clock network delay (propagated)
                                  0.250000    0.250000   clock uncertainty
                                  0.000000    0.250000   clock reconvergence pessimism
                                 -2.000000   -1.750000   output external delay
                                             -1.750000   data required time
---------------------------------------------------------------------------------------------
                                             -1.750000   data required time
                                             -0.931595   data arrival time
---------------------------------------------------------------------------------------------
                                              2.681596   slack (MET)


Startpoint: _180_ (rising edge-triggered flip-flop clocked by HCLK)
Endpoint: PADDR[29] (output port clocked by HCLK)
Path Group: HCLK
Path Type: min

Fanout         Cap        Slew       Delay        Time   Description
---------------------------------------------------------------------------------------------
                                  0.000000    0.000000   clock HCLK (rise edge)
                                  0.000000    0.000000   clock source latency
     1    0.059439    0.203180    0.147358    0.147358 ^ HCLK (in)
                                                         HCLK (net)
                      0.204534    0.000000    0.147358 ^ clkbuf_0_HCLK/A (sky130_fd_sc_hd__clkbuf_16)
     5    0.134022    0.114650    0.179325    0.326684 ^ clkbuf_0_HCLK/X (sky130_fd_sc_hd__clkbuf_16)
                                                         clknet_0_HCLK (net)
                      0.117120    0.013264    0.339947 ^ clkbuf_2_1_0_HCLK/A (sky130_fd_sc_hd__clkbuf_8)
     2    0.036936    0.058213    0.125711    0.465659 ^ clkbuf_2_1_0_HCLK/X (sky130_fd_sc_hd__clkbuf_8)
                                                         clknet_2_1_0_HCLK (net)
                      0.058761    0.004422    0.470081 ^ clkbuf_3_2__f_HCLK/A (sky130_fd_sc_hd__clkbuf_16)
    10    0.036695    0.042800    0.102531    0.572612 ^ clkbuf_3_2__f_HCLK/X (sky130_fd_sc_hd__clkbuf_16)
                                                         clknet_3_2__leaf_HCLK (net)
                      0.043025    0.001989    0.574601 ^ _180_/CLK (sky130_fd_sc_hd__dfrtp_1)
     2    0.005623    0.036882    0.235497    0.810098 v _180_/Q (sky130_fd_sc_hd__dfrtp_1)
                                                         net126 (net)
                      0.036882    0.000149    0.810246 v output126/A (sky130_fd_sc_hd__buf_2)
     1    0.035335    0.064383    0.121288    0.931534 v output126/X (sky130_fd_sc_hd__buf_2)
                                                         PADDR[29] (net)
                      0.064391    0.000723    0.932257 v PADDR[29] (out)
                                              0.932257   data arrival time

                                  0.000000    0.000000   clock HCLK (rise edge)
                                  0.000000    0.000000   clock network delay (propagated)
                                  0.250000    0.250000   clock uncertainty
                                  0.000000    0.250000   clock reconvergence pessimism
                                 -2.000000   -1.750000   output external delay
                                             -1.750000   data required time
---------------------------------------------------------------------------------------------
                                             -1.750000   data required time
                                             -0.932257   data arrival time
---------------------------------------------------------------------------------------------
                                              2.682257   slack (MET)


Startpoint: _212_ (rising edge-triggered flip-flop clocked by HCLK)
Endpoint: PWDATA[29] (output port clocked by HCLK)
Path Group: HCLK
Path Type: min

Fanout         Cap        Slew       Delay        Time   Description
---------------------------------------------------------------------------------------------
                                  0.000000    0.000000   clock HCLK (rise edge)
                                  0.000000    0.000000   clock source latency
     1    0.059439    0.203180    0.147358    0.147358 ^ HCLK (in)
                                                         HCLK (net)
                      0.204534    0.000000    0.147358 ^ clkbuf_0_HCLK/A (sky130_fd_sc_hd__clkbuf_16)
     5    0.134022    0.114650    0.179325    0.326684 ^ clkbuf_0_HCLK/X (sky130_fd_sc_hd__clkbuf_16)
                                                         clknet_0_HCLK (net)
                      0.116959    0.012824    0.339507 ^ clkbuf_2_0_0_HCLK/A (sky130_fd_sc_hd__clkbuf_8)
     2    0.040129    0.062153    0.129216    0.468723 ^ clkbuf_2_0_0_HCLK/X (sky130_fd_sc_hd__clkbuf_8)
                                                         clknet_2_0_0_HCLK (net)
                      0.062464    0.003471    0.472194 ^ clkbuf_3_1__f_HCLK/A (sky130_fd_sc_hd__clkbuf_16)
     7    0.035580    0.041831    0.102191    0.574385 ^ clkbuf_3_1__f_HCLK/X (sky130_fd_sc_hd__clkbuf_16)
                                                         clknet_3_1__leaf_HCLK (net)
                      0.042394    0.003566    0.577951 ^ _212_/CLK (sky130_fd_sc_hd__dfrtp_1)
     2    0.005267    0.035785    0.234015    0.811966 v _212_/Q (sky130_fd_sc_hd__dfrtp_1)
                                                         net163 (net)
                      0.035785    0.000128    0.812093 v output163/A (sky130_fd_sc_hd__buf_2)
     1    0.034395    0.062996    0.119636    0.931730 v output163/X (sky130_fd_sc_hd__buf_2)
                                                         PWDATA[29] (net)
                      0.063005    0.000734    0.932464 v PWDATA[29] (out)
                                              0.932464   data arrival time

                                  0.000000    0.000000   clock HCLK (rise edge)
                                  0.000000    0.000000   clock network delay (propagated)
                                  0.250000    0.250000   clock uncertainty
                                  0.000000    0.250000   clock reconvergence pessimism
                                 -2.000000   -1.750000   output external delay
                                             -1.750000   data required time
---------------------------------------------------------------------------------------------
                                             -1.750000   data required time
                                             -0.932464   data arrival time
---------------------------------------------------------------------------------------------
                                              2.682464   slack (MET)


Startpoint: _185_ (rising edge-triggered flip-flop clocked by HCLK)
Endpoint: PWDATA[2] (output port clocked by HCLK)
Path Group: HCLK
Path Type: min

Fanout         Cap        Slew       Delay        Time   Description
---------------------------------------------------------------------------------------------
                                  0.000000    0.000000   clock HCLK (rise edge)
                                  0.000000    0.000000   clock source latency
     1    0.059439    0.203180    0.147358    0.147358 ^ HCLK (in)
                                                         HCLK (net)
                      0.204534    0.000000    0.147358 ^ clkbuf_0_HCLK/A (sky130_fd_sc_hd__clkbuf_16)
     5    0.134022    0.114650    0.179325    0.326684 ^ clkbuf_0_HCLK/X (sky130_fd_sc_hd__clkbuf_16)
                                                         clknet_0_HCLK (net)
                      0.116431    0.011266    0.337950 ^ clkbuf_2_2_0_HCLK/A (sky130_fd_sc_hd__clkbuf_8)
     2    0.035419    0.056406    0.124539    0.462489 ^ clkbuf_2_2_0_HCLK/X (sky130_fd_sc_hd__clkbuf_8)
                                                         clknet_2_2_0_HCLK (net)
                      0.056832    0.003837    0.466326 ^ clkbuf_3_5__f_HCLK/A (sky130_fd_sc_hd__clkbuf_16)
    11    0.035096    0.041718    0.101215    0.567541 ^ clkbuf_3_5__f_HCLK/X (sky130_fd_sc_hd__clkbuf_16)
                                                         clknet_3_5__leaf_HCLK (net)
                      0.041744    0.001136    0.568677 ^ _185_/CLK (sky130_fd_sc_hd__dfrtp_1)
     2    0.006919    0.041161    0.239765    0.808442 v _185_/Q (sky130_fd_sc_hd__dfrtp_1)
                                                         net164 (net)
                      0.041162    0.000291    0.808734 v output164/A (sky130_fd_sc_hd__buf_2)
     1    0.035725    0.064991    0.123448    0.932182 v output164/X (sky130_fd_sc_hd__buf_2)
                                                         PWDATA[2] (net)
                      0.065001    0.000791    0.932973 v PWDATA[2] (out)
                                              0.932973   data arrival time

                                  0.000000    0.000000   clock HCLK (rise edge)
                                  0.000000    0.000000   clock network delay (propagated)
                                  0.250000    0.250000   clock uncertainty
                                  0.000000    0.250000   clock reconvergence pessimism
                                 -2.000000   -1.750000   output external delay
                                             -1.750000   data required time
---------------------------------------------------------------------------------------------
                                             -1.750000   data required time
                                             -0.932973   data arrival time
---------------------------------------------------------------------------------------------
                                              2.682973   slack (MET)


Startpoint: _158_ (rising edge-triggered flip-flop clocked by HCLK)
Endpoint: PADDR[7] (output port clocked by HCLK)
Path Group: HCLK
Path Type: min

Fanout         Cap        Slew       Delay        Time   Description
---------------------------------------------------------------------------------------------
                                  0.000000    0.000000   clock HCLK (rise edge)
                                  0.000000    0.000000   clock source latency
     1    0.059439    0.203180    0.147358    0.147358 ^ HCLK (in)
                                                         HCLK (net)
                      0.204534    0.000000    0.147358 ^ clkbuf_0_HCLK/A (sky130_fd_sc_hd__clkbuf_16)
     5    0.134022    0.114650    0.179325    0.326684 ^ clkbuf_0_HCLK/X (sky130_fd_sc_hd__clkbuf_16)
                                                         clknet_0_HCLK (net)
                      0.117120    0.013264    0.339947 ^ clkbuf_2_1_0_HCLK/A (sky130_fd_sc_hd__clkbuf_8)
     2    0.036936    0.058213    0.125711    0.465659 ^ clkbuf_2_1_0_HCLK/X (sky130_fd_sc_hd__clkbuf_8)
                                                         clknet_2_1_0_HCLK (net)
                      0.058723    0.004261    0.469920 ^ clkbuf_3_3__f_HCLK/A (sky130_fd_sc_hd__clkbuf_16)
    10    0.027954    0.036768    0.097675    0.567595 ^ clkbuf_3_3__f_HCLK/X (sky130_fd_sc_hd__clkbuf_16)
                                                         clknet_3_3__leaf_HCLK (net)
                      0.036781    0.000620    0.568216 ^ _158_/CLK (sky130_fd_sc_hd__dfrtp_1)
     2    0.007807    0.044167    0.241532    0.809748 v _158_/Q (sky130_fd_sc_hd__dfrtp_1)
                                                         net134 (net)
                      0.044168    0.000282    0.810030 v output134/A (sky130_fd_sc_hd__buf_2)
     1    0.034630    0.063332    0.123323    0.933352 v output134/X (sky130_fd_sc_hd__buf_2)
                                                         PADDR[7] (net)
                      0.063339    0.000695    0.934047 v PADDR[7] (out)
                                              0.934047   data arrival time

                                  0.000000    0.000000   clock HCLK (rise edge)
                                  0.000000    0.000000   clock network delay (propagated)
                                  0.250000    0.250000   clock uncertainty
                                  0.000000    0.250000   clock reconvergence pessimism
                                 -2.000000   -1.750000   output external delay
                                             -1.750000   data required time
---------------------------------------------------------------------------------------------
                                             -1.750000   data required time
                                             -0.934047   data arrival time
---------------------------------------------------------------------------------------------
                                              2.684047   slack (MET)


Startpoint: _159_ (rising edge-triggered flip-flop clocked by HCLK)
Endpoint: PADDR[8] (output port clocked by HCLK)
Path Group: HCLK
Path Type: min

Fanout         Cap        Slew       Delay        Time   Description
---------------------------------------------------------------------------------------------
                                  0.000000    0.000000   clock HCLK (rise edge)
                                  0.000000    0.000000   clock source latency
     1    0.059439    0.203180    0.147358    0.147358 ^ HCLK (in)
                                                         HCLK (net)
                      0.204534    0.000000    0.147358 ^ clkbuf_0_HCLK/A (sky130_fd_sc_hd__clkbuf_16)
     5    0.134022    0.114650    0.179325    0.326684 ^ clkbuf_0_HCLK/X (sky130_fd_sc_hd__clkbuf_16)
                                                         clknet_0_HCLK (net)
                      0.117120    0.013264    0.339947 ^ clkbuf_2_1_0_HCLK/A (sky130_fd_sc_hd__clkbuf_8)
     2    0.036936    0.058213    0.125711    0.465659 ^ clkbuf_2_1_0_HCLK/X (sky130_fd_sc_hd__clkbuf_8)
                                                         clknet_2_1_0_HCLK (net)
                      0.058761    0.004422    0.470081 ^ clkbuf_3_2__f_HCLK/A (sky130_fd_sc_hd__clkbuf_16)
    10    0.036695    0.042800    0.102531    0.572612 ^ clkbuf_3_2__f_HCLK/X (sky130_fd_sc_hd__clkbuf_16)
                                                         clknet_3_2__leaf_HCLK (net)
                      0.043000    0.001787    0.574399 ^ _159_/CLK (sky130_fd_sc_hd__dfrtp_1)
     2    0.006258    0.038936    0.237746    0.812145 v _159_/Q (sky130_fd_sc_hd__dfrtp_1)
                                                         net135 (net)
                      0.038936    0.000251    0.812396 v output135/A (sky130_fd_sc_hd__buf_2)
     1    0.034580    0.063271    0.121137    0.933533 v output135/X (sky130_fd_sc_hd__buf_2)
                                                         PADDR[8] (net)
                      0.063279    0.000728    0.934260 v PADDR[8] (out)
                                              0.934260   data arrival time

                                  0.000000    0.000000   clock HCLK (rise edge)
                                  0.000000    0.000000   clock network delay (propagated)
                                  0.250000    0.250000   clock uncertainty
                                  0.000000    0.250000   clock reconvergence pessimism
                                 -2.000000   -1.750000   output external delay
                                             -1.750000   data required time
---------------------------------------------------------------------------------------------
                                             -1.750000   data required time
                                             -0.934260   data arrival time
---------------------------------------------------------------------------------------------
                                              2.684260   slack (MET)


Startpoint: _162_ (rising edge-triggered flip-flop clocked by HCLK)
Endpoint: PADDR[11] (output port clocked by HCLK)
Path Group: HCLK
Path Type: min

Fanout         Cap        Slew       Delay        Time   Description
---------------------------------------------------------------------------------------------
                                  0.000000    0.000000   clock HCLK (rise edge)
                                  0.000000    0.000000   clock source latency
     1    0.059439    0.203180    0.147358    0.147358 ^ HCLK (in)
                                                         HCLK (net)
                      0.204534    0.000000    0.147358 ^ clkbuf_0_HCLK/A (sky130_fd_sc_hd__clkbuf_16)
     5    0.134022    0.114650    0.179325    0.326684 ^ clkbuf_0_HCLK/X (sky130_fd_sc_hd__clkbuf_16)
                                                         clknet_0_HCLK (net)
                      0.116431    0.011266    0.337950 ^ clkbuf_2_2_0_HCLK/A (sky130_fd_sc_hd__clkbuf_8)
     2    0.035419    0.056406    0.124539    0.462489 ^ clkbuf_2_2_0_HCLK/X (sky130_fd_sc_hd__clkbuf_8)
                                                         clknet_2_2_0_HCLK (net)
                      0.056729    0.003332    0.465821 ^ clkbuf_3_4__f_HCLK/A (sky130_fd_sc_hd__clkbuf_16)
    11    0.039914    0.045093    0.104073    0.569895 ^ clkbuf_3_4__f_HCLK/X (sky130_fd_sc_hd__clkbuf_16)
                                                         clknet_3_4__leaf_HCLK (net)
                      0.045130    0.001092    0.570987 ^ _162_/CLK (sky130_fd_sc_hd__dfrtp_1)
     2    0.006700    0.040371    0.239989    0.810976 v _162_/Q (sky130_fd_sc_hd__dfrtp_1)
                                                         net107 (net)
                      0.040415    0.000228    0.811204 v output107/A (sky130_fd_sc_hd__buf_2)
     1    0.035359    0.064462    0.122651    0.933855 v output107/X (sky130_fd_sc_hd__buf_2)
                                                         PADDR[11] (net)
                      0.064473    0.000828    0.934684 v PADDR[11] (out)
                                              0.934684   data arrival time

                                  0.000000    0.000000   clock HCLK (rise edge)
                                  0.000000    0.000000   clock network delay (propagated)
                                  0.250000    0.250000   clock uncertainty
                                  0.000000    0.250000   clock reconvergence pessimism
                                 -2.000000   -1.750000   output external delay
                                             -1.750000   data required time
---------------------------------------------------------------------------------------------
                                             -1.750000   data required time
                                             -0.934684   data arrival time
---------------------------------------------------------------------------------------------
                                              2.684684   slack (MET)


Startpoint: _208_ (rising edge-triggered flip-flop clocked by HCLK)
Endpoint: PWDATA[25] (output port clocked by HCLK)
Path Group: HCLK
Path Type: min

Fanout         Cap        Slew       Delay        Time   Description
---------------------------------------------------------------------------------------------
                                  0.000000    0.000000   clock HCLK (rise edge)
                                  0.000000    0.000000   clock source latency
     1    0.059439    0.203180    0.147358    0.147358 ^ HCLK (in)
                                                         HCLK (net)
                      0.204534    0.000000    0.147358 ^ clkbuf_0_HCLK/A (sky130_fd_sc_hd__clkbuf_16)
     5    0.134022    0.114650    0.179325    0.326684 ^ clkbuf_0_HCLK/X (sky130_fd_sc_hd__clkbuf_16)
                                                         clknet_0_HCLK (net)
                      0.116431    0.011266    0.337950 ^ clkbuf_2_2_0_HCLK/A (sky130_fd_sc_hd__clkbuf_8)
     2    0.035419    0.056406    0.124539    0.462489 ^ clkbuf_2_2_0_HCLK/X (sky130_fd_sc_hd__clkbuf_8)
                                                         clknet_2_2_0_HCLK (net)
                      0.056832    0.003837    0.466326 ^ clkbuf_3_5__f_HCLK/A (sky130_fd_sc_hd__clkbuf_16)
    11    0.035096    0.041718    0.101215    0.567541 ^ clkbuf_3_5__f_HCLK/X (sky130_fd_sc_hd__clkbuf_16)
                                                         clknet_3_5__leaf_HCLK (net)
                      0.041745    0.001142    0.568684 ^ _208_/CLK (sky130_fd_sc_hd__dfrtp_1)
     2    0.007563    0.043323    0.242115    0.810799 v _208_/Q (sky130_fd_sc_hd__dfrtp_1)
                                                         net159 (net)
                      0.043324    0.000278    0.811076 v output159/A (sky130_fd_sc_hd__buf_2)
     1    0.035200    0.064157    0.123749    0.934826 v output159/X (sky130_fd_sc_hd__buf_2)
                                                         PWDATA[25] (net)
                      0.064164    0.000652    0.935478 v PWDATA[25] (out)
                                              0.935478   data arrival time

                                  0.000000    0.000000   clock HCLK (rise edge)
                                  0.000000    0.000000   clock network delay (propagated)
                                  0.250000    0.250000   clock uncertainty
                                  0.000000    0.250000   clock reconvergence pessimism
                                 -2.000000   -1.750000   output external delay
                                             -1.750000   data required time
---------------------------------------------------------------------------------------------
                                             -1.750000   data required time
                                             -0.935478   data arrival time
---------------------------------------------------------------------------------------------
                                              2.685478   slack (MET)


Startpoint: _202_ (rising edge-triggered flip-flop clocked by HCLK)
Endpoint: PWDATA[19] (output port clocked by HCLK)
Path Group: HCLK
Path Type: min

Fanout         Cap        Slew       Delay        Time   Description
---------------------------------------------------------------------------------------------
                                  0.000000    0.000000   clock HCLK (rise edge)
                                  0.000000    0.000000   clock source latency
     1    0.059439    0.203180    0.147358    0.147358 ^ HCLK (in)
                                                         HCLK (net)
                      0.204534    0.000000    0.147358 ^ clkbuf_0_HCLK/A (sky130_fd_sc_hd__clkbuf_16)
     5    0.134022    0.114650    0.179325    0.326684 ^ clkbuf_0_HCLK/X (sky130_fd_sc_hd__clkbuf_16)
                                                         clknet_0_HCLK (net)
                      0.116959    0.012824    0.339507 ^ clkbuf_2_0_0_HCLK/A (sky130_fd_sc_hd__clkbuf_8)
     2    0.040129    0.062153    0.129216    0.468723 ^ clkbuf_2_0_0_HCLK/X (sky130_fd_sc_hd__clkbuf_8)
                                                         clknet_2_0_0_HCLK (net)
                      0.062464    0.003471    0.472194 ^ clkbuf_3_1__f_HCLK/A (sky130_fd_sc_hd__clkbuf_16)
     7    0.035580    0.041831    0.102191    0.574385 ^ clkbuf_3_1__f_HCLK/X (sky130_fd_sc_hd__clkbuf_16)
                                                         clknet_3_1__leaf_HCLK (net)
                      0.042545    0.004152    0.578537 ^ _202_/CLK (sky130_fd_sc_hd__dfrtp_1)
     2    0.005859    0.037626    0.236215    0.814751 v _202_/Q (sky130_fd_sc_hd__dfrtp_1)
                                                         net152 (net)
                      0.037626    0.000130    0.814881 v output152/A (sky130_fd_sc_hd__buf_2)
     1    0.034551    0.063239    0.120551    0.935432 v output152/X (sky130_fd_sc_hd__buf_2)
                                                         PWDATA[19] (net)
                      0.063249    0.000764    0.936197 v PWDATA[19] (out)
                                              0.936197   data arrival time

                                  0.000000    0.000000   clock HCLK (rise edge)
                                  0.000000    0.000000   clock network delay (propagated)
                                  0.250000    0.250000   clock uncertainty
                                  0.000000    0.250000   clock reconvergence pessimism
                                 -2.000000   -1.750000   output external delay
                                             -1.750000   data required time
---------------------------------------------------------------------------------------------
                                             -1.750000   data required time
                                             -0.936197   data arrival time
---------------------------------------------------------------------------------------------
                                              2.686197   slack (MET)


Startpoint: _184_ (rising edge-triggered flip-flop clocked by HCLK)
Endpoint: PWDATA[1] (output port clocked by HCLK)
Path Group: HCLK
Path Type: min

Fanout         Cap        Slew       Delay        Time   Description
---------------------------------------------------------------------------------------------
                                  0.000000    0.000000   clock HCLK (rise edge)
                                  0.000000    0.000000   clock source latency
     1    0.059439    0.203180    0.147358    0.147358 ^ HCLK (in)
                                                         HCLK (net)
                      0.204534    0.000000    0.147358 ^ clkbuf_0_HCLK/A (sky130_fd_sc_hd__clkbuf_16)
     5    0.134022    0.114650    0.179325    0.326684 ^ clkbuf_0_HCLK/X (sky130_fd_sc_hd__clkbuf_16)
                                                         clknet_0_HCLK (net)
                      0.117120    0.013264    0.339947 ^ clkbuf_2_1_0_HCLK/A (sky130_fd_sc_hd__clkbuf_8)
     2    0.036936    0.058213    0.125711    0.465659 ^ clkbuf_2_1_0_HCLK/X (sky130_fd_sc_hd__clkbuf_8)
                                                         clknet_2_1_0_HCLK (net)
                      0.058761    0.004422    0.470081 ^ clkbuf_3_2__f_HCLK/A (sky130_fd_sc_hd__clkbuf_16)
    10    0.036695    0.042800    0.102531    0.572612 ^ clkbuf_3_2__f_HCLK/X (sky130_fd_sc_hd__clkbuf_16)
                                                         clknet_3_2__leaf_HCLK (net)
                      0.043011    0.001877    0.574488 ^ _184_/CLK (sky130_fd_sc_hd__dfrtp_1)
     2    0.006961    0.041280    0.240319    0.814807 v _184_/Q (sky130_fd_sc_hd__dfrtp_1)
                                                         net153 (net)
                      0.041280    0.000221    0.815028 v output153/A (sky130_fd_sc_hd__buf_2)
     1    0.035026    0.063962    0.122585    0.937613 v output153/X (sky130_fd_sc_hd__buf_2)
                                                         PWDATA[1] (net)
                      0.063973    0.000810    0.938423 v PWDATA[1] (out)
                                              0.938423   data arrival time

                                  0.000000    0.000000   clock HCLK (rise edge)
                                  0.000000    0.000000   clock network delay (propagated)
                                  0.250000    0.250000   clock uncertainty
                                  0.000000    0.250000   clock reconvergence pessimism
                                 -2.000000   -1.750000   output external delay
                                             -1.750000   data required time
---------------------------------------------------------------------------------------------
                                             -1.750000   data required time
                                             -0.938423   data arrival time
---------------------------------------------------------------------------------------------
                                              2.688423   slack (MET)


Startpoint: _175_ (rising edge-triggered flip-flop clocked by HCLK)
Endpoint: PADDR[24] (output port clocked by HCLK)
Path Group: HCLK
Path Type: min

Fanout         Cap        Slew       Delay        Time   Description
---------------------------------------------------------------------------------------------
                                  0.000000    0.000000   clock HCLK (rise edge)
                                  0.000000    0.000000   clock source latency
     1    0.059439    0.203180    0.147358    0.147358 ^ HCLK (in)
                                                         HCLK (net)
                      0.204534    0.000000    0.147358 ^ clkbuf_0_HCLK/A (sky130_fd_sc_hd__clkbuf_16)
     5    0.134022    0.114650    0.179325    0.326684 ^ clkbuf_0_HCLK/X (sky130_fd_sc_hd__clkbuf_16)
                                                         clknet_0_HCLK (net)
                      0.117120    0.013264    0.339947 ^ clkbuf_2_1_0_HCLK/A (sky130_fd_sc_hd__clkbuf_8)
     2    0.036936    0.058213    0.125711    0.465659 ^ clkbuf_2_1_0_HCLK/X (sky130_fd_sc_hd__clkbuf_8)
                                                         clknet_2_1_0_HCLK (net)
                      0.058761    0.004422    0.470081 ^ clkbuf_3_2__f_HCLK/A (sky130_fd_sc_hd__clkbuf_16)
    10    0.036695    0.042800    0.102531    0.572612 ^ clkbuf_3_2__f_HCLK/X (sky130_fd_sc_hd__clkbuf_16)
                                                         clknet_3_2__leaf_HCLK (net)
                      0.043033    0.002050    0.574661 ^ _175_/CLK (sky130_fd_sc_hd__dfrtp_1)
     2    0.007431    0.042857    0.242038    0.816699 v _175_/Q (sky130_fd_sc_hd__dfrtp_1)
                                                         net121 (net)
                      0.042857    0.000237    0.816936 v output121/A (sky130_fd_sc_hd__buf_2)
     1    0.034500    0.063151    0.122606    0.939542 v output121/X (sky130_fd_sc_hd__buf_2)
                                                         PADDR[24] (net)
                      0.063160    0.000726    0.940268 v PADDR[24] (out)
                                              0.940268   data arrival time

                                  0.000000    0.000000   clock HCLK (rise edge)
                                  0.000000    0.000000   clock network delay (propagated)
                                  0.250000    0.250000   clock uncertainty
                                  0.000000    0.250000   clock reconvergence pessimism
                                 -2.000000   -1.750000   output external delay
                                             -1.750000   data required time
---------------------------------------------------------------------------------------------
                                             -1.750000   data required time
                                             -0.940268   data arrival time
---------------------------------------------------------------------------------------------
                                              2.690269   slack (MET)


Startpoint: _210_ (rising edge-triggered flip-flop clocked by HCLK)
Endpoint: PWDATA[27] (output port clocked by HCLK)
Path Group: HCLK
Path Type: min

Fanout         Cap        Slew       Delay        Time   Description
---------------------------------------------------------------------------------------------
                                  0.000000    0.000000   clock HCLK (rise edge)
                                  0.000000    0.000000   clock source latency
     1    0.059439    0.203180    0.147358    0.147358 ^ HCLK (in)
                                                         HCLK (net)
                      0.204534    0.000000    0.147358 ^ clkbuf_0_HCLK/A (sky130_fd_sc_hd__clkbuf_16)
     5    0.134022    0.114650    0.179325    0.326684 ^ clkbuf_0_HCLK/X (sky130_fd_sc_hd__clkbuf_16)
                                                         clknet_0_HCLK (net)
                      0.117120    0.013264    0.339947 ^ clkbuf_2_1_0_HCLK/A (sky130_fd_sc_hd__clkbuf_8)
     2    0.036936    0.058213    0.125711    0.465659 ^ clkbuf_2_1_0_HCLK/X (sky130_fd_sc_hd__clkbuf_8)
                                                         clknet_2_1_0_HCLK (net)
                      0.058723    0.004261    0.469920 ^ clkbuf_3_3__f_HCLK/A (sky130_fd_sc_hd__clkbuf_16)
    10    0.027954    0.036768    0.097675    0.567595 ^ clkbuf_3_3__f_HCLK/X (sky130_fd_sc_hd__clkbuf_16)
                                                         clknet_3_3__leaf_HCLK (net)
                      0.036774    0.000452    0.568047 ^ _210_/CLK (sky130_fd_sc_hd__dfrtp_1)
     2    0.009867    0.051039    0.249014    0.817061 v _210_/Q (sky130_fd_sc_hd__dfrtp_1)
                                                         net161 (net)
                      0.051040    0.000307    0.817368 v output161/A (sky130_fd_sc_hd__buf_2)
     1    0.034413    0.063039    0.125743    0.943111 v output161/X (sky130_fd_sc_hd__buf_2)
                                                         PWDATA[27] (net)
                      0.063048    0.000771    0.943881 v PWDATA[27] (out)
                                              0.943881   data arrival time

                                  0.000000    0.000000   clock HCLK (rise edge)
                                  0.000000    0.000000   clock network delay (propagated)
                                  0.250000    0.250000   clock uncertainty
                                  0.000000    0.250000   clock reconvergence pessimism
                                 -2.000000   -1.750000   output external delay
                                             -1.750000   data required time
---------------------------------------------------------------------------------------------
                                             -1.750000   data required time
                                             -0.943881   data arrival time
---------------------------------------------------------------------------------------------
                                              2.693882   slack (MET)


Startpoint: _165_ (rising edge-triggered flip-flop clocked by HCLK)
Endpoint: PADDR[14] (output port clocked by HCLK)
Path Group: HCLK
Path Type: min

Fanout         Cap        Slew       Delay        Time   Description
---------------------------------------------------------------------------------------------
                                  0.000000    0.000000   clock HCLK (rise edge)
                                  0.000000    0.000000   clock source latency
     1    0.059439    0.203180    0.147358    0.147358 ^ HCLK (in)
                                                         HCLK (net)
                      0.204534    0.000000    0.147358 ^ clkbuf_0_HCLK/A (sky130_fd_sc_hd__clkbuf_16)
     5    0.134022    0.114650    0.179325    0.326684 ^ clkbuf_0_HCLK/X (sky130_fd_sc_hd__clkbuf_16)
                                                         clknet_0_HCLK (net)
                      0.116959    0.012824    0.339507 ^ clkbuf_2_0_0_HCLK/A (sky130_fd_sc_hd__clkbuf_8)
     2    0.040129    0.062153    0.129216    0.468723 ^ clkbuf_2_0_0_HCLK/X (sky130_fd_sc_hd__clkbuf_8)
                                                         clknet_2_0_0_HCLK (net)
                      0.062464    0.003471    0.472194 ^ clkbuf_3_1__f_HCLK/A (sky130_fd_sc_hd__clkbuf_16)
     7    0.035580    0.041831    0.102191    0.574385 ^ clkbuf_3_1__f_HCLK/X (sky130_fd_sc_hd__clkbuf_16)
                                                         clknet_3_1__leaf_HCLK (net)
                      0.042604    0.004367    0.578752 ^ _165_/CLK (sky130_fd_sc_hd__dfrtp_1)
     2    0.007289    0.042364    0.241421    0.820173 v _165_/Q (sky130_fd_sc_hd__dfrtp_1)
                                                         net110 (net)
                      0.042364    0.000189    0.820362 v output110/A (sky130_fd_sc_hd__buf_2)
     1    0.034933    0.063860    0.122826    0.943188 v output110/X (sky130_fd_sc_hd__buf_2)
                                                         PADDR[14] (net)
                      0.063874    0.000914    0.944102 v PADDR[14] (out)
                                              0.944102   data arrival time

                                  0.000000    0.000000   clock HCLK (rise edge)
                                  0.000000    0.000000   clock network delay (propagated)
                                  0.250000    0.250000   clock uncertainty
                                  0.000000    0.250000   clock reconvergence pessimism
                                 -2.000000   -1.750000   output external delay
                                             -1.750000   data required time
---------------------------------------------------------------------------------------------
                                             -1.750000   data required time
                                             -0.944102   data arrival time
---------------------------------------------------------------------------------------------
                                              2.694102   slack (MET)


Startpoint: _206_ (rising edge-triggered flip-flop clocked by HCLK)
Endpoint: PWDATA[23] (output port clocked by HCLK)
Path Group: HCLK
Path Type: min

Fanout         Cap        Slew       Delay        Time   Description
---------------------------------------------------------------------------------------------
                                  0.000000    0.000000   clock HCLK (rise edge)
                                  0.000000    0.000000   clock source latency
     1    0.059439    0.203180    0.147358    0.147358 ^ HCLK (in)
                                                         HCLK (net)
                      0.204534    0.000000    0.147358 ^ clkbuf_0_HCLK/A (sky130_fd_sc_hd__clkbuf_16)
     5    0.134022    0.114650    0.179325    0.326684 ^ clkbuf_0_HCLK/X (sky130_fd_sc_hd__clkbuf_16)
                                                         clknet_0_HCLK (net)
                      0.116381    0.011108    0.337791 ^ clkbuf_2_3_0_HCLK/A (sky130_fd_sc_hd__clkbuf_8)
     2    0.039123    0.060921    0.128564    0.466355 ^ clkbuf_2_3_0_HCLK/X (sky130_fd_sc_hd__clkbuf_8)
                                                         clknet_2_3_0_HCLK (net)
                      0.061123    0.002757    0.469112 ^ clkbuf_3_6__f_HCLK/A (sky130_fd_sc_hd__clkbuf_16)
     8    0.072928    0.069384    0.120378    0.589490 ^ clkbuf_3_6__f_HCLK/X (sky130_fd_sc_hd__clkbuf_16)
                                                         clknet_3_6__leaf_HCLK (net)
                      0.070498    0.006860    0.596350 ^ _206_/CLK (sky130_fd_sc_hd__dfrtp_1)
     2    0.003925    0.031891    0.236816    0.833166 v _206_/Q (sky130_fd_sc_hd__dfrtp_1)
                                                         net157 (net)
                      0.031891    0.000097    0.833263 v output157/A (sky130_fd_sc_hd__buf_2)
     1    0.035003    0.063973    0.118694    0.951957 v output157/X (sky130_fd_sc_hd__buf_2)
                                                         PWDATA[23] (net)
                      0.063988    0.000947    0.952904 v PWDATA[23] (out)
                                              0.952904   data arrival time

                                  0.000000    0.000000   clock HCLK (rise edge)
                                  0.000000    0.000000   clock network delay (propagated)
                                  0.250000    0.250000   clock uncertainty
                                  0.000000    0.250000   clock reconvergence pessimism
                                 -2.000000   -1.750000   output external delay
                                             -1.750000   data required time
---------------------------------------------------------------------------------------------
                                             -1.750000   data required time
                                             -0.952904   data arrival time
---------------------------------------------------------------------------------------------
                                              2.702904   slack (MET)


Startpoint: _153_ (rising edge-triggered flip-flop clocked by HCLK)
Endpoint: PADDR[2] (output port clocked by HCLK)
Path Group: HCLK
Path Type: min

Fanout         Cap        Slew       Delay        Time   Description
---------------------------------------------------------------------------------------------
                                  0.000000    0.000000   clock HCLK (rise edge)
                                  0.000000    0.000000   clock source latency
     1    0.059439    0.203180    0.147358    0.147358 ^ HCLK (in)
                                                         HCLK (net)
                      0.204534    0.000000    0.147358 ^ clkbuf_0_HCLK/A (sky130_fd_sc_hd__clkbuf_16)
     5    0.134022    0.114650    0.179325    0.326684 ^ clkbuf_0_HCLK/X (sky130_fd_sc_hd__clkbuf_16)
                                                         clknet_0_HCLK (net)
                      0.116431    0.011266    0.337950 ^ clkbuf_2_2_0_HCLK/A (sky130_fd_sc_hd__clkbuf_8)
     2    0.035419    0.056406    0.124539    0.462489 ^ clkbuf_2_2_0_HCLK/X (sky130_fd_sc_hd__clkbuf_8)
                                                         clknet_2_2_0_HCLK (net)
                      0.056832    0.003837    0.466326 ^ clkbuf_3_5__f_HCLK/A (sky130_fd_sc_hd__clkbuf_16)
    11    0.035096    0.041718    0.101215    0.567541 ^ clkbuf_3_5__f_HCLK/X (sky130_fd_sc_hd__clkbuf_16)
                                                         clknet_3_5__leaf_HCLK (net)
                      0.041869    0.001756    0.569297 ^ _153_/CLK (sky130_fd_sc_hd__dfrtp_1)
     2    0.011359    0.054073    0.255295    0.824593 v _153_/Q (sky130_fd_sc_hd__dfrtp_1)
                                                         net127 (net)
                      0.054081    0.000668    0.825260 v output127/A (sky130_fd_sc_hd__buf_2)
     1    0.035237    0.064220    0.128107    0.953367 v output127/X (sky130_fd_sc_hd__buf_2)
                                                         PADDR[2] (net)
                      0.064227    0.000661    0.954028 v PADDR[2] (out)
                                              0.954028   data arrival time

                                  0.000000    0.000000   clock HCLK (rise edge)
                                  0.000000    0.000000   clock network delay (propagated)
                                  0.250000    0.250000   clock uncertainty
                                  0.000000    0.250000   clock reconvergence pessimism
                                 -2.000000   -1.750000   output external delay
                                             -1.750000   data required time
---------------------------------------------------------------------------------------------
                                             -1.750000   data required time
                                             -0.954028   data arrival time
---------------------------------------------------------------------------------------------
                                              2.704028   slack (MET)


Startpoint: _199_ (rising edge-triggered flip-flop clocked by HCLK)
Endpoint: PWDATA[16] (output port clocked by HCLK)
Path Group: HCLK
Path Type: min

Fanout         Cap        Slew       Delay        Time   Description
---------------------------------------------------------------------------------------------
                                  0.000000    0.000000   clock HCLK (rise edge)
                                  0.000000    0.000000   clock source latency
     1    0.059439    0.203180    0.147358    0.147358 ^ HCLK (in)
                                                         HCLK (net)
                      0.204534    0.000000    0.147358 ^ clkbuf_0_HCLK/A (sky130_fd_sc_hd__clkbuf_16)
     5    0.134022    0.114650    0.179325    0.326684 ^ clkbuf_0_HCLK/X (sky130_fd_sc_hd__clkbuf_16)
                                                         clknet_0_HCLK (net)
                      0.116381    0.011108    0.337791 ^ clkbuf_2_3_0_HCLK/A (sky130_fd_sc_hd__clkbuf_8)
     2    0.039123    0.060921    0.128564    0.466355 ^ clkbuf_2_3_0_HCLK/X (sky130_fd_sc_hd__clkbuf_8)
                                                         clknet_2_3_0_HCLK (net)
                      0.061123    0.002757    0.469112 ^ clkbuf_3_6__f_HCLK/A (sky130_fd_sc_hd__clkbuf_16)
     8    0.072928    0.069384    0.120378    0.589490 ^ clkbuf_3_6__f_HCLK/X (sky130_fd_sc_hd__clkbuf_16)
                                                         clknet_3_6__leaf_HCLK (net)
                      0.070360    0.006418    0.595909 ^ _199_/CLK (sky130_fd_sc_hd__dfrtp_1)
     2    0.004628    0.033854    0.239331    0.835239 v _199_/Q (sky130_fd_sc_hd__dfrtp_1)
                                                         net149 (net)
                      0.033854    0.000113    0.835353 v output149/A (sky130_fd_sc_hd__buf_2)
     1    0.034299    0.062860    0.118726    0.954079 v output149/X (sky130_fd_sc_hd__buf_2)
                                                         PWDATA[16] (net)
                      0.062870    0.000753    0.954831 v PWDATA[16] (out)
                                              0.954831   data arrival time

                                  0.000000    0.000000   clock HCLK (rise edge)
                                  0.000000    0.000000   clock network delay (propagated)
                                  0.250000    0.250000   clock uncertainty
                                  0.000000    0.250000   clock reconvergence pessimism
                                 -2.000000   -1.750000   output external delay
                                             -1.750000   data required time
---------------------------------------------------------------------------------------------
                                             -1.750000   data required time
                                             -0.954831   data arrival time
---------------------------------------------------------------------------------------------
                                              2.704832   slack (MET)


Startpoint: _173_ (rising edge-triggered flip-flop clocked by HCLK)
Endpoint: PADDR[22] (output port clocked by HCLK)
Path Group: HCLK
Path Type: min

Fanout         Cap        Slew       Delay        Time   Description
---------------------------------------------------------------------------------------------
                                  0.000000    0.000000   clock HCLK (rise edge)
                                  0.000000    0.000000   clock source latency
     1    0.059439    0.203180    0.147358    0.147358 ^ HCLK (in)
                                                         HCLK (net)
                      0.204534    0.000000    0.147358 ^ clkbuf_0_HCLK/A (sky130_fd_sc_hd__clkbuf_16)
     5    0.134022    0.114650    0.179325    0.326684 ^ clkbuf_0_HCLK/X (sky130_fd_sc_hd__clkbuf_16)
                                                         clknet_0_HCLK (net)
                      0.116431    0.011266    0.337950 ^ clkbuf_2_2_0_HCLK/A (sky130_fd_sc_hd__clkbuf_8)
     2    0.035419    0.056406    0.124539    0.462489 ^ clkbuf_2_2_0_HCLK/X (sky130_fd_sc_hd__clkbuf_8)
                                                         clknet_2_2_0_HCLK (net)
                      0.056832    0.003837    0.466326 ^ clkbuf_3_5__f_HCLK/A (sky130_fd_sc_hd__clkbuf_16)
    11    0.035096    0.041718    0.101215    0.567541 ^ clkbuf_3_5__f_HCLK/X (sky130_fd_sc_hd__clkbuf_16)
                                                         clknet_3_5__leaf_HCLK (net)
                      0.041856    0.001637    0.569178 ^ _173_/CLK (sky130_fd_sc_hd__dfrtp_1)
     2    0.011683    0.055007    0.256143    0.825321 v _173_/Q (sky130_fd_sc_hd__dfrtp_1)
                                                         net119 (net)
                      0.055015    0.000696    0.826017 v output119/A (sky130_fd_sc_hd__buf_2)
     1    0.035307    0.064431    0.128365    0.954382 v output119/X (sky130_fd_sc_hd__buf_2)
                                                         PADDR[22] (net)
                      0.064446    0.000929    0.955312 v PADDR[22] (out)
                                              0.955312   data arrival time

                                  0.000000    0.000000   clock HCLK (rise edge)
                                  0.000000    0.000000   clock network delay (propagated)
                                  0.250000    0.250000   clock uncertainty
                                  0.000000    0.250000   clock reconvergence pessimism
                                 -2.000000   -1.750000   output external delay
                                             -1.750000   data required time
---------------------------------------------------------------------------------------------
                                             -1.750000   data required time
                                             -0.955312   data arrival time
---------------------------------------------------------------------------------------------
                                              2.705312   slack (MET)


Startpoint: _156_ (rising edge-triggered flip-flop clocked by HCLK)
Endpoint: PADDR[5] (output port clocked by HCLK)
Path Group: HCLK
Path Type: min

Fanout         Cap        Slew       Delay        Time   Description
---------------------------------------------------------------------------------------------
                                  0.000000    0.000000   clock HCLK (rise edge)
                                  0.000000    0.000000   clock source latency
     1    0.059439    0.203180    0.147358    0.147358 ^ HCLK (in)
                                                         HCLK (net)
                      0.204534    0.000000    0.147358 ^ clkbuf_0_HCLK/A (sky130_fd_sc_hd__clkbuf_16)
     5    0.134022    0.114650    0.179325    0.326684 ^ clkbuf_0_HCLK/X (sky130_fd_sc_hd__clkbuf_16)
                                                         clknet_0_HCLK (net)
                      0.116381    0.011108    0.337791 ^ clkbuf_2_3_0_HCLK/A (sky130_fd_sc_hd__clkbuf_8)
     2    0.039123    0.060921    0.128564    0.466355 ^ clkbuf_2_3_0_HCLK/X (sky130_fd_sc_hd__clkbuf_8)
                                                         clknet_2_3_0_HCLK (net)
                      0.061123    0.002757    0.469112 ^ clkbuf_3_6__f_HCLK/A (sky130_fd_sc_hd__clkbuf_16)
     8    0.072928    0.069384    0.120378    0.589490 ^ clkbuf_3_6__f_HCLK/X (sky130_fd_sc_hd__clkbuf_16)
                                                         clknet_3_6__leaf_HCLK (net)
                      0.070497    0.006857    0.596347 ^ _156_/CLK (sky130_fd_sc_hd__dfrtp_1)
     2    0.004581    0.033716    0.239192    0.835540 v _156_/Q (sky130_fd_sc_hd__dfrtp_1)
                                                         net132 (net)
                      0.033716    0.000118    0.835657 v output132/A (sky130_fd_sc_hd__buf_2)
     1    0.034720    0.063518    0.119141    0.954798 v output132/X (sky130_fd_sc_hd__buf_2)
                                                         PADDR[5] (net)
                      0.063530    0.000846    0.955644 v PADDR[5] (out)
                                              0.955644   data arrival time

                                  0.000000    0.000000   clock HCLK (rise edge)
                                  0.000000    0.000000   clock network delay (propagated)
                                  0.250000    0.250000   clock uncertainty
                                  0.000000    0.250000   clock reconvergence pessimism
                                 -2.000000   -1.750000   output external delay
                                             -1.750000   data required time
---------------------------------------------------------------------------------------------
                                             -1.750000   data required time
                                             -0.955644   data arrival time
---------------------------------------------------------------------------------------------
                                              2.705644   slack (MET)


Startpoint: _190_ (rising edge-triggered flip-flop clocked by HCLK)
Endpoint: PWDATA[7] (output port clocked by HCLK)
Path Group: HCLK
Path Type: min

Fanout         Cap        Slew       Delay        Time   Description
---------------------------------------------------------------------------------------------
                                  0.000000    0.000000   clock HCLK (rise edge)
                                  0.000000    0.000000   clock source latency
     1    0.059439    0.203180    0.147358    0.147358 ^ HCLK (in)
                                                         HCLK (net)
                      0.204534    0.000000    0.147358 ^ clkbuf_0_HCLK/A (sky130_fd_sc_hd__clkbuf_16)
     5    0.134022    0.114650    0.179325    0.326684 ^ clkbuf_0_HCLK/X (sky130_fd_sc_hd__clkbuf_16)
                                                         clknet_0_HCLK (net)
                      0.116381    0.011108    0.337791 ^ clkbuf_2_3_0_HCLK/A (sky130_fd_sc_hd__clkbuf_8)
     2    0.039123    0.060921    0.128564    0.466355 ^ clkbuf_2_3_0_HCLK/X (sky130_fd_sc_hd__clkbuf_8)
                                                         clknet_2_3_0_HCLK (net)
                      0.061123    0.002757    0.469112 ^ clkbuf_3_6__f_HCLK/A (sky130_fd_sc_hd__clkbuf_16)
     8    0.072928    0.069384    0.120378    0.589490 ^ clkbuf_3_6__f_HCLK/X (sky130_fd_sc_hd__clkbuf_16)
                                                         clknet_3_6__leaf_HCLK (net)
                      0.070445    0.006693    0.596183 ^ _190_/CLK (sky130_fd_sc_hd__dfrtp_1)
     2    0.004706    0.034078    0.239641    0.835824 v _190_/Q (sky130_fd_sc_hd__dfrtp_1)
                                                         net171 (net)
                      0.034078    0.000100    0.835924 v output171/A (sky130_fd_sc_hd__buf_2)
     1    0.034571    0.063282    0.119126    0.955050 v output171/X (sky130_fd_sc_hd__buf_2)
                                                         PWDATA[7] (net)
                      0.063293    0.000803    0.955853 v PWDATA[7] (out)
                                              0.955853   data arrival time

                                  0.000000    0.000000   clock HCLK (rise edge)
                                  0.000000    0.000000   clock network delay (propagated)
                                  0.250000    0.250000   clock uncertainty
                                  0.000000    0.250000   clock reconvergence pessimism
                                 -2.000000   -1.750000   output external delay
                                             -1.750000   data required time
---------------------------------------------------------------------------------------------
                                             -1.750000   data required time
                                             -0.955853   data arrival time
---------------------------------------------------------------------------------------------
                                              2.705853   slack (MET)


Startpoint: _183_ (rising edge-triggered flip-flop clocked by HCLK)
Endpoint: PWDATA[0] (output port clocked by HCLK)
Path Group: HCLK
Path Type: min

Fanout         Cap        Slew       Delay        Time   Description
---------------------------------------------------------------------------------------------
                                  0.000000    0.000000   clock HCLK (rise edge)
                                  0.000000    0.000000   clock source latency
     1    0.059439    0.203180    0.147358    0.147358 ^ HCLK (in)
                                                         HCLK (net)
                      0.204534    0.000000    0.147358 ^ clkbuf_0_HCLK/A (sky130_fd_sc_hd__clkbuf_16)
     5    0.134022    0.114650    0.179325    0.326684 ^ clkbuf_0_HCLK/X (sky130_fd_sc_hd__clkbuf_16)
                                                         clknet_0_HCLK (net)
                      0.116431    0.011266    0.337950 ^ clkbuf_2_2_0_HCLK/A (sky130_fd_sc_hd__clkbuf_8)
     2    0.035419    0.056406    0.124539    0.462489 ^ clkbuf_2_2_0_HCLK/X (sky130_fd_sc_hd__clkbuf_8)
                                                         clknet_2_2_0_HCLK (net)
                      0.056832    0.003837    0.466326 ^ clkbuf_3_5__f_HCLK/A (sky130_fd_sc_hd__clkbuf_16)
    11    0.035096    0.041718    0.101215    0.567541 ^ clkbuf_3_5__f_HCLK/X (sky130_fd_sc_hd__clkbuf_16)
                                                         clknet_3_5__leaf_HCLK (net)
                      0.041749    0.001185    0.568726 ^ _183_/CLK (sky130_fd_sc_hd__dfrtp_1)
     2    0.012327    0.056924    0.257908    0.826635 v _183_/Q (sky130_fd_sc_hd__dfrtp_1)
                                                         net142 (net)
                      0.056929    0.000585    0.827220 v output142/A (sky130_fd_sc_hd__buf_2)
     1    0.035135    0.064074    0.129136    0.956356 v output142/X (sky130_fd_sc_hd__buf_2)
                                                         PWDATA[0] (net)
                      0.064081    0.000655    0.957012 v PWDATA[0] (out)
                                              0.957012   data arrival time

                                  0.000000    0.000000   clock HCLK (rise edge)
                                  0.000000    0.000000   clock network delay (propagated)
                                  0.250000    0.250000   clock uncertainty
                                  0.000000    0.250000   clock reconvergence pessimism
                                 -2.000000   -1.750000   output external delay
                                             -1.750000   data required time
---------------------------------------------------------------------------------------------
                                             -1.750000   data required time
                                             -0.957012   data arrival time
---------------------------------------------------------------------------------------------
                                              2.707011   slack (MET)


Startpoint: _200_ (rising edge-triggered flip-flop clocked by HCLK)
Endpoint: PWDATA[17] (output port clocked by HCLK)
Path Group: HCLK
Path Type: min

Fanout         Cap        Slew       Delay        Time   Description
---------------------------------------------------------------------------------------------
                                  0.000000    0.000000   clock HCLK (rise edge)
                                  0.000000    0.000000   clock source latency
     1    0.059439    0.203180    0.147358    0.147358 ^ HCLK (in)
                                                         HCLK (net)
                      0.204534    0.000000    0.147358 ^ clkbuf_0_HCLK/A (sky130_fd_sc_hd__clkbuf_16)
     5    0.134022    0.114650    0.179325    0.326684 ^ clkbuf_0_HCLK/X (sky130_fd_sc_hd__clkbuf_16)
                                                         clknet_0_HCLK (net)
                      0.116381    0.011108    0.337791 ^ clkbuf_2_3_0_HCLK/A (sky130_fd_sc_hd__clkbuf_8)
     2    0.039123    0.060921    0.128564    0.466355 ^ clkbuf_2_3_0_HCLK/X (sky130_fd_sc_hd__clkbuf_8)
                                                         clknet_2_3_0_HCLK (net)
                      0.061123    0.002757    0.469112 ^ clkbuf_3_6__f_HCLK/A (sky130_fd_sc_hd__clkbuf_16)
     8    0.072928    0.069384    0.120378    0.589490 ^ clkbuf_3_6__f_HCLK/X (sky130_fd_sc_hd__clkbuf_16)
                                                         clknet_3_6__leaf_HCLK (net)
                      0.070514    0.006910    0.596401 ^ _200_/CLK (sky130_fd_sc_hd__dfrtp_1)
     2    0.005007    0.034978    0.240747    0.837148 v _200_/Q (sky130_fd_sc_hd__dfrtp_1)
                                                         net150 (net)
                      0.034978    0.000109    0.837256 v output150/A (sky130_fd_sc_hd__buf_2)
     1    0.034630    0.063357    0.119588    0.956844 v output150/X (sky130_fd_sc_hd__buf_2)
                                                         PWDATA[17] (net)
                      0.063366    0.000763    0.957607 v PWDATA[17] (out)
                                              0.957607   data arrival time

                                  0.000000    0.000000   clock HCLK (rise edge)
                                  0.000000    0.000000   clock network delay (propagated)
                                  0.250000    0.250000   clock uncertainty
                                  0.000000    0.250000   clock reconvergence pessimism
                                 -2.000000   -1.750000   output external delay
                                             -1.750000   data required time
---------------------------------------------------------------------------------------------
                                             -1.750000   data required time
                                             -0.957607   data arrival time
---------------------------------------------------------------------------------------------
                                              2.707607   slack (MET)


Startpoint: _171_ (rising edge-triggered flip-flop clocked by HCLK)
Endpoint: PADDR[20] (output port clocked by HCLK)
Path Group: HCLK
Path Type: min

Fanout         Cap        Slew       Delay        Time   Description
---------------------------------------------------------------------------------------------
                                  0.000000    0.000000   clock HCLK (rise edge)
                                  0.000000    0.000000   clock source latency
     1    0.059439    0.203180    0.147358    0.147358 ^ HCLK (in)
                                                         HCLK (net)
                      0.204534    0.000000    0.147358 ^ clkbuf_0_HCLK/A (sky130_fd_sc_hd__clkbuf_16)
     5    0.134022    0.114650    0.179325    0.326684 ^ clkbuf_0_HCLK/X (sky130_fd_sc_hd__clkbuf_16)
                                                         clknet_0_HCLK (net)
                      0.116381    0.011108    0.337791 ^ clkbuf_2_3_0_HCLK/A (sky130_fd_sc_hd__clkbuf_8)
     2    0.039123    0.060921    0.128564    0.466355 ^ clkbuf_2_3_0_HCLK/X (sky130_fd_sc_hd__clkbuf_8)
                                                         clknet_2_3_0_HCLK (net)
                      0.061123    0.002757    0.469112 ^ clkbuf_3_6__f_HCLK/A (sky130_fd_sc_hd__clkbuf_16)
     8    0.072928    0.069384    0.120378    0.589490 ^ clkbuf_3_6__f_HCLK/X (sky130_fd_sc_hd__clkbuf_16)
                                                         clknet_3_6__leaf_HCLK (net)
                      0.070527    0.006949    0.596440 ^ _171_/CLK (sky130_fd_sc_hd__dfrtp_1)
     2    0.005101    0.035257    0.241099    0.837539 v _171_/Q (sky130_fd_sc_hd__dfrtp_1)
                                                         net117 (net)
                      0.035257    0.000106    0.837644 v output117/A (sky130_fd_sc_hd__buf_2)
     1    0.034339    0.062925    0.119329    0.956974 v output117/X (sky130_fd_sc_hd__buf_2)
                                                         PADDR[20] (net)
                      0.062935    0.000767    0.957740 v PADDR[20] (out)
                                              0.957740   data arrival time

                                  0.000000    0.000000   clock HCLK (rise edge)
                                  0.000000    0.000000   clock network delay (propagated)
                                  0.250000    0.250000   clock uncertainty
                                  0.000000    0.250000   clock reconvergence pessimism
                                 -2.000000   -1.750000   output external delay
                                             -1.750000   data required time
---------------------------------------------------------------------------------------------
                                             -1.750000   data required time
                                             -0.957740   data arrival time
---------------------------------------------------------------------------------------------
                                              2.707740   slack (MET)


Startpoint: _167_ (rising edge-triggered flip-flop clocked by HCLK)
Endpoint: PADDR[16] (output port clocked by HCLK)
Path Group: HCLK
Path Type: min

Fanout         Cap        Slew       Delay        Time   Description
---------------------------------------------------------------------------------------------
                                  0.000000    0.000000   clock HCLK (rise edge)
                                  0.000000    0.000000   clock source latency
     1    0.059439    0.203180    0.147358    0.147358 ^ HCLK (in)
                                                         HCLK (net)
                      0.204534    0.000000    0.147358 ^ clkbuf_0_HCLK/A (sky130_fd_sc_hd__clkbuf_16)
     5    0.134022    0.114650    0.179325    0.326684 ^ clkbuf_0_HCLK/X (sky130_fd_sc_hd__clkbuf_16)
                                                         clknet_0_HCLK (net)
                      0.116431    0.011266    0.337950 ^ clkbuf_2_2_0_HCLK/A (sky130_fd_sc_hd__clkbuf_8)
     2    0.035419    0.056406    0.124539    0.462489 ^ clkbuf_2_2_0_HCLK/X (sky130_fd_sc_hd__clkbuf_8)
                                                         clknet_2_2_0_HCLK (net)
                      0.056729    0.003332    0.465821 ^ clkbuf_3_4__f_HCLK/A (sky130_fd_sc_hd__clkbuf_16)
    11    0.039914    0.045093    0.104073    0.569895 ^ clkbuf_3_4__f_HCLK/X (sky130_fd_sc_hd__clkbuf_16)
                                                         clknet_3_4__leaf_HCLK (net)
                      0.045131    0.001109    0.571004 ^ _167_/CLK (sky130_fd_sc_hd__dfrtp_1)
     2    0.013629    0.060812    0.262244    0.833247 v _167_/Q (sky130_fd_sc_hd__dfrtp_1)
                                                         net112 (net)
                      0.060829    0.000983    0.834231 v output112/A (sky130_fd_sc_hd__buf_2)
     1    0.034527    0.063225    0.129864    0.964095 v output112/X (sky130_fd_sc_hd__buf_2)
                                                         PADDR[16] (net)
                      0.063235    0.000757    0.964851 v PADDR[16] (out)
                                              0.964851   data arrival time

                                  0.000000    0.000000   clock HCLK (rise edge)
                                  0.000000    0.000000   clock network delay (propagated)
                                  0.250000    0.250000   clock uncertainty
                                  0.000000    0.250000   clock reconvergence pessimism
                                 -2.000000   -1.750000   output external delay
                                             -1.750000   data required time
---------------------------------------------------------------------------------------------
                                             -1.750000   data required time
                                             -0.964851   data arrival time
---------------------------------------------------------------------------------------------
                                              2.714851   slack (MET)


Startpoint: _209_ (rising edge-triggered flip-flop clocked by HCLK)
Endpoint: PWDATA[26] (output port clocked by HCLK)
Path Group: HCLK
Path Type: min

Fanout         Cap        Slew       Delay        Time   Description
---------------------------------------------------------------------------------------------
                                  0.000000    0.000000   clock HCLK (rise edge)
                                  0.000000    0.000000   clock source latency
     1    0.059439    0.203180    0.147358    0.147358 ^ HCLK (in)
                                                         HCLK (net)
                      0.204534    0.000000    0.147358 ^ clkbuf_0_HCLK/A (sky130_fd_sc_hd__clkbuf_16)
     5    0.134022    0.114650    0.179325    0.326684 ^ clkbuf_0_HCLK/X (sky130_fd_sc_hd__clkbuf_16)
                                                         clknet_0_HCLK (net)
                      0.116381    0.011108    0.337791 ^ clkbuf_2_3_0_HCLK/A (sky130_fd_sc_hd__clkbuf_8)
     2    0.039123    0.060921    0.128564    0.466355 ^ clkbuf_2_3_0_HCLK/X (sky130_fd_sc_hd__clkbuf_8)
                                                         clknet_2_3_0_HCLK (net)
                      0.061123    0.002757    0.469112 ^ clkbuf_3_6__f_HCLK/A (sky130_fd_sc_hd__clkbuf_16)
     8    0.072928    0.069384    0.120378    0.589490 ^ clkbuf_3_6__f_HCLK/X (sky130_fd_sc_hd__clkbuf_16)
                                                         clknet_3_6__leaf_HCLK (net)
                      0.070258    0.006072    0.595562 ^ _209_/CLK (sky130_fd_sc_hd__dfrtp_1)
     2    0.006594    0.039987    0.246418    0.841980 v _209_/Q (sky130_fd_sc_hd__dfrtp_1)
                                                         net160 (net)
                      0.039987    0.000218    0.842199 v output160/A (sky130_fd_sc_hd__buf_2)
     1    0.035410    0.064584    0.122450    0.964649 v output160/X (sky130_fd_sc_hd__buf_2)
                                                         PWDATA[26] (net)
                      0.064599    0.000958    0.965607 v PWDATA[26] (out)
                                              0.965607   data arrival time

                                  0.000000    0.000000   clock HCLK (rise edge)
                                  0.000000    0.000000   clock network delay (propagated)
                                  0.250000    0.250000   clock uncertainty
                                  0.000000    0.250000   clock reconvergence pessimism
                                 -2.000000   -1.750000   output external delay
                                             -1.750000   data required time
---------------------------------------------------------------------------------------------
                                             -1.750000   data required time
                                             -0.965607   data arrival time
---------------------------------------------------------------------------------------------
                                              2.715606   slack (MET)


Startpoint: _215_ (rising edge-triggered flip-flop clocked by HCLK)
Endpoint: PWRITE (output port clocked by HCLK)
Path Group: HCLK
Path Type: min

Fanout         Cap        Slew       Delay        Time   Description
---------------------------------------------------------------------------------------------
                                  0.000000    0.000000   clock HCLK (rise edge)
                                  0.000000    0.000000   clock source latency
     1    0.059439    0.203180    0.147358    0.147358 ^ HCLK (in)
                                                         HCLK (net)
                      0.204534    0.000000    0.147358 ^ clkbuf_0_HCLK/A (sky130_fd_sc_hd__clkbuf_16)
     5    0.134022    0.114650    0.179325    0.326684 ^ clkbuf_0_HCLK/X (sky130_fd_sc_hd__clkbuf_16)
                                                         clknet_0_HCLK (net)
                      0.116381    0.011108    0.337791 ^ clkbuf_2_3_0_HCLK/A (sky130_fd_sc_hd__clkbuf_8)
     2    0.039123    0.060921    0.128564    0.466355 ^ clkbuf_2_3_0_HCLK/X (sky130_fd_sc_hd__clkbuf_8)
                                                         clknet_2_3_0_HCLK (net)
                      0.060961    0.001246    0.467601 ^ clkbuf_3_7__f_HCLK/A (sky130_fd_sc_hd__clkbuf_16)
     7    0.049920    0.051834    0.108724    0.576325 ^ clkbuf_3_7__f_HCLK/X (sky130_fd_sc_hd__clkbuf_16)
                                                         clknet_3_7__leaf_HCLK (net)
                      0.053671    0.007519    0.583844 ^ _215_/CLK (sky130_fd_sc_hd__dfrtp_1)
     2    0.011958    0.055859    0.260382    0.844226 v _215_/Q (sky130_fd_sc_hd__dfrtp_1)
                                                         net174 (net)
                      0.055865    0.000602    0.844827 v output174/A (sky130_fd_sc_hd__buf_2)
     1    0.034187    0.062653    0.127520    0.972347 v output174/X (sky130_fd_sc_hd__buf_2)
                                                         PWRITE (net)
                      0.062659    0.000615    0.972962 v PWRITE (out)
                                              0.972962   data arrival time

                                  0.000000    0.000000   clock HCLK (rise edge)
                                  0.000000    0.000000   clock network delay (propagated)
                                  0.250000    0.250000   clock uncertainty
                                  0.000000    0.250000   clock reconvergence pessimism
                                 -2.000000   -1.750000   output external delay
                                             -1.750000   data required time
---------------------------------------------------------------------------------------------
                                             -1.750000   data required time
                                             -0.972962   data arrival time
---------------------------------------------------------------------------------------------
                                              2.722962   slack (MET)


Startpoint: _211_ (rising edge-triggered flip-flop clocked by HCLK)
Endpoint: PWDATA[28] (output port clocked by HCLK)
Path Group: HCLK
Path Type: min

Fanout         Cap        Slew       Delay        Time   Description
---------------------------------------------------------------------------------------------
                                  0.000000    0.000000   clock HCLK (rise edge)
                                  0.000000    0.000000   clock source latency
     1    0.059439    0.203180    0.147358    0.147358 ^ HCLK (in)
                                                         HCLK (net)
                      0.204534    0.000000    0.147358 ^ clkbuf_0_HCLK/A (sky130_fd_sc_hd__clkbuf_16)
     5    0.134022    0.114650    0.179325    0.326684 ^ clkbuf_0_HCLK/X (sky130_fd_sc_hd__clkbuf_16)
                                                         clknet_0_HCLK (net)
                      0.117120    0.013264    0.339947 ^ clkbuf_2_1_0_HCLK/A (sky130_fd_sc_hd__clkbuf_8)
     2    0.036936    0.058213    0.125711    0.465659 ^ clkbuf_2_1_0_HCLK/X (sky130_fd_sc_hd__clkbuf_8)
                                                         clknet_2_1_0_HCLK (net)
                      0.058723    0.004261    0.469920 ^ clkbuf_3_3__f_HCLK/A (sky130_fd_sc_hd__clkbuf_16)
    10    0.027954    0.036768    0.097675    0.567595 ^ clkbuf_3_3__f_HCLK/X (sky130_fd_sc_hd__clkbuf_16)
                                                         clknet_3_3__leaf_HCLK (net)
                      0.036782    0.000643    0.568238 ^ _211_/CLK (sky130_fd_sc_hd__dfrtp_1)
     2    0.017706    0.073035    0.270797    0.839035 v _211_/Q (sky130_fd_sc_hd__dfrtp_1)
                                                         net162 (net)
                      0.073057    0.001222    0.840257 v output162/A (sky130_fd_sc_hd__buf_2)
     1    0.034290    0.062905    0.134536    0.974794 v output162/X (sky130_fd_sc_hd__buf_2)
                                                         PWDATA[28] (net)
                      0.062914    0.000748    0.975542 v PWDATA[28] (out)
                                              0.975542   data arrival time

                                  0.000000    0.000000   clock HCLK (rise edge)
                                  0.000000    0.000000   clock network delay (propagated)
                                  0.250000    0.250000   clock uncertainty
                                  0.000000    0.250000   clock reconvergence pessimism
                                 -2.000000   -1.750000   output external delay
                                             -1.750000   data required time
---------------------------------------------------------------------------------------------
                                             -1.750000   data required time
                                             -0.975542   data arrival time
---------------------------------------------------------------------------------------------
                                              2.725542   slack (MET)


Startpoint: _174_ (rising edge-triggered flip-flop clocked by HCLK)
Endpoint: PADDR[23] (output port clocked by HCLK)
Path Group: HCLK
Path Type: min

Fanout         Cap        Slew       Delay        Time   Description
---------------------------------------------------------------------------------------------
                                  0.000000    0.000000   clock HCLK (rise edge)
                                  0.000000    0.000000   clock source latency
     1    0.059439    0.203180    0.147358    0.147358 ^ HCLK (in)
                                                         HCLK (net)
                      0.204534    0.000000    0.147358 ^ clkbuf_0_HCLK/A (sky130_fd_sc_hd__clkbuf_16)
     5    0.134022    0.114650    0.179325    0.326684 ^ clkbuf_0_HCLK/X (sky130_fd_sc_hd__clkbuf_16)
                                                         clknet_0_HCLK (net)
                      0.116959    0.012824    0.339507 ^ clkbuf_2_0_0_HCLK/A (sky130_fd_sc_hd__clkbuf_8)
     2    0.040129    0.062153    0.129216    0.468723 ^ clkbuf_2_0_0_HCLK/X (sky130_fd_sc_hd__clkbuf_8)
                                                         clknet_2_0_0_HCLK (net)
                      0.062259    0.002040    0.470762 ^ clkbuf_3_0__f_HCLK/A (sky130_fd_sc_hd__clkbuf_16)
     8    0.097836    0.087373    0.134038    0.604801 ^ clkbuf_3_0__f_HCLK/X (sky130_fd_sc_hd__clkbuf_16)
                                                         clknet_3_0__leaf_HCLK (net)
                      0.088572    0.008106    0.612906 ^ _174_/CLK (sky130_fd_sc_hd__dfrtp_1)
     2    0.004802    0.034351    0.244704    0.857610 v _174_/Q (sky130_fd_sc_hd__dfrtp_1)
                                                         net120 (net)
                      0.034351    0.000112    0.857722 v output120/A (sky130_fd_sc_hd__buf_2)
     1    0.034570    0.063267    0.119263    0.976984 v output120/X (sky130_fd_sc_hd__buf_2)
                                                         PADDR[23] (net)
                      0.063276    0.000765    0.977749 v PADDR[23] (out)
                                              0.977749   data arrival time

                                  0.000000    0.000000   clock HCLK (rise edge)
                                  0.000000    0.000000   clock network delay (propagated)
                                  0.250000    0.250000   clock uncertainty
                                  0.000000    0.250000   clock reconvergence pessimism
                                 -2.000000   -1.750000   output external delay
                                             -1.750000   data required time
---------------------------------------------------------------------------------------------
                                             -1.750000   data required time
                                             -0.977749   data arrival time
---------------------------------------------------------------------------------------------
                                              2.727749   slack (MET)


Startpoint: _191_ (rising edge-triggered flip-flop clocked by HCLK)
Endpoint: PWDATA[8] (output port clocked by HCLK)
Path Group: HCLK
Path Type: min

Fanout         Cap        Slew       Delay        Time   Description
---------------------------------------------------------------------------------------------
                                  0.000000    0.000000   clock HCLK (rise edge)
                                  0.000000    0.000000   clock source latency
     1    0.059439    0.203180    0.147358    0.147358 ^ HCLK (in)
                                                         HCLK (net)
                      0.204534    0.000000    0.147358 ^ clkbuf_0_HCLK/A (sky130_fd_sc_hd__clkbuf_16)
     5    0.134022    0.114650    0.179325    0.326684 ^ clkbuf_0_HCLK/X (sky130_fd_sc_hd__clkbuf_16)
                                                         clknet_0_HCLK (net)
                      0.116431    0.011266    0.337950 ^ clkbuf_2_2_0_HCLK/A (sky130_fd_sc_hd__clkbuf_8)
     2    0.035419    0.056406    0.124539    0.462489 ^ clkbuf_2_2_0_HCLK/X (sky130_fd_sc_hd__clkbuf_8)
                                                         clknet_2_2_0_HCLK (net)
                      0.056729    0.003332    0.465821 ^ clkbuf_3_4__f_HCLK/A (sky130_fd_sc_hd__clkbuf_16)
    11    0.039914    0.045093    0.104073    0.569895 ^ clkbuf_3_4__f_HCLK/X (sky130_fd_sc_hd__clkbuf_16)
                                                         clknet_3_4__leaf_HCLK (net)
                      0.045132    0.001125    0.571020 ^ _191_/CLK (sky130_fd_sc_hd__dfrtp_1)
     2    0.017462    0.072234    0.272661    0.843680 v _191_/Q (sky130_fd_sc_hd__dfrtp_1)
                                                         net172 (net)
                      0.072252    0.001113    0.844793 v output172/A (sky130_fd_sc_hd__buf_2)
     1    0.034074    0.062531    0.134036    0.978829 v output172/X (sky130_fd_sc_hd__buf_2)
                                                         PWDATA[8] (net)
                      0.062537    0.000612    0.979440 v PWDATA[8] (out)
                                              0.979440   data arrival time

                                  0.000000    0.000000   clock HCLK (rise edge)
                                  0.000000    0.000000   clock network delay (propagated)
                                  0.250000    0.250000   clock uncertainty
                                  0.000000    0.250000   clock reconvergence pessimism
                                 -2.000000   -1.750000   output external delay
                                             -1.750000   data required time
---------------------------------------------------------------------------------------------
                                             -1.750000   data required time
                                             -0.979440   data arrival time
---------------------------------------------------------------------------------------------
                                              2.729440   slack (MET)


Startpoint: _214_ (rising edge-triggered flip-flop clocked by HCLK)
Endpoint: PWDATA[31] (output port clocked by HCLK)
Path Group: HCLK
Path Type: min

Fanout         Cap        Slew       Delay        Time   Description
---------------------------------------------------------------------------------------------
                                  0.000000    0.000000   clock HCLK (rise edge)
                                  0.000000    0.000000   clock source latency
     1    0.059439    0.203180    0.147358    0.147358 ^ HCLK (in)
                                                         HCLK (net)
                      0.204534    0.000000    0.147358 ^ clkbuf_0_HCLK/A (sky130_fd_sc_hd__clkbuf_16)
     5    0.134022    0.114650    0.179325    0.326684 ^ clkbuf_0_HCLK/X (sky130_fd_sc_hd__clkbuf_16)
                                                         clknet_0_HCLK (net)
                      0.116959    0.012824    0.339507 ^ clkbuf_2_0_0_HCLK/A (sky130_fd_sc_hd__clkbuf_8)
     2    0.040129    0.062153    0.129216    0.468723 ^ clkbuf_2_0_0_HCLK/X (sky130_fd_sc_hd__clkbuf_8)
                                                         clknet_2_0_0_HCLK (net)
                      0.062259    0.002040    0.470762 ^ clkbuf_3_0__f_HCLK/A (sky130_fd_sc_hd__clkbuf_16)
     8    0.097836    0.087373    0.134038    0.604801 ^ clkbuf_3_0__f_HCLK/X (sky130_fd_sc_hd__clkbuf_16)
                                                         clknet_3_0__leaf_HCLK (net)
                      0.089192    0.009969    0.614769 ^ _214_/CLK (sky130_fd_sc_hd__dfrtp_1)
     2    0.004736    0.034160    0.244619    0.859388 v _214_/Q (sky130_fd_sc_hd__dfrtp_1)
                                                         net166 (net)
                      0.034160    0.000112    0.859500 v output166/A (sky130_fd_sc_hd__buf_2)
     1    0.034754    0.063542    0.119415    0.978916 v output166/X (sky130_fd_sc_hd__buf_2)
                                                         PWDATA[31] (net)
                      0.063551    0.000769    0.979685 v PWDATA[31] (out)
                                              0.979685   data arrival time

                                  0.000000    0.000000   clock HCLK (rise edge)
                                  0.000000    0.000000   clock network delay (propagated)
                                  0.250000    0.250000   clock uncertainty
                                  0.000000    0.250000   clock reconvergence pessimism
                                 -2.000000   -1.750000   output external delay
                                             -1.750000   data required time
---------------------------------------------------------------------------------------------
                                             -1.750000   data required time
                                             -0.979685   data arrival time
---------------------------------------------------------------------------------------------
                                              2.729685   slack (MET)


Startpoint: _203_ (rising edge-triggered flip-flop clocked by HCLK)
Endpoint: PWDATA[20] (output port clocked by HCLK)
Path Group: HCLK
Path Type: min

Fanout         Cap        Slew       Delay        Time   Description
---------------------------------------------------------------------------------------------
                                  0.000000    0.000000   clock HCLK (rise edge)
                                  0.000000    0.000000   clock source latency
     1    0.059439    0.203180    0.147358    0.147358 ^ HCLK (in)
                                                         HCLK (net)
                      0.204534    0.000000    0.147358 ^ clkbuf_0_HCLK/A (sky130_fd_sc_hd__clkbuf_16)
     5    0.134022    0.114650    0.179325    0.326684 ^ clkbuf_0_HCLK/X (sky130_fd_sc_hd__clkbuf_16)
                                                         clknet_0_HCLK (net)
                      0.116959    0.012824    0.339507 ^ clkbuf_2_0_0_HCLK/A (sky130_fd_sc_hd__clkbuf_8)
     2    0.040129    0.062153    0.129216    0.468723 ^ clkbuf_2_0_0_HCLK/X (sky130_fd_sc_hd__clkbuf_8)
                                                         clknet_2_0_0_HCLK (net)
                      0.062259    0.002040    0.470762 ^ clkbuf_3_0__f_HCLK/A (sky130_fd_sc_hd__clkbuf_16)
     8    0.097836    0.087373    0.134038    0.604801 ^ clkbuf_3_0__f_HCLK/X (sky130_fd_sc_hd__clkbuf_16)
                                                         clknet_3_0__leaf_HCLK (net)
                      0.088578    0.008123    0.612924 ^ _203_/CLK (sky130_fd_sc_hd__dfrtp_1)
     2    0.004902    0.034655    0.245066    0.857990 v _203_/Q (sky130_fd_sc_hd__dfrtp_1)
                                                         net154 (net)
                      0.034655    0.000096    0.858086 v output154/A (sky130_fd_sc_hd__buf_2)
     1    0.036114    0.065698    0.121062    0.979148 v output154/X (sky130_fd_sc_hd__buf_2)
                                                         PWDATA[20] (net)
                      0.065721    0.001158    0.980306 v PWDATA[20] (out)
                                              0.980306   data arrival time

                                  0.000000    0.000000   clock HCLK (rise edge)
                                  0.000000    0.000000   clock network delay (propagated)
                                  0.250000    0.250000   clock uncertainty
                                  0.000000    0.250000   clock reconvergence pessimism
                                 -2.000000   -1.750000   output external delay
                                             -1.750000   data required time
---------------------------------------------------------------------------------------------
                                             -1.750000   data required time
                                             -0.980306   data arrival time
---------------------------------------------------------------------------------------------
                                              2.730306   slack (MET)


Startpoint: _177_ (rising edge-triggered flip-flop clocked by HCLK)
Endpoint: PADDR[26] (output port clocked by HCLK)
Path Group: HCLK
Path Type: min

Fanout         Cap        Slew       Delay        Time   Description
---------------------------------------------------------------------------------------------
                                  0.000000    0.000000   clock HCLK (rise edge)
                                  0.000000    0.000000   clock source latency
     1    0.059439    0.203180    0.147358    0.147358 ^ HCLK (in)
                                                         HCLK (net)
                      0.204534    0.000000    0.147358 ^ clkbuf_0_HCLK/A (sky130_fd_sc_hd__clkbuf_16)
     5    0.134022    0.114650    0.179325    0.326684 ^ clkbuf_0_HCLK/X (sky130_fd_sc_hd__clkbuf_16)
                                                         clknet_0_HCLK (net)
                      0.116959    0.012824    0.339507 ^ clkbuf_2_0_0_HCLK/A (sky130_fd_sc_hd__clkbuf_8)
     2    0.040129    0.062153    0.129216    0.468723 ^ clkbuf_2_0_0_HCLK/X (sky130_fd_sc_hd__clkbuf_8)
                                                         clknet_2_0_0_HCLK (net)
                      0.062259    0.002040    0.470762 ^ clkbuf_3_0__f_HCLK/A (sky130_fd_sc_hd__clkbuf_16)
     8    0.097836    0.087373    0.134038    0.604801 ^ clkbuf_3_0__f_HCLK/X (sky130_fd_sc_hd__clkbuf_16)
                                                         clknet_3_0__leaf_HCLK (net)
                      0.089222    0.010049    0.614850 ^ _177_/CLK (sky130_fd_sc_hd__dfrtp_1)
     2    0.005222    0.035613    0.246396    0.861246 v _177_/Q (sky130_fd_sc_hd__dfrtp_1)
                                                         net123 (net)
                      0.035613    0.000116    0.861362 v output123/A (sky130_fd_sc_hd__buf_2)
     1    0.034099    0.062526    0.119253    0.980615 v output123/X (sky130_fd_sc_hd__buf_2)
                                                         PADDR[26] (net)
                      0.062532    0.000647    0.981262 v PADDR[26] (out)
                                              0.981262   data arrival time

                                  0.000000    0.000000   clock HCLK (rise edge)
                                  0.000000    0.000000   clock network delay (propagated)
                                  0.250000    0.250000   clock uncertainty
                                  0.000000    0.250000   clock reconvergence pessimism
                                 -2.000000   -1.750000   output external delay
                                             -1.750000   data required time
---------------------------------------------------------------------------------------------
                                             -1.750000   data required time
                                             -0.981262   data arrival time
---------------------------------------------------------------------------------------------
                                              2.731262   slack (MET)


Startpoint: _172_ (rising edge-triggered flip-flop clocked by HCLK)
Endpoint: PADDR[21] (output port clocked by HCLK)
Path Group: HCLK
Path Type: min

Fanout         Cap        Slew       Delay        Time   Description
---------------------------------------------------------------------------------------------
                                  0.000000    0.000000   clock HCLK (rise edge)
                                  0.000000    0.000000   clock source latency
     1    0.059439    0.203180    0.147358    0.147358 ^ HCLK (in)
                                                         HCLK (net)
                      0.204534    0.000000    0.147358 ^ clkbuf_0_HCLK/A (sky130_fd_sc_hd__clkbuf_16)
     5    0.134022    0.114650    0.179325    0.326684 ^ clkbuf_0_HCLK/X (sky130_fd_sc_hd__clkbuf_16)
                                                         clknet_0_HCLK (net)
                      0.116959    0.012824    0.339507 ^ clkbuf_2_0_0_HCLK/A (sky130_fd_sc_hd__clkbuf_8)
     2    0.040129    0.062153    0.129216    0.468723 ^ clkbuf_2_0_0_HCLK/X (sky130_fd_sc_hd__clkbuf_8)
                                                         clknet_2_0_0_HCLK (net)
                      0.062259    0.002040    0.470762 ^ clkbuf_3_0__f_HCLK/A (sky130_fd_sc_hd__clkbuf_16)
     8    0.097836    0.087373    0.134038    0.604801 ^ clkbuf_3_0__f_HCLK/X (sky130_fd_sc_hd__clkbuf_16)
                                                         clknet_3_0__leaf_HCLK (net)
                      0.089236    0.010086    0.614887 ^ _172_/CLK (sky130_fd_sc_hd__dfrtp_1)
     2    0.005262    0.035732    0.246547    0.861434 v _172_/Q (sky130_fd_sc_hd__dfrtp_1)
                                                         net118 (net)
                      0.035732    0.000115    0.861549 v output118/A (sky130_fd_sc_hd__buf_2)
     1    0.034484    0.063137    0.119709    0.981257 v output118/X (sky130_fd_sc_hd__buf_2)
                                                         PADDR[21] (net)
                      0.063147    0.000756    0.982013 v PADDR[21] (out)
                                              0.982013   data arrival time

                                  0.000000    0.000000   clock HCLK (rise edge)
                                  0.000000    0.000000   clock network delay (propagated)
                                  0.250000    0.250000   clock uncertainty
                                  0.000000    0.250000   clock reconvergence pessimism
                                 -2.000000   -1.750000   output external delay
                                             -1.750000   data required time
---------------------------------------------------------------------------------------------
                                             -1.750000   data required time
                                             -0.982013   data arrival time
---------------------------------------------------------------------------------------------
                                              2.732013   slack (MET)


Startpoint: _207_ (rising edge-triggered flip-flop clocked by HCLK)
Endpoint: PWDATA[24] (output port clocked by HCLK)
Path Group: HCLK
Path Type: min

Fanout         Cap        Slew       Delay        Time   Description
---------------------------------------------------------------------------------------------
                                  0.000000    0.000000   clock HCLK (rise edge)
                                  0.000000    0.000000   clock source latency
     1    0.059439    0.203180    0.147358    0.147358 ^ HCLK (in)
                                                         HCLK (net)
                      0.204534    0.000000    0.147358 ^ clkbuf_0_HCLK/A (sky130_fd_sc_hd__clkbuf_16)
     5    0.134022    0.114650    0.179325    0.326684 ^ clkbuf_0_HCLK/X (sky130_fd_sc_hd__clkbuf_16)
                                                         clknet_0_HCLK (net)
                      0.116959    0.012824    0.339507 ^ clkbuf_2_0_0_HCLK/A (sky130_fd_sc_hd__clkbuf_8)
     2    0.040129    0.062153    0.129216    0.468723 ^ clkbuf_2_0_0_HCLK/X (sky130_fd_sc_hd__clkbuf_8)
                                                         clknet_2_0_0_HCLK (net)
                      0.062259    0.002040    0.470762 ^ clkbuf_3_0__f_HCLK/A (sky130_fd_sc_hd__clkbuf_16)
     8    0.097836    0.087373    0.134038    0.604801 ^ clkbuf_3_0__f_HCLK/X (sky130_fd_sc_hd__clkbuf_16)
                                                         clknet_3_0__leaf_HCLK (net)
                      0.089244    0.010109    0.614910 ^ _207_/CLK (sky130_fd_sc_hd__dfrtp_1)
     2    0.006443    0.039465    0.250808    0.865718 v _207_/Q (sky130_fd_sc_hd__dfrtp_1)
                                                         net158 (net)
                      0.039465    0.000206    0.865924 v output158/A (sky130_fd_sc_hd__buf_2)
     1    0.035294    0.064308    0.122299    0.988223 v output158/X (sky130_fd_sc_hd__buf_2)
                                                         PWDATA[24] (net)
                      0.064315    0.000683    0.988906 v PWDATA[24] (out)
                                              0.988906   data arrival time

                                  0.000000    0.000000   clock HCLK (rise edge)
                                  0.000000    0.000000   clock network delay (propagated)
                                  0.250000    0.250000   clock uncertainty
                                  0.000000    0.250000   clock reconvergence pessimism
                                 -2.000000   -1.750000   output external delay
                                             -1.750000   data required time
---------------------------------------------------------------------------------------------
                                             -1.750000   data required time
                                             -0.988906   data arrival time
---------------------------------------------------------------------------------------------
                                              2.738906   slack (MET)


Startpoint: _181_ (rising edge-triggered flip-flop clocked by HCLK)
Endpoint: PADDR[30] (output port clocked by HCLK)
Path Group: HCLK
Path Type: min

Fanout         Cap        Slew       Delay        Time   Description
---------------------------------------------------------------------------------------------
                                  0.000000    0.000000   clock HCLK (rise edge)
                                  0.000000    0.000000   clock source latency
     1    0.059439    0.203180    0.147358    0.147358 ^ HCLK (in)
                                                         HCLK (net)
                      0.204534    0.000000    0.147358 ^ clkbuf_0_HCLK/A (sky130_fd_sc_hd__clkbuf_16)
     5    0.134022    0.114650    0.179325    0.326684 ^ clkbuf_0_HCLK/X (sky130_fd_sc_hd__clkbuf_16)
                                                         clknet_0_HCLK (net)
                      0.116431    0.011266    0.337950 ^ clkbuf_2_2_0_HCLK/A (sky130_fd_sc_hd__clkbuf_8)
     2    0.035419    0.056406    0.124539    0.462489 ^ clkbuf_2_2_0_HCLK/X (sky130_fd_sc_hd__clkbuf_8)
                                                         clknet_2_2_0_HCLK (net)
                      0.056729    0.003332    0.465821 ^ clkbuf_3_4__f_HCLK/A (sky130_fd_sc_hd__clkbuf_16)
    11    0.039914    0.045093    0.104073    0.569895 ^ clkbuf_3_4__f_HCLK/X (sky130_fd_sc_hd__clkbuf_16)
                                                         clknet_3_4__leaf_HCLK (net)
                      0.045127    0.001052    0.570947 ^ _181_/CLK (sky130_fd_sc_hd__dfrtp_1)
     2    0.019349    0.078067    0.277559    0.848506 v _181_/Q (sky130_fd_sc_hd__dfrtp_1)
                                                         net128 (net)
                      0.078099    0.001488    0.849994 v output128/A (sky130_fd_sc_hd__buf_2)
     1    0.035918    0.065404    0.138503    0.988496 v output128/X (sky130_fd_sc_hd__buf_2)
                                                         PADDR[30] (net)
                      0.065419    0.000956    0.989452 v PADDR[30] (out)
                                              0.989452   data arrival time

                                  0.000000    0.000000   clock HCLK (rise edge)
                                  0.000000    0.000000   clock network delay (propagated)
                                  0.250000    0.250000   clock uncertainty
                                  0.000000    0.250000   clock reconvergence pessimism
                                 -2.000000   -1.750000   output external delay
                                             -1.750000   data required time
---------------------------------------------------------------------------------------------
                                             -1.750000   data required time
                                             -0.989452   data arrival time
---------------------------------------------------------------------------------------------
                                              2.739452   slack (MET)


Startpoint: _216_ (rising edge-triggered flip-flop clocked by HCLK)
Endpoint: HREADYOUT (output port clocked by HCLK)
Path Group: HCLK
Path Type: min

Fanout         Cap        Slew       Delay        Time   Description
---------------------------------------------------------------------------------------------
                                  0.000000    0.000000   clock HCLK (rise edge)
                                  0.000000    0.000000   clock source latency
     1    0.059439    0.203180    0.147358    0.147358 ^ HCLK (in)
                                                         HCLK (net)
                      0.204534    0.000000    0.147358 ^ clkbuf_0_HCLK/A (sky130_fd_sc_hd__clkbuf_16)
     5    0.134022    0.114650    0.179325    0.326684 ^ clkbuf_0_HCLK/X (sky130_fd_sc_hd__clkbuf_16)
                                                         clknet_0_HCLK (net)
                      0.116381    0.011108    0.337791 ^ clkbuf_2_3_0_HCLK/A (sky130_fd_sc_hd__clkbuf_8)
     2    0.039123    0.060921    0.128564    0.466355 ^ clkbuf_2_3_0_HCLK/X (sky130_fd_sc_hd__clkbuf_8)
                                                         clknet_2_3_0_HCLK (net)
                      0.060961    0.001246    0.467601 ^ clkbuf_3_7__f_HCLK/A (sky130_fd_sc_hd__clkbuf_16)
     7    0.049920    0.051834    0.108724    0.576325 ^ clkbuf_3_7__f_HCLK/X (sky130_fd_sc_hd__clkbuf_16)
                                                         clknet_3_7__leaf_HCLK (net)
                      0.053636    0.007436    0.583761 ^ _216_/CLK (sky130_fd_sc_hd__dfrtp_2)
     5    0.021773    0.086547    0.266233    0.849995 ^ _216_/Q (sky130_fd_sc_hd__dfrtp_2)
                                                         u_bridge_fsm.state[0] (net)
                      0.086548    0.000420    0.850415 ^ _081_/A2 (sky130_fd_sc_hd__o21ai_1)
     1    0.001872    0.022325    0.032381    0.882796 v _081_/Y (sky130_fd_sc_hd__o21ai_1)
                                                         net103 (net)
                      0.022325    0.000036    0.882832 v output103/A (sky130_fd_sc_hd__buf_2)
     1    0.035658    0.064855    0.115898    0.998730 v output103/X (sky130_fd_sc_hd__buf_2)
                                                         HREADYOUT (net)
                      0.064863    0.000727    0.999456 v HREADYOUT (out)
                                              0.999456   data arrival time

                                  0.000000    0.000000   clock HCLK (rise edge)
                                  0.000000    0.000000   clock network delay (propagated)
                                  0.250000    0.250000   clock uncertainty
                                  0.000000    0.250000   clock reconvergence pessimism
                                 -2.000000   -1.750000   output external delay
                                             -1.750000   data required time
---------------------------------------------------------------------------------------------
                                             -1.750000   data required time
                                             -0.999456   data arrival time
---------------------------------------------------------------------------------------------
                                              2.749456   slack (MET)


Startpoint: _163_ (rising edge-triggered flip-flop clocked by HCLK)
Endpoint: PADDR[12] (output port clocked by HCLK)
Path Group: HCLK
Path Type: min

Fanout         Cap        Slew       Delay        Time   Description
---------------------------------------------------------------------------------------------
                                  0.000000    0.000000   clock HCLK (rise edge)
                                  0.000000    0.000000   clock source latency
     1    0.059439    0.203180    0.147358    0.147358 ^ HCLK (in)
                                                         HCLK (net)
                      0.204534    0.000000    0.147358 ^ clkbuf_0_HCLK/A (sky130_fd_sc_hd__clkbuf_16)
     5    0.134022    0.114650    0.179325    0.326684 ^ clkbuf_0_HCLK/X (sky130_fd_sc_hd__clkbuf_16)
                                                         clknet_0_HCLK (net)
                      0.116381    0.011108    0.337791 ^ clkbuf_2_3_0_HCLK/A (sky130_fd_sc_hd__clkbuf_8)
     2    0.039123    0.060921    0.128564    0.466355 ^ clkbuf_2_3_0_HCLK/X (sky130_fd_sc_hd__clkbuf_8)
                                                         clknet_2_3_0_HCLK (net)
                      0.060961    0.001246    0.467601 ^ clkbuf_3_7__f_HCLK/A (sky130_fd_sc_hd__clkbuf_16)
     7    0.049920    0.051834    0.108724    0.576325 ^ clkbuf_3_7__f_HCLK/X (sky130_fd_sc_hd__clkbuf_16)
                                                         clknet_3_7__leaf_HCLK (net)
                      0.053548    0.007226    0.583551 ^ _163_/CLK (sky130_fd_sc_hd__dfrtp_1)
     6    0.022633    0.087804    0.289411    0.872962 v _163_/Q (sky130_fd_sc_hd__dfrtp_1)
                                                         net108 (net)
                      0.087805    0.000449    0.873411 v output108/A (sky130_fd_sc_hd__buf_2)
     1    0.034323    0.062951    0.140656    1.014067 v output108/X (sky130_fd_sc_hd__buf_2)
                                                         PADDR[12] (net)
                      0.062957    0.000634    1.014701 v PADDR[12] (out)
                                              1.014701   data arrival time

                                  0.000000    0.000000   clock HCLK (rise edge)
                                  0.000000    0.000000   clock network delay (propagated)
                                  0.250000    0.250000   clock uncertainty
                                  0.000000    0.250000   clock reconvergence pessimism
                                 -2.000000   -1.750000   output external delay
                                             -1.750000   data required time
---------------------------------------------------------------------------------------------
                                             -1.750000   data required time
                                             -1.014701   data arrival time
---------------------------------------------------------------------------------------------
                                              2.764701   slack (MET)


Startpoint: _163_ (rising edge-triggered flip-flop clocked by HCLK)
Endpoint: PSEL[0] (output port clocked by HCLK)
Path Group: HCLK
Path Type: min

Fanout         Cap        Slew       Delay        Time   Description
---------------------------------------------------------------------------------------------
                                  0.000000    0.000000   clock HCLK (rise edge)
                                  0.000000    0.000000   clock source latency
     1    0.059439    0.203180    0.147358    0.147358 ^ HCLK (in)
                                                         HCLK (net)
                      0.204534    0.000000    0.147358 ^ clkbuf_0_HCLK/A (sky130_fd_sc_hd__clkbuf_16)
     5    0.134022    0.114650    0.179325    0.326684 ^ clkbuf_0_HCLK/X (sky130_fd_sc_hd__clkbuf_16)
                                                         clknet_0_HCLK (net)
                      0.116381    0.011108    0.337791 ^ clkbuf_2_3_0_HCLK/A (sky130_fd_sc_hd__clkbuf_8)
     2    0.039123    0.060921    0.128564    0.466355 ^ clkbuf_2_3_0_HCLK/X (sky130_fd_sc_hd__clkbuf_8)
                                                         clknet_2_3_0_HCLK (net)
                      0.060961    0.001246    0.467601 ^ clkbuf_3_7__f_HCLK/A (sky130_fd_sc_hd__clkbuf_16)
     7    0.049920    0.051834    0.108724    0.576325 ^ clkbuf_3_7__f_HCLK/X (sky130_fd_sc_hd__clkbuf_16)
                                                         clknet_3_7__leaf_HCLK (net)
                      0.053548    0.007226    0.583551 ^ _163_/CLK (sky130_fd_sc_hd__dfrtp_1)
     6    0.023480    0.159325    0.299975    0.883527 ^ _163_/Q (sky130_fd_sc_hd__dfrtp_1)
                                                         net108 (net)
                      0.159325    0.000417    0.883943 ^ _077_/A (sky130_fd_sc_hd__nor3b_1)
     1    0.002111    0.023531    0.034586    0.918529 v _077_/Y (sky130_fd_sc_hd__nor3b_1)
                                                         net138 (net)
                      0.023531    0.000059    0.918589 v output138/A (sky130_fd_sc_hd__buf_2)
     1    0.034388    0.062984    0.114721    1.033309 v output138/X (sky130_fd_sc_hd__buf_2)
                                                         PSEL[0] (net)
                      0.062992    0.000732    1.034041 v PSEL[0] (out)
                                              1.034041   data arrival time

                                  0.000000    0.000000   clock HCLK (rise edge)
                                  0.000000    0.000000   clock network delay (propagated)
                                  0.250000    0.250000   clock uncertainty
                                  0.000000    0.250000   clock reconvergence pessimism
                                 -2.000000   -1.750000   output external delay
                                             -1.750000   data required time
---------------------------------------------------------------------------------------------
                                             -1.750000   data required time
                                             -1.034041   data arrival time
---------------------------------------------------------------------------------------------
                                              2.784041   slack (MET)


Startpoint: _164_ (rising edge-triggered flip-flop clocked by HCLK)
Endpoint: PADDR[13] (output port clocked by HCLK)
Path Group: HCLK
Path Type: min

Fanout         Cap        Slew       Delay        Time   Description
---------------------------------------------------------------------------------------------
                                  0.000000    0.000000   clock HCLK (rise edge)
                                  0.000000    0.000000   clock source latency
     1    0.059439    0.203180    0.147358    0.147358 ^ HCLK (in)
                                                         HCLK (net)
                      0.204534    0.000000    0.147358 ^ clkbuf_0_HCLK/A (sky130_fd_sc_hd__clkbuf_16)
     5    0.134022    0.114650    0.179325    0.326684 ^ clkbuf_0_HCLK/X (sky130_fd_sc_hd__clkbuf_16)
                                                         clknet_0_HCLK (net)
                      0.116381    0.011108    0.337791 ^ clkbuf_2_3_0_HCLK/A (sky130_fd_sc_hd__clkbuf_8)
     2    0.039123    0.060921    0.128564    0.466355 ^ clkbuf_2_3_0_HCLK/X (sky130_fd_sc_hd__clkbuf_8)
                                                         clknet_2_3_0_HCLK (net)
                      0.060961    0.001246    0.467601 ^ clkbuf_3_7__f_HCLK/A (sky130_fd_sc_hd__clkbuf_16)
     7    0.049920    0.051834    0.108724    0.576325 ^ clkbuf_3_7__f_HCLK/X (sky130_fd_sc_hd__clkbuf_16)
                                                         clknet_3_7__leaf_HCLK (net)
                      0.052841    0.005323    0.581648 ^ _164_/CLK (sky130_fd_sc_hd__dfrtp_4)
     6    0.036287    0.092944    0.303714    0.885362 ^ _164_/Q (sky130_fd_sc_hd__dfrtp_4)
                                                         net109 (net)
                      0.093155    0.003879    0.889241 ^ output109/A (sky130_fd_sc_hd__buf_2)
     1    0.034561    0.129198    0.153763    1.043004 ^ output109/X (sky130_fd_sc_hd__buf_2)
                                                         PADDR[13] (net)
                      0.129243    0.000758    1.043761 ^ PADDR[13] (out)
                                              1.043761   data arrival time

                                  0.000000    0.000000   clock HCLK (rise edge)
                                  0.000000    0.000000   clock network delay (propagated)
                                  0.250000    0.250000   clock uncertainty
                                  0.000000    0.250000   clock reconvergence pessimism
                                 -2.000000   -1.750000   output external delay
                                             -1.750000   data required time
---------------------------------------------------------------------------------------------
                                             -1.750000   data required time
                                             -1.043761   data arrival time
---------------------------------------------------------------------------------------------
                                              2.793761   slack (MET)


Startpoint: _195_ (rising edge-triggered flip-flop clocked by HCLK)
Endpoint: PWDATA[12] (output port clocked by HCLK)
Path Group: HCLK
Path Type: min

Fanout         Cap        Slew       Delay        Time   Description
---------------------------------------------------------------------------------------------
                                  0.000000    0.000000   clock HCLK (rise edge)
                                  0.000000    0.000000   clock source latency
     1    0.059439    0.203180    0.147358    0.147358 ^ HCLK (in)
                                                         HCLK (net)
                      0.204534    0.000000    0.147358 ^ clkbuf_0_HCLK/A (sky130_fd_sc_hd__clkbuf_16)
     5    0.134022    0.114650    0.179325    0.326684 ^ clkbuf_0_HCLK/X (sky130_fd_sc_hd__clkbuf_16)
                                                         clknet_0_HCLK (net)
                      0.116381    0.011108    0.337791 ^ clkbuf_2_3_0_HCLK/A (sky130_fd_sc_hd__clkbuf_8)
     2    0.039123    0.060921    0.128564    0.466355 ^ clkbuf_2_3_0_HCLK/X (sky130_fd_sc_hd__clkbuf_8)
                                                         clknet_2_3_0_HCLK (net)
                      0.061123    0.002757    0.469112 ^ clkbuf_3_6__f_HCLK/A (sky130_fd_sc_hd__clkbuf_16)
     8    0.072928    0.069384    0.120378    0.589490 ^ clkbuf_3_6__f_HCLK/X (sky130_fd_sc_hd__clkbuf_16)
                                                         clknet_3_6__leaf_HCLK (net)
                      0.071034    0.008390    0.597880 ^ _195_/CLK (sky130_fd_sc_hd__dfrtp_4)
     2    0.037387    0.095088    0.309980    0.907860 ^ _195_/Q (sky130_fd_sc_hd__dfrtp_4)
                                                         net145 (net)
                      0.095651    0.005775    0.913635 ^ output145/A (sky130_fd_sc_hd__buf_2)
     1    0.034398    0.128624    0.153927    1.067562 ^ output145/X (sky130_fd_sc_hd__buf_2)
                                                         PWDATA[12] (net)
                      0.128669    0.000772    1.068335 ^ PWDATA[12] (out)
                                              1.068335   data arrival time

                                  0.000000    0.000000   clock HCLK (rise edge)
                                  0.000000    0.000000   clock network delay (propagated)
                                  0.250000    0.250000   clock uncertainty
                                  0.000000    0.250000   clock reconvergence pessimism
                                 -2.000000   -1.750000   output external delay
                                             -1.750000   data required time
---------------------------------------------------------------------------------------------
                                             -1.750000   data required time
                                             -1.068335   data arrival time
---------------------------------------------------------------------------------------------
                                              2.818335   slack (MET)


Startpoint: _163_ (rising edge-triggered flip-flop clocked by HCLK)
Endpoint: PSEL[3] (output port clocked by HCLK)
Path Group: HCLK
Path Type: min

Fanout         Cap        Slew       Delay        Time   Description
---------------------------------------------------------------------------------------------
                                  0.000000    0.000000   clock HCLK (rise edge)
                                  0.000000    0.000000   clock source latency
     1    0.059439    0.203180    0.147358    0.147358 ^ HCLK (in)
                                                         HCLK (net)
                      0.204534    0.000000    0.147358 ^ clkbuf_0_HCLK/A (sky130_fd_sc_hd__clkbuf_16)
     5    0.134022    0.114650    0.179325    0.326684 ^ clkbuf_0_HCLK/X (sky130_fd_sc_hd__clkbuf_16)
                                                         clknet_0_HCLK (net)
                      0.116381    0.011108    0.337791 ^ clkbuf_2_3_0_HCLK/A (sky130_fd_sc_hd__clkbuf_8)
     2    0.039123    0.060921    0.128564    0.466355 ^ clkbuf_2_3_0_HCLK/X (sky130_fd_sc_hd__clkbuf_8)
                                                         clknet_2_3_0_HCLK (net)
                      0.060961    0.001246    0.467601 ^ clkbuf_3_7__f_HCLK/A (sky130_fd_sc_hd__clkbuf_16)
     7    0.049920    0.051834    0.108724    0.576325 ^ clkbuf_3_7__f_HCLK/X (sky130_fd_sc_hd__clkbuf_16)
                                                         clknet_3_7__leaf_HCLK (net)
                      0.053548    0.007226    0.583551 ^ _163_/CLK (sky130_fd_sc_hd__dfrtp_1)
     6    0.022633    0.087804    0.289411    0.872962 v _163_/Q (sky130_fd_sc_hd__dfrtp_1)
                                                         net108 (net)
                      0.087805    0.000429    0.873391 v _080_/A (sky130_fd_sc_hd__and3_1)
     1    0.002486    0.022754    0.107476    0.980867 v _080_/X (sky130_fd_sc_hd__and3_1)
                                                         net141 (net)
                      0.022754    0.000072    0.980939 v output141/A (sky130_fd_sc_hd__buf_2)
     1    0.035412    0.064474    0.115776    1.096715 v output141/X (sky130_fd_sc_hd__buf_2)
                                                         PSEL[3] (net)
                      0.064481    0.000674    1.097390 v PSEL[3] (out)
                                              1.097390   data arrival time

                                  0.000000    0.000000   clock HCLK (rise edge)
                                  0.000000    0.000000   clock network delay (propagated)
                                  0.250000    0.250000   clock uncertainty
                                  0.000000    0.250000   clock reconvergence pessimism
                                 -2.000000   -1.750000   output external delay
                                             -1.750000   data required time
---------------------------------------------------------------------------------------------
                                             -1.750000   data required time
                                             -1.097390   data arrival time
---------------------------------------------------------------------------------------------
                                              2.847389   slack (MET)


Startpoint: _216_ (rising edge-triggered flip-flop clocked by HCLK)
Endpoint: PENABLE (output port clocked by HCLK)
Path Group: HCLK
Path Type: min

Fanout         Cap        Slew       Delay        Time   Description
---------------------------------------------------------------------------------------------
                                  0.000000    0.000000   clock HCLK (rise edge)
                                  0.000000    0.000000   clock source latency
     1    0.059439    0.203180    0.147358    0.147358 ^ HCLK (in)
                                                         HCLK (net)
                      0.204534    0.000000    0.147358 ^ clkbuf_0_HCLK/A (sky130_fd_sc_hd__clkbuf_16)
     5    0.134022    0.114650    0.179325    0.326684 ^ clkbuf_0_HCLK/X (sky130_fd_sc_hd__clkbuf_16)
                                                         clknet_0_HCLK (net)
                      0.116381    0.011108    0.337791 ^ clkbuf_2_3_0_HCLK/A (sky130_fd_sc_hd__clkbuf_8)
     2    0.039123    0.060921    0.128564    0.466355 ^ clkbuf_2_3_0_HCLK/X (sky130_fd_sc_hd__clkbuf_8)
                                                         clknet_2_3_0_HCLK (net)
                      0.060961    0.001246    0.467601 ^ clkbuf_3_7__f_HCLK/A (sky130_fd_sc_hd__clkbuf_16)
     7    0.049920    0.051834    0.108724    0.576325 ^ clkbuf_3_7__f_HCLK/X (sky130_fd_sc_hd__clkbuf_16)
                                                         clknet_3_7__leaf_HCLK (net)
                      0.053636    0.007436    0.583761 ^ _216_/CLK (sky130_fd_sc_hd__dfrtp_2)
     5    0.021773    0.086547    0.266233    0.849995 ^ _216_/Q (sky130_fd_sc_hd__dfrtp_2)
                                                         u_bridge_fsm.state[0] (net)
                      0.086547    0.000221    0.850216 ^ _082_/A_N (sky130_fd_sc_hd__and2b_1)
     2    0.006543    0.034488    0.125375    0.975591 v _082_/X (sky130_fd_sc_hd__and2b_1)
                                                         net137 (net)
                      0.034488    0.000167    0.975758 v output137/A (sky130_fd_sc_hd__buf_2)
     1    0.035816    0.065191    0.120753    1.096511 v output137/X (sky130_fd_sc_hd__buf_2)
                                                         PENABLE (net)
                      0.065207    0.000970    1.097481 v PENABLE (out)
                                              1.097481   data arrival time

                                  0.000000    0.000000   clock HCLK (rise edge)
                                  0.000000    0.000000   clock network delay (propagated)
                                  0.250000    0.250000   clock uncertainty
                                  0.000000    0.250000   clock reconvergence pessimism
                                 -2.000000   -1.750000   output external delay
                                             -1.750000   data required time
---------------------------------------------------------------------------------------------
                                             -1.750000   data required time
                                             -1.097481   data arrival time
---------------------------------------------------------------------------------------------
                                              2.847481   slack (MET)


Startpoint: _216_ (rising edge-triggered flip-flop clocked by HCLK)
Endpoint: HRESP (output port clocked by HCLK)
Path Group: HCLK
Path Type: min

Fanout         Cap        Slew       Delay        Time   Description
---------------------------------------------------------------------------------------------
                                  0.000000    0.000000   clock HCLK (rise edge)
                                  0.000000    0.000000   clock source latency
     1    0.059439    0.203180    0.147358    0.147358 ^ HCLK (in)
                                                         HCLK (net)
                      0.204534    0.000000    0.147358 ^ clkbuf_0_HCLK/A (sky130_fd_sc_hd__clkbuf_16)
     5    0.134022    0.114650    0.179325    0.326684 ^ clkbuf_0_HCLK/X (sky130_fd_sc_hd__clkbuf_16)
                                                         clknet_0_HCLK (net)
                      0.116381    0.011108    0.337791 ^ clkbuf_2_3_0_HCLK/A (sky130_fd_sc_hd__clkbuf_8)
     2    0.039123    0.060921    0.128564    0.466355 ^ clkbuf_2_3_0_HCLK/X (sky130_fd_sc_hd__clkbuf_8)
                                                         clknet_2_3_0_HCLK (net)
                      0.060961    0.001246    0.467601 ^ clkbuf_3_7__f_HCLK/A (sky130_fd_sc_hd__clkbuf_16)
     7    0.049920    0.051834    0.108724    0.576325 ^ clkbuf_3_7__f_HCLK/X (sky130_fd_sc_hd__clkbuf_16)
                                                         clknet_3_7__leaf_HCLK (net)
                      0.053636    0.007436    0.583761 ^ _216_/CLK (sky130_fd_sc_hd__dfrtp_2)
     5    0.020271    0.057119    0.282116    0.865877 v _216_/Q (sky130_fd_sc_hd__dfrtp_2)
                                                         u_bridge_fsm.state[0] (net)
                      0.057120    0.000340    0.866217 v _074_/A (sky130_fd_sc_hd__and2_1)
     1    0.008850    0.041571    0.112121    0.978338 v _074_/X (sky130_fd_sc_hd__and2_1)
                                                         net104 (net)
                      0.041576    0.000464    0.978803 v output104/A (sky130_fd_sc_hd__buf_2)
     1    0.035174    0.064138    0.122981    1.101784 v output104/X (sky130_fd_sc_hd__buf_2)
                                                         HRESP (net)
                      0.064145    0.000699    1.102483 v HRESP (out)
                                              1.102483   data arrival time

                                  0.000000    0.000000   clock HCLK (rise edge)
                                  0.000000    0.000000   clock network delay (propagated)
                                  0.250000    0.250000   clock uncertainty
                                  0.000000    0.250000   clock reconvergence pessimism
                                 -2.000000   -1.750000   output external delay
                                             -1.750000   data required time
---------------------------------------------------------------------------------------------
                                             -1.750000   data required time
                                             -1.102483   data arrival time
---------------------------------------------------------------------------------------------
                                              2.852483   slack (MET)


Startpoint: _164_ (rising edge-triggered flip-flop clocked by HCLK)
Endpoint: PSEL[1] (output port clocked by HCLK)
Path Group: HCLK
Path Type: min

Fanout         Cap        Slew       Delay        Time   Description
---------------------------------------------------------------------------------------------
                                  0.000000    0.000000   clock HCLK (rise edge)
                                  0.000000    0.000000   clock source latency
     1    0.059439    0.203180    0.147358    0.147358 ^ HCLK (in)
                                                         HCLK (net)
                      0.204534    0.000000    0.147358 ^ clkbuf_0_HCLK/A (sky130_fd_sc_hd__clkbuf_16)
     5    0.134022    0.114650    0.179325    0.326684 ^ clkbuf_0_HCLK/X (sky130_fd_sc_hd__clkbuf_16)
                                                         clknet_0_HCLK (net)
                      0.116381    0.011108    0.337791 ^ clkbuf_2_3_0_HCLK/A (sky130_fd_sc_hd__clkbuf_8)
     2    0.039123    0.060921    0.128564    0.466355 ^ clkbuf_2_3_0_HCLK/X (sky130_fd_sc_hd__clkbuf_8)
                                                         clknet_2_3_0_HCLK (net)
                      0.060961    0.001246    0.467601 ^ clkbuf_3_7__f_HCLK/A (sky130_fd_sc_hd__clkbuf_16)
     7    0.049920    0.051834    0.108724    0.576325 ^ clkbuf_3_7__f_HCLK/X (sky130_fd_sc_hd__clkbuf_16)
                                                         clknet_3_7__leaf_HCLK (net)
                      0.052841    0.005323    0.581648 ^ _164_/CLK (sky130_fd_sc_hd__dfrtp_4)
     6    0.036287    0.092944    0.303714    0.885362 ^ _164_/Q (sky130_fd_sc_hd__dfrtp_4)
                                                         net109 (net)
                      0.093112    0.003510    0.888872 ^ _078_/A_N (sky130_fd_sc_hd__and3b_1)
     1    0.002311    0.021976    0.109621    0.998494 v _078_/X (sky130_fd_sc_hd__and3b_1)
                                                         net139 (net)
                      0.021976    0.000047    0.998541 v output139/A (sky130_fd_sc_hd__buf_2)
     1    0.035686    0.064890    0.115821    1.114361 v output139/X (sky130_fd_sc_hd__buf_2)
                                                         PSEL[1] (net)
                      0.064898    0.000713    1.115075 v PSEL[1] (out)
                                              1.115075   data arrival time

                                  0.000000    0.000000   clock HCLK (rise edge)
                                  0.000000    0.000000   clock network delay (propagated)
                                  0.250000    0.250000   clock uncertainty
                                  0.000000    0.250000   clock reconvergence pessimism
                                 -2.000000   -1.750000   output external delay
                                             -1.750000   data required time
---------------------------------------------------------------------------------------------
                                             -1.750000   data required time
                                             -1.115075   data arrival time
---------------------------------------------------------------------------------------------
                                              2.865074   slack (MET)


Startpoint: _163_ (rising edge-triggered flip-flop clocked by HCLK)
Endpoint: PSEL[2] (output port clocked by HCLK)
Path Group: HCLK
Path Type: min

Fanout         Cap        Slew       Delay        Time   Description
---------------------------------------------------------------------------------------------
                                  0.000000    0.000000   clock HCLK (rise edge)
                                  0.000000    0.000000   clock source latency
     1    0.059439    0.203180    0.147358    0.147358 ^ HCLK (in)
                                                         HCLK (net)
                      0.204534    0.000000    0.147358 ^ clkbuf_0_HCLK/A (sky130_fd_sc_hd__clkbuf_16)
     5    0.134022    0.114650    0.179325    0.326684 ^ clkbuf_0_HCLK/X (sky130_fd_sc_hd__clkbuf_16)
                                                         clknet_0_HCLK (net)
                      0.116381    0.011108    0.337791 ^ clkbuf_2_3_0_HCLK/A (sky130_fd_sc_hd__clkbuf_8)
     2    0.039123    0.060921    0.128564    0.466355 ^ clkbuf_2_3_0_HCLK/X (sky130_fd_sc_hd__clkbuf_8)
                                                         clknet_2_3_0_HCLK (net)
                      0.060961    0.001246    0.467601 ^ clkbuf_3_7__f_HCLK/A (sky130_fd_sc_hd__clkbuf_16)
     7    0.049920    0.051834    0.108724    0.576325 ^ clkbuf_3_7__f_HCLK/X (sky130_fd_sc_hd__clkbuf_16)
                                                         clknet_3_7__leaf_HCLK (net)
                      0.053548    0.007226    0.583551 ^ _163_/CLK (sky130_fd_sc_hd__dfrtp_1)
     6    0.023480    0.159325    0.299975    0.883527 ^ _163_/Q (sky130_fd_sc_hd__dfrtp_1)
                                                         net108 (net)
                      0.159325    0.000650    0.884177 ^ _079_/A_N (sky130_fd_sc_hd__and3b_1)
     1    0.005441    0.031536    0.125855    1.010032 v _079_/X (sky130_fd_sc_hd__and3b_1)
                                                         net140 (net)
                      0.031537    0.000237    1.010269 v output140/A (sky130_fd_sc_hd__buf_2)
     1    0.035859    0.065194    0.119747    1.130017 v output140/X (sky130_fd_sc_hd__buf_2)
                                                         PSEL[2] (net)
                      0.065204    0.000814    1.130831 v PSEL[2] (out)
                                              1.130831   data arrival time

                                  0.000000    0.000000   clock HCLK (rise edge)
                                  0.000000    0.000000   clock network delay (propagated)
                                  0.250000    0.250000   clock uncertainty
                                  0.000000    0.250000   clock reconvergence pessimism
                                 -2.000000   -1.750000   output external delay
                                             -1.750000   data required time
---------------------------------------------------------------------------------------------
                                             -1.750000   data required time
                                             -1.130831   data arrival time
---------------------------------------------------------------------------------------------
                                              2.880831   slack (MET)


Startpoint: PRDATA[23] (input port clocked by HCLK)
Endpoint: HRDATA[23] (output port clocked by HCLK)
Path Group: HCLK
Path Type: min

Fanout         Cap        Slew       Delay        Time   Description
---------------------------------------------------------------------------------------------
                                  0.000000    0.000000   clock HCLK (rise edge)
                                  0.000000    0.000000   clock network delay (propagated)
                                  2.000000    2.000000 v input external delay
     1    0.003849    0.006256    0.003219    2.003219 v PRDATA[23] (in)
                                                         PRDATA[23] (net)
                      0.006262    0.000000    2.003219 v _241_/A (sky130_fd_sc_hd__clkbuf_1)
     1    0.002050    0.015757    0.044255    2.047474 v _241_/X (sky130_fd_sc_hd__clkbuf_1)
                                                         net86 (net)
                      0.015757    0.000057    2.047531 v output86/A (sky130_fd_sc_hd__buf_2)
     1    0.034318    0.062831    0.111855    2.159386 v output86/X (sky130_fd_sc_hd__buf_2)
                                                         HRDATA[23] (net)
                      0.062840    0.000732    2.160118 v HRDATA[23] (out)
                                              2.160118   data arrival time

                                  0.000000    0.000000   clock HCLK (rise edge)
                                  0.000000    0.000000   clock network delay (propagated)
                                  0.250000    0.250000   clock uncertainty
                                  0.000000    0.250000   clock reconvergence pessimism
                                 -2.000000   -1.750000   output external delay
                                             -1.750000   data required time
---------------------------------------------------------------------------------------------
                                             -1.750000   data required time
                                             -2.160118   data arrival time
---------------------------------------------------------------------------------------------
                                              3.910118   slack (MET)


Startpoint: PRDATA[9] (input port clocked by HCLK)
Endpoint: HRDATA[9] (output port clocked by HCLK)
Path Group: HCLK
Path Type: min

Fanout         Cap        Slew       Delay        Time   Description
---------------------------------------------------------------------------------------------
                                  0.000000    0.000000   clock HCLK (rise edge)
                                  0.000000    0.000000   clock network delay (propagated)
                                  2.000000    2.000000 v input external delay
     1    0.003942    0.006400    0.003303    2.003303 v PRDATA[9] (in)
                                                         PRDATA[9] (net)
                      0.006405    0.000000    2.003303 v _227_/A (sky130_fd_sc_hd__clkbuf_1)
     1    0.002115    0.015974    0.044551    2.047853 v _227_/X (sky130_fd_sc_hd__clkbuf_1)
                                                         net102 (net)
                      0.015974    0.000059    2.047913 v output102/A (sky130_fd_sc_hd__buf_2)
     1    0.034294    0.062805    0.111886    2.159799 v output102/X (sky130_fd_sc_hd__buf_2)
                                                         HRDATA[9] (net)
                      0.062814    0.000753    2.160551 v HRDATA[9] (out)
                                              2.160551   data arrival time

                                  0.000000    0.000000   clock HCLK (rise edge)
                                  0.000000    0.000000   clock network delay (propagated)
                                  0.250000    0.250000   clock uncertainty
                                  0.000000    0.250000   clock reconvergence pessimism
                                 -2.000000   -1.750000   output external delay
                                             -1.750000   data required time
---------------------------------------------------------------------------------------------
                                             -1.750000   data required time
                                             -2.160551   data arrival time
---------------------------------------------------------------------------------------------
                                              3.910551   slack (MET)


Startpoint: PRDATA[1] (input port clocked by HCLK)
Endpoint: HRDATA[1] (output port clocked by HCLK)
Path Group: HCLK
Path Type: min

Fanout         Cap        Slew       Delay        Time   Description
---------------------------------------------------------------------------------------------
                                  0.000000    0.000000   clock HCLK (rise edge)
                                  0.000000    0.000000   clock network delay (propagated)
                                  2.000000    2.000000 v input external delay
     1    0.004145    0.006725    0.003481    2.003481 v PRDATA[1] (in)
                                                         PRDATA[1] (net)
                      0.006731    0.000000    2.003481 v _219_/A (sky130_fd_sc_hd__clkbuf_1)
     1    0.002056    0.015778    0.044449    2.047930 v _219_/X (sky130_fd_sc_hd__clkbuf_1)
                                                         net82 (net)
                      0.015778    0.000058    2.047988 v output82/A (sky130_fd_sc_hd__buf_2)
     1    0.034318    0.062831    0.111862    2.159850 v output82/X (sky130_fd_sc_hd__buf_2)
                                                         HRDATA[1] (net)
                      0.062840    0.000732    2.160582 v HRDATA[1] (out)
                                              2.160582   data arrival time

                                  0.000000    0.000000   clock HCLK (rise edge)
                                  0.000000    0.000000   clock network delay (propagated)
                                  0.250000    0.250000   clock uncertainty
                                  0.000000    0.250000   clock reconvergence pessimism
                                 -2.000000   -1.750000   output external delay
                                             -1.750000   data required time
---------------------------------------------------------------------------------------------
                                             -1.750000   data required time
                                             -2.160582   data arrival time
---------------------------------------------------------------------------------------------
                                              3.910582   slack (MET)


Startpoint: PRDATA[3] (input port clocked by HCLK)
Endpoint: HRDATA[3] (output port clocked by HCLK)
Path Group: HCLK
Path Type: min

Fanout         Cap        Slew       Delay        Time   Description
---------------------------------------------------------------------------------------------
                                  0.000000    0.000000   clock HCLK (rise edge)
                                  0.000000    0.000000   clock network delay (propagated)
                                  2.000000    2.000000 v input external delay
     1    0.003282    0.005423    0.002710    2.002710 v PRDATA[3] (in)
                                                         PRDATA[3] (net)
                      0.005424    0.000000    2.002710 v _221_/A (sky130_fd_sc_hd__clkbuf_1)
     1    0.002355    0.016798    0.045089    2.047799 v _221_/X (sky130_fd_sc_hd__clkbuf_1)
                                                         net96 (net)
                      0.016798    0.000066    2.047865 v output96/A (sky130_fd_sc_hd__buf_2)
     1    0.034400    0.062974    0.112299    2.160164 v output96/X (sky130_fd_sc_hd__buf_2)
                                                         HRDATA[3] (net)
                      0.062984    0.000772    2.160936 v HRDATA[3] (out)
                                              2.160936   data arrival time

                                  0.000000    0.000000   clock HCLK (rise edge)
                                  0.000000    0.000000   clock network delay (propagated)
                                  0.250000    0.250000   clock uncertainty
                                  0.000000    0.250000   clock reconvergence pessimism
                                 -2.000000   -1.750000   output external delay
                                             -1.750000   data required time
---------------------------------------------------------------------------------------------
                                             -1.750000   data required time
                                             -2.160936   data arrival time
---------------------------------------------------------------------------------------------
                                              3.910936   slack (MET)


Startpoint: PRDATA[14] (input port clocked by HCLK)
Endpoint: HRDATA[14] (output port clocked by HCLK)
Path Group: HCLK
Path Type: min

Fanout         Cap        Slew       Delay        Time   Description
---------------------------------------------------------------------------------------------
                                  0.000000    0.000000   clock HCLK (rise edge)
                                  0.000000    0.000000   clock network delay (propagated)
                                  2.000000    2.000000 v input external delay
     1    0.003966    0.006437    0.003324    2.003324 v PRDATA[14] (in)
                                                         PRDATA[14] (net)
                      0.006443    0.000000    2.003324 v _232_/A (sky130_fd_sc_hd__clkbuf_1)
     1    0.002199    0.016258    0.044879    2.048203 v _232_/X (sky130_fd_sc_hd__clkbuf_1)
                                                         net76 (net)
                      0.016258    0.000061    2.048264 v output76/A (sky130_fd_sc_hd__buf_2)
     1    0.034318    0.062834    0.112032    2.160296 v output76/X (sky130_fd_sc_hd__buf_2)
                                                         HRDATA[14] (net)
                      0.062843    0.000732    2.161029 v HRDATA[14] (out)
                                              2.161029   data arrival time

                                  0.000000    0.000000   clock HCLK (rise edge)
                                  0.000000    0.000000   clock network delay (propagated)
                                  0.250000    0.250000   clock uncertainty
                                  0.000000    0.250000   clock reconvergence pessimism
                                 -2.000000   -1.750000   output external delay
                                             -1.750000   data required time
---------------------------------------------------------------------------------------------
                                             -1.750000   data required time
                                             -2.161029   data arrival time
---------------------------------------------------------------------------------------------
                                              3.911028   slack (MET)


Startpoint: PRDATA[11] (input port clocked by HCLK)
Endpoint: HRDATA[11] (output port clocked by HCLK)
Path Group: HCLK
Path Type: min

Fanout         Cap        Slew       Delay        Time   Description
---------------------------------------------------------------------------------------------
                                  0.000000    0.000000   clock HCLK (rise edge)
                                  0.000000    0.000000   clock network delay (propagated)
                                  2.000000    2.000000 v input external delay
     1    0.003466    0.005691    0.002877    2.002877 v PRDATA[11] (in)
                                                         PRDATA[11] (net)
                      0.005692    0.000000    2.002877 v _229_/A (sky130_fd_sc_hd__clkbuf_1)
     1    0.002384    0.016900    0.045290    2.048167 v _229_/X (sky130_fd_sc_hd__clkbuf_1)
                                                         net73 (net)
                      0.016900    0.000072    2.048239 v output73/A (sky130_fd_sc_hd__buf_2)
     1    0.034216    0.062679    0.112147    2.160386 v output73/X (sky130_fd_sc_hd__buf_2)
                                                         HRDATA[11] (net)
                      0.062687    0.000707    2.161093 v HRDATA[11] (out)
                                              2.161093   data arrival time

                                  0.000000    0.000000   clock HCLK (rise edge)
                                  0.000000    0.000000   clock network delay (propagated)
                                  0.250000    0.250000   clock uncertainty
                                  0.000000    0.250000   clock reconvergence pessimism
                                 -2.000000   -1.750000   output external delay
                                             -1.750000   data required time
---------------------------------------------------------------------------------------------
                                             -1.750000   data required time
                                             -2.161093   data arrival time
---------------------------------------------------------------------------------------------
                                              3.911093   slack (MET)


Startpoint: PRDATA[30] (input port clocked by HCLK)
Endpoint: HRDATA[30] (output port clocked by HCLK)
Path Group: HCLK
Path Type: min

Fanout         Cap        Slew       Delay        Time   Description
---------------------------------------------------------------------------------------------
                                  0.000000    0.000000   clock HCLK (rise edge)
                                  0.000000    0.000000   clock network delay (propagated)
                                  2.000000    2.000000 v input external delay
     1    0.003446    0.005662    0.002855    2.002855 v PRDATA[30] (in)
                                                         PRDATA[30] (net)
                      0.005663    0.000000    2.002855 v _248_/A (sky130_fd_sc_hd__clkbuf_1)
     1    0.002085    0.015872    0.044166    2.047021 v _248_/X (sky130_fd_sc_hd__clkbuf_1)
                                                         net94 (net)
                      0.015872    0.000059    2.047079 v output94/A (sky130_fd_sc_hd__buf_2)
     1    0.035435    0.064503    0.113287    2.160366 v output94/X (sky130_fd_sc_hd__buf_2)
                                                         HRDATA[30] (net)
                      0.064512    0.000776    2.161142 v HRDATA[30] (out)
                                              2.161142   data arrival time

                                  0.000000    0.000000   clock HCLK (rise edge)
                                  0.000000    0.000000   clock network delay (propagated)
                                  0.250000    0.250000   clock uncertainty
                                  0.000000    0.250000   clock reconvergence pessimism
                                 -2.000000   -1.750000   output external delay
                                             -1.750000   data required time
---------------------------------------------------------------------------------------------
                                             -1.750000   data required time
                                             -2.161142   data arrival time
---------------------------------------------------------------------------------------------
                                              3.911143   slack (MET)


Startpoint: PRDATA[15] (input port clocked by HCLK)
Endpoint: HRDATA[15] (output port clocked by HCLK)
Path Group: HCLK
Path Type: min

Fanout         Cap        Slew       Delay        Time   Description
---------------------------------------------------------------------------------------------
                                  0.000000    0.000000   clock HCLK (rise edge)
                                  0.000000    0.000000   clock network delay (propagated)
                                  2.000000    2.000000 v input external delay
     1    0.005028    0.008266    0.004316    2.004316 v PRDATA[15] (in)
                                                         PRDATA[15] (net)
                      0.008272    0.000000    2.004316 v _233_/A (sky130_fd_sc_hd__clkbuf_1)
     1    0.001966    0.015484    0.044677    2.048994 v _233_/X (sky130_fd_sc_hd__clkbuf_1)
                                                         net77 (net)
                      0.015484    0.000054    2.049048 v output77/A (sky130_fd_sc_hd__buf_2)
     1    0.034360    0.062901    0.111792    2.160840 v output77/X (sky130_fd_sc_hd__buf_2)
                                                         HRDATA[15] (net)
                      0.062910    0.000758    2.161598 v HRDATA[15] (out)
                                              2.161598   data arrival time

                                  0.000000    0.000000   clock HCLK (rise edge)
                                  0.000000    0.000000   clock network delay (propagated)
                                  0.250000    0.250000   clock uncertainty
                                  0.000000    0.250000   clock reconvergence pessimism
                                 -2.000000   -1.750000   output external delay
                                             -1.750000   data required time
---------------------------------------------------------------------------------------------
                                             -1.750000   data required time
                                             -2.161598   data arrival time
---------------------------------------------------------------------------------------------
                                              3.911598   slack (MET)


Startpoint: PRDATA[27] (input port clocked by HCLK)
Endpoint: HRDATA[27] (output port clocked by HCLK)
Path Group: HCLK
Path Type: min

Fanout         Cap        Slew       Delay        Time   Description
---------------------------------------------------------------------------------------------
                                  0.000000    0.000000   clock HCLK (rise edge)
                                  0.000000    0.000000   clock network delay (propagated)
                                  2.000000    2.000000 v input external delay
     1    0.004526    0.007376    0.003814    2.003814 v PRDATA[27] (in)
                                                         PRDATA[27] (net)
                      0.007381    0.000000    2.003814 v _245_/A (sky130_fd_sc_hd__clkbuf_1)
     1    0.002168    0.016157    0.045106    2.048920 v _245_/X (sky130_fd_sc_hd__clkbuf_1)
                                                         net90 (net)
                      0.016157    0.000062    2.048982 v output90/A (sky130_fd_sc_hd__buf_2)
     1    0.034245    0.062718    0.111919    2.160902 v output90/X (sky130_fd_sc_hd__buf_2)
                                                         HRDATA[27] (net)
                      0.062726    0.000709    2.161611 v HRDATA[27] (out)
                                              2.161611   data arrival time

                                  0.000000    0.000000   clock HCLK (rise edge)
                                  0.000000    0.000000   clock network delay (propagated)
                                  0.250000    0.250000   clock uncertainty
                                  0.000000    0.250000   clock reconvergence pessimism
                                 -2.000000   -1.750000   output external delay
                                             -1.750000   data required time
---------------------------------------------------------------------------------------------
                                             -1.750000   data required time
                                             -2.161611   data arrival time
---------------------------------------------------------------------------------------------
                                              3.911611   slack (MET)


Startpoint: PRDATA[8] (input port clocked by HCLK)
Endpoint: HRDATA[8] (output port clocked by HCLK)
Path Group: HCLK
Path Type: min

Fanout         Cap        Slew       Delay        Time   Description
---------------------------------------------------------------------------------------------
                                  0.000000    0.000000   clock HCLK (rise edge)
                                  0.000000    0.000000   clock network delay (propagated)
                                  2.000000    2.000000 v input external delay
     1    0.003446    0.005663    0.002857    2.002857 v PRDATA[8] (in)
                                                         PRDATA[8] (net)
                      0.005664    0.000000    2.002857 v _226_/A (sky130_fd_sc_hd__clkbuf_1)
     1    0.002478    0.017227    0.045635    2.048492 v _226_/X (sky130_fd_sc_hd__clkbuf_1)
                                                         net101 (net)
                      0.017227    0.000070    2.048562 v output101/A (sky130_fd_sc_hd__buf_2)
     1    0.034399    0.062966    0.112468    2.161030 v output101/X (sky130_fd_sc_hd__buf_2)
                                                         HRDATA[8] (net)
                      0.062976    0.000747    2.161777 v HRDATA[8] (out)
                                              2.161777   data arrival time

                                  0.000000    0.000000   clock HCLK (rise edge)
                                  0.000000    0.000000   clock network delay (propagated)
                                  0.250000    0.250000   clock uncertainty
                                  0.000000    0.250000   clock reconvergence pessimism
                                 -2.000000   -1.750000   output external delay
                                             -1.750000   data required time
---------------------------------------------------------------------------------------------
                                             -1.750000   data required time
                                             -2.161777   data arrival time
---------------------------------------------------------------------------------------------
                                              3.911777   slack (MET)


Startpoint: PRDATA[2] (input port clocked by HCLK)
Endpoint: HRDATA[2] (output port clocked by HCLK)
Path Group: HCLK
Path Type: min

Fanout         Cap        Slew       Delay        Time   Description
---------------------------------------------------------------------------------------------
                                  0.000000    0.000000   clock HCLK (rise edge)
                                  0.000000    0.000000   clock network delay (propagated)
                                  2.000000    2.000000 v input external delay
     1    0.004007    0.006502    0.003361    2.003361 v PRDATA[2] (in)
                                                         PRDATA[2] (net)
                      0.006508    0.000000    2.003361 v _220_/A (sky130_fd_sc_hd__clkbuf_1)
     1    0.002356    0.016805    0.045488    2.048849 v _220_/X (sky130_fd_sc_hd__clkbuf_1)
                                                         net93 (net)
                      0.016805    0.000066    2.048916 v output93/A (sky130_fd_sc_hd__buf_2)
     1    0.034294    0.062810    0.112180    2.161096 v output93/X (sky130_fd_sc_hd__buf_2)
                                                         HRDATA[2] (net)
                      0.062820    0.000753    2.161849 v HRDATA[2] (out)
                                              2.161849   data arrival time

                                  0.000000    0.000000   clock HCLK (rise edge)
                                  0.000000    0.000000   clock network delay (propagated)
                                  0.250000    0.250000   clock uncertainty
                                  0.000000    0.250000   clock reconvergence pessimism
                                 -2.000000   -1.750000   output external delay
                                             -1.750000   data required time
---------------------------------------------------------------------------------------------
                                             -1.750000   data required time
                                             -2.161849   data arrival time
---------------------------------------------------------------------------------------------
                                              3.911849   slack (MET)


Startpoint: PRDATA[0] (input port clocked by HCLK)
Endpoint: HRDATA[0] (output port clocked by HCLK)
Path Group: HCLK
Path Type: min

Fanout         Cap        Slew       Delay        Time   Description
---------------------------------------------------------------------------------------------
                                  0.000000    0.000000   clock HCLK (rise edge)
                                  0.000000    0.000000   clock network delay (propagated)
                                  2.000000    2.000000 v input external delay
     1    0.003409    0.005610    0.002824    2.002824 v PRDATA[0] (in)
                                                         PRDATA[0] (net)
                      0.005611    0.000000    2.002824 v _218_/A (sky130_fd_sc_hd__clkbuf_1)
     1    0.002541    0.017446    0.045853    2.048677 v _218_/X (sky130_fd_sc_hd__clkbuf_1)
                                                         net71 (net)
                      0.017446    0.000070    2.048747 v output71/A (sky130_fd_sc_hd__buf_2)
     1    0.034393    0.062958    0.112538    2.161285 v output71/X (sky130_fd_sc_hd__buf_2)
                                                         HRDATA[0] (net)
                      0.062967    0.000747    2.162032 v HRDATA[0] (out)
                                              2.162032   data arrival time

                                  0.000000    0.000000   clock HCLK (rise edge)
                                  0.000000    0.000000   clock network delay (propagated)
                                  0.250000    0.250000   clock uncertainty
                                  0.000000    0.250000   clock reconvergence pessimism
                                 -2.000000   -1.750000   output external delay
                                             -1.750000   data required time
---------------------------------------------------------------------------------------------
                                             -1.750000   data required time
                                             -2.162032   data arrival time
---------------------------------------------------------------------------------------------
                                              3.912032   slack (MET)


Startpoint: PRDATA[28] (input port clocked by HCLK)
Endpoint: HRDATA[28] (output port clocked by HCLK)
Path Group: HCLK
Path Type: min

Fanout         Cap        Slew       Delay        Time   Description
---------------------------------------------------------------------------------------------
                                  0.000000    0.000000   clock HCLK (rise edge)
                                  0.000000    0.000000   clock network delay (propagated)
                                  2.000000    2.000000 v input external delay
     1    0.005347    0.008750    0.004679    2.004679 v PRDATA[28] (in)
                                                         PRDATA[28] (net)
                      0.008757    0.000000    2.004679 v _246_/A (sky130_fd_sc_hd__clkbuf_1)
     1    0.002047    0.015753    0.045156    2.049835 v _246_/X (sky130_fd_sc_hd__clkbuf_1)
                                                         net91 (net)
                      0.015753    0.000058    2.049893 v output91/A (sky130_fd_sc_hd__buf_2)
     1    0.034115    0.062521    0.111613    2.161506 v output91/X (sky130_fd_sc_hd__buf_2)
                                                         HRDATA[28] (net)
                      0.062528    0.000705    2.162212 v HRDATA[28] (out)
                                              2.162212   data arrival time

                                  0.000000    0.000000   clock HCLK (rise edge)
                                  0.000000    0.000000   clock network delay (propagated)
                                  0.250000    0.250000   clock uncertainty
                                  0.000000    0.250000   clock reconvergence pessimism
                                 -2.000000   -1.750000   output external delay
                                             -1.750000   data required time
---------------------------------------------------------------------------------------------
                                             -1.750000   data required time
                                             -2.162212   data arrival time
---------------------------------------------------------------------------------------------
                                              3.912212   slack (MET)


Startpoint: PRDATA[6] (input port clocked by HCLK)
Endpoint: HRDATA[6] (output port clocked by HCLK)
Path Group: HCLK
Path Type: min

Fanout         Cap        Slew       Delay        Time   Description
---------------------------------------------------------------------------------------------
                                  0.000000    0.000000   clock HCLK (rise edge)
                                  0.000000    0.000000   clock network delay (propagated)
                                  2.000000    2.000000 v input external delay
     1    0.004253    0.006903    0.003580    2.003580 v PRDATA[6] (in)
                                                         PRDATA[6] (net)
                      0.006909    0.000000    2.003580 v _224_/A (sky130_fd_sc_hd__clkbuf_1)
     1    0.002520    0.017381    0.046245    2.049825 v _224_/X (sky130_fd_sc_hd__clkbuf_1)
                                                         net99 (net)
                      0.017381    0.000073    2.049899 v output99/A (sky130_fd_sc_hd__buf_2)
     1    0.034334    0.062879    0.112425    2.162323 v output99/X (sky130_fd_sc_hd__buf_2)
                                                         HRDATA[6] (net)
                      0.062889    0.000767    2.163090 v HRDATA[6] (out)
                                              2.163090   data arrival time

                                  0.000000    0.000000   clock HCLK (rise edge)
                                  0.000000    0.000000   clock network delay (propagated)
                                  0.250000    0.250000   clock uncertainty
                                  0.000000    0.250000   clock reconvergence pessimism
                                 -2.000000   -1.750000   output external delay
                                             -1.750000   data required time
---------------------------------------------------------------------------------------------
                                             -1.750000   data required time
                                             -2.163090   data arrival time
---------------------------------------------------------------------------------------------
                                              3.913090   slack (MET)


Startpoint: PRDATA[26] (input port clocked by HCLK)
Endpoint: HRDATA[26] (output port clocked by HCLK)
Path Group: HCLK
Path Type: min

Fanout         Cap        Slew       Delay        Time   Description
---------------------------------------------------------------------------------------------
                                  0.000000    0.000000   clock HCLK (rise edge)
                                  0.000000    0.000000   clock network delay (propagated)
                                  2.000000    2.000000 v input external delay
     1    0.003678    0.006002    0.003066    2.003066 v PRDATA[26] (in)
                                                         PRDATA[26] (net)
                      0.006003    0.000000    2.003066 v _244_/A (sky130_fd_sc_hd__clkbuf_1)
     1    0.002702    0.018006    0.046594    2.049660 v _244_/X (sky130_fd_sc_hd__clkbuf_1)
                                                         net89 (net)
                      0.018007    0.000082    2.049742 v output89/A (sky130_fd_sc_hd__buf_2)
     1    0.034334    0.062883    0.112647    2.162388 v output89/X (sky130_fd_sc_hd__buf_2)
                                                         HRDATA[26] (net)
                      0.062893    0.000767    2.163155 v HRDATA[26] (out)
                                              2.163155   data arrival time

                                  0.000000    0.000000   clock HCLK (rise edge)
                                  0.000000    0.000000   clock network delay (propagated)
                                  0.250000    0.250000   clock uncertainty
                                  0.000000    0.250000   clock reconvergence pessimism
                                 -2.000000   -1.750000   output external delay
                                             -1.750000   data required time
---------------------------------------------------------------------------------------------
                                             -1.750000   data required time
                                             -2.163155   data arrival time
---------------------------------------------------------------------------------------------
                                              3.913155   slack (MET)


Startpoint: PRDATA[31] (input port clocked by HCLK)
Endpoint: HRDATA[31] (output port clocked by HCLK)
Path Group: HCLK
Path Type: min

Fanout         Cap        Slew       Delay        Time   Description
---------------------------------------------------------------------------------------------
                                  0.000000    0.000000   clock HCLK (rise edge)
                                  0.000000    0.000000   clock network delay (propagated)
                                  2.000000    2.000000 v input external delay
     1    0.004438    0.007219    0.003742    2.003742 v PRDATA[31] (in)
                                                         PRDATA[31] (net)
                      0.007225    0.000000    2.003742 v _249_/A (sky130_fd_sc_hd__clkbuf_1)
     1    0.002467    0.017196    0.046165    2.049907 v _249_/X (sky130_fd_sc_hd__clkbuf_1)
                                                         net95 (net)
                      0.017196    0.000070    2.049978 v output95/A (sky130_fd_sc_hd__buf_2)
     1    0.034670    0.063380    0.112775    2.162753 v output95/X (sky130_fd_sc_hd__buf_2)
                                                         HRDATA[31] (net)
                      0.063390    0.000778    2.163530 v HRDATA[31] (out)
                                              2.163530   data arrival time

                                  0.000000    0.000000   clock HCLK (rise edge)
                                  0.000000    0.000000   clock network delay (propagated)
                                  0.250000    0.250000   clock uncertainty
                                  0.000000    0.250000   clock reconvergence pessimism
                                 -2.000000   -1.750000   output external delay
                                             -1.750000   data required time
---------------------------------------------------------------------------------------------
                                             -1.750000   data required time
                                             -2.163530   data arrival time
---------------------------------------------------------------------------------------------
                                              3.913530   slack (MET)


Startpoint: PRDATA[19] (input port clocked by HCLK)
Endpoint: HRDATA[19] (output port clocked by HCLK)
Path Group: HCLK
Path Type: min

Fanout         Cap        Slew       Delay        Time   Description
---------------------------------------------------------------------------------------------
                                  0.000000    0.000000   clock HCLK (rise edge)
                                  0.000000    0.000000   clock network delay (propagated)
                                  2.000000    2.000000 v input external delay
     1    0.003727    0.006072    0.003108    2.003108 v PRDATA[19] (in)
                                                         PRDATA[19] (net)
                      0.006073    0.000000    2.003108 v _237_/A (sky130_fd_sc_hd__clkbuf_1)
     1    0.002835    0.018460    0.047122    2.050230 v _237_/X (sky130_fd_sc_hd__clkbuf_1)
                                                         net81 (net)
                      0.018460    0.000079    2.050309 v output81/A (sky130_fd_sc_hd__buf_2)
     1    0.034334    0.062886    0.112807    2.163116 v output81/X (sky130_fd_sc_hd__buf_2)
                                                         HRDATA[19] (net)
                      0.062896    0.000767    2.163883 v HRDATA[19] (out)
                                              2.163883   data arrival time

                                  0.000000    0.000000   clock HCLK (rise edge)
                                  0.000000    0.000000   clock network delay (propagated)
                                  0.250000    0.250000   clock uncertainty
                                  0.000000    0.250000   clock reconvergence pessimism
                                 -2.000000   -1.750000   output external delay
                                             -1.750000   data required time
---------------------------------------------------------------------------------------------
                                             -1.750000   data required time
                                             -2.163883   data arrival time
---------------------------------------------------------------------------------------------
                                              3.913883   slack (MET)


Startpoint: PRDATA[25] (input port clocked by HCLK)
Endpoint: HRDATA[25] (output port clocked by HCLK)
Path Group: HCLK
Path Type: min

Fanout         Cap        Slew       Delay        Time   Description
---------------------------------------------------------------------------------------------
                                  0.000000    0.000000   clock HCLK (rise edge)
                                  0.000000    0.000000   clock network delay (propagated)
                                  2.000000    2.000000 v input external delay
     1    0.005046    0.008294    0.004328    2.004328 v PRDATA[25] (in)
                                                         PRDATA[25] (net)
                      0.008299    0.000000    2.004328 v _243_/A (sky130_fd_sc_hd__clkbuf_1)
     1    0.002247    0.016428    0.045737    2.050065 v _243_/X (sky130_fd_sc_hd__clkbuf_1)
                                                         net88 (net)
                      0.016428    0.000064    2.050128 v output88/A (sky130_fd_sc_hd__buf_2)
     1    0.035555    0.064657    0.113691    2.163819 v output88/X (sky130_fd_sc_hd__buf_2)
                                                         HRDATA[25] (net)
                      0.064665    0.000708    2.164527 v HRDATA[25] (out)
                                              2.164527   data arrival time

                                  0.000000    0.000000   clock HCLK (rise edge)
                                  0.000000    0.000000   clock network delay (propagated)
                                  0.250000    0.250000   clock uncertainty
                                  0.000000    0.250000   clock reconvergence pessimism
                                 -2.000000   -1.750000   output external delay
                                             -1.750000   data required time
---------------------------------------------------------------------------------------------
                                             -1.750000   data required time
                                             -2.164527   data arrival time
---------------------------------------------------------------------------------------------
                                              3.914527   slack (MET)


Startpoint: PRDATA[7] (input port clocked by HCLK)
Endpoint: HRDATA[7] (output port clocked by HCLK)
Path Group: HCLK
Path Type: min

Fanout         Cap        Slew       Delay        Time   Description
---------------------------------------------------------------------------------------------
                                  0.000000    0.000000   clock HCLK (rise edge)
                                  0.000000    0.000000   clock network delay (propagated)
                                  2.000000    2.000000 v input external delay
     1    0.003561    0.005830    0.002958    2.002958 v PRDATA[7] (in)
                                                         PRDATA[7] (net)
                      0.005831    0.000000    2.002958 v _225_/A (sky130_fd_sc_hd__clkbuf_1)
     1    0.003103    0.019381    0.048022    2.050980 v _225_/X (sky130_fd_sc_hd__clkbuf_1)
                                                         net100 (net)
                      0.019381    0.000102    2.051082 v output100/A (sky130_fd_sc_hd__buf_2)
     1    0.034185    0.062648    0.112987    2.164068 v output100/X (sky130_fd_sc_hd__buf_2)
                                                         HRDATA[7] (net)
                      0.062656    0.000706    2.164775 v HRDATA[7] (out)
                                              2.164775   data arrival time

                                  0.000000    0.000000   clock HCLK (rise edge)
                                  0.000000    0.000000   clock network delay (propagated)
                                  0.250000    0.250000   clock uncertainty
                                  0.000000    0.250000   clock reconvergence pessimism
                                 -2.000000   -1.750000   output external delay
                                             -1.750000   data required time
---------------------------------------------------------------------------------------------
                                             -1.750000   data required time
                                             -2.164775   data arrival time
---------------------------------------------------------------------------------------------
                                              3.914774   slack (MET)


Startpoint: PRDATA[16] (input port clocked by HCLK)
Endpoint: HRDATA[16] (output port clocked by HCLK)
Path Group: HCLK
Path Type: min

Fanout         Cap        Slew       Delay        Time   Description
---------------------------------------------------------------------------------------------
                                  0.000000    0.000000   clock HCLK (rise edge)
                                  0.000000    0.000000   clock network delay (propagated)
                                  2.000000    2.000000 v input external delay
     1    0.004847    0.007942    0.004125    2.004125 v PRDATA[16] (in)
                                                         PRDATA[16] (net)
                      0.007950    0.000000    2.004125 v _234_/A (sky130_fd_sc_hd__clkbuf_1)
     1    0.002737    0.018137    0.047438    2.051564 v _234_/X (sky130_fd_sc_hd__clkbuf_1)
                                                         net78 (net)
                      0.018137    0.000082    2.051645 v output78/A (sky130_fd_sc_hd__buf_2)
     1    0.034425    0.063011    0.112822    2.164468 v output78/X (sky130_fd_sc_hd__buf_2)
                                                         HRDATA[16] (net)
                      0.063020    0.000748    2.165215 v HRDATA[16] (out)
                                              2.165215   data arrival time

                                  0.000000    0.000000   clock HCLK (rise edge)
                                  0.000000    0.000000   clock network delay (propagated)
                                  0.250000    0.250000   clock uncertainty
                                  0.000000    0.250000   clock reconvergence pessimism
                                 -2.000000   -1.750000   output external delay
                                             -1.750000   data required time
---------------------------------------------------------------------------------------------
                                             -1.750000   data required time
                                             -2.165215   data arrival time
---------------------------------------------------------------------------------------------
                                              3.915215   slack (MET)


Startpoint: PRDATA[20] (input port clocked by HCLK)
Endpoint: HRDATA[20] (output port clocked by HCLK)
Path Group: HCLK
Path Type: min

Fanout         Cap        Slew       Delay        Time   Description
---------------------------------------------------------------------------------------------
                                  0.000000    0.000000   clock HCLK (rise edge)
                                  0.000000    0.000000   clock network delay (propagated)
                                  2.000000    2.000000 v input external delay
     1    0.004512    0.007351    0.003808    2.003808 v PRDATA[20] (in)
                                                         PRDATA[20] (net)
                      0.007357    0.000000    2.003808 v _238_/A (sky130_fd_sc_hd__clkbuf_1)
     1    0.002834    0.018469    0.047581    2.051389 v _238_/X (sky130_fd_sc_hd__clkbuf_1)
                                                         net83 (net)
                      0.018469    0.000089    2.051478 v output83/A (sky130_fd_sc_hd__buf_2)
     1    0.035183    0.064153    0.113874    2.165352 v output83/X (sky130_fd_sc_hd__buf_2)
                                                         HRDATA[20] (net)
                      0.064163    0.000794    2.166147 v HRDATA[20] (out)
                                              2.166147   data arrival time

                                  0.000000    0.000000   clock HCLK (rise edge)
                                  0.000000    0.000000   clock network delay (propagated)
                                  0.250000    0.250000   clock uncertainty
                                  0.000000    0.250000   clock reconvergence pessimism
                                 -2.000000   -1.750000   output external delay
                                             -1.750000   data required time
---------------------------------------------------------------------------------------------
                                             -1.750000   data required time
                                             -2.166147   data arrival time
---------------------------------------------------------------------------------------------
                                              3.916147   slack (MET)


Startpoint: PRDATA[13] (input port clocked by HCLK)
Endpoint: HRDATA[13] (output port clocked by HCLK)
Path Group: HCLK
Path Type: min

Fanout         Cap        Slew       Delay        Time   Description
---------------------------------------------------------------------------------------------
                                  0.000000    0.000000   clock HCLK (rise edge)
                                  0.000000    0.000000   clock network delay (propagated)
                                  2.000000    2.000000 v input external delay
     1    0.004594    0.007498    0.003883    2.003883 v PRDATA[13] (in)
                                                         PRDATA[13] (net)
                      0.007504    0.000000    2.003883 v _231_/A (sky130_fd_sc_hd__clkbuf_1)
     1    0.003088    0.019340    0.048584    2.052467 v _231_/X (sky130_fd_sc_hd__clkbuf_1)
                                                         net75 (net)
                      0.019340    0.000098    2.052566 v output75/A (sky130_fd_sc_hd__buf_2)
     1    0.034181    0.062643    0.112968    2.165534 v output75/X (sky130_fd_sc_hd__buf_2)
                                                         HRDATA[13] (net)
                      0.062651    0.000706    2.166240 v HRDATA[13] (out)
                                              2.166240   data arrival time

                                  0.000000    0.000000   clock HCLK (rise edge)
                                  0.000000    0.000000   clock network delay (propagated)
                                  0.250000    0.250000   clock uncertainty
                                  0.000000    0.250000   clock reconvergence pessimism
                                 -2.000000   -1.750000   output external delay
                                             -1.750000   data required time
---------------------------------------------------------------------------------------------
                                             -1.750000   data required time
                                             -2.166240   data arrival time
---------------------------------------------------------------------------------------------
                                              3.916240   slack (MET)


Startpoint: PRDATA[24] (input port clocked by HCLK)
Endpoint: HRDATA[24] (output port clocked by HCLK)
Path Group: HCLK
Path Type: min

Fanout         Cap        Slew       Delay        Time   Description
---------------------------------------------------------------------------------------------
                                  0.000000    0.000000   clock HCLK (rise edge)
                                  0.000000    0.000000   clock network delay (propagated)
                                  2.000000    2.000000 v input external delay
     1    0.006776    0.011106    0.006321    2.006321 v PRDATA[24] (in)
                                                         PRDATA[24] (net)
                      0.011112    0.000000    2.006321 v _242_/A (sky130_fd_sc_hd__clkbuf_1)
     1    0.002341    0.016760    0.047117    2.053437 v _242_/X (sky130_fd_sc_hd__clkbuf_1)
                                                         net87 (net)
                      0.016760    0.000068    2.053505 v output87/A (sky130_fd_sc_hd__buf_2)
     1    0.034294    0.062810    0.112165    2.165670 v output87/X (sky130_fd_sc_hd__buf_2)
                                                         HRDATA[24] (net)
                      0.062819    0.000753    2.166422 v HRDATA[24] (out)
                                              2.166422   data arrival time

                                  0.000000    0.000000   clock HCLK (rise edge)
                                  0.000000    0.000000   clock network delay (propagated)
                                  0.250000    0.250000   clock uncertainty
                                  0.000000    0.250000   clock reconvergence pessimism
                                 -2.000000   -1.750000   output external delay
                                             -1.750000   data required time
---------------------------------------------------------------------------------------------
                                             -1.750000   data required time
                                             -2.166422   data arrival time
---------------------------------------------------------------------------------------------
                                              3.916422   slack (MET)


Startpoint: PRDATA[10] (input port clocked by HCLK)
Endpoint: HRDATA[10] (output port clocked by HCLK)
Path Group: HCLK
Path Type: min

Fanout         Cap        Slew       Delay        Time   Description
---------------------------------------------------------------------------------------------
                                  0.000000    0.000000   clock HCLK (rise edge)
                                  0.000000    0.000000   clock network delay (propagated)
                                  2.000000    2.000000 v input external delay
     1    0.008118    0.013289    0.007864    2.007864 v PRDATA[10] (in)
                                                         PRDATA[10] (net)
                      0.013299    0.000000    2.007864 v _228_/A (sky130_fd_sc_hd__clkbuf_1)
     1    0.002091    0.015912    0.046985    2.054849 v _228_/X (sky130_fd_sc_hd__clkbuf_1)
                                                         net72 (net)
                      0.015912    0.000058    2.054907 v output72/A (sky130_fd_sc_hd__buf_2)
     1    0.034294    0.062804    0.111864    2.166771 v output72/X (sky130_fd_sc_hd__buf_2)
                                                         HRDATA[10] (net)
                      0.062814    0.000753    2.167524 v HRDATA[10] (out)
                                              2.167524   data arrival time

                                  0.000000    0.000000   clock HCLK (rise edge)
                                  0.000000    0.000000   clock network delay (propagated)
                                  0.250000    0.250000   clock uncertainty
                                  0.000000    0.250000   clock reconvergence pessimism
                                 -2.000000   -1.750000   output external delay
                                             -1.750000   data required time
---------------------------------------------------------------------------------------------
                                             -1.750000   data required time
                                             -2.167524   data arrival time
---------------------------------------------------------------------------------------------
                                              3.917524   slack (MET)


Startpoint: PRDATA[29] (input port clocked by HCLK)
Endpoint: HRDATA[29] (output port clocked by HCLK)
Path Group: HCLK
Path Type: min

Fanout         Cap        Slew       Delay        Time   Description
---------------------------------------------------------------------------------------------
                                  0.000000    0.000000   clock HCLK (rise edge)
                                  0.000000    0.000000   clock network delay (propagated)
                                  2.000000    2.000000 v input external delay
     1    0.003645    0.005954    0.003036    2.003036 v PRDATA[29] (in)
                                                         PRDATA[29] (net)
                      0.005955    0.000000    2.003036 v _247_/A (sky130_fd_sc_hd__clkbuf_1)
     1    0.003682    0.021350    0.050139    2.053175 v _247_/X (sky130_fd_sc_hd__clkbuf_1)
                                                         net92 (net)
                      0.021351    0.000125    2.053300 v output92/A (sky130_fd_sc_hd__buf_2)
     1    0.034294    0.062841    0.113790    2.167090 v output92/X (sky130_fd_sc_hd__buf_2)
                                                         HRDATA[29] (net)
                      0.062850    0.000753    2.167843 v HRDATA[29] (out)
                                              2.167843   data arrival time

                                  0.000000    0.000000   clock HCLK (rise edge)
                                  0.000000    0.000000   clock network delay (propagated)
                                  0.250000    0.250000   clock uncertainty
                                  0.000000    0.250000   clock reconvergence pessimism
                                 -2.000000   -1.750000   output external delay
                                             -1.750000   data required time
---------------------------------------------------------------------------------------------
                                             -1.750000   data required time
                                             -2.167843   data arrival time
---------------------------------------------------------------------------------------------
                                              3.917843   slack (MET)


Startpoint: PRDATA[18] (input port clocked by HCLK)
Endpoint: HRDATA[18] (output port clocked by HCLK)
Path Group: HCLK
Path Type: min

Fanout         Cap        Slew       Delay        Time   Description
---------------------------------------------------------------------------------------------
                                  0.000000    0.000000   clock HCLK (rise edge)
                                  0.000000    0.000000   clock network delay (propagated)
                                  2.000000    2.000000 v input external delay
     1    0.008378    0.013714    0.008145    2.008145 v PRDATA[18] (in)
                                                         PRDATA[18] (net)
                      0.013724    0.000000    2.008145 v _236_/A (sky130_fd_sc_hd__clkbuf_1)
     1    0.001870    0.015182    0.046320    2.054465 v _236_/X (sky130_fd_sc_hd__clkbuf_1)
                                                         net80 (net)
                      0.015182    0.000036    2.054501 v output80/A (sky130_fd_sc_hd__buf_2)
     1    0.035376    0.064461    0.112863    2.167363 v output80/X (sky130_fd_sc_hd__buf_2)
                                                         HRDATA[18] (net)
                      0.064474    0.000911    2.168274 v HRDATA[18] (out)
                                              2.168274   data arrival time

                                  0.000000    0.000000   clock HCLK (rise edge)
                                  0.000000    0.000000   clock network delay (propagated)
                                  0.250000    0.250000   clock uncertainty
                                  0.000000    0.250000   clock reconvergence pessimism
                                 -2.000000   -1.750000   output external delay
                                             -1.750000   data required time
---------------------------------------------------------------------------------------------
                                             -1.750000   data required time
                                             -2.168274   data arrival time
---------------------------------------------------------------------------------------------
                                              3.918275   slack (MET)


Startpoint: PRDATA[5] (input port clocked by HCLK)
Endpoint: HRDATA[5] (output port clocked by HCLK)
Path Group: HCLK
Path Type: min

Fanout         Cap        Slew       Delay        Time   Description
---------------------------------------------------------------------------------------------
                                  0.000000    0.000000   clock HCLK (rise edge)
                                  0.000000    0.000000   clock network delay (propagated)
                                  2.000000    2.000000 v input external delay
     1    0.003304    0.005456    0.002728    2.002728 v PRDATA[5] (in)
                                                         PRDATA[5] (net)
                      0.005457    0.000000    2.002728 v _223_/A (sky130_fd_sc_hd__clkbuf_1)
     1    0.004043    0.022622    0.051067    2.053795 v _223_/X (sky130_fd_sc_hd__clkbuf_1)
                                                         net98 (net)
                      0.022623    0.000153    2.053948 v output98/A (sky130_fd_sc_hd__buf_2)
     1    0.035231    0.064306    0.115294    2.169242 v output98/X (sky130_fd_sc_hd__buf_2)
                                                         HRDATA[5] (net)
                      0.064322    0.000940    2.170182 v HRDATA[5] (out)
                                              2.170182   data arrival time

                                  0.000000    0.000000   clock HCLK (rise edge)
                                  0.000000    0.000000   clock network delay (propagated)
                                  0.250000    0.250000   clock uncertainty
                                  0.000000    0.250000   clock reconvergence pessimism
                                 -2.000000   -1.750000   output external delay
                                             -1.750000   data required time
---------------------------------------------------------------------------------------------
                                             -1.750000   data required time
                                             -2.170182   data arrival time
---------------------------------------------------------------------------------------------
                                              3.920182   slack (MET)


Startpoint: PRDATA[21] (input port clocked by HCLK)
Endpoint: HRDATA[21] (output port clocked by HCLK)
Path Group: HCLK
Path Type: min

Fanout         Cap        Slew       Delay        Time   Description
---------------------------------------------------------------------------------------------
                                  0.000000    0.000000   clock HCLK (rise edge)
                                  0.000000    0.000000   clock network delay (propagated)
                                  2.000000    2.000000 v input external delay
     1    0.010150    0.016524    0.010235    2.010235 v PRDATA[21] (in)
                                                         PRDATA[21] (net)
                      0.016541    0.000000    2.010235 v _239_/A (sky130_fd_sc_hd__clkbuf_1)
     1    0.002517    0.017410    0.049769    2.060004 v _239_/X (sky130_fd_sc_hd__clkbuf_1)
                                                         net84 (net)
                      0.017410    0.000055    2.060059 v output84/A (sky130_fd_sc_hd__buf_2)
     1    0.034482    0.063084    0.112651    2.172710 v output84/X (sky130_fd_sc_hd__buf_2)
                                                         HRDATA[21] (net)
                      0.063092    0.000724    2.173434 v HRDATA[21] (out)
                                              2.173434   data arrival time

                                  0.000000    0.000000   clock HCLK (rise edge)
                                  0.000000    0.000000   clock network delay (propagated)
                                  0.250000    0.250000   clock uncertainty
                                  0.000000    0.250000   clock reconvergence pessimism
                                 -2.000000   -1.750000   output external delay
                                             -1.750000   data required time
---------------------------------------------------------------------------------------------
                                             -1.750000   data required time
                                             -2.173434   data arrival time
---------------------------------------------------------------------------------------------
                                              3.923434   slack (MET)


Startpoint: PRDATA[17] (input port clocked by HCLK)
Endpoint: HRDATA[17] (output port clocked by HCLK)
Path Group: HCLK
Path Type: min

Fanout         Cap        Slew       Delay        Time   Description
---------------------------------------------------------------------------------------------
                                  0.000000    0.000000   clock HCLK (rise edge)
                                  0.000000    0.000000   clock network delay (propagated)
                                  2.000000    2.000000 v input external delay
     1    0.003999    0.006494    0.003336    2.003336 v PRDATA[17] (in)
                                                         PRDATA[17] (net)
                      0.006495    0.000000    2.003336 v _235_/A (sky130_fd_sc_hd__clkbuf_1)
     1    0.005107    0.026424    0.054717    2.058053 v _235_/X (sky130_fd_sc_hd__clkbuf_1)
                                                         net79 (net)
                      0.026425    0.000218    2.058271 v output79/A (sky130_fd_sc_hd__buf_2)
     1    0.034818    0.063583    0.116500    2.174771 v output79/X (sky130_fd_sc_hd__buf_2)
                                                         HRDATA[17] (net)
                      0.063589    0.000639    2.175410 v HRDATA[17] (out)
                                              2.175410   data arrival time

                                  0.000000    0.000000   clock HCLK (rise edge)
                                  0.000000    0.000000   clock network delay (propagated)
                                  0.250000    0.250000   clock uncertainty
                                  0.000000    0.250000   clock reconvergence pessimism
                                 -2.000000   -1.750000   output external delay
                                             -1.750000   data required time
---------------------------------------------------------------------------------------------
                                             -1.750000   data required time
                                             -2.175410   data arrival time
---------------------------------------------------------------------------------------------
                                              3.925410   slack (MET)


Startpoint: PRDATA[4] (input port clocked by HCLK)
Endpoint: HRDATA[4] (output port clocked by HCLK)
Path Group: HCLK
Path Type: min

Fanout         Cap        Slew       Delay        Time   Description
---------------------------------------------------------------------------------------------
                                  0.000000    0.000000   clock HCLK (rise edge)
                                  0.000000    0.000000   clock network delay (propagated)
                                  2.000000    2.000000 v input external delay
     1    0.003089    0.005139    0.002537    2.002537 v PRDATA[4] (in)
                                                         PRDATA[4] (net)
                      0.005140    0.000000    2.002537 v _222_/A (sky130_fd_sc_hd__clkbuf_1)
     1    0.005661    0.028409    0.055962    2.058499 v _222_/X (sky130_fd_sc_hd__clkbuf_1)
                                                         net97 (net)
                      0.028410    0.000215    2.058715 v output97/A (sky130_fd_sc_hd__buf_2)
     1    0.035388    0.064552    0.117773    2.176487 v output97/X (sky130_fd_sc_hd__buf_2)
                                                         HRDATA[4] (net)
                      0.064568    0.000966    2.177453 v HRDATA[4] (out)
                                              2.177453   data arrival time

                                  0.000000    0.000000   clock HCLK (rise edge)
                                  0.000000    0.000000   clock network delay (propagated)
                                  0.250000    0.250000   clock uncertainty
                                  0.000000    0.250000   clock reconvergence pessimism
                                 -2.000000   -1.750000   output external delay
                                             -1.750000   data required time
---------------------------------------------------------------------------------------------
                                             -1.750000   data required time
                                             -2.177453   data arrival time
---------------------------------------------------------------------------------------------
                                              3.927453   slack (MET)


Startpoint: PRDATA[22] (input port clocked by HCLK)
Endpoint: HRDATA[22] (output port clocked by HCLK)
Path Group: HCLK
Path Type: min

Fanout         Cap        Slew       Delay        Time   Description
---------------------------------------------------------------------------------------------
                                  0.000000    0.000000   clock HCLK (rise edge)
                                  0.000000    0.000000   clock network delay (propagated)
                                  2.000000    2.000000 v input external delay
     1    0.003041    0.005073    0.002491    2.002491 v PRDATA[22] (in)
                                                         PRDATA[22] (net)
                      0.005073    0.000000    2.002491 v _240_/A (sky130_fd_sc_hd__clkbuf_1)
     1    0.007187    0.034017    0.060626    2.063117 v _240_/X (sky130_fd_sc_hd__clkbuf_1)
                                                         net85 (net)
                      0.034020    0.000317    2.063434 v output85/A (sky130_fd_sc_hd__buf_2)
     1    0.035821    0.065184    0.120599    2.184034 v output85/X (sky130_fd_sc_hd__buf_2)
                                                         HRDATA[22] (net)
                      0.065199    0.000928    2.184961 v HRDATA[22] (out)
                                              2.184961   data arrival time

                                  0.000000    0.000000   clock HCLK (rise edge)
                                  0.000000    0.000000   clock network delay (propagated)
                                  0.250000    0.250000   clock uncertainty
                                  0.000000    0.250000   clock reconvergence pessimism
                                 -2.000000   -1.750000   output external delay
                                             -1.750000   data required time
---------------------------------------------------------------------------------------------
                                             -1.750000   data required time
                                             -2.184961   data arrival time
---------------------------------------------------------------------------------------------
                                              3.934961   slack (MET)


Startpoint: PRDATA[12] (input port clocked by HCLK)
Endpoint: HRDATA[12] (output port clocked by HCLK)
Path Group: HCLK
Path Type: min

Fanout         Cap        Slew       Delay        Time   Description
---------------------------------------------------------------------------------------------
                                  0.000000    0.000000   clock HCLK (rise edge)
                                  0.000000    0.000000   clock network delay (propagated)
                                  2.000000    2.000000 v input external delay
     1    0.003121    0.005189    0.002564    2.002564 v PRDATA[12] (in)
                                                         PRDATA[12] (net)
                      0.005190    0.000000    2.002564 v _230_/A (sky130_fd_sc_hd__clkbuf_1)
     1    0.008288    0.038103    0.064065    2.066629 v _230_/X (sky130_fd_sc_hd__clkbuf_1)
                                                         net74 (net)
                      0.038106    0.000361    2.066990 v output74/A (sky130_fd_sc_hd__buf_2)
     1    0.034682    0.063397    0.120980    2.187970 v output74/X (sky130_fd_sc_hd__buf_2)
                                                         HRDATA[12] (net)
                      0.063404    0.000672    2.188642 v HRDATA[12] (out)
                                              2.188642   data arrival time

                                  0.000000    0.000000   clock HCLK (rise edge)
                                  0.000000    0.000000   clock network delay (propagated)
                                  0.250000    0.250000   clock uncertainty
                                  0.000000    0.250000   clock reconvergence pessimism
                                 -2.000000   -1.750000   output external delay
                                             -1.750000   data required time
---------------------------------------------------------------------------------------------
                                             -1.750000   data required time
                                             -2.188642   data arrival time
---------------------------------------------------------------------------------------------
                                              3.938642   slack (MET)



