
===========================================================================
report_checks -path_delay max (Setup)
============================================================================
======================= nom_ff_n40C_1v95 Corner ===================================

Startpoint: PREADY (input port clocked by HCLK)
Endpoint: HREADYOUT (output port clocked by HCLK)
Path Group: HCLK
Path Type: max

Fanout         Cap        Slew       Delay        Time   Description
---------------------------------------------------------------------------------------------
                      0.150000    0.000000    0.000000   clock HCLK (rise edge)
                                  0.000000    0.000000   clock network delay (ideal)
                                  2.000000    2.000000 ^ input external delay
     1    0.004652    0.021251    0.012058    2.012058 ^ PREADY (in)
                                                         PREADY (net)
                      0.021251    0.000000    2.012058 ^ _072_/A (sky130_fd_sc_hd__inv_2)
     2    0.006803    0.014209    0.018906    2.030964 v _072_/Y (sky130_fd_sc_hd__inv_2)
                                                         _067_ (net)
                      0.014209    0.000000    2.030964 v _081_/A1 (sky130_fd_sc_hd__o21ai_2)
     1    0.033442    0.287815    0.235609    2.266573 ^ _081_/Y (sky130_fd_sc_hd__o21ai_2)
                                                         HREADYOUT (net)
                      0.287815    0.000000    2.266573 ^ HREADYOUT (out)
                                              2.266573   data arrival time

                      0.150000   10.000000   10.000000   clock HCLK (rise edge)
                                  0.000000   10.000000   clock network delay (ideal)
                                 -0.250000    9.750000   clock uncertainty
                                  0.000000    9.750000   clock reconvergence pessimism
                                 -2.000000    7.750000   output external delay
                                              7.750000   data required time
---------------------------------------------------------------------------------------------
                                              7.750000   data required time
                                             -2.266573   data arrival time
---------------------------------------------------------------------------------------------
                                              5.483427   slack (MET)


Startpoint: PRDATA[0] (input port clocked by HCLK)
Endpoint: HRDATA[0] (output port clocked by HCLK)
Path Group: HCLK
Path Type: max

Fanout         Cap        Slew       Delay        Time   Description
---------------------------------------------------------------------------------------------
                      0.150000    0.000000    0.000000   clock HCLK (rise edge)
                                  0.000000    0.000000   clock network delay (ideal)
                                  2.000000    2.000000 ^ input external delay
     1    0.001878    0.011033    0.004797    2.004797 ^ PRDATA[0] (in)
                                                         PRDATA[0] (net)
                      0.011033    0.000000    2.004797 ^ _218_/A (sky130_fd_sc_hd__buf_2)
     1    0.033442    0.127497    0.129770    2.134567 ^ _218_/X (sky130_fd_sc_hd__buf_2)
                                                         HRDATA[0] (net)
                      0.127497    0.000000    2.134567 ^ HRDATA[0] (out)
                                              2.134567   data arrival time

                      0.150000   10.000000   10.000000   clock HCLK (rise edge)
                                  0.000000   10.000000   clock network delay (ideal)
                                 -0.250000    9.750000   clock uncertainty
                                  0.000000    9.750000   clock reconvergence pessimism
                                 -2.000000    7.750000   output external delay
                                              7.750000   data required time
---------------------------------------------------------------------------------------------
                                              7.750000   data required time
                                             -2.134567   data arrival time
---------------------------------------------------------------------------------------------
                                              5.615433   slack (MET)


Startpoint: PRDATA[10] (input port clocked by HCLK)
Endpoint: HRDATA[10] (output port clocked by HCLK)
Path Group: HCLK
Path Type: max

Fanout         Cap        Slew       Delay        Time   Description
---------------------------------------------------------------------------------------------
                      0.150000    0.000000    0.000000   clock HCLK (rise edge)
                                  0.000000    0.000000   clock network delay (ideal)
                                  2.000000    2.000000 ^ input external delay
     1    0.001878    0.011033    0.004797    2.004797 ^ PRDATA[10] (in)
                                                         PRDATA[10] (net)
                      0.011033    0.000000    2.004797 ^ _228_/A (sky130_fd_sc_hd__buf_2)
     1    0.033442    0.127497    0.129770    2.134567 ^ _228_/X (sky130_fd_sc_hd__buf_2)
                                                         HRDATA[10] (net)
                      0.127497    0.000000    2.134567 ^ HRDATA[10] (out)
                                              2.134567   data arrival time

                      0.150000   10.000000   10.000000   clock HCLK (rise edge)
                                  0.000000   10.000000   clock network delay (ideal)
                                 -0.250000    9.750000   clock uncertainty
                                  0.000000    9.750000   clock reconvergence pessimism
                                 -2.000000    7.750000   output external delay
                                              7.750000   data required time
---------------------------------------------------------------------------------------------
                                              7.750000   data required time
                                             -2.134567   data arrival time
---------------------------------------------------------------------------------------------
                                              5.615433   slack (MET)


Startpoint: PRDATA[11] (input port clocked by HCLK)
Endpoint: HRDATA[11] (output port clocked by HCLK)
Path Group: HCLK
Path Type: max

Fanout         Cap        Slew       Delay        Time   Description
---------------------------------------------------------------------------------------------
                      0.150000    0.000000    0.000000   clock HCLK (rise edge)
                                  0.000000    0.000000   clock network delay (ideal)
                                  2.000000    2.000000 ^ input external delay
     1    0.001878    0.011033    0.004797    2.004797 ^ PRDATA[11] (in)
                                                         PRDATA[11] (net)
                      0.011033    0.000000    2.004797 ^ _229_/A (sky130_fd_sc_hd__buf_2)
     1    0.033442    0.127497    0.129770    2.134567 ^ _229_/X (sky130_fd_sc_hd__buf_2)
                                                         HRDATA[11] (net)
                      0.127497    0.000000    2.134567 ^ HRDATA[11] (out)
                                              2.134567   data arrival time

                      0.150000   10.000000   10.000000   clock HCLK (rise edge)
                                  0.000000   10.000000   clock network delay (ideal)
                                 -0.250000    9.750000   clock uncertainty
                                  0.000000    9.750000   clock reconvergence pessimism
                                 -2.000000    7.750000   output external delay
                                              7.750000   data required time
---------------------------------------------------------------------------------------------
                                              7.750000   data required time
                                             -2.134567   data arrival time
---------------------------------------------------------------------------------------------
                                              5.615433   slack (MET)


Startpoint: PRDATA[12] (input port clocked by HCLK)
Endpoint: HRDATA[12] (output port clocked by HCLK)
Path Group: HCLK
Path Type: max

Fanout         Cap        Slew       Delay        Time   Description
---------------------------------------------------------------------------------------------
                      0.150000    0.000000    0.000000   clock HCLK (rise edge)
                                  0.000000    0.000000   clock network delay (ideal)
                                  2.000000    2.000000 ^ input external delay
     1    0.001878    0.011033    0.004797    2.004797 ^ PRDATA[12] (in)
                                                         PRDATA[12] (net)
                      0.011033    0.000000    2.004797 ^ _230_/A (sky130_fd_sc_hd__buf_2)
     1    0.033442    0.127497    0.129770    2.134567 ^ _230_/X (sky130_fd_sc_hd__buf_2)
                                                         HRDATA[12] (net)
                      0.127497    0.000000    2.134567 ^ HRDATA[12] (out)
                                              2.134567   data arrival time

                      0.150000   10.000000   10.000000   clock HCLK (rise edge)
                                  0.000000   10.000000   clock network delay (ideal)
                                 -0.250000    9.750000   clock uncertainty
                                  0.000000    9.750000   clock reconvergence pessimism
                                 -2.000000    7.750000   output external delay
                                              7.750000   data required time
---------------------------------------------------------------------------------------------
                                              7.750000   data required time
                                             -2.134567   data arrival time
---------------------------------------------------------------------------------------------
                                              5.615433   slack (MET)


Startpoint: PRDATA[13] (input port clocked by HCLK)
Endpoint: HRDATA[13] (output port clocked by HCLK)
Path Group: HCLK
Path Type: max

Fanout         Cap        Slew       Delay        Time   Description
---------------------------------------------------------------------------------------------
                      0.150000    0.000000    0.000000   clock HCLK (rise edge)
                                  0.000000    0.000000   clock network delay (ideal)
                                  2.000000    2.000000 ^ input external delay
     1    0.001878    0.011033    0.004797    2.004797 ^ PRDATA[13] (in)
                                                         PRDATA[13] (net)
                      0.011033    0.000000    2.004797 ^ _231_/A (sky130_fd_sc_hd__buf_2)
     1    0.033442    0.127497    0.129770    2.134567 ^ _231_/X (sky130_fd_sc_hd__buf_2)
                                                         HRDATA[13] (net)
                      0.127497    0.000000    2.134567 ^ HRDATA[13] (out)
                                              2.134567   data arrival time

                      0.150000   10.000000   10.000000   clock HCLK (rise edge)
                                  0.000000   10.000000   clock network delay (ideal)
                                 -0.250000    9.750000   clock uncertainty
                                  0.000000    9.750000   clock reconvergence pessimism
                                 -2.000000    7.750000   output external delay
                                              7.750000   data required time
---------------------------------------------------------------------------------------------
                                              7.750000   data required time
                                             -2.134567   data arrival time
---------------------------------------------------------------------------------------------
                                              5.615433   slack (MET)


Startpoint: PRDATA[14] (input port clocked by HCLK)
Endpoint: HRDATA[14] (output port clocked by HCLK)
Path Group: HCLK
Path Type: max

Fanout         Cap        Slew       Delay        Time   Description
---------------------------------------------------------------------------------------------
                      0.150000    0.000000    0.000000   clock HCLK (rise edge)
                                  0.000000    0.000000   clock network delay (ideal)
                                  2.000000    2.000000 ^ input external delay
     1    0.001878    0.011033    0.004797    2.004797 ^ PRDATA[14] (in)
                                                         PRDATA[14] (net)
                      0.011033    0.000000    2.004797 ^ _232_/A (sky130_fd_sc_hd__buf_2)
     1    0.033442    0.127497    0.129770    2.134567 ^ _232_/X (sky130_fd_sc_hd__buf_2)
                                                         HRDATA[14] (net)
                      0.127497    0.000000    2.134567 ^ HRDATA[14] (out)
                                              2.134567   data arrival time

                      0.150000   10.000000   10.000000   clock HCLK (rise edge)
                                  0.000000   10.000000   clock network delay (ideal)
                                 -0.250000    9.750000   clock uncertainty
                                  0.000000    9.750000   clock reconvergence pessimism
                                 -2.000000    7.750000   output external delay
                                              7.750000   data required time
---------------------------------------------------------------------------------------------
                                              7.750000   data required time
                                             -2.134567   data arrival time
---------------------------------------------------------------------------------------------
                                              5.615433   slack (MET)


Startpoint: PRDATA[15] (input port clocked by HCLK)
Endpoint: HRDATA[15] (output port clocked by HCLK)
Path Group: HCLK
Path Type: max

Fanout         Cap        Slew       Delay        Time   Description
---------------------------------------------------------------------------------------------
                      0.150000    0.000000    0.000000   clock HCLK (rise edge)
                                  0.000000    0.000000   clock network delay (ideal)
                                  2.000000    2.000000 ^ input external delay
     1    0.001878    0.011033    0.004797    2.004797 ^ PRDATA[15] (in)
                                                         PRDATA[15] (net)
                      0.011033    0.000000    2.004797 ^ _233_/A (sky130_fd_sc_hd__buf_2)
     1    0.033442    0.127497    0.129770    2.134567 ^ _233_/X (sky130_fd_sc_hd__buf_2)
                                                         HRDATA[15] (net)
                      0.127497    0.000000    2.134567 ^ HRDATA[15] (out)
                                              2.134567   data arrival time

                      0.150000   10.000000   10.000000   clock HCLK (rise edge)
                                  0.000000   10.000000   clock network delay (ideal)
                                 -0.250000    9.750000   clock uncertainty
                                  0.000000    9.750000   clock reconvergence pessimism
                                 -2.000000    7.750000   output external delay
                                              7.750000   data required time
---------------------------------------------------------------------------------------------
                                              7.750000   data required time
                                             -2.134567   data arrival time
---------------------------------------------------------------------------------------------
                                              5.615433   slack (MET)


Startpoint: PRDATA[16] (input port clocked by HCLK)
Endpoint: HRDATA[16] (output port clocked by HCLK)
Path Group: HCLK
Path Type: max

Fanout         Cap        Slew       Delay        Time   Description
---------------------------------------------------------------------------------------------
                      0.150000    0.000000    0.000000   clock HCLK (rise edge)
                                  0.000000    0.000000   clock network delay (ideal)
                                  2.000000    2.000000 ^ input external delay
     1    0.001878    0.011033    0.004797    2.004797 ^ PRDATA[16] (in)
                                                         PRDATA[16] (net)
                      0.011033    0.000000    2.004797 ^ _234_/A (sky130_fd_sc_hd__buf_2)
     1    0.033442    0.127497    0.129770    2.134567 ^ _234_/X (sky130_fd_sc_hd__buf_2)
                                                         HRDATA[16] (net)
                      0.127497    0.000000    2.134567 ^ HRDATA[16] (out)
                                              2.134567   data arrival time

                      0.150000   10.000000   10.000000   clock HCLK (rise edge)
                                  0.000000   10.000000   clock network delay (ideal)
                                 -0.250000    9.750000   clock uncertainty
                                  0.000000    9.750000   clock reconvergence pessimism
                                 -2.000000    7.750000   output external delay
                                              7.750000   data required time
---------------------------------------------------------------------------------------------
                                              7.750000   data required time
                                             -2.134567   data arrival time
---------------------------------------------------------------------------------------------
                                              5.615433   slack (MET)


Startpoint: PRDATA[17] (input port clocked by HCLK)
Endpoint: HRDATA[17] (output port clocked by HCLK)
Path Group: HCLK
Path Type: max

Fanout         Cap        Slew       Delay        Time   Description
---------------------------------------------------------------------------------------------
                      0.150000    0.000000    0.000000   clock HCLK (rise edge)
                                  0.000000    0.000000   clock network delay (ideal)
                                  2.000000    2.000000 ^ input external delay
     1    0.001878    0.011033    0.004797    2.004797 ^ PRDATA[17] (in)
                                                         PRDATA[17] (net)
                      0.011033    0.000000    2.004797 ^ _235_/A (sky130_fd_sc_hd__buf_2)
     1    0.033442    0.127497    0.129770    2.134567 ^ _235_/X (sky130_fd_sc_hd__buf_2)
                                                         HRDATA[17] (net)
                      0.127497    0.000000    2.134567 ^ HRDATA[17] (out)
                                              2.134567   data arrival time

                      0.150000   10.000000   10.000000   clock HCLK (rise edge)
                                  0.000000   10.000000   clock network delay (ideal)
                                 -0.250000    9.750000   clock uncertainty
                                  0.000000    9.750000   clock reconvergence pessimism
                                 -2.000000    7.750000   output external delay
                                              7.750000   data required time
---------------------------------------------------------------------------------------------
                                              7.750000   data required time
                                             -2.134567   data arrival time
---------------------------------------------------------------------------------------------
                                              5.615433   slack (MET)


Startpoint: PRDATA[18] (input port clocked by HCLK)
Endpoint: HRDATA[18] (output port clocked by HCLK)
Path Group: HCLK
Path Type: max

Fanout         Cap        Slew       Delay        Time   Description
---------------------------------------------------------------------------------------------
                      0.150000    0.000000    0.000000   clock HCLK (rise edge)
                                  0.000000    0.000000   clock network delay (ideal)
                                  2.000000    2.000000 ^ input external delay
     1    0.001878    0.011033    0.004797    2.004797 ^ PRDATA[18] (in)
                                                         PRDATA[18] (net)
                      0.011033    0.000000    2.004797 ^ _236_/A (sky130_fd_sc_hd__buf_2)
     1    0.033442    0.127497    0.129770    2.134567 ^ _236_/X (sky130_fd_sc_hd__buf_2)
                                                         HRDATA[18] (net)
                      0.127497    0.000000    2.134567 ^ HRDATA[18] (out)
                                              2.134567   data arrival time

                      0.150000   10.000000   10.000000   clock HCLK (rise edge)
                                  0.000000   10.000000   clock network delay (ideal)
                                 -0.250000    9.750000   clock uncertainty
                                  0.000000    9.750000   clock reconvergence pessimism
                                 -2.000000    7.750000   output external delay
                                              7.750000   data required time
---------------------------------------------------------------------------------------------
                                              7.750000   data required time
                                             -2.134567   data arrival time
---------------------------------------------------------------------------------------------
                                              5.615433   slack (MET)


Startpoint: PRDATA[19] (input port clocked by HCLK)
Endpoint: HRDATA[19] (output port clocked by HCLK)
Path Group: HCLK
Path Type: max

Fanout         Cap        Slew       Delay        Time   Description
---------------------------------------------------------------------------------------------
                      0.150000    0.000000    0.000000   clock HCLK (rise edge)
                                  0.000000    0.000000   clock network delay (ideal)
                                  2.000000    2.000000 ^ input external delay
     1    0.001878    0.011033    0.004797    2.004797 ^ PRDATA[19] (in)
                                                         PRDATA[19] (net)
                      0.011033    0.000000    2.004797 ^ _237_/A (sky130_fd_sc_hd__buf_2)
     1    0.033442    0.127497    0.129770    2.134567 ^ _237_/X (sky130_fd_sc_hd__buf_2)
                                                         HRDATA[19] (net)
                      0.127497    0.000000    2.134567 ^ HRDATA[19] (out)
                                              2.134567   data arrival time

                      0.150000   10.000000   10.000000   clock HCLK (rise edge)
                                  0.000000   10.000000   clock network delay (ideal)
                                 -0.250000    9.750000   clock uncertainty
                                  0.000000    9.750000   clock reconvergence pessimism
                                 -2.000000    7.750000   output external delay
                                              7.750000   data required time
---------------------------------------------------------------------------------------------
                                              7.750000   data required time
                                             -2.134567   data arrival time
---------------------------------------------------------------------------------------------
                                              5.615433   slack (MET)


Startpoint: PRDATA[1] (input port clocked by HCLK)
Endpoint: HRDATA[1] (output port clocked by HCLK)
Path Group: HCLK
Path Type: max

Fanout         Cap        Slew       Delay        Time   Description
---------------------------------------------------------------------------------------------
                      0.150000    0.000000    0.000000   clock HCLK (rise edge)
                                  0.000000    0.000000   clock network delay (ideal)
                                  2.000000    2.000000 ^ input external delay
     1    0.001878    0.011033    0.004797    2.004797 ^ PRDATA[1] (in)
                                                         PRDATA[1] (net)
                      0.011033    0.000000    2.004797 ^ _219_/A (sky130_fd_sc_hd__buf_2)
     1    0.033442    0.127497    0.129770    2.134567 ^ _219_/X (sky130_fd_sc_hd__buf_2)
                                                         HRDATA[1] (net)
                      0.127497    0.000000    2.134567 ^ HRDATA[1] (out)
                                              2.134567   data arrival time

                      0.150000   10.000000   10.000000   clock HCLK (rise edge)
                                  0.000000   10.000000   clock network delay (ideal)
                                 -0.250000    9.750000   clock uncertainty
                                  0.000000    9.750000   clock reconvergence pessimism
                                 -2.000000    7.750000   output external delay
                                              7.750000   data required time
---------------------------------------------------------------------------------------------
                                              7.750000   data required time
                                             -2.134567   data arrival time
---------------------------------------------------------------------------------------------
                                              5.615433   slack (MET)


Startpoint: PRDATA[20] (input port clocked by HCLK)
Endpoint: HRDATA[20] (output port clocked by HCLK)
Path Group: HCLK
Path Type: max

Fanout         Cap        Slew       Delay        Time   Description
---------------------------------------------------------------------------------------------
                      0.150000    0.000000    0.000000   clock HCLK (rise edge)
                                  0.000000    0.000000   clock network delay (ideal)
                                  2.000000    2.000000 ^ input external delay
     1    0.001878    0.011033    0.004797    2.004797 ^ PRDATA[20] (in)
                                                         PRDATA[20] (net)
                      0.011033    0.000000    2.004797 ^ _238_/A (sky130_fd_sc_hd__buf_2)
     1    0.033442    0.127497    0.129770    2.134567 ^ _238_/X (sky130_fd_sc_hd__buf_2)
                                                         HRDATA[20] (net)
                      0.127497    0.000000    2.134567 ^ HRDATA[20] (out)
                                              2.134567   data arrival time

                      0.150000   10.000000   10.000000   clock HCLK (rise edge)
                                  0.000000   10.000000   clock network delay (ideal)
                                 -0.250000    9.750000   clock uncertainty
                                  0.000000    9.750000   clock reconvergence pessimism
                                 -2.000000    7.750000   output external delay
                                              7.750000   data required time
---------------------------------------------------------------------------------------------
                                              7.750000   data required time
                                             -2.134567   data arrival time
---------------------------------------------------------------------------------------------
                                              5.615433   slack (MET)


Startpoint: PRDATA[21] (input port clocked by HCLK)
Endpoint: HRDATA[21] (output port clocked by HCLK)
Path Group: HCLK
Path Type: max

Fanout         Cap        Slew       Delay        Time   Description
---------------------------------------------------------------------------------------------
                      0.150000    0.000000    0.000000   clock HCLK (rise edge)
                                  0.000000    0.000000   clock network delay (ideal)
                                  2.000000    2.000000 ^ input external delay
     1    0.001878    0.011033    0.004797    2.004797 ^ PRDATA[21] (in)
                                                         PRDATA[21] (net)
                      0.011033    0.000000    2.004797 ^ _239_/A (sky130_fd_sc_hd__buf_2)
     1    0.033442    0.127497    0.129770    2.134567 ^ _239_/X (sky130_fd_sc_hd__buf_2)
                                                         HRDATA[21] (net)
                      0.127497    0.000000    2.134567 ^ HRDATA[21] (out)
                                              2.134567   data arrival time

                      0.150000   10.000000   10.000000   clock HCLK (rise edge)
                                  0.000000   10.000000   clock network delay (ideal)
                                 -0.250000    9.750000   clock uncertainty
                                  0.000000    9.750000   clock reconvergence pessimism
                                 -2.000000    7.750000   output external delay
                                              7.750000   data required time
---------------------------------------------------------------------------------------------
                                              7.750000   data required time
                                             -2.134567   data arrival time
---------------------------------------------------------------------------------------------
                                              5.615433   slack (MET)


Startpoint: PRDATA[22] (input port clocked by HCLK)
Endpoint: HRDATA[22] (output port clocked by HCLK)
Path Group: HCLK
Path Type: max

Fanout         Cap        Slew       Delay        Time   Description
---------------------------------------------------------------------------------------------
                      0.150000    0.000000    0.000000   clock HCLK (rise edge)
                                  0.000000    0.000000   clock network delay (ideal)
                                  2.000000    2.000000 ^ input external delay
     1    0.001878    0.011033    0.004797    2.004797 ^ PRDATA[22] (in)
                                                         PRDATA[22] (net)
                      0.011033    0.000000    2.004797 ^ _240_/A (sky130_fd_sc_hd__buf_2)
     1    0.033442    0.127497    0.129770    2.134567 ^ _240_/X (sky130_fd_sc_hd__buf_2)
                                                         HRDATA[22] (net)
                      0.127497    0.000000    2.134567 ^ HRDATA[22] (out)
                                              2.134567   data arrival time

                      0.150000   10.000000   10.000000   clock HCLK (rise edge)
                                  0.000000   10.000000   clock network delay (ideal)
                                 -0.250000    9.750000   clock uncertainty
                                  0.000000    9.750000   clock reconvergence pessimism
                                 -2.000000    7.750000   output external delay
                                              7.750000   data required time
---------------------------------------------------------------------------------------------
                                              7.750000   data required time
                                             -2.134567   data arrival time
---------------------------------------------------------------------------------------------
                                              5.615433   slack (MET)


Startpoint: PRDATA[23] (input port clocked by HCLK)
Endpoint: HRDATA[23] (output port clocked by HCLK)
Path Group: HCLK
Path Type: max

Fanout         Cap        Slew       Delay        Time   Description
---------------------------------------------------------------------------------------------
                      0.150000    0.000000    0.000000   clock HCLK (rise edge)
                                  0.000000    0.000000   clock network delay (ideal)
                                  2.000000    2.000000 ^ input external delay
     1    0.001878    0.011033    0.004797    2.004797 ^ PRDATA[23] (in)
                                                         PRDATA[23] (net)
                      0.011033    0.000000    2.004797 ^ _241_/A (sky130_fd_sc_hd__buf_2)
     1    0.033442    0.127497    0.129770    2.134567 ^ _241_/X (sky130_fd_sc_hd__buf_2)
                                                         HRDATA[23] (net)
                      0.127497    0.000000    2.134567 ^ HRDATA[23] (out)
                                              2.134567   data arrival time

                      0.150000   10.000000   10.000000   clock HCLK (rise edge)
                                  0.000000   10.000000   clock network delay (ideal)
                                 -0.250000    9.750000   clock uncertainty
                                  0.000000    9.750000   clock reconvergence pessimism
                                 -2.000000    7.750000   output external delay
                                              7.750000   data required time
---------------------------------------------------------------------------------------------
                                              7.750000   data required time
                                             -2.134567   data arrival time
---------------------------------------------------------------------------------------------
                                              5.615433   slack (MET)


Startpoint: PRDATA[24] (input port clocked by HCLK)
Endpoint: HRDATA[24] (output port clocked by HCLK)
Path Group: HCLK
Path Type: max

Fanout         Cap        Slew       Delay        Time   Description
---------------------------------------------------------------------------------------------
                      0.150000    0.000000    0.000000   clock HCLK (rise edge)
                                  0.000000    0.000000   clock network delay (ideal)
                                  2.000000    2.000000 ^ input external delay
     1    0.001878    0.011033    0.004797    2.004797 ^ PRDATA[24] (in)
                                                         PRDATA[24] (net)
                      0.011033    0.000000    2.004797 ^ _242_/A (sky130_fd_sc_hd__buf_2)
     1    0.033442    0.127497    0.129770    2.134567 ^ _242_/X (sky130_fd_sc_hd__buf_2)
                                                         HRDATA[24] (net)
                      0.127497    0.000000    2.134567 ^ HRDATA[24] (out)
                                              2.134567   data arrival time

                      0.150000   10.000000   10.000000   clock HCLK (rise edge)
                                  0.000000   10.000000   clock network delay (ideal)
                                 -0.250000    9.750000   clock uncertainty
                                  0.000000    9.750000   clock reconvergence pessimism
                                 -2.000000    7.750000   output external delay
                                              7.750000   data required time
---------------------------------------------------------------------------------------------
                                              7.750000   data required time
                                             -2.134567   data arrival time
---------------------------------------------------------------------------------------------
                                              5.615433   slack (MET)


Startpoint: PRDATA[25] (input port clocked by HCLK)
Endpoint: HRDATA[25] (output port clocked by HCLK)
Path Group: HCLK
Path Type: max

Fanout         Cap        Slew       Delay        Time   Description
---------------------------------------------------------------------------------------------
                      0.150000    0.000000    0.000000   clock HCLK (rise edge)
                                  0.000000    0.000000   clock network delay (ideal)
                                  2.000000    2.000000 ^ input external delay
     1    0.001878    0.011033    0.004797    2.004797 ^ PRDATA[25] (in)
                                                         PRDATA[25] (net)
                      0.011033    0.000000    2.004797 ^ _243_/A (sky130_fd_sc_hd__buf_2)
     1    0.033442    0.127497    0.129770    2.134567 ^ _243_/X (sky130_fd_sc_hd__buf_2)
                                                         HRDATA[25] (net)
                      0.127497    0.000000    2.134567 ^ HRDATA[25] (out)
                                              2.134567   data arrival time

                      0.150000   10.000000   10.000000   clock HCLK (rise edge)
                                  0.000000   10.000000   clock network delay (ideal)
                                 -0.250000    9.750000   clock uncertainty
                                  0.000000    9.750000   clock reconvergence pessimism
                                 -2.000000    7.750000   output external delay
                                              7.750000   data required time
---------------------------------------------------------------------------------------------
                                              7.750000   data required time
                                             -2.134567   data arrival time
---------------------------------------------------------------------------------------------
                                              5.615433   slack (MET)


Startpoint: PRDATA[26] (input port clocked by HCLK)
Endpoint: HRDATA[26] (output port clocked by HCLK)
Path Group: HCLK
Path Type: max

Fanout         Cap        Slew       Delay        Time   Description
---------------------------------------------------------------------------------------------
                      0.150000    0.000000    0.000000   clock HCLK (rise edge)
                                  0.000000    0.000000   clock network delay (ideal)
                                  2.000000    2.000000 ^ input external delay
     1    0.001878    0.011033    0.004797    2.004797 ^ PRDATA[26] (in)
                                                         PRDATA[26] (net)
                      0.011033    0.000000    2.004797 ^ _244_/A (sky130_fd_sc_hd__buf_2)
     1    0.033442    0.127497    0.129770    2.134567 ^ _244_/X (sky130_fd_sc_hd__buf_2)
                                                         HRDATA[26] (net)
                      0.127497    0.000000    2.134567 ^ HRDATA[26] (out)
                                              2.134567   data arrival time

                      0.150000   10.000000   10.000000   clock HCLK (rise edge)
                                  0.000000   10.000000   clock network delay (ideal)
                                 -0.250000    9.750000   clock uncertainty
                                  0.000000    9.750000   clock reconvergence pessimism
                                 -2.000000    7.750000   output external delay
                                              7.750000   data required time
---------------------------------------------------------------------------------------------
                                              7.750000   data required time
                                             -2.134567   data arrival time
---------------------------------------------------------------------------------------------
                                              5.615433   slack (MET)


Startpoint: PRDATA[27] (input port clocked by HCLK)
Endpoint: HRDATA[27] (output port clocked by HCLK)
Path Group: HCLK
Path Type: max

Fanout         Cap        Slew       Delay        Time   Description
---------------------------------------------------------------------------------------------
                      0.150000    0.000000    0.000000   clock HCLK (rise edge)
                                  0.000000    0.000000   clock network delay (ideal)
                                  2.000000    2.000000 ^ input external delay
     1    0.001878    0.011033    0.004797    2.004797 ^ PRDATA[27] (in)
                                                         PRDATA[27] (net)
                      0.011033    0.000000    2.004797 ^ _245_/A (sky130_fd_sc_hd__buf_2)
     1    0.033442    0.127497    0.129770    2.134567 ^ _245_/X (sky130_fd_sc_hd__buf_2)
                                                         HRDATA[27] (net)
                      0.127497    0.000000    2.134567 ^ HRDATA[27] (out)
                                              2.134567   data arrival time

                      0.150000   10.000000   10.000000   clock HCLK (rise edge)
                                  0.000000   10.000000   clock network delay (ideal)
                                 -0.250000    9.750000   clock uncertainty
                                  0.000000    9.750000   clock reconvergence pessimism
                                 -2.000000    7.750000   output external delay
                                              7.750000   data required time
---------------------------------------------------------------------------------------------
                                              7.750000   data required time
                                             -2.134567   data arrival time
---------------------------------------------------------------------------------------------
                                              5.615433   slack (MET)


Startpoint: PRDATA[28] (input port clocked by HCLK)
Endpoint: HRDATA[28] (output port clocked by HCLK)
Path Group: HCLK
Path Type: max

Fanout         Cap        Slew       Delay        Time   Description
---------------------------------------------------------------------------------------------
                      0.150000    0.000000    0.000000   clock HCLK (rise edge)
                                  0.000000    0.000000   clock network delay (ideal)
                                  2.000000    2.000000 ^ input external delay
     1    0.001878    0.011033    0.004797    2.004797 ^ PRDATA[28] (in)
                                                         PRDATA[28] (net)
                      0.011033    0.000000    2.004797 ^ _246_/A (sky130_fd_sc_hd__buf_2)
     1    0.033442    0.127497    0.129770    2.134567 ^ _246_/X (sky130_fd_sc_hd__buf_2)
                                                         HRDATA[28] (net)
                      0.127497    0.000000    2.134567 ^ HRDATA[28] (out)
                                              2.134567   data arrival time

                      0.150000   10.000000   10.000000   clock HCLK (rise edge)
                                  0.000000   10.000000   clock network delay (ideal)
                                 -0.250000    9.750000   clock uncertainty
                                  0.000000    9.750000   clock reconvergence pessimism
                                 -2.000000    7.750000   output external delay
                                              7.750000   data required time
---------------------------------------------------------------------------------------------
                                              7.750000   data required time
                                             -2.134567   data arrival time
---------------------------------------------------------------------------------------------
                                              5.615433   slack (MET)


Startpoint: PRDATA[29] (input port clocked by HCLK)
Endpoint: HRDATA[29] (output port clocked by HCLK)
Path Group: HCLK
Path Type: max

Fanout         Cap        Slew       Delay        Time   Description
---------------------------------------------------------------------------------------------
                      0.150000    0.000000    0.000000   clock HCLK (rise edge)
                                  0.000000    0.000000   clock network delay (ideal)
                                  2.000000    2.000000 ^ input external delay
     1    0.001878    0.011033    0.004797    2.004797 ^ PRDATA[29] (in)
                                                         PRDATA[29] (net)
                      0.011033    0.000000    2.004797 ^ _247_/A (sky130_fd_sc_hd__buf_2)
     1    0.033442    0.127497    0.129770    2.134567 ^ _247_/X (sky130_fd_sc_hd__buf_2)
                                                         HRDATA[29] (net)
                      0.127497    0.000000    2.134567 ^ HRDATA[29] (out)
                                              2.134567   data arrival time

                      0.150000   10.000000   10.000000   clock HCLK (rise edge)
                                  0.000000   10.000000   clock network delay (ideal)
                                 -0.250000    9.750000   clock uncertainty
                                  0.000000    9.750000   clock reconvergence pessimism
                                 -2.000000    7.750000   output external delay
                                              7.750000   data required time
---------------------------------------------------------------------------------------------
                                              7.750000   data required time
                                             -2.134567   data arrival time
---------------------------------------------------------------------------------------------
                                              5.615433   slack (MET)


Startpoint: PRDATA[2] (input port clocked by HCLK)
Endpoint: HRDATA[2] (output port clocked by HCLK)
Path Group: HCLK
Path Type: max

Fanout         Cap        Slew       Delay        Time   Description
---------------------------------------------------------------------------------------------
                      0.150000    0.000000    0.000000   clock HCLK (rise edge)
                                  0.000000    0.000000   clock network delay (ideal)
                                  2.000000    2.000000 ^ input external delay
     1    0.001878    0.011033    0.004797    2.004797 ^ PRDATA[2] (in)
                                                         PRDATA[2] (net)
                      0.011033    0.000000    2.004797 ^ _220_/A (sky130_fd_sc_hd__buf_2)
     1    0.033442    0.127497    0.129770    2.134567 ^ _220_/X (sky130_fd_sc_hd__buf_2)
                                                         HRDATA[2] (net)
                      0.127497    0.000000    2.134567 ^ HRDATA[2] (out)
                                              2.134567   data arrival time

                      0.150000   10.000000   10.000000   clock HCLK (rise edge)
                                  0.000000   10.000000   clock network delay (ideal)
                                 -0.250000    9.750000   clock uncertainty
                                  0.000000    9.750000   clock reconvergence pessimism
                                 -2.000000    7.750000   output external delay
                                              7.750000   data required time
---------------------------------------------------------------------------------------------
                                              7.750000   data required time
                                             -2.134567   data arrival time
---------------------------------------------------------------------------------------------
                                              5.615433   slack (MET)


Startpoint: PRDATA[30] (input port clocked by HCLK)
Endpoint: HRDATA[30] (output port clocked by HCLK)
Path Group: HCLK
Path Type: max

Fanout         Cap        Slew       Delay        Time   Description
---------------------------------------------------------------------------------------------
                      0.150000    0.000000    0.000000   clock HCLK (rise edge)
                                  0.000000    0.000000   clock network delay (ideal)
                                  2.000000    2.000000 ^ input external delay
     1    0.001878    0.011033    0.004797    2.004797 ^ PRDATA[30] (in)
                                                         PRDATA[30] (net)
                      0.011033    0.000000    2.004797 ^ _248_/A (sky130_fd_sc_hd__buf_2)
     1    0.033442    0.127497    0.129770    2.134567 ^ _248_/X (sky130_fd_sc_hd__buf_2)
                                                         HRDATA[30] (net)
                      0.127497    0.000000    2.134567 ^ HRDATA[30] (out)
                                              2.134567   data arrival time

                      0.150000   10.000000   10.000000   clock HCLK (rise edge)
                                  0.000000   10.000000   clock network delay (ideal)
                                 -0.250000    9.750000   clock uncertainty
                                  0.000000    9.750000   clock reconvergence pessimism
                                 -2.000000    7.750000   output external delay
                                              7.750000   data required time
---------------------------------------------------------------------------------------------
                                              7.750000   data required time
                                             -2.134567   data arrival time
---------------------------------------------------------------------------------------------
                                              5.615433   slack (MET)


Startpoint: PRDATA[31] (input port clocked by HCLK)
Endpoint: HRDATA[31] (output port clocked by HCLK)
Path Group: HCLK
Path Type: max

Fanout         Cap        Slew       Delay        Time   Description
---------------------------------------------------------------------------------------------
                      0.150000    0.000000    0.000000   clock HCLK (rise edge)
                                  0.000000    0.000000   clock network delay (ideal)
                                  2.000000    2.000000 ^ input external delay
     1    0.001878    0.011033    0.004797    2.004797 ^ PRDATA[31] (in)
                                                         PRDATA[31] (net)
                      0.011033    0.000000    2.004797 ^ _249_/A (sky130_fd_sc_hd__buf_2)
     1    0.033442    0.127497    0.129770    2.134567 ^ _249_/X (sky130_fd_sc_hd__buf_2)
                                                         HRDATA[31] (net)
                      0.127497    0.000000    2.134567 ^ HRDATA[31] (out)
                                              2.134567   data arrival time

                      0.150000   10.000000   10.000000   clock HCLK (rise edge)
                                  0.000000   10.000000   clock network delay (ideal)
                                 -0.250000    9.750000   clock uncertainty
                                  0.000000    9.750000   clock reconvergence pessimism
                                 -2.000000    7.750000   output external delay
                                              7.750000   data required time
---------------------------------------------------------------------------------------------
                                              7.750000   data required time
                                             -2.134567   data arrival time
---------------------------------------------------------------------------------------------
                                              5.615433   slack (MET)


Startpoint: PRDATA[3] (input port clocked by HCLK)
Endpoint: HRDATA[3] (output port clocked by HCLK)
Path Group: HCLK
Path Type: max

Fanout         Cap        Slew       Delay        Time   Description
---------------------------------------------------------------------------------------------
                      0.150000    0.000000    0.000000   clock HCLK (rise edge)
                                  0.000000    0.000000   clock network delay (ideal)
                                  2.000000    2.000000 ^ input external delay
     1    0.001878    0.011033    0.004797    2.004797 ^ PRDATA[3] (in)
                                                         PRDATA[3] (net)
                      0.011033    0.000000    2.004797 ^ _221_/A (sky130_fd_sc_hd__buf_2)
     1    0.033442    0.127497    0.129770    2.134567 ^ _221_/X (sky130_fd_sc_hd__buf_2)
                                                         HRDATA[3] (net)
                      0.127497    0.000000    2.134567 ^ HRDATA[3] (out)
                                              2.134567   data arrival time

                      0.150000   10.000000   10.000000   clock HCLK (rise edge)
                                  0.000000   10.000000   clock network delay (ideal)
                                 -0.250000    9.750000   clock uncertainty
                                  0.000000    9.750000   clock reconvergence pessimism
                                 -2.000000    7.750000   output external delay
                                              7.750000   data required time
---------------------------------------------------------------------------------------------
                                              7.750000   data required time
                                             -2.134567   data arrival time
---------------------------------------------------------------------------------------------
                                              5.615433   slack (MET)


Startpoint: PRDATA[4] (input port clocked by HCLK)
Endpoint: HRDATA[4] (output port clocked by HCLK)
Path Group: HCLK
Path Type: max

Fanout         Cap        Slew       Delay        Time   Description
---------------------------------------------------------------------------------------------
                      0.150000    0.000000    0.000000   clock HCLK (rise edge)
                                  0.000000    0.000000   clock network delay (ideal)
                                  2.000000    2.000000 ^ input external delay
     1    0.001878    0.011033    0.004797    2.004797 ^ PRDATA[4] (in)
                                                         PRDATA[4] (net)
                      0.011033    0.000000    2.004797 ^ _222_/A (sky130_fd_sc_hd__buf_2)
     1    0.033442    0.127497    0.129770    2.134567 ^ _222_/X (sky130_fd_sc_hd__buf_2)
                                                         HRDATA[4] (net)
                      0.127497    0.000000    2.134567 ^ HRDATA[4] (out)
                                              2.134567   data arrival time

                      0.150000   10.000000   10.000000   clock HCLK (rise edge)
                                  0.000000   10.000000   clock network delay (ideal)
                                 -0.250000    9.750000   clock uncertainty
                                  0.000000    9.750000   clock reconvergence pessimism
                                 -2.000000    7.750000   output external delay
                                              7.750000   data required time
---------------------------------------------------------------------------------------------
                                              7.750000   data required time
                                             -2.134567   data arrival time
---------------------------------------------------------------------------------------------
                                              5.615433   slack (MET)


Startpoint: PRDATA[5] (input port clocked by HCLK)
Endpoint: HRDATA[5] (output port clocked by HCLK)
Path Group: HCLK
Path Type: max

Fanout         Cap        Slew       Delay        Time   Description
---------------------------------------------------------------------------------------------
                      0.150000    0.000000    0.000000   clock HCLK (rise edge)
                                  0.000000    0.000000   clock network delay (ideal)
                                  2.000000    2.000000 ^ input external delay
     1    0.001878    0.011033    0.004797    2.004797 ^ PRDATA[5] (in)
                                                         PRDATA[5] (net)
                      0.011033    0.000000    2.004797 ^ _223_/A (sky130_fd_sc_hd__buf_2)
     1    0.033442    0.127497    0.129770    2.134567 ^ _223_/X (sky130_fd_sc_hd__buf_2)
                                                         HRDATA[5] (net)
                      0.127497    0.000000    2.134567 ^ HRDATA[5] (out)
                                              2.134567   data arrival time

                      0.150000   10.000000   10.000000   clock HCLK (rise edge)
                                  0.000000   10.000000   clock network delay (ideal)
                                 -0.250000    9.750000   clock uncertainty
                                  0.000000    9.750000   clock reconvergence pessimism
                                 -2.000000    7.750000   output external delay
                                              7.750000   data required time
---------------------------------------------------------------------------------------------
                                              7.750000   data required time
                                             -2.134567   data arrival time
---------------------------------------------------------------------------------------------
                                              5.615433   slack (MET)


Startpoint: PRDATA[6] (input port clocked by HCLK)
Endpoint: HRDATA[6] (output port clocked by HCLK)
Path Group: HCLK
Path Type: max

Fanout         Cap        Slew       Delay        Time   Description
---------------------------------------------------------------------------------------------
                      0.150000    0.000000    0.000000   clock HCLK (rise edge)
                                  0.000000    0.000000   clock network delay (ideal)
                                  2.000000    2.000000 ^ input external delay
     1    0.001878    0.011033    0.004797    2.004797 ^ PRDATA[6] (in)
                                                         PRDATA[6] (net)
                      0.011033    0.000000    2.004797 ^ _224_/A (sky130_fd_sc_hd__buf_2)
     1    0.033442    0.127497    0.129770    2.134567 ^ _224_/X (sky130_fd_sc_hd__buf_2)
                                                         HRDATA[6] (net)
                      0.127497    0.000000    2.134567 ^ HRDATA[6] (out)
                                              2.134567   data arrival time

                      0.150000   10.000000   10.000000   clock HCLK (rise edge)
                                  0.000000   10.000000   clock network delay (ideal)
                                 -0.250000    9.750000   clock uncertainty
                                  0.000000    9.750000   clock reconvergence pessimism
                                 -2.000000    7.750000   output external delay
                                              7.750000   data required time
---------------------------------------------------------------------------------------------
                                              7.750000   data required time
                                             -2.134567   data arrival time
---------------------------------------------------------------------------------------------
                                              5.615433   slack (MET)


Startpoint: PRDATA[7] (input port clocked by HCLK)
Endpoint: HRDATA[7] (output port clocked by HCLK)
Path Group: HCLK
Path Type: max

Fanout         Cap        Slew       Delay        Time   Description
---------------------------------------------------------------------------------------------
                      0.150000    0.000000    0.000000   clock HCLK (rise edge)
                                  0.000000    0.000000   clock network delay (ideal)
                                  2.000000    2.000000 ^ input external delay
     1    0.001878    0.011033    0.004797    2.004797 ^ PRDATA[7] (in)
                                                         PRDATA[7] (net)
                      0.011033    0.000000    2.004797 ^ _225_/A (sky130_fd_sc_hd__buf_2)
     1    0.033442    0.127497    0.129770    2.134567 ^ _225_/X (sky130_fd_sc_hd__buf_2)
                                                         HRDATA[7] (net)
                      0.127497    0.000000    2.134567 ^ HRDATA[7] (out)
                                              2.134567   data arrival time

                      0.150000   10.000000   10.000000   clock HCLK (rise edge)
                                  0.000000   10.000000   clock network delay (ideal)
                                 -0.250000    9.750000   clock uncertainty
                                  0.000000    9.750000   clock reconvergence pessimism
                                 -2.000000    7.750000   output external delay
                                              7.750000   data required time
---------------------------------------------------------------------------------------------
                                              7.750000   data required time
                                             -2.134567   data arrival time
---------------------------------------------------------------------------------------------
                                              5.615433   slack (MET)


Startpoint: PRDATA[8] (input port clocked by HCLK)
Endpoint: HRDATA[8] (output port clocked by HCLK)
Path Group: HCLK
Path Type: max

Fanout         Cap        Slew       Delay        Time   Description
---------------------------------------------------------------------------------------------
                      0.150000    0.000000    0.000000   clock HCLK (rise edge)
                                  0.000000    0.000000   clock network delay (ideal)
                                  2.000000    2.000000 ^ input external delay
     1    0.001878    0.011033    0.004797    2.004797 ^ PRDATA[8] (in)
                                                         PRDATA[8] (net)
                      0.011033    0.000000    2.004797 ^ _226_/A (sky130_fd_sc_hd__buf_2)
     1    0.033442    0.127497    0.129770    2.134567 ^ _226_/X (sky130_fd_sc_hd__buf_2)
                                                         HRDATA[8] (net)
                      0.127497    0.000000    2.134567 ^ HRDATA[8] (out)
                                              2.134567   data arrival time

                      0.150000   10.000000   10.000000   clock HCLK (rise edge)
                                  0.000000   10.000000   clock network delay (ideal)
                                 -0.250000    9.750000   clock uncertainty
                                  0.000000    9.750000   clock reconvergence pessimism
                                 -2.000000    7.750000   output external delay
                                              7.750000   data required time
---------------------------------------------------------------------------------------------
                                              7.750000   data required time
                                             -2.134567   data arrival time
---------------------------------------------------------------------------------------------
                                              5.615433   slack (MET)


Startpoint: PRDATA[9] (input port clocked by HCLK)
Endpoint: HRDATA[9] (output port clocked by HCLK)
Path Group: HCLK
Path Type: max

Fanout         Cap        Slew       Delay        Time   Description
---------------------------------------------------------------------------------------------
                      0.150000    0.000000    0.000000   clock HCLK (rise edge)
                                  0.000000    0.000000   clock network delay (ideal)
                                  2.000000    2.000000 ^ input external delay
     1    0.001878    0.011033    0.004797    2.004797 ^ PRDATA[9] (in)
                                                         PRDATA[9] (net)
                      0.011033    0.000000    2.004797 ^ _227_/A (sky130_fd_sc_hd__buf_2)
     1    0.033442    0.127497    0.129770    2.134567 ^ _227_/X (sky130_fd_sc_hd__buf_2)
                                                         HRDATA[9] (net)
                      0.127497    0.000000    2.134567 ^ HRDATA[9] (out)
                                              2.134567   data arrival time

                      0.150000   10.000000   10.000000   clock HCLK (rise edge)
                                  0.000000   10.000000   clock network delay (ideal)
                                 -0.250000    9.750000   clock uncertainty
                                  0.000000    9.750000   clock reconvergence pessimism
                                 -2.000000    7.750000   output external delay
                                              7.750000   data required time
---------------------------------------------------------------------------------------------
                                              7.750000   data required time
                                             -2.134567   data arrival time
---------------------------------------------------------------------------------------------
                                              5.615433   slack (MET)


Startpoint: HTRANS[1] (input port clocked by HCLK)
Endpoint: _151_ (rising edge-triggered flip-flop clocked by HCLK)
Path Group: HCLK
Path Type: max

Fanout         Cap        Slew       Delay        Time   Description
---------------------------------------------------------------------------------------------
                      0.150000    0.000000    0.000000   clock HCLK (rise edge)
                                  0.000000    0.000000   clock network delay (ideal)
                                  2.000000    2.000000 v input external delay
     2    0.006554    0.010821    0.005972    2.005972 v HTRANS[1] (in)
                                                         HTRANS[1] (net)
                      0.010821    0.000000    2.005972 v _083_/A (sky130_fd_sc_hd__nand2_2)
    65    0.239590    0.904626    0.636469    2.642441 ^ _083_/Y (sky130_fd_sc_hd__nand2_2)
                                                         _071_ (net)
                      0.904626    0.000000    2.642441 ^ _084_/S (sky130_fd_sc_hd__mux2_1)
     1    0.002059    0.041373    0.152643    2.795083 v _084_/X (sky130_fd_sc_hd__mux2_1)
                                                         _000_ (net)
                      0.041373    0.000000    2.795083 v _151_/D (sky130_fd_sc_hd__dfrtp_2)
                                              2.795083   data arrival time

                      0.150000   10.000000   10.000000   clock HCLK (rise edge)
                                  0.000000   10.000000   clock network delay (ideal)
                                 -0.250000    9.750000   clock uncertainty
                                  0.000000    9.750000   clock reconvergence pessimism
                                              9.750000 ^ _151_/CLK (sky130_fd_sc_hd__dfrtp_2)
                                 -0.065641    9.684360   library setup time
                                              9.684360   data required time
---------------------------------------------------------------------------------------------
                                              9.684360   data required time
                                             -2.795083   data arrival time
---------------------------------------------------------------------------------------------
                                              6.889276   slack (MET)


Startpoint: HTRANS[1] (input port clocked by HCLK)
Endpoint: _152_ (rising edge-triggered flip-flop clocked by HCLK)
Path Group: HCLK
Path Type: max

Fanout         Cap        Slew       Delay        Time   Description
---------------------------------------------------------------------------------------------
                      0.150000    0.000000    0.000000   clock HCLK (rise edge)
                                  0.000000    0.000000   clock network delay (ideal)
                                  2.000000    2.000000 v input external delay
     2    0.006554    0.010821    0.005972    2.005972 v HTRANS[1] (in)
                                                         HTRANS[1] (net)
                      0.010821    0.000000    2.005972 v _083_/A (sky130_fd_sc_hd__nand2_2)
    65    0.239590    0.904626    0.636469    2.642441 ^ _083_/Y (sky130_fd_sc_hd__nand2_2)
                                                         _071_ (net)
                      0.904626    0.000000    2.642441 ^ _085_/S (sky130_fd_sc_hd__mux2_1)
     1    0.002059    0.041373    0.152643    2.795083 v _085_/X (sky130_fd_sc_hd__mux2_1)
                                                         _001_ (net)
                      0.041373    0.000000    2.795083 v _152_/D (sky130_fd_sc_hd__dfrtp_2)
                                              2.795083   data arrival time

                      0.150000   10.000000   10.000000   clock HCLK (rise edge)
                                  0.000000   10.000000   clock network delay (ideal)
                                 -0.250000    9.750000   clock uncertainty
                                  0.000000    9.750000   clock reconvergence pessimism
                                              9.750000 ^ _152_/CLK (sky130_fd_sc_hd__dfrtp_2)
                                 -0.065641    9.684360   library setup time
                                              9.684360   data required time
---------------------------------------------------------------------------------------------
                                              9.684360   data required time
                                             -2.795083   data arrival time
---------------------------------------------------------------------------------------------
                                              6.889276   slack (MET)


Startpoint: HTRANS[1] (input port clocked by HCLK)
Endpoint: _153_ (rising edge-triggered flip-flop clocked by HCLK)
Path Group: HCLK
Path Type: max

Fanout         Cap        Slew       Delay        Time   Description
---------------------------------------------------------------------------------------------
                      0.150000    0.000000    0.000000   clock HCLK (rise edge)
                                  0.000000    0.000000   clock network delay (ideal)
                                  2.000000    2.000000 v input external delay
     2    0.006554    0.010821    0.005972    2.005972 v HTRANS[1] (in)
                                                         HTRANS[1] (net)
                      0.010821    0.000000    2.005972 v _083_/A (sky130_fd_sc_hd__nand2_2)
    65    0.239590    0.904626    0.636469    2.642441 ^ _083_/Y (sky130_fd_sc_hd__nand2_2)
                                                         _071_ (net)
                      0.904626    0.000000    2.642441 ^ _086_/S (sky130_fd_sc_hd__mux2_1)
     1    0.002059    0.041373    0.152643    2.795083 v _086_/X (sky130_fd_sc_hd__mux2_1)
                                                         _002_ (net)
                      0.041373    0.000000    2.795083 v _153_/D (sky130_fd_sc_hd__dfrtp_2)
                                              2.795083   data arrival time

                      0.150000   10.000000   10.000000   clock HCLK (rise edge)
                                  0.000000   10.000000   clock network delay (ideal)
                                 -0.250000    9.750000   clock uncertainty
                                  0.000000    9.750000   clock reconvergence pessimism
                                              9.750000 ^ _153_/CLK (sky130_fd_sc_hd__dfrtp_2)
                                 -0.065641    9.684360   library setup time
                                              9.684360   data required time
---------------------------------------------------------------------------------------------
                                              9.684360   data required time
                                             -2.795083   data arrival time
---------------------------------------------------------------------------------------------
                                              6.889276   slack (MET)


Startpoint: HTRANS[1] (input port clocked by HCLK)
Endpoint: _154_ (rising edge-triggered flip-flop clocked by HCLK)
Path Group: HCLK
Path Type: max

Fanout         Cap        Slew       Delay        Time   Description
---------------------------------------------------------------------------------------------
                      0.150000    0.000000    0.000000   clock HCLK (rise edge)
                                  0.000000    0.000000   clock network delay (ideal)
                                  2.000000    2.000000 v input external delay
     2    0.006554    0.010821    0.005972    2.005972 v HTRANS[1] (in)
                                                         HTRANS[1] (net)
                      0.010821    0.000000    2.005972 v _083_/A (sky130_fd_sc_hd__nand2_2)
    65    0.239590    0.904626    0.636469    2.642441 ^ _083_/Y (sky130_fd_sc_hd__nand2_2)
                                                         _071_ (net)
                      0.904626    0.000000    2.642441 ^ _087_/S (sky130_fd_sc_hd__mux2_1)
     1    0.002059    0.041373    0.152643    2.795083 v _087_/X (sky130_fd_sc_hd__mux2_1)
                                                         _003_ (net)
                      0.041373    0.000000    2.795083 v _154_/D (sky130_fd_sc_hd__dfrtp_2)
                                              2.795083   data arrival time

                      0.150000   10.000000   10.000000   clock HCLK (rise edge)
                                  0.000000   10.000000   clock network delay (ideal)
                                 -0.250000    9.750000   clock uncertainty
                                  0.000000    9.750000   clock reconvergence pessimism
                                              9.750000 ^ _154_/CLK (sky130_fd_sc_hd__dfrtp_2)
                                 -0.065641    9.684360   library setup time
                                              9.684360   data required time
---------------------------------------------------------------------------------------------
                                              9.684360   data required time
                                             -2.795083   data arrival time
---------------------------------------------------------------------------------------------
                                              6.889276   slack (MET)


Startpoint: HTRANS[1] (input port clocked by HCLK)
Endpoint: _155_ (rising edge-triggered flip-flop clocked by HCLK)
Path Group: HCLK
Path Type: max

Fanout         Cap        Slew       Delay        Time   Description
---------------------------------------------------------------------------------------------
                      0.150000    0.000000    0.000000   clock HCLK (rise edge)
                                  0.000000    0.000000   clock network delay (ideal)
                                  2.000000    2.000000 v input external delay
     2    0.006554    0.010821    0.005972    2.005972 v HTRANS[1] (in)
                                                         HTRANS[1] (net)
                      0.010821    0.000000    2.005972 v _083_/A (sky130_fd_sc_hd__nand2_2)
    65    0.239590    0.904626    0.636469    2.642441 ^ _083_/Y (sky130_fd_sc_hd__nand2_2)
                                                         _071_ (net)
                      0.904626    0.000000    2.642441 ^ _088_/S (sky130_fd_sc_hd__mux2_1)
     1    0.002059    0.041373    0.152643    2.795083 v _088_/X (sky130_fd_sc_hd__mux2_1)
                                                         _004_ (net)
                      0.041373    0.000000    2.795083 v _155_/D (sky130_fd_sc_hd__dfrtp_2)
                                              2.795083   data arrival time

                      0.150000   10.000000   10.000000   clock HCLK (rise edge)
                                  0.000000   10.000000   clock network delay (ideal)
                                 -0.250000    9.750000   clock uncertainty
                                  0.000000    9.750000   clock reconvergence pessimism
                                              9.750000 ^ _155_/CLK (sky130_fd_sc_hd__dfrtp_2)
                                 -0.065641    9.684360   library setup time
                                              9.684360   data required time
---------------------------------------------------------------------------------------------
                                              9.684360   data required time
                                             -2.795083   data arrival time
---------------------------------------------------------------------------------------------
                                              6.889276   slack (MET)


Startpoint: HTRANS[1] (input port clocked by HCLK)
Endpoint: _156_ (rising edge-triggered flip-flop clocked by HCLK)
Path Group: HCLK
Path Type: max

Fanout         Cap        Slew       Delay        Time   Description
---------------------------------------------------------------------------------------------
                      0.150000    0.000000    0.000000   clock HCLK (rise edge)
                                  0.000000    0.000000   clock network delay (ideal)
                                  2.000000    2.000000 v input external delay
     2    0.006554    0.010821    0.005972    2.005972 v HTRANS[1] (in)
                                                         HTRANS[1] (net)
                      0.010821    0.000000    2.005972 v _083_/A (sky130_fd_sc_hd__nand2_2)
    65    0.239590    0.904626    0.636469    2.642441 ^ _083_/Y (sky130_fd_sc_hd__nand2_2)
                                                         _071_ (net)
                      0.904626    0.000000    2.642441 ^ _089_/S (sky130_fd_sc_hd__mux2_1)
     1    0.002059    0.041373    0.152643    2.795083 v _089_/X (sky130_fd_sc_hd__mux2_1)
                                                         _005_ (net)
                      0.041373    0.000000    2.795083 v _156_/D (sky130_fd_sc_hd__dfrtp_2)
                                              2.795083   data arrival time

                      0.150000   10.000000   10.000000   clock HCLK (rise edge)
                                  0.000000   10.000000   clock network delay (ideal)
                                 -0.250000    9.750000   clock uncertainty
                                  0.000000    9.750000   clock reconvergence pessimism
                                              9.750000 ^ _156_/CLK (sky130_fd_sc_hd__dfrtp_2)
                                 -0.065641    9.684360   library setup time
                                              9.684360   data required time
---------------------------------------------------------------------------------------------
                                              9.684360   data required time
                                             -2.795083   data arrival time
---------------------------------------------------------------------------------------------
                                              6.889276   slack (MET)


Startpoint: HTRANS[1] (input port clocked by HCLK)
Endpoint: _157_ (rising edge-triggered flip-flop clocked by HCLK)
Path Group: HCLK
Path Type: max

Fanout         Cap        Slew       Delay        Time   Description
---------------------------------------------------------------------------------------------
                      0.150000    0.000000    0.000000   clock HCLK (rise edge)
                                  0.000000    0.000000   clock network delay (ideal)
                                  2.000000    2.000000 v input external delay
     2    0.006554    0.010821    0.005972    2.005972 v HTRANS[1] (in)
                                                         HTRANS[1] (net)
                      0.010821    0.000000    2.005972 v _083_/A (sky130_fd_sc_hd__nand2_2)
    65    0.239590    0.904626    0.636469    2.642441 ^ _083_/Y (sky130_fd_sc_hd__nand2_2)
                                                         _071_ (net)
                      0.904626    0.000000    2.642441 ^ _090_/S (sky130_fd_sc_hd__mux2_1)
     1    0.002059    0.041373    0.152643    2.795083 v _090_/X (sky130_fd_sc_hd__mux2_1)
                                                         _006_ (net)
                      0.041373    0.000000    2.795083 v _157_/D (sky130_fd_sc_hd__dfrtp_2)
                                              2.795083   data arrival time

                      0.150000   10.000000   10.000000   clock HCLK (rise edge)
                                  0.000000   10.000000   clock network delay (ideal)
                                 -0.250000    9.750000   clock uncertainty
                                  0.000000    9.750000   clock reconvergence pessimism
                                              9.750000 ^ _157_/CLK (sky130_fd_sc_hd__dfrtp_2)
                                 -0.065641    9.684360   library setup time
                                              9.684360   data required time
---------------------------------------------------------------------------------------------
                                              9.684360   data required time
                                             -2.795083   data arrival time
---------------------------------------------------------------------------------------------
                                              6.889276   slack (MET)


Startpoint: HTRANS[1] (input port clocked by HCLK)
Endpoint: _158_ (rising edge-triggered flip-flop clocked by HCLK)
Path Group: HCLK
Path Type: max

Fanout         Cap        Slew       Delay        Time   Description
---------------------------------------------------------------------------------------------
                      0.150000    0.000000    0.000000   clock HCLK (rise edge)
                                  0.000000    0.000000   clock network delay (ideal)
                                  2.000000    2.000000 v input external delay
     2    0.006554    0.010821    0.005972    2.005972 v HTRANS[1] (in)
                                                         HTRANS[1] (net)
                      0.010821    0.000000    2.005972 v _083_/A (sky130_fd_sc_hd__nand2_2)
    65    0.239590    0.904626    0.636469    2.642441 ^ _083_/Y (sky130_fd_sc_hd__nand2_2)
                                                         _071_ (net)
                      0.904626    0.000000    2.642441 ^ _091_/S (sky130_fd_sc_hd__mux2_1)
     1    0.002059    0.041373    0.152643    2.795083 v _091_/X (sky130_fd_sc_hd__mux2_1)
                                                         _007_ (net)
                      0.041373    0.000000    2.795083 v _158_/D (sky130_fd_sc_hd__dfrtp_2)
                                              2.795083   data arrival time

                      0.150000   10.000000   10.000000   clock HCLK (rise edge)
                                  0.000000   10.000000   clock network delay (ideal)
                                 -0.250000    9.750000   clock uncertainty
                                  0.000000    9.750000   clock reconvergence pessimism
                                              9.750000 ^ _158_/CLK (sky130_fd_sc_hd__dfrtp_2)
                                 -0.065641    9.684360   library setup time
                                              9.684360   data required time
---------------------------------------------------------------------------------------------
                                              9.684360   data required time
                                             -2.795083   data arrival time
---------------------------------------------------------------------------------------------
                                              6.889276   slack (MET)


Startpoint: HTRANS[1] (input port clocked by HCLK)
Endpoint: _159_ (rising edge-triggered flip-flop clocked by HCLK)
Path Group: HCLK
Path Type: max

Fanout         Cap        Slew       Delay        Time   Description
---------------------------------------------------------------------------------------------
                      0.150000    0.000000    0.000000   clock HCLK (rise edge)
                                  0.000000    0.000000   clock network delay (ideal)
                                  2.000000    2.000000 v input external delay
     2    0.006554    0.010821    0.005972    2.005972 v HTRANS[1] (in)
                                                         HTRANS[1] (net)
                      0.010821    0.000000    2.005972 v _083_/A (sky130_fd_sc_hd__nand2_2)
    65    0.239590    0.904626    0.636469    2.642441 ^ _083_/Y (sky130_fd_sc_hd__nand2_2)
                                                         _071_ (net)
                      0.904626    0.000000    2.642441 ^ _092_/S (sky130_fd_sc_hd__mux2_1)
     1    0.002059    0.041373    0.152643    2.795083 v _092_/X (sky130_fd_sc_hd__mux2_1)
                                                         _008_ (net)
                      0.041373    0.000000    2.795083 v _159_/D (sky130_fd_sc_hd__dfrtp_2)
                                              2.795083   data arrival time

                      0.150000   10.000000   10.000000   clock HCLK (rise edge)
                                  0.000000   10.000000   clock network delay (ideal)
                                 -0.250000    9.750000   clock uncertainty
                                  0.000000    9.750000   clock reconvergence pessimism
                                              9.750000 ^ _159_/CLK (sky130_fd_sc_hd__dfrtp_2)
                                 -0.065641    9.684360   library setup time
                                              9.684360   data required time
---------------------------------------------------------------------------------------------
                                              9.684360   data required time
                                             -2.795083   data arrival time
---------------------------------------------------------------------------------------------
                                              6.889276   slack (MET)


Startpoint: HTRANS[1] (input port clocked by HCLK)
Endpoint: _160_ (rising edge-triggered flip-flop clocked by HCLK)
Path Group: HCLK
Path Type: max

Fanout         Cap        Slew       Delay        Time   Description
---------------------------------------------------------------------------------------------
                      0.150000    0.000000    0.000000   clock HCLK (rise edge)
                                  0.000000    0.000000   clock network delay (ideal)
                                  2.000000    2.000000 v input external delay
     2    0.006554    0.010821    0.005972    2.005972 v HTRANS[1] (in)
                                                         HTRANS[1] (net)
                      0.010821    0.000000    2.005972 v _083_/A (sky130_fd_sc_hd__nand2_2)
    65    0.239590    0.904626    0.636469    2.642441 ^ _083_/Y (sky130_fd_sc_hd__nand2_2)
                                                         _071_ (net)
                      0.904626    0.000000    2.642441 ^ _093_/S (sky130_fd_sc_hd__mux2_1)
     1    0.002059    0.041373    0.152643    2.795083 v _093_/X (sky130_fd_sc_hd__mux2_1)
                                                         _009_ (net)
                      0.041373    0.000000    2.795083 v _160_/D (sky130_fd_sc_hd__dfrtp_2)
                                              2.795083   data arrival time

                      0.150000   10.000000   10.000000   clock HCLK (rise edge)
                                  0.000000   10.000000   clock network delay (ideal)
                                 -0.250000    9.750000   clock uncertainty
                                  0.000000    9.750000   clock reconvergence pessimism
                                              9.750000 ^ _160_/CLK (sky130_fd_sc_hd__dfrtp_2)
                                 -0.065641    9.684360   library setup time
                                              9.684360   data required time
---------------------------------------------------------------------------------------------
                                              9.684360   data required time
                                             -2.795083   data arrival time
---------------------------------------------------------------------------------------------
                                              6.889276   slack (MET)


Startpoint: HTRANS[1] (input port clocked by HCLK)
Endpoint: _161_ (rising edge-triggered flip-flop clocked by HCLK)
Path Group: HCLK
Path Type: max

Fanout         Cap        Slew       Delay        Time   Description
---------------------------------------------------------------------------------------------
                      0.150000    0.000000    0.000000   clock HCLK (rise edge)
                                  0.000000    0.000000   clock network delay (ideal)
                                  2.000000    2.000000 v input external delay
     2    0.006554    0.010821    0.005972    2.005972 v HTRANS[1] (in)
                                                         HTRANS[1] (net)
                      0.010821    0.000000    2.005972 v _083_/A (sky130_fd_sc_hd__nand2_2)
    65    0.239590    0.904626    0.636469    2.642441 ^ _083_/Y (sky130_fd_sc_hd__nand2_2)
                                                         _071_ (net)
                      0.904626    0.000000    2.642441 ^ _094_/S (sky130_fd_sc_hd__mux2_1)
     1    0.002059    0.041373    0.152643    2.795083 v _094_/X (sky130_fd_sc_hd__mux2_1)
                                                         _010_ (net)
                      0.041373    0.000000    2.795083 v _161_/D (sky130_fd_sc_hd__dfrtp_2)
                                              2.795083   data arrival time

                      0.150000   10.000000   10.000000   clock HCLK (rise edge)
                                  0.000000   10.000000   clock network delay (ideal)
                                 -0.250000    9.750000   clock uncertainty
                                  0.000000    9.750000   clock reconvergence pessimism
                                              9.750000 ^ _161_/CLK (sky130_fd_sc_hd__dfrtp_2)
                                 -0.065641    9.684360   library setup time
                                              9.684360   data required time
---------------------------------------------------------------------------------------------
                                              9.684360   data required time
                                             -2.795083   data arrival time
---------------------------------------------------------------------------------------------
                                              6.889276   slack (MET)


Startpoint: HTRANS[1] (input port clocked by HCLK)
Endpoint: _162_ (rising edge-triggered flip-flop clocked by HCLK)
Path Group: HCLK
Path Type: max

Fanout         Cap        Slew       Delay        Time   Description
---------------------------------------------------------------------------------------------
                      0.150000    0.000000    0.000000   clock HCLK (rise edge)
                                  0.000000    0.000000   clock network delay (ideal)
                                  2.000000    2.000000 v input external delay
     2    0.006554    0.010821    0.005972    2.005972 v HTRANS[1] (in)
                                                         HTRANS[1] (net)
                      0.010821    0.000000    2.005972 v _083_/A (sky130_fd_sc_hd__nand2_2)
    65    0.239590    0.904626    0.636469    2.642441 ^ _083_/Y (sky130_fd_sc_hd__nand2_2)
                                                         _071_ (net)
                      0.904626    0.000000    2.642441 ^ _095_/S (sky130_fd_sc_hd__mux2_1)
     1    0.002059    0.041373    0.152643    2.795083 v _095_/X (sky130_fd_sc_hd__mux2_1)
                                                         _011_ (net)
                      0.041373    0.000000    2.795083 v _162_/D (sky130_fd_sc_hd__dfrtp_2)
                                              2.795083   data arrival time

                      0.150000   10.000000   10.000000   clock HCLK (rise edge)
                                  0.000000   10.000000   clock network delay (ideal)
                                 -0.250000    9.750000   clock uncertainty
                                  0.000000    9.750000   clock reconvergence pessimism
                                              9.750000 ^ _162_/CLK (sky130_fd_sc_hd__dfrtp_2)
                                 -0.065641    9.684360   library setup time
                                              9.684360   data required time
---------------------------------------------------------------------------------------------
                                              9.684360   data required time
                                             -2.795083   data arrival time
---------------------------------------------------------------------------------------------
                                              6.889276   slack (MET)


Startpoint: HTRANS[1] (input port clocked by HCLK)
Endpoint: _163_ (rising edge-triggered flip-flop clocked by HCLK)
Path Group: HCLK
Path Type: max

Fanout         Cap        Slew       Delay        Time   Description
---------------------------------------------------------------------------------------------
                      0.150000    0.000000    0.000000   clock HCLK (rise edge)
                                  0.000000    0.000000   clock network delay (ideal)
                                  2.000000    2.000000 v input external delay
     2    0.006554    0.010821    0.005972    2.005972 v HTRANS[1] (in)
                                                         HTRANS[1] (net)
                      0.010821    0.000000    2.005972 v _083_/A (sky130_fd_sc_hd__nand2_2)
    65    0.239590    0.904626    0.636469    2.642441 ^ _083_/Y (sky130_fd_sc_hd__nand2_2)
                                                         _071_ (net)
                      0.904626    0.000000    2.642441 ^ _096_/S (sky130_fd_sc_hd__mux2_1)
     1    0.002059    0.041373    0.152643    2.795083 v _096_/X (sky130_fd_sc_hd__mux2_1)
                                                         _012_ (net)
                      0.041373    0.000000    2.795083 v _163_/D (sky130_fd_sc_hd__dfrtp_2)
                                              2.795083   data arrival time

                      0.150000   10.000000   10.000000   clock HCLK (rise edge)
                                  0.000000   10.000000   clock network delay (ideal)
                                 -0.250000    9.750000   clock uncertainty
                                  0.000000    9.750000   clock reconvergence pessimism
                                              9.750000 ^ _163_/CLK (sky130_fd_sc_hd__dfrtp_2)
                                 -0.065641    9.684360   library setup time
                                              9.684360   data required time
---------------------------------------------------------------------------------------------
                                              9.684360   data required time
                                             -2.795083   data arrival time
---------------------------------------------------------------------------------------------
                                              6.889276   slack (MET)


Startpoint: HTRANS[1] (input port clocked by HCLK)
Endpoint: _164_ (rising edge-triggered flip-flop clocked by HCLK)
Path Group: HCLK
Path Type: max

Fanout         Cap        Slew       Delay        Time   Description
---------------------------------------------------------------------------------------------
                      0.150000    0.000000    0.000000   clock HCLK (rise edge)
                                  0.000000    0.000000   clock network delay (ideal)
                                  2.000000    2.000000 v input external delay
     2    0.006554    0.010821    0.005972    2.005972 v HTRANS[1] (in)
                                                         HTRANS[1] (net)
                      0.010821    0.000000    2.005972 v _083_/A (sky130_fd_sc_hd__nand2_2)
    65    0.239590    0.904626    0.636469    2.642441 ^ _083_/Y (sky130_fd_sc_hd__nand2_2)
                                                         _071_ (net)
                      0.904626    0.000000    2.642441 ^ _097_/S (sky130_fd_sc_hd__mux2_1)
     1    0.002059    0.041373    0.152643    2.795083 v _097_/X (sky130_fd_sc_hd__mux2_1)
                                                         _013_ (net)
                      0.041373    0.000000    2.795083 v _164_/D (sky130_fd_sc_hd__dfrtp_2)
                                              2.795083   data arrival time

                      0.150000   10.000000   10.000000   clock HCLK (rise edge)
                                  0.000000   10.000000   clock network delay (ideal)
                                 -0.250000    9.750000   clock uncertainty
                                  0.000000    9.750000   clock reconvergence pessimism
                                              9.750000 ^ _164_/CLK (sky130_fd_sc_hd__dfrtp_2)
                                 -0.065641    9.684360   library setup time
                                              9.684360   data required time
---------------------------------------------------------------------------------------------
                                              9.684360   data required time
                                             -2.795083   data arrival time
---------------------------------------------------------------------------------------------
                                              6.889276   slack (MET)


Startpoint: HTRANS[1] (input port clocked by HCLK)
Endpoint: _165_ (rising edge-triggered flip-flop clocked by HCLK)
Path Group: HCLK
Path Type: max

Fanout         Cap        Slew       Delay        Time   Description
---------------------------------------------------------------------------------------------
                      0.150000    0.000000    0.000000   clock HCLK (rise edge)
                                  0.000000    0.000000   clock network delay (ideal)
                                  2.000000    2.000000 v input external delay
     2    0.006554    0.010821    0.005972    2.005972 v HTRANS[1] (in)
                                                         HTRANS[1] (net)
                      0.010821    0.000000    2.005972 v _083_/A (sky130_fd_sc_hd__nand2_2)
    65    0.239590    0.904626    0.636469    2.642441 ^ _083_/Y (sky130_fd_sc_hd__nand2_2)
                                                         _071_ (net)
                      0.904626    0.000000    2.642441 ^ _098_/S (sky130_fd_sc_hd__mux2_1)
     1    0.002059    0.041373    0.152643    2.795083 v _098_/X (sky130_fd_sc_hd__mux2_1)
                                                         _014_ (net)
                      0.041373    0.000000    2.795083 v _165_/D (sky130_fd_sc_hd__dfrtp_2)
                                              2.795083   data arrival time

                      0.150000   10.000000   10.000000   clock HCLK (rise edge)
                                  0.000000   10.000000   clock network delay (ideal)
                                 -0.250000    9.750000   clock uncertainty
                                  0.000000    9.750000   clock reconvergence pessimism
                                              9.750000 ^ _165_/CLK (sky130_fd_sc_hd__dfrtp_2)
                                 -0.065641    9.684360   library setup time
                                              9.684360   data required time
---------------------------------------------------------------------------------------------
                                              9.684360   data required time
                                             -2.795083   data arrival time
---------------------------------------------------------------------------------------------
                                              6.889276   slack (MET)


Startpoint: HTRANS[1] (input port clocked by HCLK)
Endpoint: _166_ (rising edge-triggered flip-flop clocked by HCLK)
Path Group: HCLK
Path Type: max

Fanout         Cap        Slew       Delay        Time   Description
---------------------------------------------------------------------------------------------
                      0.150000    0.000000    0.000000   clock HCLK (rise edge)
                                  0.000000    0.000000   clock network delay (ideal)
                                  2.000000    2.000000 v input external delay
     2    0.006554    0.010821    0.005972    2.005972 v HTRANS[1] (in)
                                                         HTRANS[1] (net)
                      0.010821    0.000000    2.005972 v _083_/A (sky130_fd_sc_hd__nand2_2)
    65    0.239590    0.904626    0.636469    2.642441 ^ _083_/Y (sky130_fd_sc_hd__nand2_2)
                                                         _071_ (net)
                      0.904626    0.000000    2.642441 ^ _099_/S (sky130_fd_sc_hd__mux2_1)
     1    0.002059    0.041373    0.152643    2.795083 v _099_/X (sky130_fd_sc_hd__mux2_1)
                                                         _015_ (net)
                      0.041373    0.000000    2.795083 v _166_/D (sky130_fd_sc_hd__dfrtp_2)
                                              2.795083   data arrival time

                      0.150000   10.000000   10.000000   clock HCLK (rise edge)
                                  0.000000   10.000000   clock network delay (ideal)
                                 -0.250000    9.750000   clock uncertainty
                                  0.000000    9.750000   clock reconvergence pessimism
                                              9.750000 ^ _166_/CLK (sky130_fd_sc_hd__dfrtp_2)
                                 -0.065641    9.684360   library setup time
                                              9.684360   data required time
---------------------------------------------------------------------------------------------
                                              9.684360   data required time
                                             -2.795083   data arrival time
---------------------------------------------------------------------------------------------
                                              6.889276   slack (MET)


Startpoint: HTRANS[1] (input port clocked by HCLK)
Endpoint: _167_ (rising edge-triggered flip-flop clocked by HCLK)
Path Group: HCLK
Path Type: max

Fanout         Cap        Slew       Delay        Time   Description
---------------------------------------------------------------------------------------------
                      0.150000    0.000000    0.000000   clock HCLK (rise edge)
                                  0.000000    0.000000   clock network delay (ideal)
                                  2.000000    2.000000 v input external delay
     2    0.006554    0.010821    0.005972    2.005972 v HTRANS[1] (in)
                                                         HTRANS[1] (net)
                      0.010821    0.000000    2.005972 v _083_/A (sky130_fd_sc_hd__nand2_2)
    65    0.239590    0.904626    0.636469    2.642441 ^ _083_/Y (sky130_fd_sc_hd__nand2_2)
                                                         _071_ (net)
                      0.904626    0.000000    2.642441 ^ _100_/S (sky130_fd_sc_hd__mux2_1)
     1    0.002059    0.041373    0.152643    2.795083 v _100_/X (sky130_fd_sc_hd__mux2_1)
                                                         _016_ (net)
                      0.041373    0.000000    2.795083 v _167_/D (sky130_fd_sc_hd__dfrtp_2)
                                              2.795083   data arrival time

                      0.150000   10.000000   10.000000   clock HCLK (rise edge)
                                  0.000000   10.000000   clock network delay (ideal)
                                 -0.250000    9.750000   clock uncertainty
                                  0.000000    9.750000   clock reconvergence pessimism
                                              9.750000 ^ _167_/CLK (sky130_fd_sc_hd__dfrtp_2)
                                 -0.065641    9.684360   library setup time
                                              9.684360   data required time
---------------------------------------------------------------------------------------------
                                              9.684360   data required time
                                             -2.795083   data arrival time
---------------------------------------------------------------------------------------------
                                              6.889276   slack (MET)


Startpoint: HTRANS[1] (input port clocked by HCLK)
Endpoint: _168_ (rising edge-triggered flip-flop clocked by HCLK)
Path Group: HCLK
Path Type: max

Fanout         Cap        Slew       Delay        Time   Description
---------------------------------------------------------------------------------------------
                      0.150000    0.000000    0.000000   clock HCLK (rise edge)
                                  0.000000    0.000000   clock network delay (ideal)
                                  2.000000    2.000000 v input external delay
     2    0.006554    0.010821    0.005972    2.005972 v HTRANS[1] (in)
                                                         HTRANS[1] (net)
                      0.010821    0.000000    2.005972 v _083_/A (sky130_fd_sc_hd__nand2_2)
    65    0.239590    0.904626    0.636469    2.642441 ^ _083_/Y (sky130_fd_sc_hd__nand2_2)
                                                         _071_ (net)
                      0.904626    0.000000    2.642441 ^ _101_/S (sky130_fd_sc_hd__mux2_1)
     1    0.002059    0.041373    0.152643    2.795083 v _101_/X (sky130_fd_sc_hd__mux2_1)
                                                         _017_ (net)
                      0.041373    0.000000    2.795083 v _168_/D (sky130_fd_sc_hd__dfrtp_2)
                                              2.795083   data arrival time

                      0.150000   10.000000   10.000000   clock HCLK (rise edge)
                                  0.000000   10.000000   clock network delay (ideal)
                                 -0.250000    9.750000   clock uncertainty
                                  0.000000    9.750000   clock reconvergence pessimism
                                              9.750000 ^ _168_/CLK (sky130_fd_sc_hd__dfrtp_2)
                                 -0.065641    9.684360   library setup time
                                              9.684360   data required time
---------------------------------------------------------------------------------------------
                                              9.684360   data required time
                                             -2.795083   data arrival time
---------------------------------------------------------------------------------------------
                                              6.889276   slack (MET)


Startpoint: HTRANS[1] (input port clocked by HCLK)
Endpoint: _169_ (rising edge-triggered flip-flop clocked by HCLK)
Path Group: HCLK
Path Type: max

Fanout         Cap        Slew       Delay        Time   Description
---------------------------------------------------------------------------------------------
                      0.150000    0.000000    0.000000   clock HCLK (rise edge)
                                  0.000000    0.000000   clock network delay (ideal)
                                  2.000000    2.000000 v input external delay
     2    0.006554    0.010821    0.005972    2.005972 v HTRANS[1] (in)
                                                         HTRANS[1] (net)
                      0.010821    0.000000    2.005972 v _083_/A (sky130_fd_sc_hd__nand2_2)
    65    0.239590    0.904626    0.636469    2.642441 ^ _083_/Y (sky130_fd_sc_hd__nand2_2)
                                                         _071_ (net)
                      0.904626    0.000000    2.642441 ^ _102_/S (sky130_fd_sc_hd__mux2_1)
     1    0.002059    0.041373    0.152643    2.795083 v _102_/X (sky130_fd_sc_hd__mux2_1)
                                                         _018_ (net)
                      0.041373    0.000000    2.795083 v _169_/D (sky130_fd_sc_hd__dfrtp_2)
                                              2.795083   data arrival time

                      0.150000   10.000000   10.000000   clock HCLK (rise edge)
                                  0.000000   10.000000   clock network delay (ideal)
                                 -0.250000    9.750000   clock uncertainty
                                  0.000000    9.750000   clock reconvergence pessimism
                                              9.750000 ^ _169_/CLK (sky130_fd_sc_hd__dfrtp_2)
                                 -0.065641    9.684360   library setup time
                                              9.684360   data required time
---------------------------------------------------------------------------------------------
                                              9.684360   data required time
                                             -2.795083   data arrival time
---------------------------------------------------------------------------------------------
                                              6.889276   slack (MET)


Startpoint: HTRANS[1] (input port clocked by HCLK)
Endpoint: _170_ (rising edge-triggered flip-flop clocked by HCLK)
Path Group: HCLK
Path Type: max

Fanout         Cap        Slew       Delay        Time   Description
---------------------------------------------------------------------------------------------
                      0.150000    0.000000    0.000000   clock HCLK (rise edge)
                                  0.000000    0.000000   clock network delay (ideal)
                                  2.000000    2.000000 v input external delay
     2    0.006554    0.010821    0.005972    2.005972 v HTRANS[1] (in)
                                                         HTRANS[1] (net)
                      0.010821    0.000000    2.005972 v _083_/A (sky130_fd_sc_hd__nand2_2)
    65    0.239590    0.904626    0.636469    2.642441 ^ _083_/Y (sky130_fd_sc_hd__nand2_2)
                                                         _071_ (net)
                      0.904626    0.000000    2.642441 ^ _103_/S (sky130_fd_sc_hd__mux2_1)
     1    0.002059    0.041373    0.152643    2.795083 v _103_/X (sky130_fd_sc_hd__mux2_1)
                                                         _019_ (net)
                      0.041373    0.000000    2.795083 v _170_/D (sky130_fd_sc_hd__dfrtp_2)
                                              2.795083   data arrival time

                      0.150000   10.000000   10.000000   clock HCLK (rise edge)
                                  0.000000   10.000000   clock network delay (ideal)
                                 -0.250000    9.750000   clock uncertainty
                                  0.000000    9.750000   clock reconvergence pessimism
                                              9.750000 ^ _170_/CLK (sky130_fd_sc_hd__dfrtp_2)
                                 -0.065641    9.684360   library setup time
                                              9.684360   data required time
---------------------------------------------------------------------------------------------
                                              9.684360   data required time
                                             -2.795083   data arrival time
---------------------------------------------------------------------------------------------
                                              6.889276   slack (MET)


Startpoint: HTRANS[1] (input port clocked by HCLK)
Endpoint: _171_ (rising edge-triggered flip-flop clocked by HCLK)
Path Group: HCLK
Path Type: max

Fanout         Cap        Slew       Delay        Time   Description
---------------------------------------------------------------------------------------------
                      0.150000    0.000000    0.000000   clock HCLK (rise edge)
                                  0.000000    0.000000   clock network delay (ideal)
                                  2.000000    2.000000 v input external delay
     2    0.006554    0.010821    0.005972    2.005972 v HTRANS[1] (in)
                                                         HTRANS[1] (net)
                      0.010821    0.000000    2.005972 v _083_/A (sky130_fd_sc_hd__nand2_2)
    65    0.239590    0.904626    0.636469    2.642441 ^ _083_/Y (sky130_fd_sc_hd__nand2_2)
                                                         _071_ (net)
                      0.904626    0.000000    2.642441 ^ _104_/S (sky130_fd_sc_hd__mux2_1)
     1    0.002059    0.041373    0.152643    2.795083 v _104_/X (sky130_fd_sc_hd__mux2_1)
                                                         _020_ (net)
                      0.041373    0.000000    2.795083 v _171_/D (sky130_fd_sc_hd__dfrtp_2)
                                              2.795083   data arrival time

                      0.150000   10.000000   10.000000   clock HCLK (rise edge)
                                  0.000000   10.000000   clock network delay (ideal)
                                 -0.250000    9.750000   clock uncertainty
                                  0.000000    9.750000   clock reconvergence pessimism
                                              9.750000 ^ _171_/CLK (sky130_fd_sc_hd__dfrtp_2)
                                 -0.065641    9.684360   library setup time
                                              9.684360   data required time
---------------------------------------------------------------------------------------------
                                              9.684360   data required time
                                             -2.795083   data arrival time
---------------------------------------------------------------------------------------------
                                              6.889276   slack (MET)


Startpoint: HTRANS[1] (input port clocked by HCLK)
Endpoint: _172_ (rising edge-triggered flip-flop clocked by HCLK)
Path Group: HCLK
Path Type: max

Fanout         Cap        Slew       Delay        Time   Description
---------------------------------------------------------------------------------------------
                      0.150000    0.000000    0.000000   clock HCLK (rise edge)
                                  0.000000    0.000000   clock network delay (ideal)
                                  2.000000    2.000000 v input external delay
     2    0.006554    0.010821    0.005972    2.005972 v HTRANS[1] (in)
                                                         HTRANS[1] (net)
                      0.010821    0.000000    2.005972 v _083_/A (sky130_fd_sc_hd__nand2_2)
    65    0.239590    0.904626    0.636469    2.642441 ^ _083_/Y (sky130_fd_sc_hd__nand2_2)
                                                         _071_ (net)
                      0.904626    0.000000    2.642441 ^ _105_/S (sky130_fd_sc_hd__mux2_1)
     1    0.002059    0.041373    0.152643    2.795083 v _105_/X (sky130_fd_sc_hd__mux2_1)
                                                         _021_ (net)
                      0.041373    0.000000    2.795083 v _172_/D (sky130_fd_sc_hd__dfrtp_2)
                                              2.795083   data arrival time

                      0.150000   10.000000   10.000000   clock HCLK (rise edge)
                                  0.000000   10.000000   clock network delay (ideal)
                                 -0.250000    9.750000   clock uncertainty
                                  0.000000    9.750000   clock reconvergence pessimism
                                              9.750000 ^ _172_/CLK (sky130_fd_sc_hd__dfrtp_2)
                                 -0.065641    9.684360   library setup time
                                              9.684360   data required time
---------------------------------------------------------------------------------------------
                                              9.684360   data required time
                                             -2.795083   data arrival time
---------------------------------------------------------------------------------------------
                                              6.889276   slack (MET)


Startpoint: HTRANS[1] (input port clocked by HCLK)
Endpoint: _173_ (rising edge-triggered flip-flop clocked by HCLK)
Path Group: HCLK
Path Type: max

Fanout         Cap        Slew       Delay        Time   Description
---------------------------------------------------------------------------------------------
                      0.150000    0.000000    0.000000   clock HCLK (rise edge)
                                  0.000000    0.000000   clock network delay (ideal)
                                  2.000000    2.000000 v input external delay
     2    0.006554    0.010821    0.005972    2.005972 v HTRANS[1] (in)
                                                         HTRANS[1] (net)
                      0.010821    0.000000    2.005972 v _083_/A (sky130_fd_sc_hd__nand2_2)
    65    0.239590    0.904626    0.636469    2.642441 ^ _083_/Y (sky130_fd_sc_hd__nand2_2)
                                                         _071_ (net)
                      0.904626    0.000000    2.642441 ^ _106_/S (sky130_fd_sc_hd__mux2_1)
     1    0.002059    0.041373    0.152643    2.795083 v _106_/X (sky130_fd_sc_hd__mux2_1)
                                                         _022_ (net)
                      0.041373    0.000000    2.795083 v _173_/D (sky130_fd_sc_hd__dfrtp_2)
                                              2.795083   data arrival time

                      0.150000   10.000000   10.000000   clock HCLK (rise edge)
                                  0.000000   10.000000   clock network delay (ideal)
                                 -0.250000    9.750000   clock uncertainty
                                  0.000000    9.750000   clock reconvergence pessimism
                                              9.750000 ^ _173_/CLK (sky130_fd_sc_hd__dfrtp_2)
                                 -0.065641    9.684360   library setup time
                                              9.684360   data required time
---------------------------------------------------------------------------------------------
                                              9.684360   data required time
                                             -2.795083   data arrival time
---------------------------------------------------------------------------------------------
                                              6.889276   slack (MET)


Startpoint: HTRANS[1] (input port clocked by HCLK)
Endpoint: _174_ (rising edge-triggered flip-flop clocked by HCLK)
Path Group: HCLK
Path Type: max

Fanout         Cap        Slew       Delay        Time   Description
---------------------------------------------------------------------------------------------
                      0.150000    0.000000    0.000000   clock HCLK (rise edge)
                                  0.000000    0.000000   clock network delay (ideal)
                                  2.000000    2.000000 v input external delay
     2    0.006554    0.010821    0.005972    2.005972 v HTRANS[1] (in)
                                                         HTRANS[1] (net)
                      0.010821    0.000000    2.005972 v _083_/A (sky130_fd_sc_hd__nand2_2)
    65    0.239590    0.904626    0.636469    2.642441 ^ _083_/Y (sky130_fd_sc_hd__nand2_2)
                                                         _071_ (net)
                      0.904626    0.000000    2.642441 ^ _107_/S (sky130_fd_sc_hd__mux2_1)
     1    0.002059    0.041373    0.152643    2.795083 v _107_/X (sky130_fd_sc_hd__mux2_1)
                                                         _023_ (net)
                      0.041373    0.000000    2.795083 v _174_/D (sky130_fd_sc_hd__dfrtp_2)
                                              2.795083   data arrival time

                      0.150000   10.000000   10.000000   clock HCLK (rise edge)
                                  0.000000   10.000000   clock network delay (ideal)
                                 -0.250000    9.750000   clock uncertainty
                                  0.000000    9.750000   clock reconvergence pessimism
                                              9.750000 ^ _174_/CLK (sky130_fd_sc_hd__dfrtp_2)
                                 -0.065641    9.684360   library setup time
                                              9.684360   data required time
---------------------------------------------------------------------------------------------
                                              9.684360   data required time
                                             -2.795083   data arrival time
---------------------------------------------------------------------------------------------
                                              6.889276   slack (MET)


Startpoint: HTRANS[1] (input port clocked by HCLK)
Endpoint: _175_ (rising edge-triggered flip-flop clocked by HCLK)
Path Group: HCLK
Path Type: max

Fanout         Cap        Slew       Delay        Time   Description
---------------------------------------------------------------------------------------------
                      0.150000    0.000000    0.000000   clock HCLK (rise edge)
                                  0.000000    0.000000   clock network delay (ideal)
                                  2.000000    2.000000 v input external delay
     2    0.006554    0.010821    0.005972    2.005972 v HTRANS[1] (in)
                                                         HTRANS[1] (net)
                      0.010821    0.000000    2.005972 v _083_/A (sky130_fd_sc_hd__nand2_2)
    65    0.239590    0.904626    0.636469    2.642441 ^ _083_/Y (sky130_fd_sc_hd__nand2_2)
                                                         _071_ (net)
                      0.904626    0.000000    2.642441 ^ _108_/S (sky130_fd_sc_hd__mux2_1)
     1    0.002059    0.041373    0.152643    2.795083 v _108_/X (sky130_fd_sc_hd__mux2_1)
                                                         _024_ (net)
                      0.041373    0.000000    2.795083 v _175_/D (sky130_fd_sc_hd__dfrtp_2)
                                              2.795083   data arrival time

                      0.150000   10.000000   10.000000   clock HCLK (rise edge)
                                  0.000000   10.000000   clock network delay (ideal)
                                 -0.250000    9.750000   clock uncertainty
                                  0.000000    9.750000   clock reconvergence pessimism
                                              9.750000 ^ _175_/CLK (sky130_fd_sc_hd__dfrtp_2)
                                 -0.065641    9.684360   library setup time
                                              9.684360   data required time
---------------------------------------------------------------------------------------------
                                              9.684360   data required time
                                             -2.795083   data arrival time
---------------------------------------------------------------------------------------------
                                              6.889276   slack (MET)


Startpoint: HTRANS[1] (input port clocked by HCLK)
Endpoint: _176_ (rising edge-triggered flip-flop clocked by HCLK)
Path Group: HCLK
Path Type: max

Fanout         Cap        Slew       Delay        Time   Description
---------------------------------------------------------------------------------------------
                      0.150000    0.000000    0.000000   clock HCLK (rise edge)
                                  0.000000    0.000000   clock network delay (ideal)
                                  2.000000    2.000000 v input external delay
     2    0.006554    0.010821    0.005972    2.005972 v HTRANS[1] (in)
                                                         HTRANS[1] (net)
                      0.010821    0.000000    2.005972 v _083_/A (sky130_fd_sc_hd__nand2_2)
    65    0.239590    0.904626    0.636469    2.642441 ^ _083_/Y (sky130_fd_sc_hd__nand2_2)
                                                         _071_ (net)
                      0.904626    0.000000    2.642441 ^ _109_/S (sky130_fd_sc_hd__mux2_1)
     1    0.002059    0.041373    0.152643    2.795083 v _109_/X (sky130_fd_sc_hd__mux2_1)
                                                         _025_ (net)
                      0.041373    0.000000    2.795083 v _176_/D (sky130_fd_sc_hd__dfrtp_2)
                                              2.795083   data arrival time

                      0.150000   10.000000   10.000000   clock HCLK (rise edge)
                                  0.000000   10.000000   clock network delay (ideal)
                                 -0.250000    9.750000   clock uncertainty
                                  0.000000    9.750000   clock reconvergence pessimism
                                              9.750000 ^ _176_/CLK (sky130_fd_sc_hd__dfrtp_2)
                                 -0.065641    9.684360   library setup time
                                              9.684360   data required time
---------------------------------------------------------------------------------------------
                                              9.684360   data required time
                                             -2.795083   data arrival time
---------------------------------------------------------------------------------------------
                                              6.889276   slack (MET)


Startpoint: HTRANS[1] (input port clocked by HCLK)
Endpoint: _177_ (rising edge-triggered flip-flop clocked by HCLK)
Path Group: HCLK
Path Type: max

Fanout         Cap        Slew       Delay        Time   Description
---------------------------------------------------------------------------------------------
                      0.150000    0.000000    0.000000   clock HCLK (rise edge)
                                  0.000000    0.000000   clock network delay (ideal)
                                  2.000000    2.000000 v input external delay
     2    0.006554    0.010821    0.005972    2.005972 v HTRANS[1] (in)
                                                         HTRANS[1] (net)
                      0.010821    0.000000    2.005972 v _083_/A (sky130_fd_sc_hd__nand2_2)
    65    0.239590    0.904626    0.636469    2.642441 ^ _083_/Y (sky130_fd_sc_hd__nand2_2)
                                                         _071_ (net)
                      0.904626    0.000000    2.642441 ^ _110_/S (sky130_fd_sc_hd__mux2_1)
     1    0.002059    0.041373    0.152643    2.795083 v _110_/X (sky130_fd_sc_hd__mux2_1)
                                                         _026_ (net)
                      0.041373    0.000000    2.795083 v _177_/D (sky130_fd_sc_hd__dfrtp_2)
                                              2.795083   data arrival time

                      0.150000   10.000000   10.000000   clock HCLK (rise edge)
                                  0.000000   10.000000   clock network delay (ideal)
                                 -0.250000    9.750000   clock uncertainty
                                  0.000000    9.750000   clock reconvergence pessimism
                                              9.750000 ^ _177_/CLK (sky130_fd_sc_hd__dfrtp_2)
                                 -0.065641    9.684360   library setup time
                                              9.684360   data required time
---------------------------------------------------------------------------------------------
                                              9.684360   data required time
                                             -2.795083   data arrival time
---------------------------------------------------------------------------------------------
                                              6.889276   slack (MET)


Startpoint: HTRANS[1] (input port clocked by HCLK)
Endpoint: _178_ (rising edge-triggered flip-flop clocked by HCLK)
Path Group: HCLK
Path Type: max

Fanout         Cap        Slew       Delay        Time   Description
---------------------------------------------------------------------------------------------
                      0.150000    0.000000    0.000000   clock HCLK (rise edge)
                                  0.000000    0.000000   clock network delay (ideal)
                                  2.000000    2.000000 v input external delay
     2    0.006554    0.010821    0.005972    2.005972 v HTRANS[1] (in)
                                                         HTRANS[1] (net)
                      0.010821    0.000000    2.005972 v _083_/A (sky130_fd_sc_hd__nand2_2)
    65    0.239590    0.904626    0.636469    2.642441 ^ _083_/Y (sky130_fd_sc_hd__nand2_2)
                                                         _071_ (net)
                      0.904626    0.000000    2.642441 ^ _111_/S (sky130_fd_sc_hd__mux2_1)
     1    0.002059    0.041373    0.152643    2.795083 v _111_/X (sky130_fd_sc_hd__mux2_1)
                                                         _027_ (net)
                      0.041373    0.000000    2.795083 v _178_/D (sky130_fd_sc_hd__dfrtp_2)
                                              2.795083   data arrival time

                      0.150000   10.000000   10.000000   clock HCLK (rise edge)
                                  0.000000   10.000000   clock network delay (ideal)
                                 -0.250000    9.750000   clock uncertainty
                                  0.000000    9.750000   clock reconvergence pessimism
                                              9.750000 ^ _178_/CLK (sky130_fd_sc_hd__dfrtp_2)
                                 -0.065641    9.684360   library setup time
                                              9.684360   data required time
---------------------------------------------------------------------------------------------
                                              9.684360   data required time
                                             -2.795083   data arrival time
---------------------------------------------------------------------------------------------
                                              6.889276   slack (MET)


Startpoint: HTRANS[1] (input port clocked by HCLK)
Endpoint: _179_ (rising edge-triggered flip-flop clocked by HCLK)
Path Group: HCLK
Path Type: max

Fanout         Cap        Slew       Delay        Time   Description
---------------------------------------------------------------------------------------------
                      0.150000    0.000000    0.000000   clock HCLK (rise edge)
                                  0.000000    0.000000   clock network delay (ideal)
                                  2.000000    2.000000 v input external delay
     2    0.006554    0.010821    0.005972    2.005972 v HTRANS[1] (in)
                                                         HTRANS[1] (net)
                      0.010821    0.000000    2.005972 v _083_/A (sky130_fd_sc_hd__nand2_2)
    65    0.239590    0.904626    0.636469    2.642441 ^ _083_/Y (sky130_fd_sc_hd__nand2_2)
                                                         _071_ (net)
                      0.904626    0.000000    2.642441 ^ _112_/S (sky130_fd_sc_hd__mux2_1)
     1    0.002059    0.041373    0.152643    2.795083 v _112_/X (sky130_fd_sc_hd__mux2_1)
                                                         _028_ (net)
                      0.041373    0.000000    2.795083 v _179_/D (sky130_fd_sc_hd__dfrtp_2)
                                              2.795083   data arrival time

                      0.150000   10.000000   10.000000   clock HCLK (rise edge)
                                  0.000000   10.000000   clock network delay (ideal)
                                 -0.250000    9.750000   clock uncertainty
                                  0.000000    9.750000   clock reconvergence pessimism
                                              9.750000 ^ _179_/CLK (sky130_fd_sc_hd__dfrtp_2)
                                 -0.065641    9.684360   library setup time
                                              9.684360   data required time
---------------------------------------------------------------------------------------------
                                              9.684360   data required time
                                             -2.795083   data arrival time
---------------------------------------------------------------------------------------------
                                              6.889276   slack (MET)


Startpoint: HTRANS[1] (input port clocked by HCLK)
Endpoint: _180_ (rising edge-triggered flip-flop clocked by HCLK)
Path Group: HCLK
Path Type: max

Fanout         Cap        Slew       Delay        Time   Description
---------------------------------------------------------------------------------------------
                      0.150000    0.000000    0.000000   clock HCLK (rise edge)
                                  0.000000    0.000000   clock network delay (ideal)
                                  2.000000    2.000000 v input external delay
     2    0.006554    0.010821    0.005972    2.005972 v HTRANS[1] (in)
                                                         HTRANS[1] (net)
                      0.010821    0.000000    2.005972 v _083_/A (sky130_fd_sc_hd__nand2_2)
    65    0.239590    0.904626    0.636469    2.642441 ^ _083_/Y (sky130_fd_sc_hd__nand2_2)
                                                         _071_ (net)
                      0.904626    0.000000    2.642441 ^ _113_/S (sky130_fd_sc_hd__mux2_1)
     1    0.002059    0.041373    0.152643    2.795083 v _113_/X (sky130_fd_sc_hd__mux2_1)
                                                         _029_ (net)
                      0.041373    0.000000    2.795083 v _180_/D (sky130_fd_sc_hd__dfrtp_2)
                                              2.795083   data arrival time

                      0.150000   10.000000   10.000000   clock HCLK (rise edge)
                                  0.000000   10.000000   clock network delay (ideal)
                                 -0.250000    9.750000   clock uncertainty
                                  0.000000    9.750000   clock reconvergence pessimism
                                              9.750000 ^ _180_/CLK (sky130_fd_sc_hd__dfrtp_2)
                                 -0.065641    9.684360   library setup time
                                              9.684360   data required time
---------------------------------------------------------------------------------------------
                                              9.684360   data required time
                                             -2.795083   data arrival time
---------------------------------------------------------------------------------------------
                                              6.889276   slack (MET)


Startpoint: HTRANS[1] (input port clocked by HCLK)
Endpoint: _181_ (rising edge-triggered flip-flop clocked by HCLK)
Path Group: HCLK
Path Type: max

Fanout         Cap        Slew       Delay        Time   Description
---------------------------------------------------------------------------------------------
                      0.150000    0.000000    0.000000   clock HCLK (rise edge)
                                  0.000000    0.000000   clock network delay (ideal)
                                  2.000000    2.000000 v input external delay
     2    0.006554    0.010821    0.005972    2.005972 v HTRANS[1] (in)
                                                         HTRANS[1] (net)
                      0.010821    0.000000    2.005972 v _083_/A (sky130_fd_sc_hd__nand2_2)
    65    0.239590    0.904626    0.636469    2.642441 ^ _083_/Y (sky130_fd_sc_hd__nand2_2)
                                                         _071_ (net)
                      0.904626    0.000000    2.642441 ^ _114_/S (sky130_fd_sc_hd__mux2_1)
     1    0.002059    0.041373    0.152643    2.795083 v _114_/X (sky130_fd_sc_hd__mux2_1)
                                                         _030_ (net)
                      0.041373    0.000000    2.795083 v _181_/D (sky130_fd_sc_hd__dfrtp_2)
                                              2.795083   data arrival time

                      0.150000   10.000000   10.000000   clock HCLK (rise edge)
                                  0.000000   10.000000   clock network delay (ideal)
                                 -0.250000    9.750000   clock uncertainty
                                  0.000000    9.750000   clock reconvergence pessimism
                                              9.750000 ^ _181_/CLK (sky130_fd_sc_hd__dfrtp_2)
                                 -0.065641    9.684360   library setup time
                                              9.684360   data required time
---------------------------------------------------------------------------------------------
                                              9.684360   data required time
                                             -2.795083   data arrival time
---------------------------------------------------------------------------------------------
                                              6.889276   slack (MET)


Startpoint: HTRANS[1] (input port clocked by HCLK)
Endpoint: _182_ (rising edge-triggered flip-flop clocked by HCLK)
Path Group: HCLK
Path Type: max

Fanout         Cap        Slew       Delay        Time   Description
---------------------------------------------------------------------------------------------
                      0.150000    0.000000    0.000000   clock HCLK (rise edge)
                                  0.000000    0.000000   clock network delay (ideal)
                                  2.000000    2.000000 v input external delay
     2    0.006554    0.010821    0.005972    2.005972 v HTRANS[1] (in)
                                                         HTRANS[1] (net)
                      0.010821    0.000000    2.005972 v _083_/A (sky130_fd_sc_hd__nand2_2)
    65    0.239590    0.904626    0.636469    2.642441 ^ _083_/Y (sky130_fd_sc_hd__nand2_2)
                                                         _071_ (net)
                      0.904626    0.000000    2.642441 ^ _115_/S (sky130_fd_sc_hd__mux2_1)
     1    0.002059    0.041373    0.152643    2.795083 v _115_/X (sky130_fd_sc_hd__mux2_1)
                                                         _031_ (net)
                      0.041373    0.000000    2.795083 v _182_/D (sky130_fd_sc_hd__dfrtp_2)
                                              2.795083   data arrival time

                      0.150000   10.000000   10.000000   clock HCLK (rise edge)
                                  0.000000   10.000000   clock network delay (ideal)
                                 -0.250000    9.750000   clock uncertainty
                                  0.000000    9.750000   clock reconvergence pessimism
                                              9.750000 ^ _182_/CLK (sky130_fd_sc_hd__dfrtp_2)
                                 -0.065641    9.684360   library setup time
                                              9.684360   data required time
---------------------------------------------------------------------------------------------
                                              9.684360   data required time
                                             -2.795083   data arrival time
---------------------------------------------------------------------------------------------
                                              6.889276   slack (MET)


Startpoint: HTRANS[1] (input port clocked by HCLK)
Endpoint: _183_ (rising edge-triggered flip-flop clocked by HCLK)
Path Group: HCLK
Path Type: max

Fanout         Cap        Slew       Delay        Time   Description
---------------------------------------------------------------------------------------------
                      0.150000    0.000000    0.000000   clock HCLK (rise edge)
                                  0.000000    0.000000   clock network delay (ideal)
                                  2.000000    2.000000 v input external delay
     2    0.006554    0.010821    0.005972    2.005972 v HTRANS[1] (in)
                                                         HTRANS[1] (net)
                      0.010821    0.000000    2.005972 v _083_/A (sky130_fd_sc_hd__nand2_2)
    65    0.239590    0.904626    0.636469    2.642441 ^ _083_/Y (sky130_fd_sc_hd__nand2_2)
                                                         _071_ (net)
                      0.904626    0.000000    2.642441 ^ _116_/S (sky130_fd_sc_hd__mux2_1)
     1    0.002059    0.041373    0.152643    2.795083 v _116_/X (sky130_fd_sc_hd__mux2_1)
                                                         _032_ (net)
                      0.041373    0.000000    2.795083 v _183_/D (sky130_fd_sc_hd__dfrtp_2)
                                              2.795083   data arrival time

                      0.150000   10.000000   10.000000   clock HCLK (rise edge)
                                  0.000000   10.000000   clock network delay (ideal)
                                 -0.250000    9.750000   clock uncertainty
                                  0.000000    9.750000   clock reconvergence pessimism
                                              9.750000 ^ _183_/CLK (sky130_fd_sc_hd__dfrtp_2)
                                 -0.065641    9.684360   library setup time
                                              9.684360   data required time
---------------------------------------------------------------------------------------------
                                              9.684360   data required time
                                             -2.795083   data arrival time
---------------------------------------------------------------------------------------------
                                              6.889276   slack (MET)


Startpoint: HTRANS[1] (input port clocked by HCLK)
Endpoint: _184_ (rising edge-triggered flip-flop clocked by HCLK)
Path Group: HCLK
Path Type: max

Fanout         Cap        Slew       Delay        Time   Description
---------------------------------------------------------------------------------------------
                      0.150000    0.000000    0.000000   clock HCLK (rise edge)
                                  0.000000    0.000000   clock network delay (ideal)
                                  2.000000    2.000000 v input external delay
     2    0.006554    0.010821    0.005972    2.005972 v HTRANS[1] (in)
                                                         HTRANS[1] (net)
                      0.010821    0.000000    2.005972 v _083_/A (sky130_fd_sc_hd__nand2_2)
    65    0.239590    0.904626    0.636469    2.642441 ^ _083_/Y (sky130_fd_sc_hd__nand2_2)
                                                         _071_ (net)
                      0.904626    0.000000    2.642441 ^ _117_/S (sky130_fd_sc_hd__mux2_1)
     1    0.002059    0.041373    0.152643    2.795083 v _117_/X (sky130_fd_sc_hd__mux2_1)
                                                         _033_ (net)
                      0.041373    0.000000    2.795083 v _184_/D (sky130_fd_sc_hd__dfrtp_2)
                                              2.795083   data arrival time

                      0.150000   10.000000   10.000000   clock HCLK (rise edge)
                                  0.000000   10.000000   clock network delay (ideal)
                                 -0.250000    9.750000   clock uncertainty
                                  0.000000    9.750000   clock reconvergence pessimism
                                              9.750000 ^ _184_/CLK (sky130_fd_sc_hd__dfrtp_2)
                                 -0.065641    9.684360   library setup time
                                              9.684360   data required time
---------------------------------------------------------------------------------------------
                                              9.684360   data required time
                                             -2.795083   data arrival time
---------------------------------------------------------------------------------------------
                                              6.889276   slack (MET)


Startpoint: HTRANS[1] (input port clocked by HCLK)
Endpoint: _185_ (rising edge-triggered flip-flop clocked by HCLK)
Path Group: HCLK
Path Type: max

Fanout         Cap        Slew       Delay        Time   Description
---------------------------------------------------------------------------------------------
                      0.150000    0.000000    0.000000   clock HCLK (rise edge)
                                  0.000000    0.000000   clock network delay (ideal)
                                  2.000000    2.000000 v input external delay
     2    0.006554    0.010821    0.005972    2.005972 v HTRANS[1] (in)
                                                         HTRANS[1] (net)
                      0.010821    0.000000    2.005972 v _083_/A (sky130_fd_sc_hd__nand2_2)
    65    0.239590    0.904626    0.636469    2.642441 ^ _083_/Y (sky130_fd_sc_hd__nand2_2)
                                                         _071_ (net)
                      0.904626    0.000000    2.642441 ^ _118_/S (sky130_fd_sc_hd__mux2_1)
     1    0.002059    0.041373    0.152643    2.795083 v _118_/X (sky130_fd_sc_hd__mux2_1)
                                                         _034_ (net)
                      0.041373    0.000000    2.795083 v _185_/D (sky130_fd_sc_hd__dfrtp_2)
                                              2.795083   data arrival time

                      0.150000   10.000000   10.000000   clock HCLK (rise edge)
                                  0.000000   10.000000   clock network delay (ideal)
                                 -0.250000    9.750000   clock uncertainty
                                  0.000000    9.750000   clock reconvergence pessimism
                                              9.750000 ^ _185_/CLK (sky130_fd_sc_hd__dfrtp_2)
                                 -0.065641    9.684360   library setup time
                                              9.684360   data required time
---------------------------------------------------------------------------------------------
                                              9.684360   data required time
                                             -2.795083   data arrival time
---------------------------------------------------------------------------------------------
                                              6.889276   slack (MET)


Startpoint: HTRANS[1] (input port clocked by HCLK)
Endpoint: _186_ (rising edge-triggered flip-flop clocked by HCLK)
Path Group: HCLK
Path Type: max

Fanout         Cap        Slew       Delay        Time   Description
---------------------------------------------------------------------------------------------
                      0.150000    0.000000    0.000000   clock HCLK (rise edge)
                                  0.000000    0.000000   clock network delay (ideal)
                                  2.000000    2.000000 v input external delay
     2    0.006554    0.010821    0.005972    2.005972 v HTRANS[1] (in)
                                                         HTRANS[1] (net)
                      0.010821    0.000000    2.005972 v _083_/A (sky130_fd_sc_hd__nand2_2)
    65    0.239590    0.904626    0.636469    2.642441 ^ _083_/Y (sky130_fd_sc_hd__nand2_2)
                                                         _071_ (net)
                      0.904626    0.000000    2.642441 ^ _119_/S (sky130_fd_sc_hd__mux2_1)
     1    0.002059    0.041373    0.152643    2.795083 v _119_/X (sky130_fd_sc_hd__mux2_1)
                                                         _035_ (net)
                      0.041373    0.000000    2.795083 v _186_/D (sky130_fd_sc_hd__dfrtp_2)
                                              2.795083   data arrival time

                      0.150000   10.000000   10.000000   clock HCLK (rise edge)
                                  0.000000   10.000000   clock network delay (ideal)
                                 -0.250000    9.750000   clock uncertainty
                                  0.000000    9.750000   clock reconvergence pessimism
                                              9.750000 ^ _186_/CLK (sky130_fd_sc_hd__dfrtp_2)
                                 -0.065641    9.684360   library setup time
                                              9.684360   data required time
---------------------------------------------------------------------------------------------
                                              9.684360   data required time
                                             -2.795083   data arrival time
---------------------------------------------------------------------------------------------
                                              6.889276   slack (MET)


Startpoint: HTRANS[1] (input port clocked by HCLK)
Endpoint: _187_ (rising edge-triggered flip-flop clocked by HCLK)
Path Group: HCLK
Path Type: max

Fanout         Cap        Slew       Delay        Time   Description
---------------------------------------------------------------------------------------------
                      0.150000    0.000000    0.000000   clock HCLK (rise edge)
                                  0.000000    0.000000   clock network delay (ideal)
                                  2.000000    2.000000 v input external delay
     2    0.006554    0.010821    0.005972    2.005972 v HTRANS[1] (in)
                                                         HTRANS[1] (net)
                      0.010821    0.000000    2.005972 v _083_/A (sky130_fd_sc_hd__nand2_2)
    65    0.239590    0.904626    0.636469    2.642441 ^ _083_/Y (sky130_fd_sc_hd__nand2_2)
                                                         _071_ (net)
                      0.904626    0.000000    2.642441 ^ _120_/S (sky130_fd_sc_hd__mux2_1)
     1    0.002059    0.041373    0.152643    2.795083 v _120_/X (sky130_fd_sc_hd__mux2_1)
                                                         _036_ (net)
                      0.041373    0.000000    2.795083 v _187_/D (sky130_fd_sc_hd__dfrtp_2)
                                              2.795083   data arrival time

                      0.150000   10.000000   10.000000   clock HCLK (rise edge)
                                  0.000000   10.000000   clock network delay (ideal)
                                 -0.250000    9.750000   clock uncertainty
                                  0.000000    9.750000   clock reconvergence pessimism
                                              9.750000 ^ _187_/CLK (sky130_fd_sc_hd__dfrtp_2)
                                 -0.065641    9.684360   library setup time
                                              9.684360   data required time
---------------------------------------------------------------------------------------------
                                              9.684360   data required time
                                             -2.795083   data arrival time
---------------------------------------------------------------------------------------------
                                              6.889276   slack (MET)


Startpoint: HTRANS[1] (input port clocked by HCLK)
Endpoint: _188_ (rising edge-triggered flip-flop clocked by HCLK)
Path Group: HCLK
Path Type: max

Fanout         Cap        Slew       Delay        Time   Description
---------------------------------------------------------------------------------------------
                      0.150000    0.000000    0.000000   clock HCLK (rise edge)
                                  0.000000    0.000000   clock network delay (ideal)
                                  2.000000    2.000000 v input external delay
     2    0.006554    0.010821    0.005972    2.005972 v HTRANS[1] (in)
                                                         HTRANS[1] (net)
                      0.010821    0.000000    2.005972 v _083_/A (sky130_fd_sc_hd__nand2_2)
    65    0.239590    0.904626    0.636469    2.642441 ^ _083_/Y (sky130_fd_sc_hd__nand2_2)
                                                         _071_ (net)
                      0.904626    0.000000    2.642441 ^ _121_/S (sky130_fd_sc_hd__mux2_1)
     1    0.002059    0.041373    0.152643    2.795083 v _121_/X (sky130_fd_sc_hd__mux2_1)
                                                         _037_ (net)
                      0.041373    0.000000    2.795083 v _188_/D (sky130_fd_sc_hd__dfrtp_2)
                                              2.795083   data arrival time

                      0.150000   10.000000   10.000000   clock HCLK (rise edge)
                                  0.000000   10.000000   clock network delay (ideal)
                                 -0.250000    9.750000   clock uncertainty
                                  0.000000    9.750000   clock reconvergence pessimism
                                              9.750000 ^ _188_/CLK (sky130_fd_sc_hd__dfrtp_2)
                                 -0.065641    9.684360   library setup time
                                              9.684360   data required time
---------------------------------------------------------------------------------------------
                                              9.684360   data required time
                                             -2.795083   data arrival time
---------------------------------------------------------------------------------------------
                                              6.889276   slack (MET)


Startpoint: HTRANS[1] (input port clocked by HCLK)
Endpoint: _189_ (rising edge-triggered flip-flop clocked by HCLK)
Path Group: HCLK
Path Type: max

Fanout         Cap        Slew       Delay        Time   Description
---------------------------------------------------------------------------------------------
                      0.150000    0.000000    0.000000   clock HCLK (rise edge)
                                  0.000000    0.000000   clock network delay (ideal)
                                  2.000000    2.000000 v input external delay
     2    0.006554    0.010821    0.005972    2.005972 v HTRANS[1] (in)
                                                         HTRANS[1] (net)
                      0.010821    0.000000    2.005972 v _083_/A (sky130_fd_sc_hd__nand2_2)
    65    0.239590    0.904626    0.636469    2.642441 ^ _083_/Y (sky130_fd_sc_hd__nand2_2)
                                                         _071_ (net)
                      0.904626    0.000000    2.642441 ^ _122_/S (sky130_fd_sc_hd__mux2_1)
     1    0.002059    0.041373    0.152643    2.795083 v _122_/X (sky130_fd_sc_hd__mux2_1)
                                                         _038_ (net)
                      0.041373    0.000000    2.795083 v _189_/D (sky130_fd_sc_hd__dfrtp_2)
                                              2.795083   data arrival time

                      0.150000   10.000000   10.000000   clock HCLK (rise edge)
                                  0.000000   10.000000   clock network delay (ideal)
                                 -0.250000    9.750000   clock uncertainty
                                  0.000000    9.750000   clock reconvergence pessimism
                                              9.750000 ^ _189_/CLK (sky130_fd_sc_hd__dfrtp_2)
                                 -0.065641    9.684360   library setup time
                                              9.684360   data required time
---------------------------------------------------------------------------------------------
                                              9.684360   data required time
                                             -2.795083   data arrival time
---------------------------------------------------------------------------------------------
                                              6.889276   slack (MET)


Startpoint: HTRANS[1] (input port clocked by HCLK)
Endpoint: _190_ (rising edge-triggered flip-flop clocked by HCLK)
Path Group: HCLK
Path Type: max

Fanout         Cap        Slew       Delay        Time   Description
---------------------------------------------------------------------------------------------
                      0.150000    0.000000    0.000000   clock HCLK (rise edge)
                                  0.000000    0.000000   clock network delay (ideal)
                                  2.000000    2.000000 v input external delay
     2    0.006554    0.010821    0.005972    2.005972 v HTRANS[1] (in)
                                                         HTRANS[1] (net)
                      0.010821    0.000000    2.005972 v _083_/A (sky130_fd_sc_hd__nand2_2)
    65    0.239590    0.904626    0.636469    2.642441 ^ _083_/Y (sky130_fd_sc_hd__nand2_2)
                                                         _071_ (net)
                      0.904626    0.000000    2.642441 ^ _123_/S (sky130_fd_sc_hd__mux2_1)
     1    0.002059    0.041373    0.152643    2.795083 v _123_/X (sky130_fd_sc_hd__mux2_1)
                                                         _039_ (net)
                      0.041373    0.000000    2.795083 v _190_/D (sky130_fd_sc_hd__dfrtp_2)
                                              2.795083   data arrival time

                      0.150000   10.000000   10.000000   clock HCLK (rise edge)
                                  0.000000   10.000000   clock network delay (ideal)
                                 -0.250000    9.750000   clock uncertainty
                                  0.000000    9.750000   clock reconvergence pessimism
                                              9.750000 ^ _190_/CLK (sky130_fd_sc_hd__dfrtp_2)
                                 -0.065641    9.684360   library setup time
                                              9.684360   data required time
---------------------------------------------------------------------------------------------
                                              9.684360   data required time
                                             -2.795083   data arrival time
---------------------------------------------------------------------------------------------
                                              6.889276   slack (MET)


Startpoint: HTRANS[1] (input port clocked by HCLK)
Endpoint: _191_ (rising edge-triggered flip-flop clocked by HCLK)
Path Group: HCLK
Path Type: max

Fanout         Cap        Slew       Delay        Time   Description
---------------------------------------------------------------------------------------------
                      0.150000    0.000000    0.000000   clock HCLK (rise edge)
                                  0.000000    0.000000   clock network delay (ideal)
                                  2.000000    2.000000 v input external delay
     2    0.006554    0.010821    0.005972    2.005972 v HTRANS[1] (in)
                                                         HTRANS[1] (net)
                      0.010821    0.000000    2.005972 v _083_/A (sky130_fd_sc_hd__nand2_2)
    65    0.239590    0.904626    0.636469    2.642441 ^ _083_/Y (sky130_fd_sc_hd__nand2_2)
                                                         _071_ (net)
                      0.904626    0.000000    2.642441 ^ _124_/S (sky130_fd_sc_hd__mux2_1)
     1    0.002059    0.041373    0.152643    2.795083 v _124_/X (sky130_fd_sc_hd__mux2_1)
                                                         _040_ (net)
                      0.041373    0.000000    2.795083 v _191_/D (sky130_fd_sc_hd__dfrtp_2)
                                              2.795083   data arrival time

                      0.150000   10.000000   10.000000   clock HCLK (rise edge)
                                  0.000000   10.000000   clock network delay (ideal)
                                 -0.250000    9.750000   clock uncertainty
                                  0.000000    9.750000   clock reconvergence pessimism
                                              9.750000 ^ _191_/CLK (sky130_fd_sc_hd__dfrtp_2)
                                 -0.065641    9.684360   library setup time
                                              9.684360   data required time
---------------------------------------------------------------------------------------------
                                              9.684360   data required time
                                             -2.795083   data arrival time
---------------------------------------------------------------------------------------------
                                              6.889276   slack (MET)


Startpoint: HTRANS[1] (input port clocked by HCLK)
Endpoint: _192_ (rising edge-triggered flip-flop clocked by HCLK)
Path Group: HCLK
Path Type: max

Fanout         Cap        Slew       Delay        Time   Description
---------------------------------------------------------------------------------------------
                      0.150000    0.000000    0.000000   clock HCLK (rise edge)
                                  0.000000    0.000000   clock network delay (ideal)
                                  2.000000    2.000000 v input external delay
     2    0.006554    0.010821    0.005972    2.005972 v HTRANS[1] (in)
                                                         HTRANS[1] (net)
                      0.010821    0.000000    2.005972 v _083_/A (sky130_fd_sc_hd__nand2_2)
    65    0.239590    0.904626    0.636469    2.642441 ^ _083_/Y (sky130_fd_sc_hd__nand2_2)
                                                         _071_ (net)
                      0.904626    0.000000    2.642441 ^ _125_/S (sky130_fd_sc_hd__mux2_1)
     1    0.002059    0.041373    0.152643    2.795083 v _125_/X (sky130_fd_sc_hd__mux2_1)
                                                         _041_ (net)
                      0.041373    0.000000    2.795083 v _192_/D (sky130_fd_sc_hd__dfrtp_2)
                                              2.795083   data arrival time

                      0.150000   10.000000   10.000000   clock HCLK (rise edge)
                                  0.000000   10.000000   clock network delay (ideal)
                                 -0.250000    9.750000   clock uncertainty
                                  0.000000    9.750000   clock reconvergence pessimism
                                              9.750000 ^ _192_/CLK (sky130_fd_sc_hd__dfrtp_2)
                                 -0.065641    9.684360   library setup time
                                              9.684360   data required time
---------------------------------------------------------------------------------------------
                                              9.684360   data required time
                                             -2.795083   data arrival time
---------------------------------------------------------------------------------------------
                                              6.889276   slack (MET)


Startpoint: HTRANS[1] (input port clocked by HCLK)
Endpoint: _193_ (rising edge-triggered flip-flop clocked by HCLK)
Path Group: HCLK
Path Type: max

Fanout         Cap        Slew       Delay        Time   Description
---------------------------------------------------------------------------------------------
                      0.150000    0.000000    0.000000   clock HCLK (rise edge)
                                  0.000000    0.000000   clock network delay (ideal)
                                  2.000000    2.000000 v input external delay
     2    0.006554    0.010821    0.005972    2.005972 v HTRANS[1] (in)
                                                         HTRANS[1] (net)
                      0.010821    0.000000    2.005972 v _083_/A (sky130_fd_sc_hd__nand2_2)
    65    0.239590    0.904626    0.636469    2.642441 ^ _083_/Y (sky130_fd_sc_hd__nand2_2)
                                                         _071_ (net)
                      0.904626    0.000000    2.642441 ^ _126_/S (sky130_fd_sc_hd__mux2_1)
     1    0.002059    0.041373    0.152643    2.795083 v _126_/X (sky130_fd_sc_hd__mux2_1)
                                                         _042_ (net)
                      0.041373    0.000000    2.795083 v _193_/D (sky130_fd_sc_hd__dfrtp_2)
                                              2.795083   data arrival time

                      0.150000   10.000000   10.000000   clock HCLK (rise edge)
                                  0.000000   10.000000   clock network delay (ideal)
                                 -0.250000    9.750000   clock uncertainty
                                  0.000000    9.750000   clock reconvergence pessimism
                                              9.750000 ^ _193_/CLK (sky130_fd_sc_hd__dfrtp_2)
                                 -0.065641    9.684360   library setup time
                                              9.684360   data required time
---------------------------------------------------------------------------------------------
                                              9.684360   data required time
                                             -2.795083   data arrival time
---------------------------------------------------------------------------------------------
                                              6.889276   slack (MET)


Startpoint: HTRANS[1] (input port clocked by HCLK)
Endpoint: _194_ (rising edge-triggered flip-flop clocked by HCLK)
Path Group: HCLK
Path Type: max

Fanout         Cap        Slew       Delay        Time   Description
---------------------------------------------------------------------------------------------
                      0.150000    0.000000    0.000000   clock HCLK (rise edge)
                                  0.000000    0.000000   clock network delay (ideal)
                                  2.000000    2.000000 v input external delay
     2    0.006554    0.010821    0.005972    2.005972 v HTRANS[1] (in)
                                                         HTRANS[1] (net)
                      0.010821    0.000000    2.005972 v _083_/A (sky130_fd_sc_hd__nand2_2)
    65    0.239590    0.904626    0.636469    2.642441 ^ _083_/Y (sky130_fd_sc_hd__nand2_2)
                                                         _071_ (net)
                      0.904626    0.000000    2.642441 ^ _127_/S (sky130_fd_sc_hd__mux2_1)
     1    0.002059    0.041373    0.152643    2.795083 v _127_/X (sky130_fd_sc_hd__mux2_1)
                                                         _043_ (net)
                      0.041373    0.000000    2.795083 v _194_/D (sky130_fd_sc_hd__dfrtp_2)
                                              2.795083   data arrival time

                      0.150000   10.000000   10.000000   clock HCLK (rise edge)
                                  0.000000   10.000000   clock network delay (ideal)
                                 -0.250000    9.750000   clock uncertainty
                                  0.000000    9.750000   clock reconvergence pessimism
                                              9.750000 ^ _194_/CLK (sky130_fd_sc_hd__dfrtp_2)
                                 -0.065641    9.684360   library setup time
                                              9.684360   data required time
---------------------------------------------------------------------------------------------
                                              9.684360   data required time
                                             -2.795083   data arrival time
---------------------------------------------------------------------------------------------
                                              6.889276   slack (MET)


Startpoint: HTRANS[1] (input port clocked by HCLK)
Endpoint: _195_ (rising edge-triggered flip-flop clocked by HCLK)
Path Group: HCLK
Path Type: max

Fanout         Cap        Slew       Delay        Time   Description
---------------------------------------------------------------------------------------------
                      0.150000    0.000000    0.000000   clock HCLK (rise edge)
                                  0.000000    0.000000   clock network delay (ideal)
                                  2.000000    2.000000 v input external delay
     2    0.006554    0.010821    0.005972    2.005972 v HTRANS[1] (in)
                                                         HTRANS[1] (net)
                      0.010821    0.000000    2.005972 v _083_/A (sky130_fd_sc_hd__nand2_2)
    65    0.239590    0.904626    0.636469    2.642441 ^ _083_/Y (sky130_fd_sc_hd__nand2_2)
                                                         _071_ (net)
                      0.904626    0.000000    2.642441 ^ _128_/S (sky130_fd_sc_hd__mux2_1)
     1    0.002059    0.041373    0.152643    2.795083 v _128_/X (sky130_fd_sc_hd__mux2_1)
                                                         _044_ (net)
                      0.041373    0.000000    2.795083 v _195_/D (sky130_fd_sc_hd__dfrtp_2)
                                              2.795083   data arrival time

                      0.150000   10.000000   10.000000   clock HCLK (rise edge)
                                  0.000000   10.000000   clock network delay (ideal)
                                 -0.250000    9.750000   clock uncertainty
                                  0.000000    9.750000   clock reconvergence pessimism
                                              9.750000 ^ _195_/CLK (sky130_fd_sc_hd__dfrtp_2)
                                 -0.065641    9.684360   library setup time
                                              9.684360   data required time
---------------------------------------------------------------------------------------------
                                              9.684360   data required time
                                             -2.795083   data arrival time
---------------------------------------------------------------------------------------------
                                              6.889276   slack (MET)


Startpoint: HTRANS[1] (input port clocked by HCLK)
Endpoint: _196_ (rising edge-triggered flip-flop clocked by HCLK)
Path Group: HCLK
Path Type: max

Fanout         Cap        Slew       Delay        Time   Description
---------------------------------------------------------------------------------------------
                      0.150000    0.000000    0.000000   clock HCLK (rise edge)
                                  0.000000    0.000000   clock network delay (ideal)
                                  2.000000    2.000000 v input external delay
     2    0.006554    0.010821    0.005972    2.005972 v HTRANS[1] (in)
                                                         HTRANS[1] (net)
                      0.010821    0.000000    2.005972 v _083_/A (sky130_fd_sc_hd__nand2_2)
    65    0.239590    0.904626    0.636469    2.642441 ^ _083_/Y (sky130_fd_sc_hd__nand2_2)
                                                         _071_ (net)
                      0.904626    0.000000    2.642441 ^ _129_/S (sky130_fd_sc_hd__mux2_1)
     1    0.002059    0.041373    0.152643    2.795083 v _129_/X (sky130_fd_sc_hd__mux2_1)
                                                         _045_ (net)
                      0.041373    0.000000    2.795083 v _196_/D (sky130_fd_sc_hd__dfrtp_2)
                                              2.795083   data arrival time

                      0.150000   10.000000   10.000000   clock HCLK (rise edge)
                                  0.000000   10.000000   clock network delay (ideal)
                                 -0.250000    9.750000   clock uncertainty
                                  0.000000    9.750000   clock reconvergence pessimism
                                              9.750000 ^ _196_/CLK (sky130_fd_sc_hd__dfrtp_2)
                                 -0.065641    9.684360   library setup time
                                              9.684360   data required time
---------------------------------------------------------------------------------------------
                                              9.684360   data required time
                                             -2.795083   data arrival time
---------------------------------------------------------------------------------------------
                                              6.889276   slack (MET)


Startpoint: HTRANS[1] (input port clocked by HCLK)
Endpoint: _197_ (rising edge-triggered flip-flop clocked by HCLK)
Path Group: HCLK
Path Type: max

Fanout         Cap        Slew       Delay        Time   Description
---------------------------------------------------------------------------------------------
                      0.150000    0.000000    0.000000   clock HCLK (rise edge)
                                  0.000000    0.000000   clock network delay (ideal)
                                  2.000000    2.000000 v input external delay
     2    0.006554    0.010821    0.005972    2.005972 v HTRANS[1] (in)
                                                         HTRANS[1] (net)
                      0.010821    0.000000    2.005972 v _083_/A (sky130_fd_sc_hd__nand2_2)
    65    0.239590    0.904626    0.636469    2.642441 ^ _083_/Y (sky130_fd_sc_hd__nand2_2)
                                                         _071_ (net)
                      0.904626    0.000000    2.642441 ^ _130_/S (sky130_fd_sc_hd__mux2_1)
     1    0.002059    0.041373    0.152643    2.795083 v _130_/X (sky130_fd_sc_hd__mux2_1)
                                                         _046_ (net)
                      0.041373    0.000000    2.795083 v _197_/D (sky130_fd_sc_hd__dfrtp_2)
                                              2.795083   data arrival time

                      0.150000   10.000000   10.000000   clock HCLK (rise edge)
                                  0.000000   10.000000   clock network delay (ideal)
                                 -0.250000    9.750000   clock uncertainty
                                  0.000000    9.750000   clock reconvergence pessimism
                                              9.750000 ^ _197_/CLK (sky130_fd_sc_hd__dfrtp_2)
                                 -0.065641    9.684360   library setup time
                                              9.684360   data required time
---------------------------------------------------------------------------------------------
                                              9.684360   data required time
                                             -2.795083   data arrival time
---------------------------------------------------------------------------------------------
                                              6.889276   slack (MET)


Startpoint: HTRANS[1] (input port clocked by HCLK)
Endpoint: _198_ (rising edge-triggered flip-flop clocked by HCLK)
Path Group: HCLK
Path Type: max

Fanout         Cap        Slew       Delay        Time   Description
---------------------------------------------------------------------------------------------
                      0.150000    0.000000    0.000000   clock HCLK (rise edge)
                                  0.000000    0.000000   clock network delay (ideal)
                                  2.000000    2.000000 v input external delay
     2    0.006554    0.010821    0.005972    2.005972 v HTRANS[1] (in)
                                                         HTRANS[1] (net)
                      0.010821    0.000000    2.005972 v _083_/A (sky130_fd_sc_hd__nand2_2)
    65    0.239590    0.904626    0.636469    2.642441 ^ _083_/Y (sky130_fd_sc_hd__nand2_2)
                                                         _071_ (net)
                      0.904626    0.000000    2.642441 ^ _131_/S (sky130_fd_sc_hd__mux2_1)
     1    0.002059    0.041373    0.152643    2.795083 v _131_/X (sky130_fd_sc_hd__mux2_1)
                                                         _047_ (net)
                      0.041373    0.000000    2.795083 v _198_/D (sky130_fd_sc_hd__dfrtp_2)
                                              2.795083   data arrival time

                      0.150000   10.000000   10.000000   clock HCLK (rise edge)
                                  0.000000   10.000000   clock network delay (ideal)
                                 -0.250000    9.750000   clock uncertainty
                                  0.000000    9.750000   clock reconvergence pessimism
                                              9.750000 ^ _198_/CLK (sky130_fd_sc_hd__dfrtp_2)
                                 -0.065641    9.684360   library setup time
                                              9.684360   data required time
---------------------------------------------------------------------------------------------
                                              9.684360   data required time
                                             -2.795083   data arrival time
---------------------------------------------------------------------------------------------
                                              6.889276   slack (MET)


Startpoint: HTRANS[1] (input port clocked by HCLK)
Endpoint: _199_ (rising edge-triggered flip-flop clocked by HCLK)
Path Group: HCLK
Path Type: max

Fanout         Cap        Slew       Delay        Time   Description
---------------------------------------------------------------------------------------------
                      0.150000    0.000000    0.000000   clock HCLK (rise edge)
                                  0.000000    0.000000   clock network delay (ideal)
                                  2.000000    2.000000 v input external delay
     2    0.006554    0.010821    0.005972    2.005972 v HTRANS[1] (in)
                                                         HTRANS[1] (net)
                      0.010821    0.000000    2.005972 v _083_/A (sky130_fd_sc_hd__nand2_2)
    65    0.239590    0.904626    0.636469    2.642441 ^ _083_/Y (sky130_fd_sc_hd__nand2_2)
                                                         _071_ (net)
                      0.904626    0.000000    2.642441 ^ _132_/S (sky130_fd_sc_hd__mux2_1)
     1    0.002059    0.041373    0.152643    2.795083 v _132_/X (sky130_fd_sc_hd__mux2_1)
                                                         _048_ (net)
                      0.041373    0.000000    2.795083 v _199_/D (sky130_fd_sc_hd__dfrtp_2)
                                              2.795083   data arrival time

                      0.150000   10.000000   10.000000   clock HCLK (rise edge)
                                  0.000000   10.000000   clock network delay (ideal)
                                 -0.250000    9.750000   clock uncertainty
                                  0.000000    9.750000   clock reconvergence pessimism
                                              9.750000 ^ _199_/CLK (sky130_fd_sc_hd__dfrtp_2)
                                 -0.065641    9.684360   library setup time
                                              9.684360   data required time
---------------------------------------------------------------------------------------------
                                              9.684360   data required time
                                             -2.795083   data arrival time
---------------------------------------------------------------------------------------------
                                              6.889276   slack (MET)


Startpoint: HTRANS[1] (input port clocked by HCLK)
Endpoint: _200_ (rising edge-triggered flip-flop clocked by HCLK)
Path Group: HCLK
Path Type: max

Fanout         Cap        Slew       Delay        Time   Description
---------------------------------------------------------------------------------------------
                      0.150000    0.000000    0.000000   clock HCLK (rise edge)
                                  0.000000    0.000000   clock network delay (ideal)
                                  2.000000    2.000000 v input external delay
     2    0.006554    0.010821    0.005972    2.005972 v HTRANS[1] (in)
                                                         HTRANS[1] (net)
                      0.010821    0.000000    2.005972 v _083_/A (sky130_fd_sc_hd__nand2_2)
    65    0.239590    0.904626    0.636469    2.642441 ^ _083_/Y (sky130_fd_sc_hd__nand2_2)
                                                         _071_ (net)
                      0.904626    0.000000    2.642441 ^ _133_/S (sky130_fd_sc_hd__mux2_1)
     1    0.002059    0.041373    0.152643    2.795083 v _133_/X (sky130_fd_sc_hd__mux2_1)
                                                         _049_ (net)
                      0.041373    0.000000    2.795083 v _200_/D (sky130_fd_sc_hd__dfrtp_2)
                                              2.795083   data arrival time

                      0.150000   10.000000   10.000000   clock HCLK (rise edge)
                                  0.000000   10.000000   clock network delay (ideal)
                                 -0.250000    9.750000   clock uncertainty
                                  0.000000    9.750000   clock reconvergence pessimism
                                              9.750000 ^ _200_/CLK (sky130_fd_sc_hd__dfrtp_2)
                                 -0.065641    9.684360   library setup time
                                              9.684360   data required time
---------------------------------------------------------------------------------------------
                                              9.684360   data required time
                                             -2.795083   data arrival time
---------------------------------------------------------------------------------------------
                                              6.889276   slack (MET)


Startpoint: HTRANS[1] (input port clocked by HCLK)
Endpoint: _201_ (rising edge-triggered flip-flop clocked by HCLK)
Path Group: HCLK
Path Type: max

Fanout         Cap        Slew       Delay        Time   Description
---------------------------------------------------------------------------------------------
                      0.150000    0.000000    0.000000   clock HCLK (rise edge)
                                  0.000000    0.000000   clock network delay (ideal)
                                  2.000000    2.000000 v input external delay
     2    0.006554    0.010821    0.005972    2.005972 v HTRANS[1] (in)
                                                         HTRANS[1] (net)
                      0.010821    0.000000    2.005972 v _083_/A (sky130_fd_sc_hd__nand2_2)
    65    0.239590    0.904626    0.636469    2.642441 ^ _083_/Y (sky130_fd_sc_hd__nand2_2)
                                                         _071_ (net)
                      0.904626    0.000000    2.642441 ^ _134_/S (sky130_fd_sc_hd__mux2_1)
     1    0.002059    0.041373    0.152643    2.795083 v _134_/X (sky130_fd_sc_hd__mux2_1)
                                                         _050_ (net)
                      0.041373    0.000000    2.795083 v _201_/D (sky130_fd_sc_hd__dfrtp_2)
                                              2.795083   data arrival time

                      0.150000   10.000000   10.000000   clock HCLK (rise edge)
                                  0.000000   10.000000   clock network delay (ideal)
                                 -0.250000    9.750000   clock uncertainty
                                  0.000000    9.750000   clock reconvergence pessimism
                                              9.750000 ^ _201_/CLK (sky130_fd_sc_hd__dfrtp_2)
                                 -0.065641    9.684360   library setup time
                                              9.684360   data required time
---------------------------------------------------------------------------------------------
                                              9.684360   data required time
                                             -2.795083   data arrival time
---------------------------------------------------------------------------------------------
                                              6.889276   slack (MET)


Startpoint: HTRANS[1] (input port clocked by HCLK)
Endpoint: _202_ (rising edge-triggered flip-flop clocked by HCLK)
Path Group: HCLK
Path Type: max

Fanout         Cap        Slew       Delay        Time   Description
---------------------------------------------------------------------------------------------
                      0.150000    0.000000    0.000000   clock HCLK (rise edge)
                                  0.000000    0.000000   clock network delay (ideal)
                                  2.000000    2.000000 v input external delay
     2    0.006554    0.010821    0.005972    2.005972 v HTRANS[1] (in)
                                                         HTRANS[1] (net)
                      0.010821    0.000000    2.005972 v _083_/A (sky130_fd_sc_hd__nand2_2)
    65    0.239590    0.904626    0.636469    2.642441 ^ _083_/Y (sky130_fd_sc_hd__nand2_2)
                                                         _071_ (net)
                      0.904626    0.000000    2.642441 ^ _135_/S (sky130_fd_sc_hd__mux2_1)
     1    0.002059    0.041373    0.152643    2.795083 v _135_/X (sky130_fd_sc_hd__mux2_1)
                                                         _051_ (net)
                      0.041373    0.000000    2.795083 v _202_/D (sky130_fd_sc_hd__dfrtp_2)
                                              2.795083   data arrival time

                      0.150000   10.000000   10.000000   clock HCLK (rise edge)
                                  0.000000   10.000000   clock network delay (ideal)
                                 -0.250000    9.750000   clock uncertainty
                                  0.000000    9.750000   clock reconvergence pessimism
                                              9.750000 ^ _202_/CLK (sky130_fd_sc_hd__dfrtp_2)
                                 -0.065641    9.684360   library setup time
                                              9.684360   data required time
---------------------------------------------------------------------------------------------
                                              9.684360   data required time
                                             -2.795083   data arrival time
---------------------------------------------------------------------------------------------
                                              6.889276   slack (MET)


Startpoint: HTRANS[1] (input port clocked by HCLK)
Endpoint: _203_ (rising edge-triggered flip-flop clocked by HCLK)
Path Group: HCLK
Path Type: max

Fanout         Cap        Slew       Delay        Time   Description
---------------------------------------------------------------------------------------------
                      0.150000    0.000000    0.000000   clock HCLK (rise edge)
                                  0.000000    0.000000   clock network delay (ideal)
                                  2.000000    2.000000 v input external delay
     2    0.006554    0.010821    0.005972    2.005972 v HTRANS[1] (in)
                                                         HTRANS[1] (net)
                      0.010821    0.000000    2.005972 v _083_/A (sky130_fd_sc_hd__nand2_2)
    65    0.239590    0.904626    0.636469    2.642441 ^ _083_/Y (sky130_fd_sc_hd__nand2_2)
                                                         _071_ (net)
                      0.904626    0.000000    2.642441 ^ _136_/S (sky130_fd_sc_hd__mux2_1)
     1    0.002059    0.041373    0.152643    2.795083 v _136_/X (sky130_fd_sc_hd__mux2_1)
                                                         _052_ (net)
                      0.041373    0.000000    2.795083 v _203_/D (sky130_fd_sc_hd__dfrtp_2)
                                              2.795083   data arrival time

                      0.150000   10.000000   10.000000   clock HCLK (rise edge)
                                  0.000000   10.000000   clock network delay (ideal)
                                 -0.250000    9.750000   clock uncertainty
                                  0.000000    9.750000   clock reconvergence pessimism
                                              9.750000 ^ _203_/CLK (sky130_fd_sc_hd__dfrtp_2)
                                 -0.065641    9.684360   library setup time
                                              9.684360   data required time
---------------------------------------------------------------------------------------------
                                              9.684360   data required time
                                             -2.795083   data arrival time
---------------------------------------------------------------------------------------------
                                              6.889276   slack (MET)


Startpoint: HTRANS[1] (input port clocked by HCLK)
Endpoint: _204_ (rising edge-triggered flip-flop clocked by HCLK)
Path Group: HCLK
Path Type: max

Fanout         Cap        Slew       Delay        Time   Description
---------------------------------------------------------------------------------------------
                      0.150000    0.000000    0.000000   clock HCLK (rise edge)
                                  0.000000    0.000000   clock network delay (ideal)
                                  2.000000    2.000000 v input external delay
     2    0.006554    0.010821    0.005972    2.005972 v HTRANS[1] (in)
                                                         HTRANS[1] (net)
                      0.010821    0.000000    2.005972 v _083_/A (sky130_fd_sc_hd__nand2_2)
    65    0.239590    0.904626    0.636469    2.642441 ^ _083_/Y (sky130_fd_sc_hd__nand2_2)
                                                         _071_ (net)
                      0.904626    0.000000    2.642441 ^ _137_/S (sky130_fd_sc_hd__mux2_1)
     1    0.002059    0.041373    0.152643    2.795083 v _137_/X (sky130_fd_sc_hd__mux2_1)
                                                         _053_ (net)
                      0.041373    0.000000    2.795083 v _204_/D (sky130_fd_sc_hd__dfrtp_2)
                                              2.795083   data arrival time

                      0.150000   10.000000   10.000000   clock HCLK (rise edge)
                                  0.000000   10.000000   clock network delay (ideal)
                                 -0.250000    9.750000   clock uncertainty
                                  0.000000    9.750000   clock reconvergence pessimism
                                              9.750000 ^ _204_/CLK (sky130_fd_sc_hd__dfrtp_2)
                                 -0.065641    9.684360   library setup time
                                              9.684360   data required time
---------------------------------------------------------------------------------------------
                                              9.684360   data required time
                                             -2.795083   data arrival time
---------------------------------------------------------------------------------------------
                                              6.889276   slack (MET)


Startpoint: HTRANS[1] (input port clocked by HCLK)
Endpoint: _205_ (rising edge-triggered flip-flop clocked by HCLK)
Path Group: HCLK
Path Type: max

Fanout         Cap        Slew       Delay        Time   Description
---------------------------------------------------------------------------------------------
                      0.150000    0.000000    0.000000   clock HCLK (rise edge)
                                  0.000000    0.000000   clock network delay (ideal)
                                  2.000000    2.000000 v input external delay
     2    0.006554    0.010821    0.005972    2.005972 v HTRANS[1] (in)
                                                         HTRANS[1] (net)
                      0.010821    0.000000    2.005972 v _083_/A (sky130_fd_sc_hd__nand2_2)
    65    0.239590    0.904626    0.636469    2.642441 ^ _083_/Y (sky130_fd_sc_hd__nand2_2)
                                                         _071_ (net)
                      0.904626    0.000000    2.642441 ^ _138_/S (sky130_fd_sc_hd__mux2_1)
     1    0.002059    0.041373    0.152643    2.795083 v _138_/X (sky130_fd_sc_hd__mux2_1)
                                                         _054_ (net)
                      0.041373    0.000000    2.795083 v _205_/D (sky130_fd_sc_hd__dfrtp_2)
                                              2.795083   data arrival time

                      0.150000   10.000000   10.000000   clock HCLK (rise edge)
                                  0.000000   10.000000   clock network delay (ideal)
                                 -0.250000    9.750000   clock uncertainty
                                  0.000000    9.750000   clock reconvergence pessimism
                                              9.750000 ^ _205_/CLK (sky130_fd_sc_hd__dfrtp_2)
                                 -0.065641    9.684360   library setup time
                                              9.684360   data required time
---------------------------------------------------------------------------------------------
                                              9.684360   data required time
                                             -2.795083   data arrival time
---------------------------------------------------------------------------------------------
                                              6.889276   slack (MET)


Startpoint: HTRANS[1] (input port clocked by HCLK)
Endpoint: _206_ (rising edge-triggered flip-flop clocked by HCLK)
Path Group: HCLK
Path Type: max

Fanout         Cap        Slew       Delay        Time   Description
---------------------------------------------------------------------------------------------
                      0.150000    0.000000    0.000000   clock HCLK (rise edge)
                                  0.000000    0.000000   clock network delay (ideal)
                                  2.000000    2.000000 v input external delay
     2    0.006554    0.010821    0.005972    2.005972 v HTRANS[1] (in)
                                                         HTRANS[1] (net)
                      0.010821    0.000000    2.005972 v _083_/A (sky130_fd_sc_hd__nand2_2)
    65    0.239590    0.904626    0.636469    2.642441 ^ _083_/Y (sky130_fd_sc_hd__nand2_2)
                                                         _071_ (net)
                      0.904626    0.000000    2.642441 ^ _139_/S (sky130_fd_sc_hd__mux2_1)
     1    0.002059    0.041373    0.152643    2.795083 v _139_/X (sky130_fd_sc_hd__mux2_1)
                                                         _055_ (net)
                      0.041373    0.000000    2.795083 v _206_/D (sky130_fd_sc_hd__dfrtp_2)
                                              2.795083   data arrival time

                      0.150000   10.000000   10.000000   clock HCLK (rise edge)
                                  0.000000   10.000000   clock network delay (ideal)
                                 -0.250000    9.750000   clock uncertainty
                                  0.000000    9.750000   clock reconvergence pessimism
                                              9.750000 ^ _206_/CLK (sky130_fd_sc_hd__dfrtp_2)
                                 -0.065641    9.684360   library setup time
                                              9.684360   data required time
---------------------------------------------------------------------------------------------
                                              9.684360   data required time
                                             -2.795083   data arrival time
---------------------------------------------------------------------------------------------
                                              6.889276   slack (MET)


Startpoint: HTRANS[1] (input port clocked by HCLK)
Endpoint: _207_ (rising edge-triggered flip-flop clocked by HCLK)
Path Group: HCLK
Path Type: max

Fanout         Cap        Slew       Delay        Time   Description
---------------------------------------------------------------------------------------------
                      0.150000    0.000000    0.000000   clock HCLK (rise edge)
                                  0.000000    0.000000   clock network delay (ideal)
                                  2.000000    2.000000 v input external delay
     2    0.006554    0.010821    0.005972    2.005972 v HTRANS[1] (in)
                                                         HTRANS[1] (net)
                      0.010821    0.000000    2.005972 v _083_/A (sky130_fd_sc_hd__nand2_2)
    65    0.239590    0.904626    0.636469    2.642441 ^ _083_/Y (sky130_fd_sc_hd__nand2_2)
                                                         _071_ (net)
                      0.904626    0.000000    2.642441 ^ _140_/S (sky130_fd_sc_hd__mux2_1)
     1    0.002059    0.041373    0.152643    2.795083 v _140_/X (sky130_fd_sc_hd__mux2_1)
                                                         _056_ (net)
                      0.041373    0.000000    2.795083 v _207_/D (sky130_fd_sc_hd__dfrtp_2)
                                              2.795083   data arrival time

                      0.150000   10.000000   10.000000   clock HCLK (rise edge)
                                  0.000000   10.000000   clock network delay (ideal)
                                 -0.250000    9.750000   clock uncertainty
                                  0.000000    9.750000   clock reconvergence pessimism
                                              9.750000 ^ _207_/CLK (sky130_fd_sc_hd__dfrtp_2)
                                 -0.065641    9.684360   library setup time
                                              9.684360   data required time
---------------------------------------------------------------------------------------------
                                              9.684360   data required time
                                             -2.795083   data arrival time
---------------------------------------------------------------------------------------------
                                              6.889276   slack (MET)


Startpoint: HTRANS[1] (input port clocked by HCLK)
Endpoint: _208_ (rising edge-triggered flip-flop clocked by HCLK)
Path Group: HCLK
Path Type: max

Fanout         Cap        Slew       Delay        Time   Description
---------------------------------------------------------------------------------------------
                      0.150000    0.000000    0.000000   clock HCLK (rise edge)
                                  0.000000    0.000000   clock network delay (ideal)
                                  2.000000    2.000000 v input external delay
     2    0.006554    0.010821    0.005972    2.005972 v HTRANS[1] (in)
                                                         HTRANS[1] (net)
                      0.010821    0.000000    2.005972 v _083_/A (sky130_fd_sc_hd__nand2_2)
    65    0.239590    0.904626    0.636469    2.642441 ^ _083_/Y (sky130_fd_sc_hd__nand2_2)
                                                         _071_ (net)
                      0.904626    0.000000    2.642441 ^ _141_/S (sky130_fd_sc_hd__mux2_1)
     1    0.002059    0.041373    0.152643    2.795083 v _141_/X (sky130_fd_sc_hd__mux2_1)
                                                         _057_ (net)
                      0.041373    0.000000    2.795083 v _208_/D (sky130_fd_sc_hd__dfrtp_2)
                                              2.795083   data arrival time

                      0.150000   10.000000   10.000000   clock HCLK (rise edge)
                                  0.000000   10.000000   clock network delay (ideal)
                                 -0.250000    9.750000   clock uncertainty
                                  0.000000    9.750000   clock reconvergence pessimism
                                              9.750000 ^ _208_/CLK (sky130_fd_sc_hd__dfrtp_2)
                                 -0.065641    9.684360   library setup time
                                              9.684360   data required time
---------------------------------------------------------------------------------------------
                                              9.684360   data required time
                                             -2.795083   data arrival time
---------------------------------------------------------------------------------------------
                                              6.889276   slack (MET)


Startpoint: HTRANS[1] (input port clocked by HCLK)
Endpoint: _209_ (rising edge-triggered flip-flop clocked by HCLK)
Path Group: HCLK
Path Type: max

Fanout         Cap        Slew       Delay        Time   Description
---------------------------------------------------------------------------------------------
                      0.150000    0.000000    0.000000   clock HCLK (rise edge)
                                  0.000000    0.000000   clock network delay (ideal)
                                  2.000000    2.000000 v input external delay
     2    0.006554    0.010821    0.005972    2.005972 v HTRANS[1] (in)
                                                         HTRANS[1] (net)
                      0.010821    0.000000    2.005972 v _083_/A (sky130_fd_sc_hd__nand2_2)
    65    0.239590    0.904626    0.636469    2.642441 ^ _083_/Y (sky130_fd_sc_hd__nand2_2)
                                                         _071_ (net)
                      0.904626    0.000000    2.642441 ^ _142_/S (sky130_fd_sc_hd__mux2_1)
     1    0.002059    0.041373    0.152643    2.795083 v _142_/X (sky130_fd_sc_hd__mux2_1)
                                                         _058_ (net)
                      0.041373    0.000000    2.795083 v _209_/D (sky130_fd_sc_hd__dfrtp_2)
                                              2.795083   data arrival time

                      0.150000   10.000000   10.000000   clock HCLK (rise edge)
                                  0.000000   10.000000   clock network delay (ideal)
                                 -0.250000    9.750000   clock uncertainty
                                  0.000000    9.750000   clock reconvergence pessimism
                                              9.750000 ^ _209_/CLK (sky130_fd_sc_hd__dfrtp_2)
                                 -0.065641    9.684360   library setup time
                                              9.684360   data required time
---------------------------------------------------------------------------------------------
                                              9.684360   data required time
                                             -2.795083   data arrival time
---------------------------------------------------------------------------------------------
                                              6.889276   slack (MET)


Startpoint: HTRANS[1] (input port clocked by HCLK)
Endpoint: _210_ (rising edge-triggered flip-flop clocked by HCLK)
Path Group: HCLK
Path Type: max

Fanout         Cap        Slew       Delay        Time   Description
---------------------------------------------------------------------------------------------
                      0.150000    0.000000    0.000000   clock HCLK (rise edge)
                                  0.000000    0.000000   clock network delay (ideal)
                                  2.000000    2.000000 v input external delay
     2    0.006554    0.010821    0.005972    2.005972 v HTRANS[1] (in)
                                                         HTRANS[1] (net)
                      0.010821    0.000000    2.005972 v _083_/A (sky130_fd_sc_hd__nand2_2)
    65    0.239590    0.904626    0.636469    2.642441 ^ _083_/Y (sky130_fd_sc_hd__nand2_2)
                                                         _071_ (net)
                      0.904626    0.000000    2.642441 ^ _143_/S (sky130_fd_sc_hd__mux2_1)
     1    0.002059    0.041373    0.152643    2.795083 v _143_/X (sky130_fd_sc_hd__mux2_1)
                                                         _059_ (net)
                      0.041373    0.000000    2.795083 v _210_/D (sky130_fd_sc_hd__dfrtp_2)
                                              2.795083   data arrival time

                      0.150000   10.000000   10.000000   clock HCLK (rise edge)
                                  0.000000   10.000000   clock network delay (ideal)
                                 -0.250000    9.750000   clock uncertainty
                                  0.000000    9.750000   clock reconvergence pessimism
                                              9.750000 ^ _210_/CLK (sky130_fd_sc_hd__dfrtp_2)
                                 -0.065641    9.684360   library setup time
                                              9.684360   data required time
---------------------------------------------------------------------------------------------
                                              9.684360   data required time
                                             -2.795083   data arrival time
---------------------------------------------------------------------------------------------
                                              6.889276   slack (MET)


Startpoint: HTRANS[1] (input port clocked by HCLK)
Endpoint: _211_ (rising edge-triggered flip-flop clocked by HCLK)
Path Group: HCLK
Path Type: max

Fanout         Cap        Slew       Delay        Time   Description
---------------------------------------------------------------------------------------------
                      0.150000    0.000000    0.000000   clock HCLK (rise edge)
                                  0.000000    0.000000   clock network delay (ideal)
                                  2.000000    2.000000 v input external delay
     2    0.006554    0.010821    0.005972    2.005972 v HTRANS[1] (in)
                                                         HTRANS[1] (net)
                      0.010821    0.000000    2.005972 v _083_/A (sky130_fd_sc_hd__nand2_2)
    65    0.239590    0.904626    0.636469    2.642441 ^ _083_/Y (sky130_fd_sc_hd__nand2_2)
                                                         _071_ (net)
                      0.904626    0.000000    2.642441 ^ _144_/S (sky130_fd_sc_hd__mux2_1)
     1    0.002059    0.041373    0.152643    2.795083 v _144_/X (sky130_fd_sc_hd__mux2_1)
                                                         _060_ (net)
                      0.041373    0.000000    2.795083 v _211_/D (sky130_fd_sc_hd__dfrtp_2)
                                              2.795083   data arrival time

                      0.150000   10.000000   10.000000   clock HCLK (rise edge)
                                  0.000000   10.000000   clock network delay (ideal)
                                 -0.250000    9.750000   clock uncertainty
                                  0.000000    9.750000   clock reconvergence pessimism
                                              9.750000 ^ _211_/CLK (sky130_fd_sc_hd__dfrtp_2)
                                 -0.065641    9.684360   library setup time
                                              9.684360   data required time
---------------------------------------------------------------------------------------------
                                              9.684360   data required time
                                             -2.795083   data arrival time
---------------------------------------------------------------------------------------------
                                              6.889276   slack (MET)


Startpoint: HTRANS[1] (input port clocked by HCLK)
Endpoint: _212_ (rising edge-triggered flip-flop clocked by HCLK)
Path Group: HCLK
Path Type: max

Fanout         Cap        Slew       Delay        Time   Description
---------------------------------------------------------------------------------------------
                      0.150000    0.000000    0.000000   clock HCLK (rise edge)
                                  0.000000    0.000000   clock network delay (ideal)
                                  2.000000    2.000000 v input external delay
     2    0.006554    0.010821    0.005972    2.005972 v HTRANS[1] (in)
                                                         HTRANS[1] (net)
                      0.010821    0.000000    2.005972 v _083_/A (sky130_fd_sc_hd__nand2_2)
    65    0.239590    0.904626    0.636469    2.642441 ^ _083_/Y (sky130_fd_sc_hd__nand2_2)
                                                         _071_ (net)
                      0.904626    0.000000    2.642441 ^ _145_/S (sky130_fd_sc_hd__mux2_1)
     1    0.002059    0.041373    0.152643    2.795083 v _145_/X (sky130_fd_sc_hd__mux2_1)
                                                         _061_ (net)
                      0.041373    0.000000    2.795083 v _212_/D (sky130_fd_sc_hd__dfrtp_2)
                                              2.795083   data arrival time

                      0.150000   10.000000   10.000000   clock HCLK (rise edge)
                                  0.000000   10.000000   clock network delay (ideal)
                                 -0.250000    9.750000   clock uncertainty
                                  0.000000    9.750000   clock reconvergence pessimism
                                              9.750000 ^ _212_/CLK (sky130_fd_sc_hd__dfrtp_2)
                                 -0.065641    9.684360   library setup time
                                              9.684360   data required time
---------------------------------------------------------------------------------------------
                                              9.684360   data required time
                                             -2.795083   data arrival time
---------------------------------------------------------------------------------------------
                                              6.889276   slack (MET)


Startpoint: HTRANS[1] (input port clocked by HCLK)
Endpoint: _213_ (rising edge-triggered flip-flop clocked by HCLK)
Path Group: HCLK
Path Type: max

Fanout         Cap        Slew       Delay        Time   Description
---------------------------------------------------------------------------------------------
                      0.150000    0.000000    0.000000   clock HCLK (rise edge)
                                  0.000000    0.000000   clock network delay (ideal)
                                  2.000000    2.000000 v input external delay
     2    0.006554    0.010821    0.005972    2.005972 v HTRANS[1] (in)
                                                         HTRANS[1] (net)
                      0.010821    0.000000    2.005972 v _083_/A (sky130_fd_sc_hd__nand2_2)
    65    0.239590    0.904626    0.636469    2.642441 ^ _083_/Y (sky130_fd_sc_hd__nand2_2)
                                                         _071_ (net)
                      0.904626    0.000000    2.642441 ^ _146_/S (sky130_fd_sc_hd__mux2_1)
     1    0.002059    0.041373    0.152643    2.795083 v _146_/X (sky130_fd_sc_hd__mux2_1)
                                                         _062_ (net)
                      0.041373    0.000000    2.795083 v _213_/D (sky130_fd_sc_hd__dfrtp_2)
                                              2.795083   data arrival time

                      0.150000   10.000000   10.000000   clock HCLK (rise edge)
                                  0.000000   10.000000   clock network delay (ideal)
                                 -0.250000    9.750000   clock uncertainty
                                  0.000000    9.750000   clock reconvergence pessimism
                                              9.750000 ^ _213_/CLK (sky130_fd_sc_hd__dfrtp_2)
                                 -0.065641    9.684360   library setup time
                                              9.684360   data required time
---------------------------------------------------------------------------------------------
                                              9.684360   data required time
                                             -2.795083   data arrival time
---------------------------------------------------------------------------------------------
                                              6.889276   slack (MET)


Startpoint: HTRANS[1] (input port clocked by HCLK)
Endpoint: _214_ (rising edge-triggered flip-flop clocked by HCLK)
Path Group: HCLK
Path Type: max

Fanout         Cap        Slew       Delay        Time   Description
---------------------------------------------------------------------------------------------
                      0.150000    0.000000    0.000000   clock HCLK (rise edge)
                                  0.000000    0.000000   clock network delay (ideal)
                                  2.000000    2.000000 v input external delay
     2    0.006554    0.010821    0.005972    2.005972 v HTRANS[1] (in)
                                                         HTRANS[1] (net)
                      0.010821    0.000000    2.005972 v _083_/A (sky130_fd_sc_hd__nand2_2)
    65    0.239590    0.904626    0.636469    2.642441 ^ _083_/Y (sky130_fd_sc_hd__nand2_2)
                                                         _071_ (net)
                      0.904626    0.000000    2.642441 ^ _147_/S (sky130_fd_sc_hd__mux2_1)
     1    0.002059    0.041373    0.152643    2.795083 v _147_/X (sky130_fd_sc_hd__mux2_1)
                                                         _063_ (net)
                      0.041373    0.000000    2.795083 v _214_/D (sky130_fd_sc_hd__dfrtp_2)
                                              2.795083   data arrival time

                      0.150000   10.000000   10.000000   clock HCLK (rise edge)
                                  0.000000   10.000000   clock network delay (ideal)
                                 -0.250000    9.750000   clock uncertainty
                                  0.000000    9.750000   clock reconvergence pessimism
                                              9.750000 ^ _214_/CLK (sky130_fd_sc_hd__dfrtp_2)
                                 -0.065641    9.684360   library setup time
                                              9.684360   data required time
---------------------------------------------------------------------------------------------
                                              9.684360   data required time
                                             -2.795083   data arrival time
---------------------------------------------------------------------------------------------
                                              6.889276   slack (MET)


Startpoint: HTRANS[1] (input port clocked by HCLK)
Endpoint: _215_ (rising edge-triggered flip-flop clocked by HCLK)
Path Group: HCLK
Path Type: max

Fanout         Cap        Slew       Delay        Time   Description
---------------------------------------------------------------------------------------------
                      0.150000    0.000000    0.000000   clock HCLK (rise edge)
                                  0.000000    0.000000   clock network delay (ideal)
                                  2.000000    2.000000 v input external delay
     2    0.006554    0.010821    0.005972    2.005972 v HTRANS[1] (in)
                                                         HTRANS[1] (net)
                      0.010821    0.000000    2.005972 v _083_/A (sky130_fd_sc_hd__nand2_2)
    65    0.239590    0.904626    0.636469    2.642441 ^ _083_/Y (sky130_fd_sc_hd__nand2_2)
                                                         _071_ (net)
                      0.904626    0.000000    2.642441 ^ _148_/S (sky130_fd_sc_hd__mux2_1)
     1    0.002059    0.041373    0.152643    2.795083 v _148_/X (sky130_fd_sc_hd__mux2_1)
                                                         _064_ (net)
                      0.041373    0.000000    2.795083 v _215_/D (sky130_fd_sc_hd__dfrtp_2)
                                              2.795083   data arrival time

                      0.150000   10.000000   10.000000   clock HCLK (rise edge)
                                  0.000000   10.000000   clock network delay (ideal)
                                 -0.250000    9.750000   clock uncertainty
                                  0.000000    9.750000   clock reconvergence pessimism
                                              9.750000 ^ _215_/CLK (sky130_fd_sc_hd__dfrtp_2)
                                 -0.065641    9.684360   library setup time
                                              9.684360   data required time
---------------------------------------------------------------------------------------------
                                              9.684360   data required time
                                             -2.795083   data arrival time
---------------------------------------------------------------------------------------------
                                              6.889276   slack (MET)


Startpoint: _216_ (rising edge-triggered flip-flop clocked by HCLK)
Endpoint: PSEL[0] (output port clocked by HCLK)
Path Group: HCLK
Path Type: max

Fanout         Cap        Slew       Delay        Time   Description
---------------------------------------------------------------------------------------------
                      0.150000    0.000000    0.000000   clock HCLK (rise edge)
                                  0.000000    0.000000   clock network delay (ideal)
                      0.150000    0.000000    0.000000 ^ _216_/CLK (sky130_fd_sc_hd__dfrtp_2)
     5    0.019973    0.058524    0.303298    0.303298 v _216_/Q (sky130_fd_sc_hd__dfrtp_2)
                                                         u_bridge_fsm.state[0] (net)
                      0.058524    0.000000    0.303298 v _076_/A (sky130_fd_sc_hd__xor2_2)
     6    0.013508    0.157705    0.167350    0.470649 ^ _076_/X (sky130_fd_sc_hd__xor2_2)
                                                         _070_ (net)
                      0.157705    0.000000    0.470649 ^ _077_/C_N (sky130_fd_sc_hd__nor3b_2)
     1    0.033442    0.414360    0.356715    0.827364 ^ _077_/Y (sky130_fd_sc_hd__nor3b_2)
                                                         PSEL[0] (net)
                      0.414360    0.000000    0.827364 ^ PSEL[0] (out)
                                              0.827364   data arrival time

                      0.150000   10.000000   10.000000   clock HCLK (rise edge)
                                  0.000000   10.000000   clock network delay (ideal)
                                 -0.250000    9.750000   clock uncertainty
                                  0.000000    9.750000   clock reconvergence pessimism
                                 -2.000000    7.750000   output external delay
                                              7.750000   data required time
---------------------------------------------------------------------------------------------
                                              7.750000   data required time
                                             -0.827364   data arrival time
---------------------------------------------------------------------------------------------
                                              6.922637   slack (MET)


Startpoint: _216_ (rising edge-triggered flip-flop clocked by HCLK)
Endpoint: PSEL[1] (output port clocked by HCLK)
Path Group: HCLK
Path Type: max

Fanout         Cap        Slew       Delay        Time   Description
---------------------------------------------------------------------------------------------
                      0.150000    0.000000    0.000000   clock HCLK (rise edge)
                                  0.000000    0.000000   clock network delay (ideal)
                      0.150000    0.000000    0.000000 ^ _216_/CLK (sky130_fd_sc_hd__dfrtp_2)
     5    0.019973    0.058524    0.303298    0.303298 v _216_/Q (sky130_fd_sc_hd__dfrtp_2)
                                                         u_bridge_fsm.state[0] (net)
                      0.058524    0.000000    0.303298 v _076_/A (sky130_fd_sc_hd__xor2_2)
     6    0.013508    0.157705    0.167350    0.470649 ^ _076_/X (sky130_fd_sc_hd__xor2_2)
                                                         _070_ (net)
                      0.157705    0.000000    0.470649 ^ _078_/B (sky130_fd_sc_hd__and3b_2)
     1    0.033442    0.135038    0.206891    0.677539 ^ _078_/X (sky130_fd_sc_hd__and3b_2)
                                                         PSEL[1] (net)
                      0.135038    0.000000    0.677539 ^ PSEL[1] (out)
                                              0.677539   data arrival time

                      0.150000   10.000000   10.000000   clock HCLK (rise edge)
                                  0.000000   10.000000   clock network delay (ideal)
                                 -0.250000    9.750000   clock uncertainty
                                  0.000000    9.750000   clock reconvergence pessimism
                                 -2.000000    7.750000   output external delay
                                              7.750000   data required time
---------------------------------------------------------------------------------------------
                                              7.750000   data required time
                                             -0.677539   data arrival time
---------------------------------------------------------------------------------------------
                                              7.072461   slack (MET)


Startpoint: _216_ (rising edge-triggered flip-flop clocked by HCLK)
Endpoint: PSEL[2] (output port clocked by HCLK)
Path Group: HCLK
Path Type: max

Fanout         Cap        Slew       Delay        Time   Description
---------------------------------------------------------------------------------------------
                      0.150000    0.000000    0.000000   clock HCLK (rise edge)
                                  0.000000    0.000000   clock network delay (ideal)
                      0.150000    0.000000    0.000000 ^ _216_/CLK (sky130_fd_sc_hd__dfrtp_2)
     5    0.019973    0.058524    0.303298    0.303298 v _216_/Q (sky130_fd_sc_hd__dfrtp_2)
                                                         u_bridge_fsm.state[0] (net)
                      0.058524    0.000000    0.303298 v _076_/A (sky130_fd_sc_hd__xor2_2)
     6    0.013508    0.157705    0.167350    0.470649 ^ _076_/X (sky130_fd_sc_hd__xor2_2)
                                                         _070_ (net)
                      0.157705    0.000000    0.470649 ^ _079_/C (sky130_fd_sc_hd__and3b_2)
     1    0.033442    0.134967    0.204229    0.674878 ^ _079_/X (sky130_fd_sc_hd__and3b_2)
                                                         PSEL[2] (net)
                      0.134967    0.000000    0.674878 ^ PSEL[2] (out)
                                              0.674878   data arrival time

                      0.150000   10.000000   10.000000   clock HCLK (rise edge)
                                  0.000000   10.000000   clock network delay (ideal)
                                 -0.250000    9.750000   clock uncertainty
                                  0.000000    9.750000   clock reconvergence pessimism
                                 -2.000000    7.750000   output external delay
                                              7.750000   data required time
---------------------------------------------------------------------------------------------
                                              7.750000   data required time
                                             -0.674878   data arrival time
---------------------------------------------------------------------------------------------
                                              7.075122   slack (MET)


Startpoint: _216_ (rising edge-triggered flip-flop clocked by HCLK)
Endpoint: PSEL[3] (output port clocked by HCLK)
Path Group: HCLK
Path Type: max

Fanout         Cap        Slew       Delay        Time   Description
---------------------------------------------------------------------------------------------
                      0.150000    0.000000    0.000000   clock HCLK (rise edge)
                                  0.000000    0.000000   clock network delay (ideal)
                      0.150000    0.000000    0.000000 ^ _216_/CLK (sky130_fd_sc_hd__dfrtp_2)
     5    0.019973    0.058524    0.303298    0.303298 v _216_/Q (sky130_fd_sc_hd__dfrtp_2)
                                                         u_bridge_fsm.state[0] (net)
                      0.058524    0.000000    0.303298 v _076_/A (sky130_fd_sc_hd__xor2_2)
     6    0.013508    0.157705    0.167350    0.470649 ^ _076_/X (sky130_fd_sc_hd__xor2_2)
                                                         _070_ (net)
                      0.157705    0.000000    0.470649 ^ _080_/C (sky130_fd_sc_hd__and3_2)
     1    0.033442    0.135035    0.203051    0.673699 ^ _080_/X (sky130_fd_sc_hd__and3_2)
                                                         PSEL[3] (net)
                      0.135035    0.000000    0.673699 ^ PSEL[3] (out)
                                              0.673699   data arrival time

                      0.150000   10.000000   10.000000   clock HCLK (rise edge)
                                  0.000000   10.000000   clock network delay (ideal)
                                 -0.250000    9.750000   clock uncertainty
                                  0.000000    9.750000   clock reconvergence pessimism
                                 -2.000000    7.750000   output external delay
                                              7.750000   data required time
---------------------------------------------------------------------------------------------
                                              7.750000   data required time
                                             -0.673699   data arrival time
---------------------------------------------------------------------------------------------
                                              7.076301   slack (MET)


Startpoint: HRESETn (input port clocked by HCLK)
Endpoint: _151_ (recovery check against rising-edge clock HCLK)
Path Group: asynchronous
Path Type: max

Fanout         Cap        Slew       Delay        Time   Description
---------------------------------------------------------------------------------------------
                      0.150000    0.000000    0.000000   clock HCLK (rise edge)
                                  0.000000    0.000000   clock network delay (ideal)
                                  2.000000    2.000000 ^ input external delay
    67    0.242339    0.816141    0.565423    2.565423 ^ HRESETn (in)
                                                         HRESETn (net)
                      0.816141    0.000000    2.565423 ^ _151_/RESET_B (sky130_fd_sc_hd__dfrtp_2)
                                              2.565423   data arrival time

                      0.150000   10.000000   10.000000   clock HCLK (rise edge)
                                  0.000000   10.000000   clock network delay (ideal)
                                 -0.250000    9.750000   clock uncertainty
                                  0.000000    9.750000   clock reconvergence pessimism
                                              9.750000 ^ _151_/CLK (sky130_fd_sc_hd__dfrtp_2)
                                 -0.056131    9.693869   library recovery time
                                              9.693869   data required time
---------------------------------------------------------------------------------------------
                                              9.693869   data required time
                                             -2.565423   data arrival time
---------------------------------------------------------------------------------------------
                                              7.128447   slack (MET)


Startpoint: HRESETn (input port clocked by HCLK)
Endpoint: _152_ (recovery check against rising-edge clock HCLK)
Path Group: asynchronous
Path Type: max

Fanout         Cap        Slew       Delay        Time   Description
---------------------------------------------------------------------------------------------
                      0.150000    0.000000    0.000000   clock HCLK (rise edge)
                                  0.000000    0.000000   clock network delay (ideal)
                                  2.000000    2.000000 ^ input external delay
    67    0.242339    0.816141    0.565423    2.565423 ^ HRESETn (in)
                                                         HRESETn (net)
                      0.816141    0.000000    2.565423 ^ _152_/RESET_B (sky130_fd_sc_hd__dfrtp_2)
                                              2.565423   data arrival time

                      0.150000   10.000000   10.000000   clock HCLK (rise edge)
                                  0.000000   10.000000   clock network delay (ideal)
                                 -0.250000    9.750000   clock uncertainty
                                  0.000000    9.750000   clock reconvergence pessimism
                                              9.750000 ^ _152_/CLK (sky130_fd_sc_hd__dfrtp_2)
                                 -0.056131    9.693869   library recovery time
                                              9.693869   data required time
---------------------------------------------------------------------------------------------
                                              9.693869   data required time
                                             -2.565423   data arrival time
---------------------------------------------------------------------------------------------
                                              7.128447   slack (MET)


Startpoint: HRESETn (input port clocked by HCLK)
Endpoint: _153_ (recovery check against rising-edge clock HCLK)
Path Group: asynchronous
Path Type: max

Fanout         Cap        Slew       Delay        Time   Description
---------------------------------------------------------------------------------------------
                      0.150000    0.000000    0.000000   clock HCLK (rise edge)
                                  0.000000    0.000000   clock network delay (ideal)
                                  2.000000    2.000000 ^ input external delay
    67    0.242339    0.816141    0.565423    2.565423 ^ HRESETn (in)
                                                         HRESETn (net)
                      0.816141    0.000000    2.565423 ^ _153_/RESET_B (sky130_fd_sc_hd__dfrtp_2)
                                              2.565423   data arrival time

                      0.150000   10.000000   10.000000   clock HCLK (rise edge)
                                  0.000000   10.000000   clock network delay (ideal)
                                 -0.250000    9.750000   clock uncertainty
                                  0.000000    9.750000   clock reconvergence pessimism
                                              9.750000 ^ _153_/CLK (sky130_fd_sc_hd__dfrtp_2)
                                 -0.056131    9.693869   library recovery time
                                              9.693869   data required time
---------------------------------------------------------------------------------------------
                                              9.693869   data required time
                                             -2.565423   data arrival time
---------------------------------------------------------------------------------------------
                                              7.128447   slack (MET)


Startpoint: HRESETn (input port clocked by HCLK)
Endpoint: _154_ (recovery check against rising-edge clock HCLK)
Path Group: asynchronous
Path Type: max

Fanout         Cap        Slew       Delay        Time   Description
---------------------------------------------------------------------------------------------
                      0.150000    0.000000    0.000000   clock HCLK (rise edge)
                                  0.000000    0.000000   clock network delay (ideal)
                                  2.000000    2.000000 ^ input external delay
    67    0.242339    0.816141    0.565423    2.565423 ^ HRESETn (in)
                                                         HRESETn (net)
                      0.816141    0.000000    2.565423 ^ _154_/RESET_B (sky130_fd_sc_hd__dfrtp_2)
                                              2.565423   data arrival time

                      0.150000   10.000000   10.000000   clock HCLK (rise edge)
                                  0.000000   10.000000   clock network delay (ideal)
                                 -0.250000    9.750000   clock uncertainty
                                  0.000000    9.750000   clock reconvergence pessimism
                                              9.750000 ^ _154_/CLK (sky130_fd_sc_hd__dfrtp_2)
                                 -0.056131    9.693869   library recovery time
                                              9.693869   data required time
---------------------------------------------------------------------------------------------
                                              9.693869   data required time
                                             -2.565423   data arrival time
---------------------------------------------------------------------------------------------
                                              7.128447   slack (MET)


Startpoint: HRESETn (input port clocked by HCLK)
Endpoint: _155_ (recovery check against rising-edge clock HCLK)
Path Group: asynchronous
Path Type: max

Fanout         Cap        Slew       Delay        Time   Description
---------------------------------------------------------------------------------------------
                      0.150000    0.000000    0.000000   clock HCLK (rise edge)
                                  0.000000    0.000000   clock network delay (ideal)
                                  2.000000    2.000000 ^ input external delay
    67    0.242339    0.816141    0.565423    2.565423 ^ HRESETn (in)
                                                         HRESETn (net)
                      0.816141    0.000000    2.565423 ^ _155_/RESET_B (sky130_fd_sc_hd__dfrtp_2)
                                              2.565423   data arrival time

                      0.150000   10.000000   10.000000   clock HCLK (rise edge)
                                  0.000000   10.000000   clock network delay (ideal)
                                 -0.250000    9.750000   clock uncertainty
                                  0.000000    9.750000   clock reconvergence pessimism
                                              9.750000 ^ _155_/CLK (sky130_fd_sc_hd__dfrtp_2)
                                 -0.056131    9.693869   library recovery time
                                              9.693869   data required time
---------------------------------------------------------------------------------------------
                                              9.693869   data required time
                                             -2.565423   data arrival time
---------------------------------------------------------------------------------------------
                                              7.128447   slack (MET)


Startpoint: HRESETn (input port clocked by HCLK)
Endpoint: _156_ (recovery check against rising-edge clock HCLK)
Path Group: asynchronous
Path Type: max

Fanout         Cap        Slew       Delay        Time   Description
---------------------------------------------------------------------------------------------
                      0.150000    0.000000    0.000000   clock HCLK (rise edge)
                                  0.000000    0.000000   clock network delay (ideal)
                                  2.000000    2.000000 ^ input external delay
    67    0.242339    0.816141    0.565423    2.565423 ^ HRESETn (in)
                                                         HRESETn (net)
                      0.816141    0.000000    2.565423 ^ _156_/RESET_B (sky130_fd_sc_hd__dfrtp_2)
                                              2.565423   data arrival time

                      0.150000   10.000000   10.000000   clock HCLK (rise edge)
                                  0.000000   10.000000   clock network delay (ideal)
                                 -0.250000    9.750000   clock uncertainty
                                  0.000000    9.750000   clock reconvergence pessimism
                                              9.750000 ^ _156_/CLK (sky130_fd_sc_hd__dfrtp_2)
                                 -0.056131    9.693869   library recovery time
                                              9.693869   data required time
---------------------------------------------------------------------------------------------
                                              9.693869   data required time
                                             -2.565423   data arrival time
---------------------------------------------------------------------------------------------
                                              7.128447   slack (MET)


Startpoint: HRESETn (input port clocked by HCLK)
Endpoint: _157_ (recovery check against rising-edge clock HCLK)
Path Group: asynchronous
Path Type: max

Fanout         Cap        Slew       Delay        Time   Description
---------------------------------------------------------------------------------------------
                      0.150000    0.000000    0.000000   clock HCLK (rise edge)
                                  0.000000    0.000000   clock network delay (ideal)
                                  2.000000    2.000000 ^ input external delay
    67    0.242339    0.816141    0.565423    2.565423 ^ HRESETn (in)
                                                         HRESETn (net)
                      0.816141    0.000000    2.565423 ^ _157_/RESET_B (sky130_fd_sc_hd__dfrtp_2)
                                              2.565423   data arrival time

                      0.150000   10.000000   10.000000   clock HCLK (rise edge)
                                  0.000000   10.000000   clock network delay (ideal)
                                 -0.250000    9.750000   clock uncertainty
                                  0.000000    9.750000   clock reconvergence pessimism
                                              9.750000 ^ _157_/CLK (sky130_fd_sc_hd__dfrtp_2)
                                 -0.056131    9.693869   library recovery time
                                              9.693869   data required time
---------------------------------------------------------------------------------------------
                                              9.693869   data required time
                                             -2.565423   data arrival time
---------------------------------------------------------------------------------------------
                                              7.128447   slack (MET)


Startpoint: HRESETn (input port clocked by HCLK)
Endpoint: _158_ (recovery check against rising-edge clock HCLK)
Path Group: asynchronous
Path Type: max

Fanout         Cap        Slew       Delay        Time   Description
---------------------------------------------------------------------------------------------
                      0.150000    0.000000    0.000000   clock HCLK (rise edge)
                                  0.000000    0.000000   clock network delay (ideal)
                                  2.000000    2.000000 ^ input external delay
    67    0.242339    0.816141    0.565423    2.565423 ^ HRESETn (in)
                                                         HRESETn (net)
                      0.816141    0.000000    2.565423 ^ _158_/RESET_B (sky130_fd_sc_hd__dfrtp_2)
                                              2.565423   data arrival time

                      0.150000   10.000000   10.000000   clock HCLK (rise edge)
                                  0.000000   10.000000   clock network delay (ideal)
                                 -0.250000    9.750000   clock uncertainty
                                  0.000000    9.750000   clock reconvergence pessimism
                                              9.750000 ^ _158_/CLK (sky130_fd_sc_hd__dfrtp_2)
                                 -0.056131    9.693869   library recovery time
                                              9.693869   data required time
---------------------------------------------------------------------------------------------
                                              9.693869   data required time
                                             -2.565423   data arrival time
---------------------------------------------------------------------------------------------
                                              7.128447   slack (MET)


Startpoint: HRESETn (input port clocked by HCLK)
Endpoint: _159_ (recovery check against rising-edge clock HCLK)
Path Group: asynchronous
Path Type: max

Fanout         Cap        Slew       Delay        Time   Description
---------------------------------------------------------------------------------------------
                      0.150000    0.000000    0.000000   clock HCLK (rise edge)
                                  0.000000    0.000000   clock network delay (ideal)
                                  2.000000    2.000000 ^ input external delay
    67    0.242339    0.816141    0.565423    2.565423 ^ HRESETn (in)
                                                         HRESETn (net)
                      0.816141    0.000000    2.565423 ^ _159_/RESET_B (sky130_fd_sc_hd__dfrtp_2)
                                              2.565423   data arrival time

                      0.150000   10.000000   10.000000   clock HCLK (rise edge)
                                  0.000000   10.000000   clock network delay (ideal)
                                 -0.250000    9.750000   clock uncertainty
                                  0.000000    9.750000   clock reconvergence pessimism
                                              9.750000 ^ _159_/CLK (sky130_fd_sc_hd__dfrtp_2)
                                 -0.056131    9.693869   library recovery time
                                              9.693869   data required time
---------------------------------------------------------------------------------------------
                                              9.693869   data required time
                                             -2.565423   data arrival time
---------------------------------------------------------------------------------------------
                                              7.128447   slack (MET)


Startpoint: HRESETn (input port clocked by HCLK)
Endpoint: _160_ (recovery check against rising-edge clock HCLK)
Path Group: asynchronous
Path Type: max

Fanout         Cap        Slew       Delay        Time   Description
---------------------------------------------------------------------------------------------
                      0.150000    0.000000    0.000000   clock HCLK (rise edge)
                                  0.000000    0.000000   clock network delay (ideal)
                                  2.000000    2.000000 ^ input external delay
    67    0.242339    0.816141    0.565423    2.565423 ^ HRESETn (in)
                                                         HRESETn (net)
                      0.816141    0.000000    2.565423 ^ _160_/RESET_B (sky130_fd_sc_hd__dfrtp_2)
                                              2.565423   data arrival time

                      0.150000   10.000000   10.000000   clock HCLK (rise edge)
                                  0.000000   10.000000   clock network delay (ideal)
                                 -0.250000    9.750000   clock uncertainty
                                  0.000000    9.750000   clock reconvergence pessimism
                                              9.750000 ^ _160_/CLK (sky130_fd_sc_hd__dfrtp_2)
                                 -0.056131    9.693869   library recovery time
                                              9.693869   data required time
---------------------------------------------------------------------------------------------
                                              9.693869   data required time
                                             -2.565423   data arrival time
---------------------------------------------------------------------------------------------
                                              7.128447   slack (MET)


Startpoint: HRESETn (input port clocked by HCLK)
Endpoint: _161_ (recovery check against rising-edge clock HCLK)
Path Group: asynchronous
Path Type: max

Fanout         Cap        Slew       Delay        Time   Description
---------------------------------------------------------------------------------------------
                      0.150000    0.000000    0.000000   clock HCLK (rise edge)
                                  0.000000    0.000000   clock network delay (ideal)
                                  2.000000    2.000000 ^ input external delay
    67    0.242339    0.816141    0.565423    2.565423 ^ HRESETn (in)
                                                         HRESETn (net)
                      0.816141    0.000000    2.565423 ^ _161_/RESET_B (sky130_fd_sc_hd__dfrtp_2)
                                              2.565423   data arrival time

                      0.150000   10.000000   10.000000   clock HCLK (rise edge)
                                  0.000000   10.000000   clock network delay (ideal)
                                 -0.250000    9.750000   clock uncertainty
                                  0.000000    9.750000   clock reconvergence pessimism
                                              9.750000 ^ _161_/CLK (sky130_fd_sc_hd__dfrtp_2)
                                 -0.056131    9.693869   library recovery time
                                              9.693869   data required time
---------------------------------------------------------------------------------------------
                                              9.693869   data required time
                                             -2.565423   data arrival time
---------------------------------------------------------------------------------------------
                                              7.128447   slack (MET)


Startpoint: HRESETn (input port clocked by HCLK)
Endpoint: _162_ (recovery check against rising-edge clock HCLK)
Path Group: asynchronous
Path Type: max

Fanout         Cap        Slew       Delay        Time   Description
---------------------------------------------------------------------------------------------
                      0.150000    0.000000    0.000000   clock HCLK (rise edge)
                                  0.000000    0.000000   clock network delay (ideal)
                                  2.000000    2.000000 ^ input external delay
    67    0.242339    0.816141    0.565423    2.565423 ^ HRESETn (in)
                                                         HRESETn (net)
                      0.816141    0.000000    2.565423 ^ _162_/RESET_B (sky130_fd_sc_hd__dfrtp_2)
                                              2.565423   data arrival time

                      0.150000   10.000000   10.000000   clock HCLK (rise edge)
                                  0.000000   10.000000   clock network delay (ideal)
                                 -0.250000    9.750000   clock uncertainty
                                  0.000000    9.750000   clock reconvergence pessimism
                                              9.750000 ^ _162_/CLK (sky130_fd_sc_hd__dfrtp_2)
                                 -0.056131    9.693869   library recovery time
                                              9.693869   data required time
---------------------------------------------------------------------------------------------
                                              9.693869   data required time
                                             -2.565423   data arrival time
---------------------------------------------------------------------------------------------
                                              7.128447   slack (MET)


Startpoint: HRESETn (input port clocked by HCLK)
Endpoint: _163_ (recovery check against rising-edge clock HCLK)
Path Group: asynchronous
Path Type: max

Fanout         Cap        Slew       Delay        Time   Description
---------------------------------------------------------------------------------------------
                      0.150000    0.000000    0.000000   clock HCLK (rise edge)
                                  0.000000    0.000000   clock network delay (ideal)
                                  2.000000    2.000000 ^ input external delay
    67    0.242339    0.816141    0.565423    2.565423 ^ HRESETn (in)
                                                         HRESETn (net)
                      0.816141    0.000000    2.565423 ^ _163_/RESET_B (sky130_fd_sc_hd__dfrtp_2)
                                              2.565423   data arrival time

                      0.150000   10.000000   10.000000   clock HCLK (rise edge)
                                  0.000000   10.000000   clock network delay (ideal)
                                 -0.250000    9.750000   clock uncertainty
                                  0.000000    9.750000   clock reconvergence pessimism
                                              9.750000 ^ _163_/CLK (sky130_fd_sc_hd__dfrtp_2)
                                 -0.056131    9.693869   library recovery time
                                              9.693869   data required time
---------------------------------------------------------------------------------------------
                                              9.693869   data required time
                                             -2.565423   data arrival time
---------------------------------------------------------------------------------------------
                                              7.128447   slack (MET)


Startpoint: HRESETn (input port clocked by HCLK)
Endpoint: _164_ (recovery check against rising-edge clock HCLK)
Path Group: asynchronous
Path Type: max

Fanout         Cap        Slew       Delay        Time   Description
---------------------------------------------------------------------------------------------
                      0.150000    0.000000    0.000000   clock HCLK (rise edge)
                                  0.000000    0.000000   clock network delay (ideal)
                                  2.000000    2.000000 ^ input external delay
    67    0.242339    0.816141    0.565423    2.565423 ^ HRESETn (in)
                                                         HRESETn (net)
                      0.816141    0.000000    2.565423 ^ _164_/RESET_B (sky130_fd_sc_hd__dfrtp_2)
                                              2.565423   data arrival time

                      0.150000   10.000000   10.000000   clock HCLK (rise edge)
                                  0.000000   10.000000   clock network delay (ideal)
                                 -0.250000    9.750000   clock uncertainty
                                  0.000000    9.750000   clock reconvergence pessimism
                                              9.750000 ^ _164_/CLK (sky130_fd_sc_hd__dfrtp_2)
                                 -0.056131    9.693869   library recovery time
                                              9.693869   data required time
---------------------------------------------------------------------------------------------
                                              9.693869   data required time
                                             -2.565423   data arrival time
---------------------------------------------------------------------------------------------
                                              7.128447   slack (MET)


Startpoint: HRESETn (input port clocked by HCLK)
Endpoint: _165_ (recovery check against rising-edge clock HCLK)
Path Group: asynchronous
Path Type: max

Fanout         Cap        Slew       Delay        Time   Description
---------------------------------------------------------------------------------------------
                      0.150000    0.000000    0.000000   clock HCLK (rise edge)
                                  0.000000    0.000000   clock network delay (ideal)
                                  2.000000    2.000000 ^ input external delay
    67    0.242339    0.816141    0.565423    2.565423 ^ HRESETn (in)
                                                         HRESETn (net)
                      0.816141    0.000000    2.565423 ^ _165_/RESET_B (sky130_fd_sc_hd__dfrtp_2)
                                              2.565423   data arrival time

                      0.150000   10.000000   10.000000   clock HCLK (rise edge)
                                  0.000000   10.000000   clock network delay (ideal)
                                 -0.250000    9.750000   clock uncertainty
                                  0.000000    9.750000   clock reconvergence pessimism
                                              9.750000 ^ _165_/CLK (sky130_fd_sc_hd__dfrtp_2)
                                 -0.056131    9.693869   library recovery time
                                              9.693869   data required time
---------------------------------------------------------------------------------------------
                                              9.693869   data required time
                                             -2.565423   data arrival time
---------------------------------------------------------------------------------------------
                                              7.128447   slack (MET)


Startpoint: HRESETn (input port clocked by HCLK)
Endpoint: _166_ (recovery check against rising-edge clock HCLK)
Path Group: asynchronous
Path Type: max

Fanout         Cap        Slew       Delay        Time   Description
---------------------------------------------------------------------------------------------
                      0.150000    0.000000    0.000000   clock HCLK (rise edge)
                                  0.000000    0.000000   clock network delay (ideal)
                                  2.000000    2.000000 ^ input external delay
    67    0.242339    0.816141    0.565423    2.565423 ^ HRESETn (in)
                                                         HRESETn (net)
                      0.816141    0.000000    2.565423 ^ _166_/RESET_B (sky130_fd_sc_hd__dfrtp_2)
                                              2.565423   data arrival time

                      0.150000   10.000000   10.000000   clock HCLK (rise edge)
                                  0.000000   10.000000   clock network delay (ideal)
                                 -0.250000    9.750000   clock uncertainty
                                  0.000000    9.750000   clock reconvergence pessimism
                                              9.750000 ^ _166_/CLK (sky130_fd_sc_hd__dfrtp_2)
                                 -0.056131    9.693869   library recovery time
                                              9.693869   data required time
---------------------------------------------------------------------------------------------
                                              9.693869   data required time
                                             -2.565423   data arrival time
---------------------------------------------------------------------------------------------
                                              7.128447   slack (MET)


Startpoint: HRESETn (input port clocked by HCLK)
Endpoint: _167_ (recovery check against rising-edge clock HCLK)
Path Group: asynchronous
Path Type: max

Fanout         Cap        Slew       Delay        Time   Description
---------------------------------------------------------------------------------------------
                      0.150000    0.000000    0.000000   clock HCLK (rise edge)
                                  0.000000    0.000000   clock network delay (ideal)
                                  2.000000    2.000000 ^ input external delay
    67    0.242339    0.816141    0.565423    2.565423 ^ HRESETn (in)
                                                         HRESETn (net)
                      0.816141    0.000000    2.565423 ^ _167_/RESET_B (sky130_fd_sc_hd__dfrtp_2)
                                              2.565423   data arrival time

                      0.150000   10.000000   10.000000   clock HCLK (rise edge)
                                  0.000000   10.000000   clock network delay (ideal)
                                 -0.250000    9.750000   clock uncertainty
                                  0.000000    9.750000   clock reconvergence pessimism
                                              9.750000 ^ _167_/CLK (sky130_fd_sc_hd__dfrtp_2)
                                 -0.056131    9.693869   library recovery time
                                              9.693869   data required time
---------------------------------------------------------------------------------------------
                                              9.693869   data required time
                                             -2.565423   data arrival time
---------------------------------------------------------------------------------------------
                                              7.128447   slack (MET)


Startpoint: HRESETn (input port clocked by HCLK)
Endpoint: _168_ (recovery check against rising-edge clock HCLK)
Path Group: asynchronous
Path Type: max

Fanout         Cap        Slew       Delay        Time   Description
---------------------------------------------------------------------------------------------
                      0.150000    0.000000    0.000000   clock HCLK (rise edge)
                                  0.000000    0.000000   clock network delay (ideal)
                                  2.000000    2.000000 ^ input external delay
    67    0.242339    0.816141    0.565423    2.565423 ^ HRESETn (in)
                                                         HRESETn (net)
                      0.816141    0.000000    2.565423 ^ _168_/RESET_B (sky130_fd_sc_hd__dfrtp_2)
                                              2.565423   data arrival time

                      0.150000   10.000000   10.000000   clock HCLK (rise edge)
                                  0.000000   10.000000   clock network delay (ideal)
                                 -0.250000    9.750000   clock uncertainty
                                  0.000000    9.750000   clock reconvergence pessimism
                                              9.750000 ^ _168_/CLK (sky130_fd_sc_hd__dfrtp_2)
                                 -0.056131    9.693869   library recovery time
                                              9.693869   data required time
---------------------------------------------------------------------------------------------
                                              9.693869   data required time
                                             -2.565423   data arrival time
---------------------------------------------------------------------------------------------
                                              7.128447   slack (MET)


Startpoint: HRESETn (input port clocked by HCLK)
Endpoint: _169_ (recovery check against rising-edge clock HCLK)
Path Group: asynchronous
Path Type: max

Fanout         Cap        Slew       Delay        Time   Description
---------------------------------------------------------------------------------------------
                      0.150000    0.000000    0.000000   clock HCLK (rise edge)
                                  0.000000    0.000000   clock network delay (ideal)
                                  2.000000    2.000000 ^ input external delay
    67    0.242339    0.816141    0.565423    2.565423 ^ HRESETn (in)
                                                         HRESETn (net)
                      0.816141    0.000000    2.565423 ^ _169_/RESET_B (sky130_fd_sc_hd__dfrtp_2)
                                              2.565423   data arrival time

                      0.150000   10.000000   10.000000   clock HCLK (rise edge)
                                  0.000000   10.000000   clock network delay (ideal)
                                 -0.250000    9.750000   clock uncertainty
                                  0.000000    9.750000   clock reconvergence pessimism
                                              9.750000 ^ _169_/CLK (sky130_fd_sc_hd__dfrtp_2)
                                 -0.056131    9.693869   library recovery time
                                              9.693869   data required time
---------------------------------------------------------------------------------------------
                                              9.693869   data required time
                                             -2.565423   data arrival time
---------------------------------------------------------------------------------------------
                                              7.128447   slack (MET)


Startpoint: HRESETn (input port clocked by HCLK)
Endpoint: _170_ (recovery check against rising-edge clock HCLK)
Path Group: asynchronous
Path Type: max

Fanout         Cap        Slew       Delay        Time   Description
---------------------------------------------------------------------------------------------
                      0.150000    0.000000    0.000000   clock HCLK (rise edge)
                                  0.000000    0.000000   clock network delay (ideal)
                                  2.000000    2.000000 ^ input external delay
    67    0.242339    0.816141    0.565423    2.565423 ^ HRESETn (in)
                                                         HRESETn (net)
                      0.816141    0.000000    2.565423 ^ _170_/RESET_B (sky130_fd_sc_hd__dfrtp_2)
                                              2.565423   data arrival time

                      0.150000   10.000000   10.000000   clock HCLK (rise edge)
                                  0.000000   10.000000   clock network delay (ideal)
                                 -0.250000    9.750000   clock uncertainty
                                  0.000000    9.750000   clock reconvergence pessimism
                                              9.750000 ^ _170_/CLK (sky130_fd_sc_hd__dfrtp_2)
                                 -0.056131    9.693869   library recovery time
                                              9.693869   data required time
---------------------------------------------------------------------------------------------
                                              9.693869   data required time
                                             -2.565423   data arrival time
---------------------------------------------------------------------------------------------
                                              7.128447   slack (MET)


Startpoint: HRESETn (input port clocked by HCLK)
Endpoint: _171_ (recovery check against rising-edge clock HCLK)
Path Group: asynchronous
Path Type: max

Fanout         Cap        Slew       Delay        Time   Description
---------------------------------------------------------------------------------------------
                      0.150000    0.000000    0.000000   clock HCLK (rise edge)
                                  0.000000    0.000000   clock network delay (ideal)
                                  2.000000    2.000000 ^ input external delay
    67    0.242339    0.816141    0.565423    2.565423 ^ HRESETn (in)
                                                         HRESETn (net)
                      0.816141    0.000000    2.565423 ^ _171_/RESET_B (sky130_fd_sc_hd__dfrtp_2)
                                              2.565423   data arrival time

                      0.150000   10.000000   10.000000   clock HCLK (rise edge)
                                  0.000000   10.000000   clock network delay (ideal)
                                 -0.250000    9.750000   clock uncertainty
                                  0.000000    9.750000   clock reconvergence pessimism
                                              9.750000 ^ _171_/CLK (sky130_fd_sc_hd__dfrtp_2)
                                 -0.056131    9.693869   library recovery time
                                              9.693869   data required time
---------------------------------------------------------------------------------------------
                                              9.693869   data required time
                                             -2.565423   data arrival time
---------------------------------------------------------------------------------------------
                                              7.128447   slack (MET)


Startpoint: HRESETn (input port clocked by HCLK)
Endpoint: _172_ (recovery check against rising-edge clock HCLK)
Path Group: asynchronous
Path Type: max

Fanout         Cap        Slew       Delay        Time   Description
---------------------------------------------------------------------------------------------
                      0.150000    0.000000    0.000000   clock HCLK (rise edge)
                                  0.000000    0.000000   clock network delay (ideal)
                                  2.000000    2.000000 ^ input external delay
    67    0.242339    0.816141    0.565423    2.565423 ^ HRESETn (in)
                                                         HRESETn (net)
                      0.816141    0.000000    2.565423 ^ _172_/RESET_B (sky130_fd_sc_hd__dfrtp_2)
                                              2.565423   data arrival time

                      0.150000   10.000000   10.000000   clock HCLK (rise edge)
                                  0.000000   10.000000   clock network delay (ideal)
                                 -0.250000    9.750000   clock uncertainty
                                  0.000000    9.750000   clock reconvergence pessimism
                                              9.750000 ^ _172_/CLK (sky130_fd_sc_hd__dfrtp_2)
                                 -0.056131    9.693869   library recovery time
                                              9.693869   data required time
---------------------------------------------------------------------------------------------
                                              9.693869   data required time
                                             -2.565423   data arrival time
---------------------------------------------------------------------------------------------
                                              7.128447   slack (MET)


Startpoint: HRESETn (input port clocked by HCLK)
Endpoint: _173_ (recovery check against rising-edge clock HCLK)
Path Group: asynchronous
Path Type: max

Fanout         Cap        Slew       Delay        Time   Description
---------------------------------------------------------------------------------------------
                      0.150000    0.000000    0.000000   clock HCLK (rise edge)
                                  0.000000    0.000000   clock network delay (ideal)
                                  2.000000    2.000000 ^ input external delay
    67    0.242339    0.816141    0.565423    2.565423 ^ HRESETn (in)
                                                         HRESETn (net)
                      0.816141    0.000000    2.565423 ^ _173_/RESET_B (sky130_fd_sc_hd__dfrtp_2)
                                              2.565423   data arrival time

                      0.150000   10.000000   10.000000   clock HCLK (rise edge)
                                  0.000000   10.000000   clock network delay (ideal)
                                 -0.250000    9.750000   clock uncertainty
                                  0.000000    9.750000   clock reconvergence pessimism
                                              9.750000 ^ _173_/CLK (sky130_fd_sc_hd__dfrtp_2)
                                 -0.056131    9.693869   library recovery time
                                              9.693869   data required time
---------------------------------------------------------------------------------------------
                                              9.693869   data required time
                                             -2.565423   data arrival time
---------------------------------------------------------------------------------------------
                                              7.128447   slack (MET)


Startpoint: HRESETn (input port clocked by HCLK)
Endpoint: _174_ (recovery check against rising-edge clock HCLK)
Path Group: asynchronous
Path Type: max

Fanout         Cap        Slew       Delay        Time   Description
---------------------------------------------------------------------------------------------
                      0.150000    0.000000    0.000000   clock HCLK (rise edge)
                                  0.000000    0.000000   clock network delay (ideal)
                                  2.000000    2.000000 ^ input external delay
    67    0.242339    0.816141    0.565423    2.565423 ^ HRESETn (in)
                                                         HRESETn (net)
                      0.816141    0.000000    2.565423 ^ _174_/RESET_B (sky130_fd_sc_hd__dfrtp_2)
                                              2.565423   data arrival time

                      0.150000   10.000000   10.000000   clock HCLK (rise edge)
                                  0.000000   10.000000   clock network delay (ideal)
                                 -0.250000    9.750000   clock uncertainty
                                  0.000000    9.750000   clock reconvergence pessimism
                                              9.750000 ^ _174_/CLK (sky130_fd_sc_hd__dfrtp_2)
                                 -0.056131    9.693869   library recovery time
                                              9.693869   data required time
---------------------------------------------------------------------------------------------
                                              9.693869   data required time
                                             -2.565423   data arrival time
---------------------------------------------------------------------------------------------
                                              7.128447   slack (MET)


Startpoint: HRESETn (input port clocked by HCLK)
Endpoint: _175_ (recovery check against rising-edge clock HCLK)
Path Group: asynchronous
Path Type: max

Fanout         Cap        Slew       Delay        Time   Description
---------------------------------------------------------------------------------------------
                      0.150000    0.000000    0.000000   clock HCLK (rise edge)
                                  0.000000    0.000000   clock network delay (ideal)
                                  2.000000    2.000000 ^ input external delay
    67    0.242339    0.816141    0.565423    2.565423 ^ HRESETn (in)
                                                         HRESETn (net)
                      0.816141    0.000000    2.565423 ^ _175_/RESET_B (sky130_fd_sc_hd__dfrtp_2)
                                              2.565423   data arrival time

                      0.150000   10.000000   10.000000   clock HCLK (rise edge)
                                  0.000000   10.000000   clock network delay (ideal)
                                 -0.250000    9.750000   clock uncertainty
                                  0.000000    9.750000   clock reconvergence pessimism
                                              9.750000 ^ _175_/CLK (sky130_fd_sc_hd__dfrtp_2)
                                 -0.056131    9.693869   library recovery time
                                              9.693869   data required time
---------------------------------------------------------------------------------------------
                                              9.693869   data required time
                                             -2.565423   data arrival time
---------------------------------------------------------------------------------------------
                                              7.128447   slack (MET)


Startpoint: HRESETn (input port clocked by HCLK)
Endpoint: _176_ (recovery check against rising-edge clock HCLK)
Path Group: asynchronous
Path Type: max

Fanout         Cap        Slew       Delay        Time   Description
---------------------------------------------------------------------------------------------
                      0.150000    0.000000    0.000000   clock HCLK (rise edge)
                                  0.000000    0.000000   clock network delay (ideal)
                                  2.000000    2.000000 ^ input external delay
    67    0.242339    0.816141    0.565423    2.565423 ^ HRESETn (in)
                                                         HRESETn (net)
                      0.816141    0.000000    2.565423 ^ _176_/RESET_B (sky130_fd_sc_hd__dfrtp_2)
                                              2.565423   data arrival time

                      0.150000   10.000000   10.000000   clock HCLK (rise edge)
                                  0.000000   10.000000   clock network delay (ideal)
                                 -0.250000    9.750000   clock uncertainty
                                  0.000000    9.750000   clock reconvergence pessimism
                                              9.750000 ^ _176_/CLK (sky130_fd_sc_hd__dfrtp_2)
                                 -0.056131    9.693869   library recovery time
                                              9.693869   data required time
---------------------------------------------------------------------------------------------
                                              9.693869   data required time
                                             -2.565423   data arrival time
---------------------------------------------------------------------------------------------
                                              7.128447   slack (MET)


Startpoint: HRESETn (input port clocked by HCLK)
Endpoint: _177_ (recovery check against rising-edge clock HCLK)
Path Group: asynchronous
Path Type: max

Fanout         Cap        Slew       Delay        Time   Description
---------------------------------------------------------------------------------------------
                      0.150000    0.000000    0.000000   clock HCLK (rise edge)
                                  0.000000    0.000000   clock network delay (ideal)
                                  2.000000    2.000000 ^ input external delay
    67    0.242339    0.816141    0.565423    2.565423 ^ HRESETn (in)
                                                         HRESETn (net)
                      0.816141    0.000000    2.565423 ^ _177_/RESET_B (sky130_fd_sc_hd__dfrtp_2)
                                              2.565423   data arrival time

                      0.150000   10.000000   10.000000   clock HCLK (rise edge)
                                  0.000000   10.000000   clock network delay (ideal)
                                 -0.250000    9.750000   clock uncertainty
                                  0.000000    9.750000   clock reconvergence pessimism
                                              9.750000 ^ _177_/CLK (sky130_fd_sc_hd__dfrtp_2)
                                 -0.056131    9.693869   library recovery time
                                              9.693869   data required time
---------------------------------------------------------------------------------------------
                                              9.693869   data required time
                                             -2.565423   data arrival time
---------------------------------------------------------------------------------------------
                                              7.128447   slack (MET)


Startpoint: HRESETn (input port clocked by HCLK)
Endpoint: _178_ (recovery check against rising-edge clock HCLK)
Path Group: asynchronous
Path Type: max

Fanout         Cap        Slew       Delay        Time   Description
---------------------------------------------------------------------------------------------
                      0.150000    0.000000    0.000000   clock HCLK (rise edge)
                                  0.000000    0.000000   clock network delay (ideal)
                                  2.000000    2.000000 ^ input external delay
    67    0.242339    0.816141    0.565423    2.565423 ^ HRESETn (in)
                                                         HRESETn (net)
                      0.816141    0.000000    2.565423 ^ _178_/RESET_B (sky130_fd_sc_hd__dfrtp_2)
                                              2.565423   data arrival time

                      0.150000   10.000000   10.000000   clock HCLK (rise edge)
                                  0.000000   10.000000   clock network delay (ideal)
                                 -0.250000    9.750000   clock uncertainty
                                  0.000000    9.750000   clock reconvergence pessimism
                                              9.750000 ^ _178_/CLK (sky130_fd_sc_hd__dfrtp_2)
                                 -0.056131    9.693869   library recovery time
                                              9.693869   data required time
---------------------------------------------------------------------------------------------
                                              9.693869   data required time
                                             -2.565423   data arrival time
---------------------------------------------------------------------------------------------
                                              7.128447   slack (MET)


Startpoint: HRESETn (input port clocked by HCLK)
Endpoint: _179_ (recovery check against rising-edge clock HCLK)
Path Group: asynchronous
Path Type: max

Fanout         Cap        Slew       Delay        Time   Description
---------------------------------------------------------------------------------------------
                      0.150000    0.000000    0.000000   clock HCLK (rise edge)
                                  0.000000    0.000000   clock network delay (ideal)
                                  2.000000    2.000000 ^ input external delay
    67    0.242339    0.816141    0.565423    2.565423 ^ HRESETn (in)
                                                         HRESETn (net)
                      0.816141    0.000000    2.565423 ^ _179_/RESET_B (sky130_fd_sc_hd__dfrtp_2)
                                              2.565423   data arrival time

                      0.150000   10.000000   10.000000   clock HCLK (rise edge)
                                  0.000000   10.000000   clock network delay (ideal)
                                 -0.250000    9.750000   clock uncertainty
                                  0.000000    9.750000   clock reconvergence pessimism
                                              9.750000 ^ _179_/CLK (sky130_fd_sc_hd__dfrtp_2)
                                 -0.056131    9.693869   library recovery time
                                              9.693869   data required time
---------------------------------------------------------------------------------------------
                                              9.693869   data required time
                                             -2.565423   data arrival time
---------------------------------------------------------------------------------------------
                                              7.128447   slack (MET)


Startpoint: HRESETn (input port clocked by HCLK)
Endpoint: _180_ (recovery check against rising-edge clock HCLK)
Path Group: asynchronous
Path Type: max

Fanout         Cap        Slew       Delay        Time   Description
---------------------------------------------------------------------------------------------
                      0.150000    0.000000    0.000000   clock HCLK (rise edge)
                                  0.000000    0.000000   clock network delay (ideal)
                                  2.000000    2.000000 ^ input external delay
    67    0.242339    0.816141    0.565423    2.565423 ^ HRESETn (in)
                                                         HRESETn (net)
                      0.816141    0.000000    2.565423 ^ _180_/RESET_B (sky130_fd_sc_hd__dfrtp_2)
                                              2.565423   data arrival time

                      0.150000   10.000000   10.000000   clock HCLK (rise edge)
                                  0.000000   10.000000   clock network delay (ideal)
                                 -0.250000    9.750000   clock uncertainty
                                  0.000000    9.750000   clock reconvergence pessimism
                                              9.750000 ^ _180_/CLK (sky130_fd_sc_hd__dfrtp_2)
                                 -0.056131    9.693869   library recovery time
                                              9.693869   data required time
---------------------------------------------------------------------------------------------
                                              9.693869   data required time
                                             -2.565423   data arrival time
---------------------------------------------------------------------------------------------
                                              7.128447   slack (MET)


Startpoint: HRESETn (input port clocked by HCLK)
Endpoint: _181_ (recovery check against rising-edge clock HCLK)
Path Group: asynchronous
Path Type: max

Fanout         Cap        Slew       Delay        Time   Description
---------------------------------------------------------------------------------------------
                      0.150000    0.000000    0.000000   clock HCLK (rise edge)
                                  0.000000    0.000000   clock network delay (ideal)
                                  2.000000    2.000000 ^ input external delay
    67    0.242339    0.816141    0.565423    2.565423 ^ HRESETn (in)
                                                         HRESETn (net)
                      0.816141    0.000000    2.565423 ^ _181_/RESET_B (sky130_fd_sc_hd__dfrtp_2)
                                              2.565423   data arrival time

                      0.150000   10.000000   10.000000   clock HCLK (rise edge)
                                  0.000000   10.000000   clock network delay (ideal)
                                 -0.250000    9.750000   clock uncertainty
                                  0.000000    9.750000   clock reconvergence pessimism
                                              9.750000 ^ _181_/CLK (sky130_fd_sc_hd__dfrtp_2)
                                 -0.056131    9.693869   library recovery time
                                              9.693869   data required time
---------------------------------------------------------------------------------------------
                                              9.693869   data required time
                                             -2.565423   data arrival time
---------------------------------------------------------------------------------------------
                                              7.128447   slack (MET)


Startpoint: HRESETn (input port clocked by HCLK)
Endpoint: _182_ (recovery check against rising-edge clock HCLK)
Path Group: asynchronous
Path Type: max

Fanout         Cap        Slew       Delay        Time   Description
---------------------------------------------------------------------------------------------
                      0.150000    0.000000    0.000000   clock HCLK (rise edge)
                                  0.000000    0.000000   clock network delay (ideal)
                                  2.000000    2.000000 ^ input external delay
    67    0.242339    0.816141    0.565423    2.565423 ^ HRESETn (in)
                                                         HRESETn (net)
                      0.816141    0.000000    2.565423 ^ _182_/RESET_B (sky130_fd_sc_hd__dfrtp_2)
                                              2.565423   data arrival time

                      0.150000   10.000000   10.000000   clock HCLK (rise edge)
                                  0.000000   10.000000   clock network delay (ideal)
                                 -0.250000    9.750000   clock uncertainty
                                  0.000000    9.750000   clock reconvergence pessimism
                                              9.750000 ^ _182_/CLK (sky130_fd_sc_hd__dfrtp_2)
                                 -0.056131    9.693869   library recovery time
                                              9.693869   data required time
---------------------------------------------------------------------------------------------
                                              9.693869   data required time
                                             -2.565423   data arrival time
---------------------------------------------------------------------------------------------
                                              7.128447   slack (MET)


Startpoint: HRESETn (input port clocked by HCLK)
Endpoint: _183_ (recovery check against rising-edge clock HCLK)
Path Group: asynchronous
Path Type: max

Fanout         Cap        Slew       Delay        Time   Description
---------------------------------------------------------------------------------------------
                      0.150000    0.000000    0.000000   clock HCLK (rise edge)
                                  0.000000    0.000000   clock network delay (ideal)
                                  2.000000    2.000000 ^ input external delay
    67    0.242339    0.816141    0.565423    2.565423 ^ HRESETn (in)
                                                         HRESETn (net)
                      0.816141    0.000000    2.565423 ^ _183_/RESET_B (sky130_fd_sc_hd__dfrtp_2)
                                              2.565423   data arrival time

                      0.150000   10.000000   10.000000   clock HCLK (rise edge)
                                  0.000000   10.000000   clock network delay (ideal)
                                 -0.250000    9.750000   clock uncertainty
                                  0.000000    9.750000   clock reconvergence pessimism
                                              9.750000 ^ _183_/CLK (sky130_fd_sc_hd__dfrtp_2)
                                 -0.056131    9.693869   library recovery time
                                              9.693869   data required time
---------------------------------------------------------------------------------------------
                                              9.693869   data required time
                                             -2.565423   data arrival time
---------------------------------------------------------------------------------------------
                                              7.128447   slack (MET)


Startpoint: HRESETn (input port clocked by HCLK)
Endpoint: _184_ (recovery check against rising-edge clock HCLK)
Path Group: asynchronous
Path Type: max

Fanout         Cap        Slew       Delay        Time   Description
---------------------------------------------------------------------------------------------
                      0.150000    0.000000    0.000000   clock HCLK (rise edge)
                                  0.000000    0.000000   clock network delay (ideal)
                                  2.000000    2.000000 ^ input external delay
    67    0.242339    0.816141    0.565423    2.565423 ^ HRESETn (in)
                                                         HRESETn (net)
                      0.816141    0.000000    2.565423 ^ _184_/RESET_B (sky130_fd_sc_hd__dfrtp_2)
                                              2.565423   data arrival time

                      0.150000   10.000000   10.000000   clock HCLK (rise edge)
                                  0.000000   10.000000   clock network delay (ideal)
                                 -0.250000    9.750000   clock uncertainty
                                  0.000000    9.750000   clock reconvergence pessimism
                                              9.750000 ^ _184_/CLK (sky130_fd_sc_hd__dfrtp_2)
                                 -0.056131    9.693869   library recovery time
                                              9.693869   data required time
---------------------------------------------------------------------------------------------
                                              9.693869   data required time
                                             -2.565423   data arrival time
---------------------------------------------------------------------------------------------
                                              7.128447   slack (MET)


Startpoint: HRESETn (input port clocked by HCLK)
Endpoint: _185_ (recovery check against rising-edge clock HCLK)
Path Group: asynchronous
Path Type: max

Fanout         Cap        Slew       Delay        Time   Description
---------------------------------------------------------------------------------------------
                      0.150000    0.000000    0.000000   clock HCLK (rise edge)
                                  0.000000    0.000000   clock network delay (ideal)
                                  2.000000    2.000000 ^ input external delay
    67    0.242339    0.816141    0.565423    2.565423 ^ HRESETn (in)
                                                         HRESETn (net)
                      0.816141    0.000000    2.565423 ^ _185_/RESET_B (sky130_fd_sc_hd__dfrtp_2)
                                              2.565423   data arrival time

                      0.150000   10.000000   10.000000   clock HCLK (rise edge)
                                  0.000000   10.000000   clock network delay (ideal)
                                 -0.250000    9.750000   clock uncertainty
                                  0.000000    9.750000   clock reconvergence pessimism
                                              9.750000 ^ _185_/CLK (sky130_fd_sc_hd__dfrtp_2)
                                 -0.056131    9.693869   library recovery time
                                              9.693869   data required time
---------------------------------------------------------------------------------------------
                                              9.693869   data required time
                                             -2.565423   data arrival time
---------------------------------------------------------------------------------------------
                                              7.128447   slack (MET)


Startpoint: HRESETn (input port clocked by HCLK)
Endpoint: _186_ (recovery check against rising-edge clock HCLK)
Path Group: asynchronous
Path Type: max

Fanout         Cap        Slew       Delay        Time   Description
---------------------------------------------------------------------------------------------
                      0.150000    0.000000    0.000000   clock HCLK (rise edge)
                                  0.000000    0.000000   clock network delay (ideal)
                                  2.000000    2.000000 ^ input external delay
    67    0.242339    0.816141    0.565423    2.565423 ^ HRESETn (in)
                                                         HRESETn (net)
                      0.816141    0.000000    2.565423 ^ _186_/RESET_B (sky130_fd_sc_hd__dfrtp_2)
                                              2.565423   data arrival time

                      0.150000   10.000000   10.000000   clock HCLK (rise edge)
                                  0.000000   10.000000   clock network delay (ideal)
                                 -0.250000    9.750000   clock uncertainty
                                  0.000000    9.750000   clock reconvergence pessimism
                                              9.750000 ^ _186_/CLK (sky130_fd_sc_hd__dfrtp_2)
                                 -0.056131    9.693869   library recovery time
                                              9.693869   data required time
---------------------------------------------------------------------------------------------
                                              9.693869   data required time
                                             -2.565423   data arrival time
---------------------------------------------------------------------------------------------
                                              7.128447   slack (MET)


Startpoint: HRESETn (input port clocked by HCLK)
Endpoint: _187_ (recovery check against rising-edge clock HCLK)
Path Group: asynchronous
Path Type: max

Fanout         Cap        Slew       Delay        Time   Description
---------------------------------------------------------------------------------------------
                      0.150000    0.000000    0.000000   clock HCLK (rise edge)
                                  0.000000    0.000000   clock network delay (ideal)
                                  2.000000    2.000000 ^ input external delay
    67    0.242339    0.816141    0.565423    2.565423 ^ HRESETn (in)
                                                         HRESETn (net)
                      0.816141    0.000000    2.565423 ^ _187_/RESET_B (sky130_fd_sc_hd__dfrtp_2)
                                              2.565423   data arrival time

                      0.150000   10.000000   10.000000   clock HCLK (rise edge)
                                  0.000000   10.000000   clock network delay (ideal)
                                 -0.250000    9.750000   clock uncertainty
                                  0.000000    9.750000   clock reconvergence pessimism
                                              9.750000 ^ _187_/CLK (sky130_fd_sc_hd__dfrtp_2)
                                 -0.056131    9.693869   library recovery time
                                              9.693869   data required time
---------------------------------------------------------------------------------------------
                                              9.693869   data required time
                                             -2.565423   data arrival time
---------------------------------------------------------------------------------------------
                                              7.128447   slack (MET)


Startpoint: HRESETn (input port clocked by HCLK)
Endpoint: _188_ (recovery check against rising-edge clock HCLK)
Path Group: asynchronous
Path Type: max

Fanout         Cap        Slew       Delay        Time   Description
---------------------------------------------------------------------------------------------
                      0.150000    0.000000    0.000000   clock HCLK (rise edge)
                                  0.000000    0.000000   clock network delay (ideal)
                                  2.000000    2.000000 ^ input external delay
    67    0.242339    0.816141    0.565423    2.565423 ^ HRESETn (in)
                                                         HRESETn (net)
                      0.816141    0.000000    2.565423 ^ _188_/RESET_B (sky130_fd_sc_hd__dfrtp_2)
                                              2.565423   data arrival time

                      0.150000   10.000000   10.000000   clock HCLK (rise edge)
                                  0.000000   10.000000   clock network delay (ideal)
                                 -0.250000    9.750000   clock uncertainty
                                  0.000000    9.750000   clock reconvergence pessimism
                                              9.750000 ^ _188_/CLK (sky130_fd_sc_hd__dfrtp_2)
                                 -0.056131    9.693869   library recovery time
                                              9.693869   data required time
---------------------------------------------------------------------------------------------
                                              9.693869   data required time
                                             -2.565423   data arrival time
---------------------------------------------------------------------------------------------
                                              7.128447   slack (MET)


Startpoint: HRESETn (input port clocked by HCLK)
Endpoint: _189_ (recovery check against rising-edge clock HCLK)
Path Group: asynchronous
Path Type: max

Fanout         Cap        Slew       Delay        Time   Description
---------------------------------------------------------------------------------------------
                      0.150000    0.000000    0.000000   clock HCLK (rise edge)
                                  0.000000    0.000000   clock network delay (ideal)
                                  2.000000    2.000000 ^ input external delay
    67    0.242339    0.816141    0.565423    2.565423 ^ HRESETn (in)
                                                         HRESETn (net)
                      0.816141    0.000000    2.565423 ^ _189_/RESET_B (sky130_fd_sc_hd__dfrtp_2)
                                              2.565423   data arrival time

                      0.150000   10.000000   10.000000   clock HCLK (rise edge)
                                  0.000000   10.000000   clock network delay (ideal)
                                 -0.250000    9.750000   clock uncertainty
                                  0.000000    9.750000   clock reconvergence pessimism
                                              9.750000 ^ _189_/CLK (sky130_fd_sc_hd__dfrtp_2)
                                 -0.056131    9.693869   library recovery time
                                              9.693869   data required time
---------------------------------------------------------------------------------------------
                                              9.693869   data required time
                                             -2.565423   data arrival time
---------------------------------------------------------------------------------------------
                                              7.128447   slack (MET)


Startpoint: HRESETn (input port clocked by HCLK)
Endpoint: _190_ (recovery check against rising-edge clock HCLK)
Path Group: asynchronous
Path Type: max

Fanout         Cap        Slew       Delay        Time   Description
---------------------------------------------------------------------------------------------
                      0.150000    0.000000    0.000000   clock HCLK (rise edge)
                                  0.000000    0.000000   clock network delay (ideal)
                                  2.000000    2.000000 ^ input external delay
    67    0.242339    0.816141    0.565423    2.565423 ^ HRESETn (in)
                                                         HRESETn (net)
                      0.816141    0.000000    2.565423 ^ _190_/RESET_B (sky130_fd_sc_hd__dfrtp_2)
                                              2.565423   data arrival time

                      0.150000   10.000000   10.000000   clock HCLK (rise edge)
                                  0.000000   10.000000   clock network delay (ideal)
                                 -0.250000    9.750000   clock uncertainty
                                  0.000000    9.750000   clock reconvergence pessimism
                                              9.750000 ^ _190_/CLK (sky130_fd_sc_hd__dfrtp_2)
                                 -0.056131    9.693869   library recovery time
                                              9.693869   data required time
---------------------------------------------------------------------------------------------
                                              9.693869   data required time
                                             -2.565423   data arrival time
---------------------------------------------------------------------------------------------
                                              7.128447   slack (MET)


Startpoint: HRESETn (input port clocked by HCLK)
Endpoint: _191_ (recovery check against rising-edge clock HCLK)
Path Group: asynchronous
Path Type: max

Fanout         Cap        Slew       Delay        Time   Description
---------------------------------------------------------------------------------------------
                      0.150000    0.000000    0.000000   clock HCLK (rise edge)
                                  0.000000    0.000000   clock network delay (ideal)
                                  2.000000    2.000000 ^ input external delay
    67    0.242339    0.816141    0.565423    2.565423 ^ HRESETn (in)
                                                         HRESETn (net)
                      0.816141    0.000000    2.565423 ^ _191_/RESET_B (sky130_fd_sc_hd__dfrtp_2)
                                              2.565423   data arrival time

                      0.150000   10.000000   10.000000   clock HCLK (rise edge)
                                  0.000000   10.000000   clock network delay (ideal)
                                 -0.250000    9.750000   clock uncertainty
                                  0.000000    9.750000   clock reconvergence pessimism
                                              9.750000 ^ _191_/CLK (sky130_fd_sc_hd__dfrtp_2)
                                 -0.056131    9.693869   library recovery time
                                              9.693869   data required time
---------------------------------------------------------------------------------------------
                                              9.693869   data required time
                                             -2.565423   data arrival time
---------------------------------------------------------------------------------------------
                                              7.128447   slack (MET)


Startpoint: HRESETn (input port clocked by HCLK)
Endpoint: _192_ (recovery check against rising-edge clock HCLK)
Path Group: asynchronous
Path Type: max

Fanout         Cap        Slew       Delay        Time   Description
---------------------------------------------------------------------------------------------
                      0.150000    0.000000    0.000000   clock HCLK (rise edge)
                                  0.000000    0.000000   clock network delay (ideal)
                                  2.000000    2.000000 ^ input external delay
    67    0.242339    0.816141    0.565423    2.565423 ^ HRESETn (in)
                                                         HRESETn (net)
                      0.816141    0.000000    2.565423 ^ _192_/RESET_B (sky130_fd_sc_hd__dfrtp_2)
                                              2.565423   data arrival time

                      0.150000   10.000000   10.000000   clock HCLK (rise edge)
                                  0.000000   10.000000   clock network delay (ideal)
                                 -0.250000    9.750000   clock uncertainty
                                  0.000000    9.750000   clock reconvergence pessimism
                                              9.750000 ^ _192_/CLK (sky130_fd_sc_hd__dfrtp_2)
                                 -0.056131    9.693869   library recovery time
                                              9.693869   data required time
---------------------------------------------------------------------------------------------
                                              9.693869   data required time
                                             -2.565423   data arrival time
---------------------------------------------------------------------------------------------
                                              7.128447   slack (MET)


Startpoint: HRESETn (input port clocked by HCLK)
Endpoint: _193_ (recovery check against rising-edge clock HCLK)
Path Group: asynchronous
Path Type: max

Fanout         Cap        Slew       Delay        Time   Description
---------------------------------------------------------------------------------------------
                      0.150000    0.000000    0.000000   clock HCLK (rise edge)
                                  0.000000    0.000000   clock network delay (ideal)
                                  2.000000    2.000000 ^ input external delay
    67    0.242339    0.816141    0.565423    2.565423 ^ HRESETn (in)
                                                         HRESETn (net)
                      0.816141    0.000000    2.565423 ^ _193_/RESET_B (sky130_fd_sc_hd__dfrtp_2)
                                              2.565423   data arrival time

                      0.150000   10.000000   10.000000   clock HCLK (rise edge)
                                  0.000000   10.000000   clock network delay (ideal)
                                 -0.250000    9.750000   clock uncertainty
                                  0.000000    9.750000   clock reconvergence pessimism
                                              9.750000 ^ _193_/CLK (sky130_fd_sc_hd__dfrtp_2)
                                 -0.056131    9.693869   library recovery time
                                              9.693869   data required time
---------------------------------------------------------------------------------------------
                                              9.693869   data required time
                                             -2.565423   data arrival time
---------------------------------------------------------------------------------------------
                                              7.128447   slack (MET)


Startpoint: HRESETn (input port clocked by HCLK)
Endpoint: _194_ (recovery check against rising-edge clock HCLK)
Path Group: asynchronous
Path Type: max

Fanout         Cap        Slew       Delay        Time   Description
---------------------------------------------------------------------------------------------
                      0.150000    0.000000    0.000000   clock HCLK (rise edge)
                                  0.000000    0.000000   clock network delay (ideal)
                                  2.000000    2.000000 ^ input external delay
    67    0.242339    0.816141    0.565423    2.565423 ^ HRESETn (in)
                                                         HRESETn (net)
                      0.816141    0.000000    2.565423 ^ _194_/RESET_B (sky130_fd_sc_hd__dfrtp_2)
                                              2.565423   data arrival time

                      0.150000   10.000000   10.000000   clock HCLK (rise edge)
                                  0.000000   10.000000   clock network delay (ideal)
                                 -0.250000    9.750000   clock uncertainty
                                  0.000000    9.750000   clock reconvergence pessimism
                                              9.750000 ^ _194_/CLK (sky130_fd_sc_hd__dfrtp_2)
                                 -0.056131    9.693869   library recovery time
                                              9.693869   data required time
---------------------------------------------------------------------------------------------
                                              9.693869   data required time
                                             -2.565423   data arrival time
---------------------------------------------------------------------------------------------
                                              7.128447   slack (MET)


Startpoint: HRESETn (input port clocked by HCLK)
Endpoint: _195_ (recovery check against rising-edge clock HCLK)
Path Group: asynchronous
Path Type: max

Fanout         Cap        Slew       Delay        Time   Description
---------------------------------------------------------------------------------------------
                      0.150000    0.000000    0.000000   clock HCLK (rise edge)
                                  0.000000    0.000000   clock network delay (ideal)
                                  2.000000    2.000000 ^ input external delay
    67    0.242339    0.816141    0.565423    2.565423 ^ HRESETn (in)
                                                         HRESETn (net)
                      0.816141    0.000000    2.565423 ^ _195_/RESET_B (sky130_fd_sc_hd__dfrtp_2)
                                              2.565423   data arrival time

                      0.150000   10.000000   10.000000   clock HCLK (rise edge)
                                  0.000000   10.000000   clock network delay (ideal)
                                 -0.250000    9.750000   clock uncertainty
                                  0.000000    9.750000   clock reconvergence pessimism
                                              9.750000 ^ _195_/CLK (sky130_fd_sc_hd__dfrtp_2)
                                 -0.056131    9.693869   library recovery time
                                              9.693869   data required time
---------------------------------------------------------------------------------------------
                                              9.693869   data required time
                                             -2.565423   data arrival time
---------------------------------------------------------------------------------------------
                                              7.128447   slack (MET)


Startpoint: HRESETn (input port clocked by HCLK)
Endpoint: _196_ (recovery check against rising-edge clock HCLK)
Path Group: asynchronous
Path Type: max

Fanout         Cap        Slew       Delay        Time   Description
---------------------------------------------------------------------------------------------
                      0.150000    0.000000    0.000000   clock HCLK (rise edge)
                                  0.000000    0.000000   clock network delay (ideal)
                                  2.000000    2.000000 ^ input external delay
    67    0.242339    0.816141    0.565423    2.565423 ^ HRESETn (in)
                                                         HRESETn (net)
                      0.816141    0.000000    2.565423 ^ _196_/RESET_B (sky130_fd_sc_hd__dfrtp_2)
                                              2.565423   data arrival time

                      0.150000   10.000000   10.000000   clock HCLK (rise edge)
                                  0.000000   10.000000   clock network delay (ideal)
                                 -0.250000    9.750000   clock uncertainty
                                  0.000000    9.750000   clock reconvergence pessimism
                                              9.750000 ^ _196_/CLK (sky130_fd_sc_hd__dfrtp_2)
                                 -0.056131    9.693869   library recovery time
                                              9.693869   data required time
---------------------------------------------------------------------------------------------
                                              9.693869   data required time
                                             -2.565423   data arrival time
---------------------------------------------------------------------------------------------
                                              7.128447   slack (MET)


Startpoint: HRESETn (input port clocked by HCLK)
Endpoint: _197_ (recovery check against rising-edge clock HCLK)
Path Group: asynchronous
Path Type: max

Fanout         Cap        Slew       Delay        Time   Description
---------------------------------------------------------------------------------------------
                      0.150000    0.000000    0.000000   clock HCLK (rise edge)
                                  0.000000    0.000000   clock network delay (ideal)
                                  2.000000    2.000000 ^ input external delay
    67    0.242339    0.816141    0.565423    2.565423 ^ HRESETn (in)
                                                         HRESETn (net)
                      0.816141    0.000000    2.565423 ^ _197_/RESET_B (sky130_fd_sc_hd__dfrtp_2)
                                              2.565423   data arrival time

                      0.150000   10.000000   10.000000   clock HCLK (rise edge)
                                  0.000000   10.000000   clock network delay (ideal)
                                 -0.250000    9.750000   clock uncertainty
                                  0.000000    9.750000   clock reconvergence pessimism
                                              9.750000 ^ _197_/CLK (sky130_fd_sc_hd__dfrtp_2)
                                 -0.056131    9.693869   library recovery time
                                              9.693869   data required time
---------------------------------------------------------------------------------------------
                                              9.693869   data required time
                                             -2.565423   data arrival time
---------------------------------------------------------------------------------------------
                                              7.128447   slack (MET)


Startpoint: HRESETn (input port clocked by HCLK)
Endpoint: _198_ (recovery check against rising-edge clock HCLK)
Path Group: asynchronous
Path Type: max

Fanout         Cap        Slew       Delay        Time   Description
---------------------------------------------------------------------------------------------
                      0.150000    0.000000    0.000000   clock HCLK (rise edge)
                                  0.000000    0.000000   clock network delay (ideal)
                                  2.000000    2.000000 ^ input external delay
    67    0.242339    0.816141    0.565423    2.565423 ^ HRESETn (in)
                                                         HRESETn (net)
                      0.816141    0.000000    2.565423 ^ _198_/RESET_B (sky130_fd_sc_hd__dfrtp_2)
                                              2.565423   data arrival time

                      0.150000   10.000000   10.000000   clock HCLK (rise edge)
                                  0.000000   10.000000   clock network delay (ideal)
                                 -0.250000    9.750000   clock uncertainty
                                  0.000000    9.750000   clock reconvergence pessimism
                                              9.750000 ^ _198_/CLK (sky130_fd_sc_hd__dfrtp_2)
                                 -0.056131    9.693869   library recovery time
                                              9.693869   data required time
---------------------------------------------------------------------------------------------
                                              9.693869   data required time
                                             -2.565423   data arrival time
---------------------------------------------------------------------------------------------
                                              7.128447   slack (MET)


Startpoint: HRESETn (input port clocked by HCLK)
Endpoint: _199_ (recovery check against rising-edge clock HCLK)
Path Group: asynchronous
Path Type: max

Fanout         Cap        Slew       Delay        Time   Description
---------------------------------------------------------------------------------------------
                      0.150000    0.000000    0.000000   clock HCLK (rise edge)
                                  0.000000    0.000000   clock network delay (ideal)
                                  2.000000    2.000000 ^ input external delay
    67    0.242339    0.816141    0.565423    2.565423 ^ HRESETn (in)
                                                         HRESETn (net)
                      0.816141    0.000000    2.565423 ^ _199_/RESET_B (sky130_fd_sc_hd__dfrtp_2)
                                              2.565423   data arrival time

                      0.150000   10.000000   10.000000   clock HCLK (rise edge)
                                  0.000000   10.000000   clock network delay (ideal)
                                 -0.250000    9.750000   clock uncertainty
                                  0.000000    9.750000   clock reconvergence pessimism
                                              9.750000 ^ _199_/CLK (sky130_fd_sc_hd__dfrtp_2)
                                 -0.056131    9.693869   library recovery time
                                              9.693869   data required time
---------------------------------------------------------------------------------------------
                                              9.693869   data required time
                                             -2.565423   data arrival time
---------------------------------------------------------------------------------------------
                                              7.128447   slack (MET)


Startpoint: HRESETn (input port clocked by HCLK)
Endpoint: _200_ (recovery check against rising-edge clock HCLK)
Path Group: asynchronous
Path Type: max

Fanout         Cap        Slew       Delay        Time   Description
---------------------------------------------------------------------------------------------
                      0.150000    0.000000    0.000000   clock HCLK (rise edge)
                                  0.000000    0.000000   clock network delay (ideal)
                                  2.000000    2.000000 ^ input external delay
    67    0.242339    0.816141    0.565423    2.565423 ^ HRESETn (in)
                                                         HRESETn (net)
                      0.816141    0.000000    2.565423 ^ _200_/RESET_B (sky130_fd_sc_hd__dfrtp_2)
                                              2.565423   data arrival time

                      0.150000   10.000000   10.000000   clock HCLK (rise edge)
                                  0.000000   10.000000   clock network delay (ideal)
                                 -0.250000    9.750000   clock uncertainty
                                  0.000000    9.750000   clock reconvergence pessimism
                                              9.750000 ^ _200_/CLK (sky130_fd_sc_hd__dfrtp_2)
                                 -0.056131    9.693869   library recovery time
                                              9.693869   data required time
---------------------------------------------------------------------------------------------
                                              9.693869   data required time
                                             -2.565423   data arrival time
---------------------------------------------------------------------------------------------
                                              7.128447   slack (MET)


Startpoint: HRESETn (input port clocked by HCLK)
Endpoint: _201_ (recovery check against rising-edge clock HCLK)
Path Group: asynchronous
Path Type: max

Fanout         Cap        Slew       Delay        Time   Description
---------------------------------------------------------------------------------------------
                      0.150000    0.000000    0.000000   clock HCLK (rise edge)
                                  0.000000    0.000000   clock network delay (ideal)
                                  2.000000    2.000000 ^ input external delay
    67    0.242339    0.816141    0.565423    2.565423 ^ HRESETn (in)
                                                         HRESETn (net)
                      0.816141    0.000000    2.565423 ^ _201_/RESET_B (sky130_fd_sc_hd__dfrtp_2)
                                              2.565423   data arrival time

                      0.150000   10.000000   10.000000   clock HCLK (rise edge)
                                  0.000000   10.000000   clock network delay (ideal)
                                 -0.250000    9.750000   clock uncertainty
                                  0.000000    9.750000   clock reconvergence pessimism
                                              9.750000 ^ _201_/CLK (sky130_fd_sc_hd__dfrtp_2)
                                 -0.056131    9.693869   library recovery time
                                              9.693869   data required time
---------------------------------------------------------------------------------------------
                                              9.693869   data required time
                                             -2.565423   data arrival time
---------------------------------------------------------------------------------------------
                                              7.128447   slack (MET)


Startpoint: HRESETn (input port clocked by HCLK)
Endpoint: _202_ (recovery check against rising-edge clock HCLK)
Path Group: asynchronous
Path Type: max

Fanout         Cap        Slew       Delay        Time   Description
---------------------------------------------------------------------------------------------
                      0.150000    0.000000    0.000000   clock HCLK (rise edge)
                                  0.000000    0.000000   clock network delay (ideal)
                                  2.000000    2.000000 ^ input external delay
    67    0.242339    0.816141    0.565423    2.565423 ^ HRESETn (in)
                                                         HRESETn (net)
                      0.816141    0.000000    2.565423 ^ _202_/RESET_B (sky130_fd_sc_hd__dfrtp_2)
                                              2.565423   data arrival time

                      0.150000   10.000000   10.000000   clock HCLK (rise edge)
                                  0.000000   10.000000   clock network delay (ideal)
                                 -0.250000    9.750000   clock uncertainty
                                  0.000000    9.750000   clock reconvergence pessimism
                                              9.750000 ^ _202_/CLK (sky130_fd_sc_hd__dfrtp_2)
                                 -0.056131    9.693869   library recovery time
                                              9.693869   data required time
---------------------------------------------------------------------------------------------
                                              9.693869   data required time
                                             -2.565423   data arrival time
---------------------------------------------------------------------------------------------
                                              7.128447   slack (MET)


Startpoint: HRESETn (input port clocked by HCLK)
Endpoint: _203_ (recovery check against rising-edge clock HCLK)
Path Group: asynchronous
Path Type: max

Fanout         Cap        Slew       Delay        Time   Description
---------------------------------------------------------------------------------------------
                      0.150000    0.000000    0.000000   clock HCLK (rise edge)
                                  0.000000    0.000000   clock network delay (ideal)
                                  2.000000    2.000000 ^ input external delay
    67    0.242339    0.816141    0.565423    2.565423 ^ HRESETn (in)
                                                         HRESETn (net)
                      0.816141    0.000000    2.565423 ^ _203_/RESET_B (sky130_fd_sc_hd__dfrtp_2)
                                              2.565423   data arrival time

                      0.150000   10.000000   10.000000   clock HCLK (rise edge)
                                  0.000000   10.000000   clock network delay (ideal)
                                 -0.250000    9.750000   clock uncertainty
                                  0.000000    9.750000   clock reconvergence pessimism
                                              9.750000 ^ _203_/CLK (sky130_fd_sc_hd__dfrtp_2)
                                 -0.056131    9.693869   library recovery time
                                              9.693869   data required time
---------------------------------------------------------------------------------------------
                                              9.693869   data required time
                                             -2.565423   data arrival time
---------------------------------------------------------------------------------------------
                                              7.128447   slack (MET)


Startpoint: HRESETn (input port clocked by HCLK)
Endpoint: _204_ (recovery check against rising-edge clock HCLK)
Path Group: asynchronous
Path Type: max

Fanout         Cap        Slew       Delay        Time   Description
---------------------------------------------------------------------------------------------
                      0.150000    0.000000    0.000000   clock HCLK (rise edge)
                                  0.000000    0.000000   clock network delay (ideal)
                                  2.000000    2.000000 ^ input external delay
    67    0.242339    0.816141    0.565423    2.565423 ^ HRESETn (in)
                                                         HRESETn (net)
                      0.816141    0.000000    2.565423 ^ _204_/RESET_B (sky130_fd_sc_hd__dfrtp_2)
                                              2.565423   data arrival time

                      0.150000   10.000000   10.000000   clock HCLK (rise edge)
                                  0.000000   10.000000   clock network delay (ideal)
                                 -0.250000    9.750000   clock uncertainty
                                  0.000000    9.750000   clock reconvergence pessimism
                                              9.750000 ^ _204_/CLK (sky130_fd_sc_hd__dfrtp_2)
                                 -0.056131    9.693869   library recovery time
                                              9.693869   data required time
---------------------------------------------------------------------------------------------
                                              9.693869   data required time
                                             -2.565423   data arrival time
---------------------------------------------------------------------------------------------
                                              7.128447   slack (MET)


Startpoint: HRESETn (input port clocked by HCLK)
Endpoint: _205_ (recovery check against rising-edge clock HCLK)
Path Group: asynchronous
Path Type: max

Fanout         Cap        Slew       Delay        Time   Description
---------------------------------------------------------------------------------------------
                      0.150000    0.000000    0.000000   clock HCLK (rise edge)
                                  0.000000    0.000000   clock network delay (ideal)
                                  2.000000    2.000000 ^ input external delay
    67    0.242339    0.816141    0.565423    2.565423 ^ HRESETn (in)
                                                         HRESETn (net)
                      0.816141    0.000000    2.565423 ^ _205_/RESET_B (sky130_fd_sc_hd__dfrtp_2)
                                              2.565423   data arrival time

                      0.150000   10.000000   10.000000   clock HCLK (rise edge)
                                  0.000000   10.000000   clock network delay (ideal)
                                 -0.250000    9.750000   clock uncertainty
                                  0.000000    9.750000   clock reconvergence pessimism
                                              9.750000 ^ _205_/CLK (sky130_fd_sc_hd__dfrtp_2)
                                 -0.056131    9.693869   library recovery time
                                              9.693869   data required time
---------------------------------------------------------------------------------------------
                                              9.693869   data required time
                                             -2.565423   data arrival time
---------------------------------------------------------------------------------------------
                                              7.128447   slack (MET)


Startpoint: HRESETn (input port clocked by HCLK)
Endpoint: _206_ (recovery check against rising-edge clock HCLK)
Path Group: asynchronous
Path Type: max

Fanout         Cap        Slew       Delay        Time   Description
---------------------------------------------------------------------------------------------
                      0.150000    0.000000    0.000000   clock HCLK (rise edge)
                                  0.000000    0.000000   clock network delay (ideal)
                                  2.000000    2.000000 ^ input external delay
    67    0.242339    0.816141    0.565423    2.565423 ^ HRESETn (in)
                                                         HRESETn (net)
                      0.816141    0.000000    2.565423 ^ _206_/RESET_B (sky130_fd_sc_hd__dfrtp_2)
                                              2.565423   data arrival time

                      0.150000   10.000000   10.000000   clock HCLK (rise edge)
                                  0.000000   10.000000   clock network delay (ideal)
                                 -0.250000    9.750000   clock uncertainty
                                  0.000000    9.750000   clock reconvergence pessimism
                                              9.750000 ^ _206_/CLK (sky130_fd_sc_hd__dfrtp_2)
                                 -0.056131    9.693869   library recovery time
                                              9.693869   data required time
---------------------------------------------------------------------------------------------
                                              9.693869   data required time
                                             -2.565423   data arrival time
---------------------------------------------------------------------------------------------
                                              7.128447   slack (MET)


Startpoint: HRESETn (input port clocked by HCLK)
Endpoint: _207_ (recovery check against rising-edge clock HCLK)
Path Group: asynchronous
Path Type: max

Fanout         Cap        Slew       Delay        Time   Description
---------------------------------------------------------------------------------------------
                      0.150000    0.000000    0.000000   clock HCLK (rise edge)
                                  0.000000    0.000000   clock network delay (ideal)
                                  2.000000    2.000000 ^ input external delay
    67    0.242339    0.816141    0.565423    2.565423 ^ HRESETn (in)
                                                         HRESETn (net)
                      0.816141    0.000000    2.565423 ^ _207_/RESET_B (sky130_fd_sc_hd__dfrtp_2)
                                              2.565423   data arrival time

                      0.150000   10.000000   10.000000   clock HCLK (rise edge)
                                  0.000000   10.000000   clock network delay (ideal)
                                 -0.250000    9.750000   clock uncertainty
                                  0.000000    9.750000   clock reconvergence pessimism
                                              9.750000 ^ _207_/CLK (sky130_fd_sc_hd__dfrtp_2)
                                 -0.056131    9.693869   library recovery time
                                              9.693869   data required time
---------------------------------------------------------------------------------------------
                                              9.693869   data required time
                                             -2.565423   data arrival time
---------------------------------------------------------------------------------------------
                                              7.128447   slack (MET)


Startpoint: HRESETn (input port clocked by HCLK)
Endpoint: _208_ (recovery check against rising-edge clock HCLK)
Path Group: asynchronous
Path Type: max

Fanout         Cap        Slew       Delay        Time   Description
---------------------------------------------------------------------------------------------
                      0.150000    0.000000    0.000000   clock HCLK (rise edge)
                                  0.000000    0.000000   clock network delay (ideal)
                                  2.000000    2.000000 ^ input external delay
    67    0.242339    0.816141    0.565423    2.565423 ^ HRESETn (in)
                                                         HRESETn (net)
                      0.816141    0.000000    2.565423 ^ _208_/RESET_B (sky130_fd_sc_hd__dfrtp_2)
                                              2.565423   data arrival time

                      0.150000   10.000000   10.000000   clock HCLK (rise edge)
                                  0.000000   10.000000   clock network delay (ideal)
                                 -0.250000    9.750000   clock uncertainty
                                  0.000000    9.750000   clock reconvergence pessimism
                                              9.750000 ^ _208_/CLK (sky130_fd_sc_hd__dfrtp_2)
                                 -0.056131    9.693869   library recovery time
                                              9.693869   data required time
---------------------------------------------------------------------------------------------
                                              9.693869   data required time
                                             -2.565423   data arrival time
---------------------------------------------------------------------------------------------
                                              7.128447   slack (MET)


Startpoint: HRESETn (input port clocked by HCLK)
Endpoint: _209_ (recovery check against rising-edge clock HCLK)
Path Group: asynchronous
Path Type: max

Fanout         Cap        Slew       Delay        Time   Description
---------------------------------------------------------------------------------------------
                      0.150000    0.000000    0.000000   clock HCLK (rise edge)
                                  0.000000    0.000000   clock network delay (ideal)
                                  2.000000    2.000000 ^ input external delay
    67    0.242339    0.816141    0.565423    2.565423 ^ HRESETn (in)
                                                         HRESETn (net)
                      0.816141    0.000000    2.565423 ^ _209_/RESET_B (sky130_fd_sc_hd__dfrtp_2)
                                              2.565423   data arrival time

                      0.150000   10.000000   10.000000   clock HCLK (rise edge)
                                  0.000000   10.000000   clock network delay (ideal)
                                 -0.250000    9.750000   clock uncertainty
                                  0.000000    9.750000   clock reconvergence pessimism
                                              9.750000 ^ _209_/CLK (sky130_fd_sc_hd__dfrtp_2)
                                 -0.056131    9.693869   library recovery time
                                              9.693869   data required time
---------------------------------------------------------------------------------------------
                                              9.693869   data required time
                                             -2.565423   data arrival time
---------------------------------------------------------------------------------------------
                                              7.128447   slack (MET)


Startpoint: HRESETn (input port clocked by HCLK)
Endpoint: _210_ (recovery check against rising-edge clock HCLK)
Path Group: asynchronous
Path Type: max

Fanout         Cap        Slew       Delay        Time   Description
---------------------------------------------------------------------------------------------
                      0.150000    0.000000    0.000000   clock HCLK (rise edge)
                                  0.000000    0.000000   clock network delay (ideal)
                                  2.000000    2.000000 ^ input external delay
    67    0.242339    0.816141    0.565423    2.565423 ^ HRESETn (in)
                                                         HRESETn (net)
                      0.816141    0.000000    2.565423 ^ _210_/RESET_B (sky130_fd_sc_hd__dfrtp_2)
                                              2.565423   data arrival time

                      0.150000   10.000000   10.000000   clock HCLK (rise edge)
                                  0.000000   10.000000   clock network delay (ideal)
                                 -0.250000    9.750000   clock uncertainty
                                  0.000000    9.750000   clock reconvergence pessimism
                                              9.750000 ^ _210_/CLK (sky130_fd_sc_hd__dfrtp_2)
                                 -0.056131    9.693869   library recovery time
                                              9.693869   data required time
---------------------------------------------------------------------------------------------
                                              9.693869   data required time
                                             -2.565423   data arrival time
---------------------------------------------------------------------------------------------
                                              7.128447   slack (MET)


Startpoint: HRESETn (input port clocked by HCLK)
Endpoint: _211_ (recovery check against rising-edge clock HCLK)
Path Group: asynchronous
Path Type: max

Fanout         Cap        Slew       Delay        Time   Description
---------------------------------------------------------------------------------------------
                      0.150000    0.000000    0.000000   clock HCLK (rise edge)
                                  0.000000    0.000000   clock network delay (ideal)
                                  2.000000    2.000000 ^ input external delay
    67    0.242339    0.816141    0.565423    2.565423 ^ HRESETn (in)
                                                         HRESETn (net)
                      0.816141    0.000000    2.565423 ^ _211_/RESET_B (sky130_fd_sc_hd__dfrtp_2)
                                              2.565423   data arrival time

                      0.150000   10.000000   10.000000   clock HCLK (rise edge)
                                  0.000000   10.000000   clock network delay (ideal)
                                 -0.250000    9.750000   clock uncertainty
                                  0.000000    9.750000   clock reconvergence pessimism
                                              9.750000 ^ _211_/CLK (sky130_fd_sc_hd__dfrtp_2)
                                 -0.056131    9.693869   library recovery time
                                              9.693869   data required time
---------------------------------------------------------------------------------------------
                                              9.693869   data required time
                                             -2.565423   data arrival time
---------------------------------------------------------------------------------------------
                                              7.128447   slack (MET)


Startpoint: HRESETn (input port clocked by HCLK)
Endpoint: _212_ (recovery check against rising-edge clock HCLK)
Path Group: asynchronous
Path Type: max

Fanout         Cap        Slew       Delay        Time   Description
---------------------------------------------------------------------------------------------
                      0.150000    0.000000    0.000000   clock HCLK (rise edge)
                                  0.000000    0.000000   clock network delay (ideal)
                                  2.000000    2.000000 ^ input external delay
    67    0.242339    0.816141    0.565423    2.565423 ^ HRESETn (in)
                                                         HRESETn (net)
                      0.816141    0.000000    2.565423 ^ _212_/RESET_B (sky130_fd_sc_hd__dfrtp_2)
                                              2.565423   data arrival time

                      0.150000   10.000000   10.000000   clock HCLK (rise edge)
                                  0.000000   10.000000   clock network delay (ideal)
                                 -0.250000    9.750000   clock uncertainty
                                  0.000000    9.750000   clock reconvergence pessimism
                                              9.750000 ^ _212_/CLK (sky130_fd_sc_hd__dfrtp_2)
                                 -0.056131    9.693869   library recovery time
                                              9.693869   data required time
---------------------------------------------------------------------------------------------
                                              9.693869   data required time
                                             -2.565423   data arrival time
---------------------------------------------------------------------------------------------
                                              7.128447   slack (MET)


Startpoint: HRESETn (input port clocked by HCLK)
Endpoint: _213_ (recovery check against rising-edge clock HCLK)
Path Group: asynchronous
Path Type: max

Fanout         Cap        Slew       Delay        Time   Description
---------------------------------------------------------------------------------------------
                      0.150000    0.000000    0.000000   clock HCLK (rise edge)
                                  0.000000    0.000000   clock network delay (ideal)
                                  2.000000    2.000000 ^ input external delay
    67    0.242339    0.816141    0.565423    2.565423 ^ HRESETn (in)
                                                         HRESETn (net)
                      0.816141    0.000000    2.565423 ^ _213_/RESET_B (sky130_fd_sc_hd__dfrtp_2)
                                              2.565423   data arrival time

                      0.150000   10.000000   10.000000   clock HCLK (rise edge)
                                  0.000000   10.000000   clock network delay (ideal)
                                 -0.250000    9.750000   clock uncertainty
                                  0.000000    9.750000   clock reconvergence pessimism
                                              9.750000 ^ _213_/CLK (sky130_fd_sc_hd__dfrtp_2)
                                 -0.056131    9.693869   library recovery time
                                              9.693869   data required time
---------------------------------------------------------------------------------------------
                                              9.693869   data required time
                                             -2.565423   data arrival time
---------------------------------------------------------------------------------------------
                                              7.128447   slack (MET)


Startpoint: HRESETn (input port clocked by HCLK)
Endpoint: _214_ (recovery check against rising-edge clock HCLK)
Path Group: asynchronous
Path Type: max

Fanout         Cap        Slew       Delay        Time   Description
---------------------------------------------------------------------------------------------
                      0.150000    0.000000    0.000000   clock HCLK (rise edge)
                                  0.000000    0.000000   clock network delay (ideal)
                                  2.000000    2.000000 ^ input external delay
    67    0.242339    0.816141    0.565423    2.565423 ^ HRESETn (in)
                                                         HRESETn (net)
                      0.816141    0.000000    2.565423 ^ _214_/RESET_B (sky130_fd_sc_hd__dfrtp_2)
                                              2.565423   data arrival time

                      0.150000   10.000000   10.000000   clock HCLK (rise edge)
                                  0.000000   10.000000   clock network delay (ideal)
                                 -0.250000    9.750000   clock uncertainty
                                  0.000000    9.750000   clock reconvergence pessimism
                                              9.750000 ^ _214_/CLK (sky130_fd_sc_hd__dfrtp_2)
                                 -0.056131    9.693869   library recovery time
                                              9.693869   data required time
---------------------------------------------------------------------------------------------
                                              9.693869   data required time
                                             -2.565423   data arrival time
---------------------------------------------------------------------------------------------
                                              7.128447   slack (MET)


Startpoint: HRESETn (input port clocked by HCLK)
Endpoint: _215_ (recovery check against rising-edge clock HCLK)
Path Group: asynchronous
Path Type: max

Fanout         Cap        Slew       Delay        Time   Description
---------------------------------------------------------------------------------------------
                      0.150000    0.000000    0.000000   clock HCLK (rise edge)
                                  0.000000    0.000000   clock network delay (ideal)
                                  2.000000    2.000000 ^ input external delay
    67    0.242339    0.816141    0.565423    2.565423 ^ HRESETn (in)
                                                         HRESETn (net)
                      0.816141    0.000000    2.565423 ^ _215_/RESET_B (sky130_fd_sc_hd__dfrtp_2)
                                              2.565423   data arrival time

                      0.150000   10.000000   10.000000   clock HCLK (rise edge)
                                  0.000000   10.000000   clock network delay (ideal)
                                 -0.250000    9.750000   clock uncertainty
                                  0.000000    9.750000   clock reconvergence pessimism
                                              9.750000 ^ _215_/CLK (sky130_fd_sc_hd__dfrtp_2)
                                 -0.056131    9.693869   library recovery time
                                              9.693869   data required time
---------------------------------------------------------------------------------------------
                                              9.693869   data required time
                                             -2.565423   data arrival time
---------------------------------------------------------------------------------------------
                                              7.128447   slack (MET)


Startpoint: HRESETn (input port clocked by HCLK)
Endpoint: _216_ (recovery check against rising-edge clock HCLK)
Path Group: asynchronous
Path Type: max

Fanout         Cap        Slew       Delay        Time   Description
---------------------------------------------------------------------------------------------
                      0.150000    0.000000    0.000000   clock HCLK (rise edge)
                                  0.000000    0.000000   clock network delay (ideal)
                                  2.000000    2.000000 ^ input external delay
    67    0.242339    0.816141    0.565423    2.565423 ^ HRESETn (in)
                                                         HRESETn (net)
                      0.816141    0.000000    2.565423 ^ _216_/RESET_B (sky130_fd_sc_hd__dfrtp_2)
                                              2.565423   data arrival time

                      0.150000   10.000000   10.000000   clock HCLK (rise edge)
                                  0.000000   10.000000   clock network delay (ideal)
                                 -0.250000    9.750000   clock uncertainty
                                  0.000000    9.750000   clock reconvergence pessimism
                                              9.750000 ^ _216_/CLK (sky130_fd_sc_hd__dfrtp_2)
                                 -0.056131    9.693869   library recovery time
                                              9.693869   data required time
---------------------------------------------------------------------------------------------
                                              9.693869   data required time
                                             -2.565423   data arrival time
---------------------------------------------------------------------------------------------
                                              7.128447   slack (MET)


Startpoint: HRESETn (input port clocked by HCLK)
Endpoint: _217_ (recovery check against rising-edge clock HCLK)
Path Group: asynchronous
Path Type: max

Fanout         Cap        Slew       Delay        Time   Description
---------------------------------------------------------------------------------------------
                      0.150000    0.000000    0.000000   clock HCLK (rise edge)
                                  0.000000    0.000000   clock network delay (ideal)
                                  2.000000    2.000000 ^ input external delay
    67    0.242339    0.816141    0.565423    2.565423 ^ HRESETn (in)
                                                         HRESETn (net)
                      0.816141    0.000000    2.565423 ^ _217_/RESET_B (sky130_fd_sc_hd__dfrtp_2)
                                              2.565423   data arrival time

                      0.150000   10.000000   10.000000   clock HCLK (rise edge)
                                  0.000000   10.000000   clock network delay (ideal)
                                 -0.250000    9.750000   clock uncertainty
                                  0.000000    9.750000   clock reconvergence pessimism
                                              9.750000 ^ _217_/CLK (sky130_fd_sc_hd__dfrtp_2)
                                 -0.056131    9.693869   library recovery time
                                              9.693869   data required time
---------------------------------------------------------------------------------------------
                                              9.693869   data required time
                                             -2.565423   data arrival time
---------------------------------------------------------------------------------------------
                                              7.128447   slack (MET)


Startpoint: _216_ (rising edge-triggered flip-flop clocked by HCLK)
Endpoint: PENABLE (output port clocked by HCLK)
Path Group: HCLK
Path Type: max

Fanout         Cap        Slew       Delay        Time   Description
---------------------------------------------------------------------------------------------
                      0.150000    0.000000    0.000000   clock HCLK (rise edge)
                                  0.000000    0.000000   clock network delay (ideal)
                      0.150000    0.000000    0.000000 ^ _216_/CLK (sky130_fd_sc_hd__dfrtp_2)
     5    0.019973    0.058524    0.303298    0.303298 v _216_/Q (sky130_fd_sc_hd__dfrtp_2)
                                                         u_bridge_fsm.state[0] (net)
                      0.058524    0.000000    0.303298 v _082_/A_N (sky130_fd_sc_hd__and2b_2)
     2    0.035923    0.140037    0.223424    0.526723 ^ _082_/X (sky130_fd_sc_hd__and2b_2)
                                                         PENABLE (net)
                      0.140037    0.000000    0.526723 ^ PENABLE (out)
                                              0.526723   data arrival time

                      0.150000   10.000000   10.000000   clock HCLK (rise edge)
                                  0.000000   10.000000   clock network delay (ideal)
                                 -0.250000    9.750000   clock uncertainty
                                  0.000000    9.750000   clock reconvergence pessimism
                                 -2.000000    7.750000   output external delay
                                              7.750000   data required time
---------------------------------------------------------------------------------------------
                                              7.750000   data required time
                                             -0.526723   data arrival time
---------------------------------------------------------------------------------------------
                                              7.223277   slack (MET)


Startpoint: _217_ (rising edge-triggered flip-flop clocked by HCLK)
Endpoint: HRESP (output port clocked by HCLK)
Path Group: HCLK
Path Type: max

Fanout         Cap        Slew       Delay        Time   Description
---------------------------------------------------------------------------------------------
                      0.150000    0.000000    0.000000   clock HCLK (rise edge)
                                  0.000000    0.000000   clock network delay (ideal)
                      0.150000    0.000000    0.000000 ^ _217_/CLK (sky130_fd_sc_hd__dfrtp_2)
     5    0.019280    0.057506    0.302170    0.302170 v _217_/Q (sky130_fd_sc_hd__dfrtp_2)
                                                         u_bridge_fsm.state[1] (net)
                      0.057506    0.000000    0.302170 v _074_/B (sky130_fd_sc_hd__and2_2)
     1    0.033442    0.072759    0.178073    0.480243 v _074_/X (sky130_fd_sc_hd__and2_2)
                                                         HRESP (net)
                      0.072759    0.000000    0.480243 v HRESP (out)
                                              0.480243   data arrival time

                      0.150000   10.000000   10.000000   clock HCLK (rise edge)
                                  0.000000   10.000000   clock network delay (ideal)
                                 -0.250000    9.750000   clock uncertainty
                                  0.000000    9.750000   clock reconvergence pessimism
                                 -2.000000    7.750000   output external delay
                                              7.750000   data required time
---------------------------------------------------------------------------------------------
                                              7.750000   data required time
                                             -0.480243   data arrival time
---------------------------------------------------------------------------------------------
                                              7.269757   slack (MET)


Startpoint: _164_ (rising edge-triggered flip-flop clocked by HCLK)
Endpoint: PADDR[13] (output port clocked by HCLK)
Path Group: HCLK
Path Type: max

Fanout         Cap        Slew       Delay        Time   Description
---------------------------------------------------------------------------------------------
                      0.150000    0.000000    0.000000   clock HCLK (rise edge)
                                  0.000000    0.000000   clock network delay (ideal)
                      0.150000    0.000000    0.000000 ^ _164_/CLK (sky130_fd_sc_hd__dfrtp_2)
     6    0.045107    0.167548    0.346352    0.346352 ^ _164_/Q (sky130_fd_sc_hd__dfrtp_2)
                                                         PADDR[13] (net)
                      0.167548    0.000000    0.346352 ^ PADDR[13] (out)
                                              0.346352   data arrival time

                      0.150000   10.000000   10.000000   clock HCLK (rise edge)
                                  0.000000   10.000000   clock network delay (ideal)
                                 -0.250000    9.750000   clock uncertainty
                                  0.000000    9.750000   clock reconvergence pessimism
                                 -2.000000    7.750000   output external delay
                                              7.750000   data required time
---------------------------------------------------------------------------------------------
                                              7.750000   data required time
                                             -0.346352   data arrival time
---------------------------------------------------------------------------------------------
                                              7.403648   slack (MET)


Startpoint: _163_ (rising edge-triggered flip-flop clocked by HCLK)
Endpoint: PADDR[12] (output port clocked by HCLK)
Path Group: HCLK
Path Type: max

Fanout         Cap        Slew       Delay        Time   Description
---------------------------------------------------------------------------------------------
                      0.150000    0.000000    0.000000   clock HCLK (rise edge)
                                  0.000000    0.000000   clock network delay (ideal)
                      0.150000    0.000000    0.000000 ^ _163_/CLK (sky130_fd_sc_hd__dfrtp_2)
     6    0.044917    0.166885    0.345894    0.345894 ^ _163_/Q (sky130_fd_sc_hd__dfrtp_2)
                                                         PADDR[12] (net)
                      0.166885    0.000000    0.345894 ^ PADDR[12] (out)
                                              0.345894   data arrival time

                      0.150000   10.000000   10.000000   clock HCLK (rise edge)
                                  0.000000   10.000000   clock network delay (ideal)
                                 -0.250000    9.750000   clock uncertainty
                                  0.000000    9.750000   clock reconvergence pessimism
                                 -2.000000    7.750000   output external delay
                                              7.750000   data required time
---------------------------------------------------------------------------------------------
                                              7.750000   data required time
                                             -0.345894   data arrival time
---------------------------------------------------------------------------------------------
                                              7.404106   slack (MET)


Startpoint: _151_ (rising edge-triggered flip-flop clocked by HCLK)
Endpoint: PADDR[0] (output port clocked by HCLK)
Path Group: HCLK
Path Type: max

Fanout         Cap        Slew       Delay        Time   Description
---------------------------------------------------------------------------------------------
                      0.150000    0.000000    0.000000   clock HCLK (rise edge)
                                  0.000000    0.000000   clock network delay (ideal)
                      0.150000    0.000000    0.000000 ^ _151_/CLK (sky130_fd_sc_hd__dfrtp_2)
     2    0.035338    0.081105    0.328316    0.328316 v _151_/Q (sky130_fd_sc_hd__dfrtp_2)
                                                         PADDR[0] (net)
                      0.081105    0.000000    0.328316 v PADDR[0] (out)
                                              0.328316   data arrival time

                      0.150000   10.000000   10.000000   clock HCLK (rise edge)
                                  0.000000   10.000000   clock network delay (ideal)
                                 -0.250000    9.750000   clock uncertainty
                                  0.000000    9.750000   clock reconvergence pessimism
                                 -2.000000    7.750000   output external delay
                                              7.750000   data required time
---------------------------------------------------------------------------------------------
                                              7.750000   data required time
                                             -0.328316   data arrival time
---------------------------------------------------------------------------------------------
                                              7.421683   slack (MET)


Startpoint: _161_ (rising edge-triggered flip-flop clocked by HCLK)
Endpoint: PADDR[10] (output port clocked by HCLK)
Path Group: HCLK
Path Type: max

Fanout         Cap        Slew       Delay        Time   Description
---------------------------------------------------------------------------------------------
                      0.150000    0.000000    0.000000   clock HCLK (rise edge)
                                  0.000000    0.000000   clock network delay (ideal)
                      0.150000    0.000000    0.000000 ^ _161_/CLK (sky130_fd_sc_hd__dfrtp_2)
     2    0.035338    0.081105    0.328316    0.328316 v _161_/Q (sky130_fd_sc_hd__dfrtp_2)
                                                         PADDR[10] (net)
                      0.081105    0.000000    0.328316 v PADDR[10] (out)
                                              0.328316   data arrival time

                      0.150000   10.000000   10.000000   clock HCLK (rise edge)
                                  0.000000   10.000000   clock network delay (ideal)
                                 -0.250000    9.750000   clock uncertainty
                                  0.000000    9.750000   clock reconvergence pessimism
                                 -2.000000    7.750000   output external delay
                                              7.750000   data required time
---------------------------------------------------------------------------------------------
                                              7.750000   data required time
                                             -0.328316   data arrival time
---------------------------------------------------------------------------------------------
                                              7.421683   slack (MET)


Startpoint: _162_ (rising edge-triggered flip-flop clocked by HCLK)
Endpoint: PADDR[11] (output port clocked by HCLK)
Path Group: HCLK
Path Type: max

Fanout         Cap        Slew       Delay        Time   Description
---------------------------------------------------------------------------------------------
                      0.150000    0.000000    0.000000   clock HCLK (rise edge)
                                  0.000000    0.000000   clock network delay (ideal)
                      0.150000    0.000000    0.000000 ^ _162_/CLK (sky130_fd_sc_hd__dfrtp_2)
     2    0.035338    0.081105    0.328316    0.328316 v _162_/Q (sky130_fd_sc_hd__dfrtp_2)
                                                         PADDR[11] (net)
                      0.081105    0.000000    0.328316 v PADDR[11] (out)
                                              0.328316   data arrival time

                      0.150000   10.000000   10.000000   clock HCLK (rise edge)
                                  0.000000   10.000000   clock network delay (ideal)
                                 -0.250000    9.750000   clock uncertainty
                                  0.000000    9.750000   clock reconvergence pessimism
                                 -2.000000    7.750000   output external delay
                                              7.750000   data required time
---------------------------------------------------------------------------------------------
                                              7.750000   data required time
                                             -0.328316   data arrival time
---------------------------------------------------------------------------------------------
                                              7.421683   slack (MET)


Startpoint: _165_ (rising edge-triggered flip-flop clocked by HCLK)
Endpoint: PADDR[14] (output port clocked by HCLK)
Path Group: HCLK
Path Type: max

Fanout         Cap        Slew       Delay        Time   Description
---------------------------------------------------------------------------------------------
                      0.150000    0.000000    0.000000   clock HCLK (rise edge)
                                  0.000000    0.000000   clock network delay (ideal)
                      0.150000    0.000000    0.000000 ^ _165_/CLK (sky130_fd_sc_hd__dfrtp_2)
     2    0.035338    0.081105    0.328316    0.328316 v _165_/Q (sky130_fd_sc_hd__dfrtp_2)
                                                         PADDR[14] (net)
                      0.081105    0.000000    0.328316 v PADDR[14] (out)
                                              0.328316   data arrival time

                      0.150000   10.000000   10.000000   clock HCLK (rise edge)
                                  0.000000   10.000000   clock network delay (ideal)
                                 -0.250000    9.750000   clock uncertainty
                                  0.000000    9.750000   clock reconvergence pessimism
                                 -2.000000    7.750000   output external delay
                                              7.750000   data required time
---------------------------------------------------------------------------------------------
                                              7.750000   data required time
                                             -0.328316   data arrival time
---------------------------------------------------------------------------------------------
                                              7.421683   slack (MET)


Startpoint: _166_ (rising edge-triggered flip-flop clocked by HCLK)
Endpoint: PADDR[15] (output port clocked by HCLK)
Path Group: HCLK
Path Type: max

Fanout         Cap        Slew       Delay        Time   Description
---------------------------------------------------------------------------------------------
                      0.150000    0.000000    0.000000   clock HCLK (rise edge)
                                  0.000000    0.000000   clock network delay (ideal)
                      0.150000    0.000000    0.000000 ^ _166_/CLK (sky130_fd_sc_hd__dfrtp_2)
     2    0.035338    0.081105    0.328316    0.328316 v _166_/Q (sky130_fd_sc_hd__dfrtp_2)
                                                         PADDR[15] (net)
                      0.081105    0.000000    0.328316 v PADDR[15] (out)
                                              0.328316   data arrival time

                      0.150000   10.000000   10.000000   clock HCLK (rise edge)
                                  0.000000   10.000000   clock network delay (ideal)
                                 -0.250000    9.750000   clock uncertainty
                                  0.000000    9.750000   clock reconvergence pessimism
                                 -2.000000    7.750000   output external delay
                                              7.750000   data required time
---------------------------------------------------------------------------------------------
                                              7.750000   data required time
                                             -0.328316   data arrival time
---------------------------------------------------------------------------------------------
                                              7.421683   slack (MET)


Startpoint: _167_ (rising edge-triggered flip-flop clocked by HCLK)
Endpoint: PADDR[16] (output port clocked by HCLK)
Path Group: HCLK
Path Type: max

Fanout         Cap        Slew       Delay        Time   Description
---------------------------------------------------------------------------------------------
                      0.150000    0.000000    0.000000   clock HCLK (rise edge)
                                  0.000000    0.000000   clock network delay (ideal)
                      0.150000    0.000000    0.000000 ^ _167_/CLK (sky130_fd_sc_hd__dfrtp_2)
     2    0.035338    0.081105    0.328316    0.328316 v _167_/Q (sky130_fd_sc_hd__dfrtp_2)
                                                         PADDR[16] (net)
                      0.081105    0.000000    0.328316 v PADDR[16] (out)
                                              0.328316   data arrival time

                      0.150000   10.000000   10.000000   clock HCLK (rise edge)
                                  0.000000   10.000000   clock network delay (ideal)
                                 -0.250000    9.750000   clock uncertainty
                                  0.000000    9.750000   clock reconvergence pessimism
                                 -2.000000    7.750000   output external delay
                                              7.750000   data required time
---------------------------------------------------------------------------------------------
                                              7.750000   data required time
                                             -0.328316   data arrival time
---------------------------------------------------------------------------------------------
                                              7.421683   slack (MET)


Startpoint: _168_ (rising edge-triggered flip-flop clocked by HCLK)
Endpoint: PADDR[17] (output port clocked by HCLK)
Path Group: HCLK
Path Type: max

Fanout         Cap        Slew       Delay        Time   Description
---------------------------------------------------------------------------------------------
                      0.150000    0.000000    0.000000   clock HCLK (rise edge)
                                  0.000000    0.000000   clock network delay (ideal)
                      0.150000    0.000000    0.000000 ^ _168_/CLK (sky130_fd_sc_hd__dfrtp_2)
     2    0.035338    0.081105    0.328316    0.328316 v _168_/Q (sky130_fd_sc_hd__dfrtp_2)
                                                         PADDR[17] (net)
                      0.081105    0.000000    0.328316 v PADDR[17] (out)
                                              0.328316   data arrival time

                      0.150000   10.000000   10.000000   clock HCLK (rise edge)
                                  0.000000   10.000000   clock network delay (ideal)
                                 -0.250000    9.750000   clock uncertainty
                                  0.000000    9.750000   clock reconvergence pessimism
                                 -2.000000    7.750000   output external delay
                                              7.750000   data required time
---------------------------------------------------------------------------------------------
                                              7.750000   data required time
                                             -0.328316   data arrival time
---------------------------------------------------------------------------------------------
                                              7.421683   slack (MET)


Startpoint: _169_ (rising edge-triggered flip-flop clocked by HCLK)
Endpoint: PADDR[18] (output port clocked by HCLK)
Path Group: HCLK
Path Type: max

Fanout         Cap        Slew       Delay        Time   Description
---------------------------------------------------------------------------------------------
                      0.150000    0.000000    0.000000   clock HCLK (rise edge)
                                  0.000000    0.000000   clock network delay (ideal)
                      0.150000    0.000000    0.000000 ^ _169_/CLK (sky130_fd_sc_hd__dfrtp_2)
     2    0.035338    0.081105    0.328316    0.328316 v _169_/Q (sky130_fd_sc_hd__dfrtp_2)
                                                         PADDR[18] (net)
                      0.081105    0.000000    0.328316 v PADDR[18] (out)
                                              0.328316   data arrival time

                      0.150000   10.000000   10.000000   clock HCLK (rise edge)
                                  0.000000   10.000000   clock network delay (ideal)
                                 -0.250000    9.750000   clock uncertainty
                                  0.000000    9.750000   clock reconvergence pessimism
                                 -2.000000    7.750000   output external delay
                                              7.750000   data required time
---------------------------------------------------------------------------------------------
                                              7.750000   data required time
                                             -0.328316   data arrival time
---------------------------------------------------------------------------------------------
                                              7.421683   slack (MET)


Startpoint: _170_ (rising edge-triggered flip-flop clocked by HCLK)
Endpoint: PADDR[19] (output port clocked by HCLK)
Path Group: HCLK
Path Type: max

Fanout         Cap        Slew       Delay        Time   Description
---------------------------------------------------------------------------------------------
                      0.150000    0.000000    0.000000   clock HCLK (rise edge)
                                  0.000000    0.000000   clock network delay (ideal)
                      0.150000    0.000000    0.000000 ^ _170_/CLK (sky130_fd_sc_hd__dfrtp_2)
     2    0.035338    0.081105    0.328316    0.328316 v _170_/Q (sky130_fd_sc_hd__dfrtp_2)
                                                         PADDR[19] (net)
                      0.081105    0.000000    0.328316 v PADDR[19] (out)
                                              0.328316   data arrival time

                      0.150000   10.000000   10.000000   clock HCLK (rise edge)
                                  0.000000   10.000000   clock network delay (ideal)
                                 -0.250000    9.750000   clock uncertainty
                                  0.000000    9.750000   clock reconvergence pessimism
                                 -2.000000    7.750000   output external delay
                                              7.750000   data required time
---------------------------------------------------------------------------------------------
                                              7.750000   data required time
                                             -0.328316   data arrival time
---------------------------------------------------------------------------------------------
                                              7.421683   slack (MET)


Startpoint: _152_ (rising edge-triggered flip-flop clocked by HCLK)
Endpoint: PADDR[1] (output port clocked by HCLK)
Path Group: HCLK
Path Type: max

Fanout         Cap        Slew       Delay        Time   Description
---------------------------------------------------------------------------------------------
                      0.150000    0.000000    0.000000   clock HCLK (rise edge)
                                  0.000000    0.000000   clock network delay (ideal)
                      0.150000    0.000000    0.000000 ^ _152_/CLK (sky130_fd_sc_hd__dfrtp_2)
     2    0.035338    0.081105    0.328316    0.328316 v _152_/Q (sky130_fd_sc_hd__dfrtp_2)
                                                         PADDR[1] (net)
                      0.081105    0.000000    0.328316 v PADDR[1] (out)
                                              0.328316   data arrival time

                      0.150000   10.000000   10.000000   clock HCLK (rise edge)
                                  0.000000   10.000000   clock network delay (ideal)
                                 -0.250000    9.750000   clock uncertainty
                                  0.000000    9.750000   clock reconvergence pessimism
                                 -2.000000    7.750000   output external delay
                                              7.750000   data required time
---------------------------------------------------------------------------------------------
                                              7.750000   data required time
                                             -0.328316   data arrival time
---------------------------------------------------------------------------------------------
                                              7.421683   slack (MET)


Startpoint: _171_ (rising edge-triggered flip-flop clocked by HCLK)
Endpoint: PADDR[20] (output port clocked by HCLK)
Path Group: HCLK
Path Type: max

Fanout         Cap        Slew       Delay        Time   Description
---------------------------------------------------------------------------------------------
                      0.150000    0.000000    0.000000   clock HCLK (rise edge)
                                  0.000000    0.000000   clock network delay (ideal)
                      0.150000    0.000000    0.000000 ^ _171_/CLK (sky130_fd_sc_hd__dfrtp_2)
     2    0.035338    0.081105    0.328316    0.328316 v _171_/Q (sky130_fd_sc_hd__dfrtp_2)
                                                         PADDR[20] (net)
                      0.081105    0.000000    0.328316 v PADDR[20] (out)
                                              0.328316   data arrival time

                      0.150000   10.000000   10.000000   clock HCLK (rise edge)
                                  0.000000   10.000000   clock network delay (ideal)
                                 -0.250000    9.750000   clock uncertainty
                                  0.000000    9.750000   clock reconvergence pessimism
                                 -2.000000    7.750000   output external delay
                                              7.750000   data required time
---------------------------------------------------------------------------------------------
                                              7.750000   data required time
                                             -0.328316   data arrival time
---------------------------------------------------------------------------------------------
                                              7.421683   slack (MET)


Startpoint: _172_ (rising edge-triggered flip-flop clocked by HCLK)
Endpoint: PADDR[21] (output port clocked by HCLK)
Path Group: HCLK
Path Type: max

Fanout         Cap        Slew       Delay        Time   Description
---------------------------------------------------------------------------------------------
                      0.150000    0.000000    0.000000   clock HCLK (rise edge)
                                  0.000000    0.000000   clock network delay (ideal)
                      0.150000    0.000000    0.000000 ^ _172_/CLK (sky130_fd_sc_hd__dfrtp_2)
     2    0.035338    0.081105    0.328316    0.328316 v _172_/Q (sky130_fd_sc_hd__dfrtp_2)
                                                         PADDR[21] (net)
                      0.081105    0.000000    0.328316 v PADDR[21] (out)
                                              0.328316   data arrival time

                      0.150000   10.000000   10.000000   clock HCLK (rise edge)
                                  0.000000   10.000000   clock network delay (ideal)
                                 -0.250000    9.750000   clock uncertainty
                                  0.000000    9.750000   clock reconvergence pessimism
                                 -2.000000    7.750000   output external delay
                                              7.750000   data required time
---------------------------------------------------------------------------------------------
                                              7.750000   data required time
                                             -0.328316   data arrival time
---------------------------------------------------------------------------------------------
                                              7.421683   slack (MET)


Startpoint: _173_ (rising edge-triggered flip-flop clocked by HCLK)
Endpoint: PADDR[22] (output port clocked by HCLK)
Path Group: HCLK
Path Type: max

Fanout         Cap        Slew       Delay        Time   Description
---------------------------------------------------------------------------------------------
                      0.150000    0.000000    0.000000   clock HCLK (rise edge)
                                  0.000000    0.000000   clock network delay (ideal)
                      0.150000    0.000000    0.000000 ^ _173_/CLK (sky130_fd_sc_hd__dfrtp_2)
     2    0.035338    0.081105    0.328316    0.328316 v _173_/Q (sky130_fd_sc_hd__dfrtp_2)
                                                         PADDR[22] (net)
                      0.081105    0.000000    0.328316 v PADDR[22] (out)
                                              0.328316   data arrival time

                      0.150000   10.000000   10.000000   clock HCLK (rise edge)
                                  0.000000   10.000000   clock network delay (ideal)
                                 -0.250000    9.750000   clock uncertainty
                                  0.000000    9.750000   clock reconvergence pessimism
                                 -2.000000    7.750000   output external delay
                                              7.750000   data required time
---------------------------------------------------------------------------------------------
                                              7.750000   data required time
                                             -0.328316   data arrival time
---------------------------------------------------------------------------------------------
                                              7.421683   slack (MET)


Startpoint: _174_ (rising edge-triggered flip-flop clocked by HCLK)
Endpoint: PADDR[23] (output port clocked by HCLK)
Path Group: HCLK
Path Type: max

Fanout         Cap        Slew       Delay        Time   Description
---------------------------------------------------------------------------------------------
                      0.150000    0.000000    0.000000   clock HCLK (rise edge)
                                  0.000000    0.000000   clock network delay (ideal)
                      0.150000    0.000000    0.000000 ^ _174_/CLK (sky130_fd_sc_hd__dfrtp_2)
     2    0.035338    0.081105    0.328316    0.328316 v _174_/Q (sky130_fd_sc_hd__dfrtp_2)
                                                         PADDR[23] (net)
                      0.081105    0.000000    0.328316 v PADDR[23] (out)
                                              0.328316   data arrival time

                      0.150000   10.000000   10.000000   clock HCLK (rise edge)
                                  0.000000   10.000000   clock network delay (ideal)
                                 -0.250000    9.750000   clock uncertainty
                                  0.000000    9.750000   clock reconvergence pessimism
                                 -2.000000    7.750000   output external delay
                                              7.750000   data required time
---------------------------------------------------------------------------------------------
                                              7.750000   data required time
                                             -0.328316   data arrival time
---------------------------------------------------------------------------------------------
                                              7.421683   slack (MET)


Startpoint: _175_ (rising edge-triggered flip-flop clocked by HCLK)
Endpoint: PADDR[24] (output port clocked by HCLK)
Path Group: HCLK
Path Type: max

Fanout         Cap        Slew       Delay        Time   Description
---------------------------------------------------------------------------------------------
                      0.150000    0.000000    0.000000   clock HCLK (rise edge)
                                  0.000000    0.000000   clock network delay (ideal)
                      0.150000    0.000000    0.000000 ^ _175_/CLK (sky130_fd_sc_hd__dfrtp_2)
     2    0.035338    0.081105    0.328316    0.328316 v _175_/Q (sky130_fd_sc_hd__dfrtp_2)
                                                         PADDR[24] (net)
                      0.081105    0.000000    0.328316 v PADDR[24] (out)
                                              0.328316   data arrival time

                      0.150000   10.000000   10.000000   clock HCLK (rise edge)
                                  0.000000   10.000000   clock network delay (ideal)
                                 -0.250000    9.750000   clock uncertainty
                                  0.000000    9.750000   clock reconvergence pessimism
                                 -2.000000    7.750000   output external delay
                                              7.750000   data required time
---------------------------------------------------------------------------------------------
                                              7.750000   data required time
                                             -0.328316   data arrival time
---------------------------------------------------------------------------------------------
                                              7.421683   slack (MET)


Startpoint: _176_ (rising edge-triggered flip-flop clocked by HCLK)
Endpoint: PADDR[25] (output port clocked by HCLK)
Path Group: HCLK
Path Type: max

Fanout         Cap        Slew       Delay        Time   Description
---------------------------------------------------------------------------------------------
                      0.150000    0.000000    0.000000   clock HCLK (rise edge)
                                  0.000000    0.000000   clock network delay (ideal)
                      0.150000    0.000000    0.000000 ^ _176_/CLK (sky130_fd_sc_hd__dfrtp_2)
     2    0.035338    0.081105    0.328316    0.328316 v _176_/Q (sky130_fd_sc_hd__dfrtp_2)
                                                         PADDR[25] (net)
                      0.081105    0.000000    0.328316 v PADDR[25] (out)
                                              0.328316   data arrival time

                      0.150000   10.000000   10.000000   clock HCLK (rise edge)
                                  0.000000   10.000000   clock network delay (ideal)
                                 -0.250000    9.750000   clock uncertainty
                                  0.000000    9.750000   clock reconvergence pessimism
                                 -2.000000    7.750000   output external delay
                                              7.750000   data required time
---------------------------------------------------------------------------------------------
                                              7.750000   data required time
                                             -0.328316   data arrival time
---------------------------------------------------------------------------------------------
                                              7.421683   slack (MET)


Startpoint: _177_ (rising edge-triggered flip-flop clocked by HCLK)
Endpoint: PADDR[26] (output port clocked by HCLK)
Path Group: HCLK
Path Type: max

Fanout         Cap        Slew       Delay        Time   Description
---------------------------------------------------------------------------------------------
                      0.150000    0.000000    0.000000   clock HCLK (rise edge)
                                  0.000000    0.000000   clock network delay (ideal)
                      0.150000    0.000000    0.000000 ^ _177_/CLK (sky130_fd_sc_hd__dfrtp_2)
     2    0.035338    0.081105    0.328316    0.328316 v _177_/Q (sky130_fd_sc_hd__dfrtp_2)
                                                         PADDR[26] (net)
                      0.081105    0.000000    0.328316 v PADDR[26] (out)
                                              0.328316   data arrival time

                      0.150000   10.000000   10.000000   clock HCLK (rise edge)
                                  0.000000   10.000000   clock network delay (ideal)
                                 -0.250000    9.750000   clock uncertainty
                                  0.000000    9.750000   clock reconvergence pessimism
                                 -2.000000    7.750000   output external delay
                                              7.750000   data required time
---------------------------------------------------------------------------------------------
                                              7.750000   data required time
                                             -0.328316   data arrival time
---------------------------------------------------------------------------------------------
                                              7.421683   slack (MET)


Startpoint: _178_ (rising edge-triggered flip-flop clocked by HCLK)
Endpoint: PADDR[27] (output port clocked by HCLK)
Path Group: HCLK
Path Type: max

Fanout         Cap        Slew       Delay        Time   Description
---------------------------------------------------------------------------------------------
                      0.150000    0.000000    0.000000   clock HCLK (rise edge)
                                  0.000000    0.000000   clock network delay (ideal)
                      0.150000    0.000000    0.000000 ^ _178_/CLK (sky130_fd_sc_hd__dfrtp_2)
     2    0.035338    0.081105    0.328316    0.328316 v _178_/Q (sky130_fd_sc_hd__dfrtp_2)
                                                         PADDR[27] (net)
                      0.081105    0.000000    0.328316 v PADDR[27] (out)
                                              0.328316   data arrival time

                      0.150000   10.000000   10.000000   clock HCLK (rise edge)
                                  0.000000   10.000000   clock network delay (ideal)
                                 -0.250000    9.750000   clock uncertainty
                                  0.000000    9.750000   clock reconvergence pessimism
                                 -2.000000    7.750000   output external delay
                                              7.750000   data required time
---------------------------------------------------------------------------------------------
                                              7.750000   data required time
                                             -0.328316   data arrival time
---------------------------------------------------------------------------------------------
                                              7.421683   slack (MET)


Startpoint: _179_ (rising edge-triggered flip-flop clocked by HCLK)
Endpoint: PADDR[28] (output port clocked by HCLK)
Path Group: HCLK
Path Type: max

Fanout         Cap        Slew       Delay        Time   Description
---------------------------------------------------------------------------------------------
                      0.150000    0.000000    0.000000   clock HCLK (rise edge)
                                  0.000000    0.000000   clock network delay (ideal)
                      0.150000    0.000000    0.000000 ^ _179_/CLK (sky130_fd_sc_hd__dfrtp_2)
     2    0.035338    0.081105    0.328316    0.328316 v _179_/Q (sky130_fd_sc_hd__dfrtp_2)
                                                         PADDR[28] (net)
                      0.081105    0.000000    0.328316 v PADDR[28] (out)
                                              0.328316   data arrival time

                      0.150000   10.000000   10.000000   clock HCLK (rise edge)
                                  0.000000   10.000000   clock network delay (ideal)
                                 -0.250000    9.750000   clock uncertainty
                                  0.000000    9.750000   clock reconvergence pessimism
                                 -2.000000    7.750000   output external delay
                                              7.750000   data required time
---------------------------------------------------------------------------------------------
                                              7.750000   data required time
                                             -0.328316   data arrival time
---------------------------------------------------------------------------------------------
                                              7.421683   slack (MET)


Startpoint: _180_ (rising edge-triggered flip-flop clocked by HCLK)
Endpoint: PADDR[29] (output port clocked by HCLK)
Path Group: HCLK
Path Type: max

Fanout         Cap        Slew       Delay        Time   Description
---------------------------------------------------------------------------------------------
                      0.150000    0.000000    0.000000   clock HCLK (rise edge)
                                  0.000000    0.000000   clock network delay (ideal)
                      0.150000    0.000000    0.000000 ^ _180_/CLK (sky130_fd_sc_hd__dfrtp_2)
     2    0.035338    0.081105    0.328316    0.328316 v _180_/Q (sky130_fd_sc_hd__dfrtp_2)
                                                         PADDR[29] (net)
                      0.081105    0.000000    0.328316 v PADDR[29] (out)
                                              0.328316   data arrival time

                      0.150000   10.000000   10.000000   clock HCLK (rise edge)
                                  0.000000   10.000000   clock network delay (ideal)
                                 -0.250000    9.750000   clock uncertainty
                                  0.000000    9.750000   clock reconvergence pessimism
                                 -2.000000    7.750000   output external delay
                                              7.750000   data required time
---------------------------------------------------------------------------------------------
                                              7.750000   data required time
                                             -0.328316   data arrival time
---------------------------------------------------------------------------------------------
                                              7.421683   slack (MET)


Startpoint: _153_ (rising edge-triggered flip-flop clocked by HCLK)
Endpoint: PADDR[2] (output port clocked by HCLK)
Path Group: HCLK
Path Type: max

Fanout         Cap        Slew       Delay        Time   Description
---------------------------------------------------------------------------------------------
                      0.150000    0.000000    0.000000   clock HCLK (rise edge)
                                  0.000000    0.000000   clock network delay (ideal)
                      0.150000    0.000000    0.000000 ^ _153_/CLK (sky130_fd_sc_hd__dfrtp_2)
     2    0.035338    0.081105    0.328316    0.328316 v _153_/Q (sky130_fd_sc_hd__dfrtp_2)
                                                         PADDR[2] (net)
                      0.081105    0.000000    0.328316 v PADDR[2] (out)
                                              0.328316   data arrival time

                      0.150000   10.000000   10.000000   clock HCLK (rise edge)
                                  0.000000   10.000000   clock network delay (ideal)
                                 -0.250000    9.750000   clock uncertainty
                                  0.000000    9.750000   clock reconvergence pessimism
                                 -2.000000    7.750000   output external delay
                                              7.750000   data required time
---------------------------------------------------------------------------------------------
                                              7.750000   data required time
                                             -0.328316   data arrival time
---------------------------------------------------------------------------------------------
                                              7.421683   slack (MET)


Startpoint: _181_ (rising edge-triggered flip-flop clocked by HCLK)
Endpoint: PADDR[30] (output port clocked by HCLK)
Path Group: HCLK
Path Type: max

Fanout         Cap        Slew       Delay        Time   Description
---------------------------------------------------------------------------------------------
                      0.150000    0.000000    0.000000   clock HCLK (rise edge)
                                  0.000000    0.000000   clock network delay (ideal)
                      0.150000    0.000000    0.000000 ^ _181_/CLK (sky130_fd_sc_hd__dfrtp_2)
     2    0.035338    0.081105    0.328316    0.328316 v _181_/Q (sky130_fd_sc_hd__dfrtp_2)
                                                         PADDR[30] (net)
                      0.081105    0.000000    0.328316 v PADDR[30] (out)
                                              0.328316   data arrival time

                      0.150000   10.000000   10.000000   clock HCLK (rise edge)
                                  0.000000   10.000000   clock network delay (ideal)
                                 -0.250000    9.750000   clock uncertainty
                                  0.000000    9.750000   clock reconvergence pessimism
                                 -2.000000    7.750000   output external delay
                                              7.750000   data required time
---------------------------------------------------------------------------------------------
                                              7.750000   data required time
                                             -0.328316   data arrival time
---------------------------------------------------------------------------------------------
                                              7.421683   slack (MET)


Startpoint: _182_ (rising edge-triggered flip-flop clocked by HCLK)
Endpoint: PADDR[31] (output port clocked by HCLK)
Path Group: HCLK
Path Type: max

Fanout         Cap        Slew       Delay        Time   Description
---------------------------------------------------------------------------------------------
                      0.150000    0.000000    0.000000   clock HCLK (rise edge)
                                  0.000000    0.000000   clock network delay (ideal)
                      0.150000    0.000000    0.000000 ^ _182_/CLK (sky130_fd_sc_hd__dfrtp_2)
     2    0.035338    0.081105    0.328316    0.328316 v _182_/Q (sky130_fd_sc_hd__dfrtp_2)
                                                         PADDR[31] (net)
                      0.081105    0.000000    0.328316 v PADDR[31] (out)
                                              0.328316   data arrival time

                      0.150000   10.000000   10.000000   clock HCLK (rise edge)
                                  0.000000   10.000000   clock network delay (ideal)
                                 -0.250000    9.750000   clock uncertainty
                                  0.000000    9.750000   clock reconvergence pessimism
                                 -2.000000    7.750000   output external delay
                                              7.750000   data required time
---------------------------------------------------------------------------------------------
                                              7.750000   data required time
                                             -0.328316   data arrival time
---------------------------------------------------------------------------------------------
                                              7.421683   slack (MET)


Startpoint: _154_ (rising edge-triggered flip-flop clocked by HCLK)
Endpoint: PADDR[3] (output port clocked by HCLK)
Path Group: HCLK
Path Type: max

Fanout         Cap        Slew       Delay        Time   Description
---------------------------------------------------------------------------------------------
                      0.150000    0.000000    0.000000   clock HCLK (rise edge)
                                  0.000000    0.000000   clock network delay (ideal)
                      0.150000    0.000000    0.000000 ^ _154_/CLK (sky130_fd_sc_hd__dfrtp_2)
     2    0.035338    0.081105    0.328316    0.328316 v _154_/Q (sky130_fd_sc_hd__dfrtp_2)
                                                         PADDR[3] (net)
                      0.081105    0.000000    0.328316 v PADDR[3] (out)
                                              0.328316   data arrival time

                      0.150000   10.000000   10.000000   clock HCLK (rise edge)
                                  0.000000   10.000000   clock network delay (ideal)
                                 -0.250000    9.750000   clock uncertainty
                                  0.000000    9.750000   clock reconvergence pessimism
                                 -2.000000    7.750000   output external delay
                                              7.750000   data required time
---------------------------------------------------------------------------------------------
                                              7.750000   data required time
                                             -0.328316   data arrival time
---------------------------------------------------------------------------------------------
                                              7.421683   slack (MET)


Startpoint: _155_ (rising edge-triggered flip-flop clocked by HCLK)
Endpoint: PADDR[4] (output port clocked by HCLK)
Path Group: HCLK
Path Type: max

Fanout         Cap        Slew       Delay        Time   Description
---------------------------------------------------------------------------------------------
                      0.150000    0.000000    0.000000   clock HCLK (rise edge)
                                  0.000000    0.000000   clock network delay (ideal)
                      0.150000    0.000000    0.000000 ^ _155_/CLK (sky130_fd_sc_hd__dfrtp_2)
     2    0.035338    0.081105    0.328316    0.328316 v _155_/Q (sky130_fd_sc_hd__dfrtp_2)
                                                         PADDR[4] (net)
                      0.081105    0.000000    0.328316 v PADDR[4] (out)
                                              0.328316   data arrival time

                      0.150000   10.000000   10.000000   clock HCLK (rise edge)
                                  0.000000   10.000000   clock network delay (ideal)
                                 -0.250000    9.750000   clock uncertainty
                                  0.000000    9.750000   clock reconvergence pessimism
                                 -2.000000    7.750000   output external delay
                                              7.750000   data required time
---------------------------------------------------------------------------------------------
                                              7.750000   data required time
                                             -0.328316   data arrival time
---------------------------------------------------------------------------------------------
                                              7.421683   slack (MET)


Startpoint: _156_ (rising edge-triggered flip-flop clocked by HCLK)
Endpoint: PADDR[5] (output port clocked by HCLK)
Path Group: HCLK
Path Type: max

Fanout         Cap        Slew       Delay        Time   Description
---------------------------------------------------------------------------------------------
                      0.150000    0.000000    0.000000   clock HCLK (rise edge)
                                  0.000000    0.000000   clock network delay (ideal)
                      0.150000    0.000000    0.000000 ^ _156_/CLK (sky130_fd_sc_hd__dfrtp_2)
     2    0.035338    0.081105    0.328316    0.328316 v _156_/Q (sky130_fd_sc_hd__dfrtp_2)
                                                         PADDR[5] (net)
                      0.081105    0.000000    0.328316 v PADDR[5] (out)
                                              0.328316   data arrival time

                      0.150000   10.000000   10.000000   clock HCLK (rise edge)
                                  0.000000   10.000000   clock network delay (ideal)
                                 -0.250000    9.750000   clock uncertainty
                                  0.000000    9.750000   clock reconvergence pessimism
                                 -2.000000    7.750000   output external delay
                                              7.750000   data required time
---------------------------------------------------------------------------------------------
                                              7.750000   data required time
                                             -0.328316   data arrival time
---------------------------------------------------------------------------------------------
                                              7.421683   slack (MET)


Startpoint: _157_ (rising edge-triggered flip-flop clocked by HCLK)
Endpoint: PADDR[6] (output port clocked by HCLK)
Path Group: HCLK
Path Type: max

Fanout         Cap        Slew       Delay        Time   Description
---------------------------------------------------------------------------------------------
                      0.150000    0.000000    0.000000   clock HCLK (rise edge)
                                  0.000000    0.000000   clock network delay (ideal)
                      0.150000    0.000000    0.000000 ^ _157_/CLK (sky130_fd_sc_hd__dfrtp_2)
     2    0.035338    0.081105    0.328316    0.328316 v _157_/Q (sky130_fd_sc_hd__dfrtp_2)
                                                         PADDR[6] (net)
                      0.081105    0.000000    0.328316 v PADDR[6] (out)
                                              0.328316   data arrival time

                      0.150000   10.000000   10.000000   clock HCLK (rise edge)
                                  0.000000   10.000000   clock network delay (ideal)
                                 -0.250000    9.750000   clock uncertainty
                                  0.000000    9.750000   clock reconvergence pessimism
                                 -2.000000    7.750000   output external delay
                                              7.750000   data required time
---------------------------------------------------------------------------------------------
                                              7.750000   data required time
                                             -0.328316   data arrival time
---------------------------------------------------------------------------------------------
                                              7.421683   slack (MET)


Startpoint: _158_ (rising edge-triggered flip-flop clocked by HCLK)
Endpoint: PADDR[7] (output port clocked by HCLK)
Path Group: HCLK
Path Type: max

Fanout         Cap        Slew       Delay        Time   Description
---------------------------------------------------------------------------------------------
                      0.150000    0.000000    0.000000   clock HCLK (rise edge)
                                  0.000000    0.000000   clock network delay (ideal)
                      0.150000    0.000000    0.000000 ^ _158_/CLK (sky130_fd_sc_hd__dfrtp_2)
     2    0.035338    0.081105    0.328316    0.328316 v _158_/Q (sky130_fd_sc_hd__dfrtp_2)
                                                         PADDR[7] (net)
                      0.081105    0.000000    0.328316 v PADDR[7] (out)
                                              0.328316   data arrival time

                      0.150000   10.000000   10.000000   clock HCLK (rise edge)
                                  0.000000   10.000000   clock network delay (ideal)
                                 -0.250000    9.750000   clock uncertainty
                                  0.000000    9.750000   clock reconvergence pessimism
                                 -2.000000    7.750000   output external delay
                                              7.750000   data required time
---------------------------------------------------------------------------------------------
                                              7.750000   data required time
                                             -0.328316   data arrival time
---------------------------------------------------------------------------------------------
                                              7.421683   slack (MET)


Startpoint: _159_ (rising edge-triggered flip-flop clocked by HCLK)
Endpoint: PADDR[8] (output port clocked by HCLK)
Path Group: HCLK
Path Type: max

Fanout         Cap        Slew       Delay        Time   Description
---------------------------------------------------------------------------------------------
                      0.150000    0.000000    0.000000   clock HCLK (rise edge)
                                  0.000000    0.000000   clock network delay (ideal)
                      0.150000    0.000000    0.000000 ^ _159_/CLK (sky130_fd_sc_hd__dfrtp_2)
     2    0.035338    0.081105    0.328316    0.328316 v _159_/Q (sky130_fd_sc_hd__dfrtp_2)
                                                         PADDR[8] (net)
                      0.081105    0.000000    0.328316 v PADDR[8] (out)
                                              0.328316   data arrival time

                      0.150000   10.000000   10.000000   clock HCLK (rise edge)
                                  0.000000   10.000000   clock network delay (ideal)
                                 -0.250000    9.750000   clock uncertainty
                                  0.000000    9.750000   clock reconvergence pessimism
                                 -2.000000    7.750000   output external delay
                                              7.750000   data required time
---------------------------------------------------------------------------------------------
                                              7.750000   data required time
                                             -0.328316   data arrival time
---------------------------------------------------------------------------------------------
                                              7.421683   slack (MET)


Startpoint: _160_ (rising edge-triggered flip-flop clocked by HCLK)
Endpoint: PADDR[9] (output port clocked by HCLK)
Path Group: HCLK
Path Type: max

Fanout         Cap        Slew       Delay        Time   Description
---------------------------------------------------------------------------------------------
                      0.150000    0.000000    0.000000   clock HCLK (rise edge)
                                  0.000000    0.000000   clock network delay (ideal)
                      0.150000    0.000000    0.000000 ^ _160_/CLK (sky130_fd_sc_hd__dfrtp_2)
     2    0.035338    0.081105    0.328316    0.328316 v _160_/Q (sky130_fd_sc_hd__dfrtp_2)
                                                         PADDR[9] (net)
                      0.081105    0.000000    0.328316 v PADDR[9] (out)
                                              0.328316   data arrival time

                      0.150000   10.000000   10.000000   clock HCLK (rise edge)
                                  0.000000   10.000000   clock network delay (ideal)
                                 -0.250000    9.750000   clock uncertainty
                                  0.000000    9.750000   clock reconvergence pessimism
                                 -2.000000    7.750000   output external delay
                                              7.750000   data required time
---------------------------------------------------------------------------------------------
                                              7.750000   data required time
                                             -0.328316   data arrival time
---------------------------------------------------------------------------------------------
                                              7.421683   slack (MET)


Startpoint: _183_ (rising edge-triggered flip-flop clocked by HCLK)
Endpoint: PWDATA[0] (output port clocked by HCLK)
Path Group: HCLK
Path Type: max

Fanout         Cap        Slew       Delay        Time   Description
---------------------------------------------------------------------------------------------
                      0.150000    0.000000    0.000000   clock HCLK (rise edge)
                                  0.000000    0.000000   clock network delay (ideal)
                      0.150000    0.000000    0.000000 ^ _183_/CLK (sky130_fd_sc_hd__dfrtp_2)
     2    0.035338    0.081105    0.328316    0.328316 v _183_/Q (sky130_fd_sc_hd__dfrtp_2)
                                                         PWDATA[0] (net)
                      0.081105    0.000000    0.328316 v PWDATA[0] (out)
                                              0.328316   data arrival time

                      0.150000   10.000000   10.000000   clock HCLK (rise edge)
                                  0.000000   10.000000   clock network delay (ideal)
                                 -0.250000    9.750000   clock uncertainty
                                  0.000000    9.750000   clock reconvergence pessimism
                                 -2.000000    7.750000   output external delay
                                              7.750000   data required time
---------------------------------------------------------------------------------------------
                                              7.750000   data required time
                                             -0.328316   data arrival time
---------------------------------------------------------------------------------------------
                                              7.421683   slack (MET)


Startpoint: _193_ (rising edge-triggered flip-flop clocked by HCLK)
Endpoint: PWDATA[10] (output port clocked by HCLK)
Path Group: HCLK
Path Type: max

Fanout         Cap        Slew       Delay        Time   Description
---------------------------------------------------------------------------------------------
                      0.150000    0.000000    0.000000   clock HCLK (rise edge)
                                  0.000000    0.000000   clock network delay (ideal)
                      0.150000    0.000000    0.000000 ^ _193_/CLK (sky130_fd_sc_hd__dfrtp_2)
     2    0.035338    0.081105    0.328316    0.328316 v _193_/Q (sky130_fd_sc_hd__dfrtp_2)
                                                         PWDATA[10] (net)
                      0.081105    0.000000    0.328316 v PWDATA[10] (out)
                                              0.328316   data arrival time

                      0.150000   10.000000   10.000000   clock HCLK (rise edge)
                                  0.000000   10.000000   clock network delay (ideal)
                                 -0.250000    9.750000   clock uncertainty
                                  0.000000    9.750000   clock reconvergence pessimism
                                 -2.000000    7.750000   output external delay
                                              7.750000   data required time
---------------------------------------------------------------------------------------------
                                              7.750000   data required time
                                             -0.328316   data arrival time
---------------------------------------------------------------------------------------------
                                              7.421683   slack (MET)


Startpoint: _194_ (rising edge-triggered flip-flop clocked by HCLK)
Endpoint: PWDATA[11] (output port clocked by HCLK)
Path Group: HCLK
Path Type: max

Fanout         Cap        Slew       Delay        Time   Description
---------------------------------------------------------------------------------------------
                      0.150000    0.000000    0.000000   clock HCLK (rise edge)
                                  0.000000    0.000000   clock network delay (ideal)
                      0.150000    0.000000    0.000000 ^ _194_/CLK (sky130_fd_sc_hd__dfrtp_2)
     2    0.035338    0.081105    0.328316    0.328316 v _194_/Q (sky130_fd_sc_hd__dfrtp_2)
                                                         PWDATA[11] (net)
                      0.081105    0.000000    0.328316 v PWDATA[11] (out)
                                              0.328316   data arrival time

                      0.150000   10.000000   10.000000   clock HCLK (rise edge)
                                  0.000000   10.000000   clock network delay (ideal)
                                 -0.250000    9.750000   clock uncertainty
                                  0.000000    9.750000   clock reconvergence pessimism
                                 -2.000000    7.750000   output external delay
                                              7.750000   data required time
---------------------------------------------------------------------------------------------
                                              7.750000   data required time
                                             -0.328316   data arrival time
---------------------------------------------------------------------------------------------
                                              7.421683   slack (MET)


Startpoint: _195_ (rising edge-triggered flip-flop clocked by HCLK)
Endpoint: PWDATA[12] (output port clocked by HCLK)
Path Group: HCLK
Path Type: max

Fanout         Cap        Slew       Delay        Time   Description
---------------------------------------------------------------------------------------------
                      0.150000    0.000000    0.000000   clock HCLK (rise edge)
                                  0.000000    0.000000   clock network delay (ideal)
                      0.150000    0.000000    0.000000 ^ _195_/CLK (sky130_fd_sc_hd__dfrtp_2)
     2    0.035338    0.081105    0.328316    0.328316 v _195_/Q (sky130_fd_sc_hd__dfrtp_2)
                                                         PWDATA[12] (net)
                      0.081105    0.000000    0.328316 v PWDATA[12] (out)
                                              0.328316   data arrival time

                      0.150000   10.000000   10.000000   clock HCLK (rise edge)
                                  0.000000   10.000000   clock network delay (ideal)
                                 -0.250000    9.750000   clock uncertainty
                                  0.000000    9.750000   clock reconvergence pessimism
                                 -2.000000    7.750000   output external delay
                                              7.750000   data required time
---------------------------------------------------------------------------------------------
                                              7.750000   data required time
                                             -0.328316   data arrival time
---------------------------------------------------------------------------------------------
                                              7.421683   slack (MET)


Startpoint: _196_ (rising edge-triggered flip-flop clocked by HCLK)
Endpoint: PWDATA[13] (output port clocked by HCLK)
Path Group: HCLK
Path Type: max

Fanout         Cap        Slew       Delay        Time   Description
---------------------------------------------------------------------------------------------
                      0.150000    0.000000    0.000000   clock HCLK (rise edge)
                                  0.000000    0.000000   clock network delay (ideal)
                      0.150000    0.000000    0.000000 ^ _196_/CLK (sky130_fd_sc_hd__dfrtp_2)
     2    0.035338    0.081105    0.328316    0.328316 v _196_/Q (sky130_fd_sc_hd__dfrtp_2)
                                                         PWDATA[13] (net)
                      0.081105    0.000000    0.328316 v PWDATA[13] (out)
                                              0.328316   data arrival time

                      0.150000   10.000000   10.000000   clock HCLK (rise edge)
                                  0.000000   10.000000   clock network delay (ideal)
                                 -0.250000    9.750000   clock uncertainty
                                  0.000000    9.750000   clock reconvergence pessimism
                                 -2.000000    7.750000   output external delay
                                              7.750000   data required time
---------------------------------------------------------------------------------------------
                                              7.750000   data required time
                                             -0.328316   data arrival time
---------------------------------------------------------------------------------------------
                                              7.421683   slack (MET)


Startpoint: _197_ (rising edge-triggered flip-flop clocked by HCLK)
Endpoint: PWDATA[14] (output port clocked by HCLK)
Path Group: HCLK
Path Type: max

Fanout         Cap        Slew       Delay        Time   Description
---------------------------------------------------------------------------------------------
                      0.150000    0.000000    0.000000   clock HCLK (rise edge)
                                  0.000000    0.000000   clock network delay (ideal)
                      0.150000    0.000000    0.000000 ^ _197_/CLK (sky130_fd_sc_hd__dfrtp_2)
     2    0.035338    0.081105    0.328316    0.328316 v _197_/Q (sky130_fd_sc_hd__dfrtp_2)
                                                         PWDATA[14] (net)
                      0.081105    0.000000    0.328316 v PWDATA[14] (out)
                                              0.328316   data arrival time

                      0.150000   10.000000   10.000000   clock HCLK (rise edge)
                                  0.000000   10.000000   clock network delay (ideal)
                                 -0.250000    9.750000   clock uncertainty
                                  0.000000    9.750000   clock reconvergence pessimism
                                 -2.000000    7.750000   output external delay
                                              7.750000   data required time
---------------------------------------------------------------------------------------------
                                              7.750000   data required time
                                             -0.328316   data arrival time
---------------------------------------------------------------------------------------------
                                              7.421683   slack (MET)


Startpoint: _198_ (rising edge-triggered flip-flop clocked by HCLK)
Endpoint: PWDATA[15] (output port clocked by HCLK)
Path Group: HCLK
Path Type: max

Fanout         Cap        Slew       Delay        Time   Description
---------------------------------------------------------------------------------------------
                      0.150000    0.000000    0.000000   clock HCLK (rise edge)
                                  0.000000    0.000000   clock network delay (ideal)
                      0.150000    0.000000    0.000000 ^ _198_/CLK (sky130_fd_sc_hd__dfrtp_2)
     2    0.035338    0.081105    0.328316    0.328316 v _198_/Q (sky130_fd_sc_hd__dfrtp_2)
                                                         PWDATA[15] (net)
                      0.081105    0.000000    0.328316 v PWDATA[15] (out)
                                              0.328316   data arrival time

                      0.150000   10.000000   10.000000   clock HCLK (rise edge)
                                  0.000000   10.000000   clock network delay (ideal)
                                 -0.250000    9.750000   clock uncertainty
                                  0.000000    9.750000   clock reconvergence pessimism
                                 -2.000000    7.750000   output external delay
                                              7.750000   data required time
---------------------------------------------------------------------------------------------
                                              7.750000   data required time
                                             -0.328316   data arrival time
---------------------------------------------------------------------------------------------
                                              7.421683   slack (MET)


Startpoint: _199_ (rising edge-triggered flip-flop clocked by HCLK)
Endpoint: PWDATA[16] (output port clocked by HCLK)
Path Group: HCLK
Path Type: max

Fanout         Cap        Slew       Delay        Time   Description
---------------------------------------------------------------------------------------------
                      0.150000    0.000000    0.000000   clock HCLK (rise edge)
                                  0.000000    0.000000   clock network delay (ideal)
                      0.150000    0.000000    0.000000 ^ _199_/CLK (sky130_fd_sc_hd__dfrtp_2)
     2    0.035338    0.081105    0.328316    0.328316 v _199_/Q (sky130_fd_sc_hd__dfrtp_2)
                                                         PWDATA[16] (net)
                      0.081105    0.000000    0.328316 v PWDATA[16] (out)
                                              0.328316   data arrival time

                      0.150000   10.000000   10.000000   clock HCLK (rise edge)
                                  0.000000   10.000000   clock network delay (ideal)
                                 -0.250000    9.750000   clock uncertainty
                                  0.000000    9.750000   clock reconvergence pessimism
                                 -2.000000    7.750000   output external delay
                                              7.750000   data required time
---------------------------------------------------------------------------------------------
                                              7.750000   data required time
                                             -0.328316   data arrival time
---------------------------------------------------------------------------------------------
                                              7.421683   slack (MET)


Startpoint: _200_ (rising edge-triggered flip-flop clocked by HCLK)
Endpoint: PWDATA[17] (output port clocked by HCLK)
Path Group: HCLK
Path Type: max

Fanout         Cap        Slew       Delay        Time   Description
---------------------------------------------------------------------------------------------
                      0.150000    0.000000    0.000000   clock HCLK (rise edge)
                                  0.000000    0.000000   clock network delay (ideal)
                      0.150000    0.000000    0.000000 ^ _200_/CLK (sky130_fd_sc_hd__dfrtp_2)
     2    0.035338    0.081105    0.328316    0.328316 v _200_/Q (sky130_fd_sc_hd__dfrtp_2)
                                                         PWDATA[17] (net)
                      0.081105    0.000000    0.328316 v PWDATA[17] (out)
                                              0.328316   data arrival time

                      0.150000   10.000000   10.000000   clock HCLK (rise edge)
                                  0.000000   10.000000   clock network delay (ideal)
                                 -0.250000    9.750000   clock uncertainty
                                  0.000000    9.750000   clock reconvergence pessimism
                                 -2.000000    7.750000   output external delay
                                              7.750000   data required time
---------------------------------------------------------------------------------------------
                                              7.750000   data required time
                                             -0.328316   data arrival time
---------------------------------------------------------------------------------------------
                                              7.421683   slack (MET)


Startpoint: _201_ (rising edge-triggered flip-flop clocked by HCLK)
Endpoint: PWDATA[18] (output port clocked by HCLK)
Path Group: HCLK
Path Type: max

Fanout         Cap        Slew       Delay        Time   Description
---------------------------------------------------------------------------------------------
                      0.150000    0.000000    0.000000   clock HCLK (rise edge)
                                  0.000000    0.000000   clock network delay (ideal)
                      0.150000    0.000000    0.000000 ^ _201_/CLK (sky130_fd_sc_hd__dfrtp_2)
     2    0.035338    0.081105    0.328316    0.328316 v _201_/Q (sky130_fd_sc_hd__dfrtp_2)
                                                         PWDATA[18] (net)
                      0.081105    0.000000    0.328316 v PWDATA[18] (out)
                                              0.328316   data arrival time

                      0.150000   10.000000   10.000000   clock HCLK (rise edge)
                                  0.000000   10.000000   clock network delay (ideal)
                                 -0.250000    9.750000   clock uncertainty
                                  0.000000    9.750000   clock reconvergence pessimism
                                 -2.000000    7.750000   output external delay
                                              7.750000   data required time
---------------------------------------------------------------------------------------------
                                              7.750000   data required time
                                             -0.328316   data arrival time
---------------------------------------------------------------------------------------------
                                              7.421683   slack (MET)


Startpoint: _202_ (rising edge-triggered flip-flop clocked by HCLK)
Endpoint: PWDATA[19] (output port clocked by HCLK)
Path Group: HCLK
Path Type: max

Fanout         Cap        Slew       Delay        Time   Description
---------------------------------------------------------------------------------------------
                      0.150000    0.000000    0.000000   clock HCLK (rise edge)
                                  0.000000    0.000000   clock network delay (ideal)
                      0.150000    0.000000    0.000000 ^ _202_/CLK (sky130_fd_sc_hd__dfrtp_2)
     2    0.035338    0.081105    0.328316    0.328316 v _202_/Q (sky130_fd_sc_hd__dfrtp_2)
                                                         PWDATA[19] (net)
                      0.081105    0.000000    0.328316 v PWDATA[19] (out)
                                              0.328316   data arrival time

                      0.150000   10.000000   10.000000   clock HCLK (rise edge)
                                  0.000000   10.000000   clock network delay (ideal)
                                 -0.250000    9.750000   clock uncertainty
                                  0.000000    9.750000   clock reconvergence pessimism
                                 -2.000000    7.750000   output external delay
                                              7.750000   data required time
---------------------------------------------------------------------------------------------
                                              7.750000   data required time
                                             -0.328316   data arrival time
---------------------------------------------------------------------------------------------
                                              7.421683   slack (MET)


Startpoint: _184_ (rising edge-triggered flip-flop clocked by HCLK)
Endpoint: PWDATA[1] (output port clocked by HCLK)
Path Group: HCLK
Path Type: max

Fanout         Cap        Slew       Delay        Time   Description
---------------------------------------------------------------------------------------------
                      0.150000    0.000000    0.000000   clock HCLK (rise edge)
                                  0.000000    0.000000   clock network delay (ideal)
                      0.150000    0.000000    0.000000 ^ _184_/CLK (sky130_fd_sc_hd__dfrtp_2)
     2    0.035338    0.081105    0.328316    0.328316 v _184_/Q (sky130_fd_sc_hd__dfrtp_2)
                                                         PWDATA[1] (net)
                      0.081105    0.000000    0.328316 v PWDATA[1] (out)
                                              0.328316   data arrival time

                      0.150000   10.000000   10.000000   clock HCLK (rise edge)
                                  0.000000   10.000000   clock network delay (ideal)
                                 -0.250000    9.750000   clock uncertainty
                                  0.000000    9.750000   clock reconvergence pessimism
                                 -2.000000    7.750000   output external delay
                                              7.750000   data required time
---------------------------------------------------------------------------------------------
                                              7.750000   data required time
                                             -0.328316   data arrival time
---------------------------------------------------------------------------------------------
                                              7.421683   slack (MET)


Startpoint: _203_ (rising edge-triggered flip-flop clocked by HCLK)
Endpoint: PWDATA[20] (output port clocked by HCLK)
Path Group: HCLK
Path Type: max

Fanout         Cap        Slew       Delay        Time   Description
---------------------------------------------------------------------------------------------
                      0.150000    0.000000    0.000000   clock HCLK (rise edge)
                                  0.000000    0.000000   clock network delay (ideal)
                      0.150000    0.000000    0.000000 ^ _203_/CLK (sky130_fd_sc_hd__dfrtp_2)
     2    0.035338    0.081105    0.328316    0.328316 v _203_/Q (sky130_fd_sc_hd__dfrtp_2)
                                                         PWDATA[20] (net)
                      0.081105    0.000000    0.328316 v PWDATA[20] (out)
                                              0.328316   data arrival time

                      0.150000   10.000000   10.000000   clock HCLK (rise edge)
                                  0.000000   10.000000   clock network delay (ideal)
                                 -0.250000    9.750000   clock uncertainty
                                  0.000000    9.750000   clock reconvergence pessimism
                                 -2.000000    7.750000   output external delay
                                              7.750000   data required time
---------------------------------------------------------------------------------------------
                                              7.750000   data required time
                                             -0.328316   data arrival time
---------------------------------------------------------------------------------------------
                                              7.421683   slack (MET)


Startpoint: _204_ (rising edge-triggered flip-flop clocked by HCLK)
Endpoint: PWDATA[21] (output port clocked by HCLK)
Path Group: HCLK
Path Type: max

Fanout         Cap        Slew       Delay        Time   Description
---------------------------------------------------------------------------------------------
                      0.150000    0.000000    0.000000   clock HCLK (rise edge)
                                  0.000000    0.000000   clock network delay (ideal)
                      0.150000    0.000000    0.000000 ^ _204_/CLK (sky130_fd_sc_hd__dfrtp_2)
     2    0.035338    0.081105    0.328316    0.328316 v _204_/Q (sky130_fd_sc_hd__dfrtp_2)
                                                         PWDATA[21] (net)
                      0.081105    0.000000    0.328316 v PWDATA[21] (out)
                                              0.328316   data arrival time

                      0.150000   10.000000   10.000000   clock HCLK (rise edge)
                                  0.000000   10.000000   clock network delay (ideal)
                                 -0.250000    9.750000   clock uncertainty
                                  0.000000    9.750000   clock reconvergence pessimism
                                 -2.000000    7.750000   output external delay
                                              7.750000   data required time
---------------------------------------------------------------------------------------------
                                              7.750000   data required time
                                             -0.328316   data arrival time
---------------------------------------------------------------------------------------------
                                              7.421683   slack (MET)


Startpoint: _205_ (rising edge-triggered flip-flop clocked by HCLK)
Endpoint: PWDATA[22] (output port clocked by HCLK)
Path Group: HCLK
Path Type: max

Fanout         Cap        Slew       Delay        Time   Description
---------------------------------------------------------------------------------------------
                      0.150000    0.000000    0.000000   clock HCLK (rise edge)
                                  0.000000    0.000000   clock network delay (ideal)
                      0.150000    0.000000    0.000000 ^ _205_/CLK (sky130_fd_sc_hd__dfrtp_2)
     2    0.035338    0.081105    0.328316    0.328316 v _205_/Q (sky130_fd_sc_hd__dfrtp_2)
                                                         PWDATA[22] (net)
                      0.081105    0.000000    0.328316 v PWDATA[22] (out)
                                              0.328316   data arrival time

                      0.150000   10.000000   10.000000   clock HCLK (rise edge)
                                  0.000000   10.000000   clock network delay (ideal)
                                 -0.250000    9.750000   clock uncertainty
                                  0.000000    9.750000   clock reconvergence pessimism
                                 -2.000000    7.750000   output external delay
                                              7.750000   data required time
---------------------------------------------------------------------------------------------
                                              7.750000   data required time
                                             -0.328316   data arrival time
---------------------------------------------------------------------------------------------
                                              7.421683   slack (MET)


Startpoint: _206_ (rising edge-triggered flip-flop clocked by HCLK)
Endpoint: PWDATA[23] (output port clocked by HCLK)
Path Group: HCLK
Path Type: max

Fanout         Cap        Slew       Delay        Time   Description
---------------------------------------------------------------------------------------------
                      0.150000    0.000000    0.000000   clock HCLK (rise edge)
                                  0.000000    0.000000   clock network delay (ideal)
                      0.150000    0.000000    0.000000 ^ _206_/CLK (sky130_fd_sc_hd__dfrtp_2)
     2    0.035338    0.081105    0.328316    0.328316 v _206_/Q (sky130_fd_sc_hd__dfrtp_2)
                                                         PWDATA[23] (net)
                      0.081105    0.000000    0.328316 v PWDATA[23] (out)
                                              0.328316   data arrival time

                      0.150000   10.000000   10.000000   clock HCLK (rise edge)
                                  0.000000   10.000000   clock network delay (ideal)
                                 -0.250000    9.750000   clock uncertainty
                                  0.000000    9.750000   clock reconvergence pessimism
                                 -2.000000    7.750000   output external delay
                                              7.750000   data required time
---------------------------------------------------------------------------------------------
                                              7.750000   data required time
                                             -0.328316   data arrival time
---------------------------------------------------------------------------------------------
                                              7.421683   slack (MET)


Startpoint: _207_ (rising edge-triggered flip-flop clocked by HCLK)
Endpoint: PWDATA[24] (output port clocked by HCLK)
Path Group: HCLK
Path Type: max

Fanout         Cap        Slew       Delay        Time   Description
---------------------------------------------------------------------------------------------
                      0.150000    0.000000    0.000000   clock HCLK (rise edge)
                                  0.000000    0.000000   clock network delay (ideal)
                      0.150000    0.000000    0.000000 ^ _207_/CLK (sky130_fd_sc_hd__dfrtp_2)
     2    0.035338    0.081105    0.328316    0.328316 v _207_/Q (sky130_fd_sc_hd__dfrtp_2)
                                                         PWDATA[24] (net)
                      0.081105    0.000000    0.328316 v PWDATA[24] (out)
                                              0.328316   data arrival time

                      0.150000   10.000000   10.000000   clock HCLK (rise edge)
                                  0.000000   10.000000   clock network delay (ideal)
                                 -0.250000    9.750000   clock uncertainty
                                  0.000000    9.750000   clock reconvergence pessimism
                                 -2.000000    7.750000   output external delay
                                              7.750000   data required time
---------------------------------------------------------------------------------------------
                                              7.750000   data required time
                                             -0.328316   data arrival time
---------------------------------------------------------------------------------------------
                                              7.421683   slack (MET)


Startpoint: _208_ (rising edge-triggered flip-flop clocked by HCLK)
Endpoint: PWDATA[25] (output port clocked by HCLK)
Path Group: HCLK
Path Type: max

Fanout         Cap        Slew       Delay        Time   Description
---------------------------------------------------------------------------------------------
                      0.150000    0.000000    0.000000   clock HCLK (rise edge)
                                  0.000000    0.000000   clock network delay (ideal)
                      0.150000    0.000000    0.000000 ^ _208_/CLK (sky130_fd_sc_hd__dfrtp_2)
     2    0.035338    0.081105    0.328316    0.328316 v _208_/Q (sky130_fd_sc_hd__dfrtp_2)
                                                         PWDATA[25] (net)
                      0.081105    0.000000    0.328316 v PWDATA[25] (out)
                                              0.328316   data arrival time

                      0.150000   10.000000   10.000000   clock HCLK (rise edge)
                                  0.000000   10.000000   clock network delay (ideal)
                                 -0.250000    9.750000   clock uncertainty
                                  0.000000    9.750000   clock reconvergence pessimism
                                 -2.000000    7.750000   output external delay
                                              7.750000   data required time
---------------------------------------------------------------------------------------------
                                              7.750000   data required time
                                             -0.328316   data arrival time
---------------------------------------------------------------------------------------------
                                              7.421683   slack (MET)


Startpoint: _209_ (rising edge-triggered flip-flop clocked by HCLK)
Endpoint: PWDATA[26] (output port clocked by HCLK)
Path Group: HCLK
Path Type: max

Fanout         Cap        Slew       Delay        Time   Description
---------------------------------------------------------------------------------------------
                      0.150000    0.000000    0.000000   clock HCLK (rise edge)
                                  0.000000    0.000000   clock network delay (ideal)
                      0.150000    0.000000    0.000000 ^ _209_/CLK (sky130_fd_sc_hd__dfrtp_2)
     2    0.035338    0.081105    0.328316    0.328316 v _209_/Q (sky130_fd_sc_hd__dfrtp_2)
                                                         PWDATA[26] (net)
                      0.081105    0.000000    0.328316 v PWDATA[26] (out)
                                              0.328316   data arrival time

                      0.150000   10.000000   10.000000   clock HCLK (rise edge)
                                  0.000000   10.000000   clock network delay (ideal)
                                 -0.250000    9.750000   clock uncertainty
                                  0.000000    9.750000   clock reconvergence pessimism
                                 -2.000000    7.750000   output external delay
                                              7.750000   data required time
---------------------------------------------------------------------------------------------
                                              7.750000   data required time
                                             -0.328316   data arrival time
---------------------------------------------------------------------------------------------
                                              7.421683   slack (MET)


Startpoint: _210_ (rising edge-triggered flip-flop clocked by HCLK)
Endpoint: PWDATA[27] (output port clocked by HCLK)
Path Group: HCLK
Path Type: max

Fanout         Cap        Slew       Delay        Time   Description
---------------------------------------------------------------------------------------------
                      0.150000    0.000000    0.000000   clock HCLK (rise edge)
                                  0.000000    0.000000   clock network delay (ideal)
                      0.150000    0.000000    0.000000 ^ _210_/CLK (sky130_fd_sc_hd__dfrtp_2)
     2    0.035338    0.081105    0.328316    0.328316 v _210_/Q (sky130_fd_sc_hd__dfrtp_2)
                                                         PWDATA[27] (net)
                      0.081105    0.000000    0.328316 v PWDATA[27] (out)
                                              0.328316   data arrival time

                      0.150000   10.000000   10.000000   clock HCLK (rise edge)
                                  0.000000   10.000000   clock network delay (ideal)
                                 -0.250000    9.750000   clock uncertainty
                                  0.000000    9.750000   clock reconvergence pessimism
                                 -2.000000    7.750000   output external delay
                                              7.750000   data required time
---------------------------------------------------------------------------------------------
                                              7.750000   data required time
                                             -0.328316   data arrival time
---------------------------------------------------------------------------------------------
                                              7.421683   slack (MET)


Startpoint: _211_ (rising edge-triggered flip-flop clocked by HCLK)
Endpoint: PWDATA[28] (output port clocked by HCLK)
Path Group: HCLK
Path Type: max

Fanout         Cap        Slew       Delay        Time   Description
---------------------------------------------------------------------------------------------
                      0.150000    0.000000    0.000000   clock HCLK (rise edge)
                                  0.000000    0.000000   clock network delay (ideal)
                      0.150000    0.000000    0.000000 ^ _211_/CLK (sky130_fd_sc_hd__dfrtp_2)
     2    0.035338    0.081105    0.328316    0.328316 v _211_/Q (sky130_fd_sc_hd__dfrtp_2)
                                                         PWDATA[28] (net)
                      0.081105    0.000000    0.328316 v PWDATA[28] (out)
                                              0.328316   data arrival time

                      0.150000   10.000000   10.000000   clock HCLK (rise edge)
                                  0.000000   10.000000   clock network delay (ideal)
                                 -0.250000    9.750000   clock uncertainty
                                  0.000000    9.750000   clock reconvergence pessimism
                                 -2.000000    7.750000   output external delay
                                              7.750000   data required time
---------------------------------------------------------------------------------------------
                                              7.750000   data required time
                                             -0.328316   data arrival time
---------------------------------------------------------------------------------------------
                                              7.421683   slack (MET)


Startpoint: _212_ (rising edge-triggered flip-flop clocked by HCLK)
Endpoint: PWDATA[29] (output port clocked by HCLK)
Path Group: HCLK
Path Type: max

Fanout         Cap        Slew       Delay        Time   Description
---------------------------------------------------------------------------------------------
                      0.150000    0.000000    0.000000   clock HCLK (rise edge)
                                  0.000000    0.000000   clock network delay (ideal)
                      0.150000    0.000000    0.000000 ^ _212_/CLK (sky130_fd_sc_hd__dfrtp_2)
     2    0.035338    0.081105    0.328316    0.328316 v _212_/Q (sky130_fd_sc_hd__dfrtp_2)
                                                         PWDATA[29] (net)
                      0.081105    0.000000    0.328316 v PWDATA[29] (out)
                                              0.328316   data arrival time

                      0.150000   10.000000   10.000000   clock HCLK (rise edge)
                                  0.000000   10.000000   clock network delay (ideal)
                                 -0.250000    9.750000   clock uncertainty
                                  0.000000    9.750000   clock reconvergence pessimism
                                 -2.000000    7.750000   output external delay
                                              7.750000   data required time
---------------------------------------------------------------------------------------------
                                              7.750000   data required time
                                             -0.328316   data arrival time
---------------------------------------------------------------------------------------------
                                              7.421683   slack (MET)


Startpoint: _185_ (rising edge-triggered flip-flop clocked by HCLK)
Endpoint: PWDATA[2] (output port clocked by HCLK)
Path Group: HCLK
Path Type: max

Fanout         Cap        Slew       Delay        Time   Description
---------------------------------------------------------------------------------------------
                      0.150000    0.000000    0.000000   clock HCLK (rise edge)
                                  0.000000    0.000000   clock network delay (ideal)
                      0.150000    0.000000    0.000000 ^ _185_/CLK (sky130_fd_sc_hd__dfrtp_2)
     2    0.035338    0.081105    0.328316    0.328316 v _185_/Q (sky130_fd_sc_hd__dfrtp_2)
                                                         PWDATA[2] (net)
                      0.081105    0.000000    0.328316 v PWDATA[2] (out)
                                              0.328316   data arrival time

                      0.150000   10.000000   10.000000   clock HCLK (rise edge)
                                  0.000000   10.000000   clock network delay (ideal)
                                 -0.250000    9.750000   clock uncertainty
                                  0.000000    9.750000   clock reconvergence pessimism
                                 -2.000000    7.750000   output external delay
                                              7.750000   data required time
---------------------------------------------------------------------------------------------
                                              7.750000   data required time
                                             -0.328316   data arrival time
---------------------------------------------------------------------------------------------
                                              7.421683   slack (MET)


Startpoint: _213_ (rising edge-triggered flip-flop clocked by HCLK)
Endpoint: PWDATA[30] (output port clocked by HCLK)
Path Group: HCLK
Path Type: max

Fanout         Cap        Slew       Delay        Time   Description
---------------------------------------------------------------------------------------------
                      0.150000    0.000000    0.000000   clock HCLK (rise edge)
                                  0.000000    0.000000   clock network delay (ideal)
                      0.150000    0.000000    0.000000 ^ _213_/CLK (sky130_fd_sc_hd__dfrtp_2)
     2    0.035338    0.081105    0.328316    0.328316 v _213_/Q (sky130_fd_sc_hd__dfrtp_2)
                                                         PWDATA[30] (net)
                      0.081105    0.000000    0.328316 v PWDATA[30] (out)
                                              0.328316   data arrival time

                      0.150000   10.000000   10.000000   clock HCLK (rise edge)
                                  0.000000   10.000000   clock network delay (ideal)
                                 -0.250000    9.750000   clock uncertainty
                                  0.000000    9.750000   clock reconvergence pessimism
                                 -2.000000    7.750000   output external delay
                                              7.750000   data required time
---------------------------------------------------------------------------------------------
                                              7.750000   data required time
                                             -0.328316   data arrival time
---------------------------------------------------------------------------------------------
                                              7.421683   slack (MET)


Startpoint: _214_ (rising edge-triggered flip-flop clocked by HCLK)
Endpoint: PWDATA[31] (output port clocked by HCLK)
Path Group: HCLK
Path Type: max

Fanout         Cap        Slew       Delay        Time   Description
---------------------------------------------------------------------------------------------
                      0.150000    0.000000    0.000000   clock HCLK (rise edge)
                                  0.000000    0.000000   clock network delay (ideal)
                      0.150000    0.000000    0.000000 ^ _214_/CLK (sky130_fd_sc_hd__dfrtp_2)
     2    0.035338    0.081105    0.328316    0.328316 v _214_/Q (sky130_fd_sc_hd__dfrtp_2)
                                                         PWDATA[31] (net)
                      0.081105    0.000000    0.328316 v PWDATA[31] (out)
                                              0.328316   data arrival time

                      0.150000   10.000000   10.000000   clock HCLK (rise edge)
                                  0.000000   10.000000   clock network delay (ideal)
                                 -0.250000    9.750000   clock uncertainty
                                  0.000000    9.750000   clock reconvergence pessimism
                                 -2.000000    7.750000   output external delay
                                              7.750000   data required time
---------------------------------------------------------------------------------------------
                                              7.750000   data required time
                                             -0.328316   data arrival time
---------------------------------------------------------------------------------------------
                                              7.421683   slack (MET)


Startpoint: _186_ (rising edge-triggered flip-flop clocked by HCLK)
Endpoint: PWDATA[3] (output port clocked by HCLK)
Path Group: HCLK
Path Type: max

Fanout         Cap        Slew       Delay        Time   Description
---------------------------------------------------------------------------------------------
                      0.150000    0.000000    0.000000   clock HCLK (rise edge)
                                  0.000000    0.000000   clock network delay (ideal)
                      0.150000    0.000000    0.000000 ^ _186_/CLK (sky130_fd_sc_hd__dfrtp_2)
     2    0.035338    0.081105    0.328316    0.328316 v _186_/Q (sky130_fd_sc_hd__dfrtp_2)
                                                         PWDATA[3] (net)
                      0.081105    0.000000    0.328316 v PWDATA[3] (out)
                                              0.328316   data arrival time

                      0.150000   10.000000   10.000000   clock HCLK (rise edge)
                                  0.000000   10.000000   clock network delay (ideal)
                                 -0.250000    9.750000   clock uncertainty
                                  0.000000    9.750000   clock reconvergence pessimism
                                 -2.000000    7.750000   output external delay
                                              7.750000   data required time
---------------------------------------------------------------------------------------------
                                              7.750000   data required time
                                             -0.328316   data arrival time
---------------------------------------------------------------------------------------------
                                              7.421683   slack (MET)


Startpoint: _187_ (rising edge-triggered flip-flop clocked by HCLK)
Endpoint: PWDATA[4] (output port clocked by HCLK)
Path Group: HCLK
Path Type: max

Fanout         Cap        Slew       Delay        Time   Description
---------------------------------------------------------------------------------------------
                      0.150000    0.000000    0.000000   clock HCLK (rise edge)
                                  0.000000    0.000000   clock network delay (ideal)
                      0.150000    0.000000    0.000000 ^ _187_/CLK (sky130_fd_sc_hd__dfrtp_2)
     2    0.035338    0.081105    0.328316    0.328316 v _187_/Q (sky130_fd_sc_hd__dfrtp_2)
                                                         PWDATA[4] (net)
                      0.081105    0.000000    0.328316 v PWDATA[4] (out)
                                              0.328316   data arrival time

                      0.150000   10.000000   10.000000   clock HCLK (rise edge)
                                  0.000000   10.000000   clock network delay (ideal)
                                 -0.250000    9.750000   clock uncertainty
                                  0.000000    9.750000   clock reconvergence pessimism
                                 -2.000000    7.750000   output external delay
                                              7.750000   data required time
---------------------------------------------------------------------------------------------
                                              7.750000   data required time
                                             -0.328316   data arrival time
---------------------------------------------------------------------------------------------
                                              7.421683   slack (MET)


Startpoint: _188_ (rising edge-triggered flip-flop clocked by HCLK)
Endpoint: PWDATA[5] (output port clocked by HCLK)
Path Group: HCLK
Path Type: max

Fanout         Cap        Slew       Delay        Time   Description
---------------------------------------------------------------------------------------------
                      0.150000    0.000000    0.000000   clock HCLK (rise edge)
                                  0.000000    0.000000   clock network delay (ideal)
                      0.150000    0.000000    0.000000 ^ _188_/CLK (sky130_fd_sc_hd__dfrtp_2)
     2    0.035338    0.081105    0.328316    0.328316 v _188_/Q (sky130_fd_sc_hd__dfrtp_2)
                                                         PWDATA[5] (net)
                      0.081105    0.000000    0.328316 v PWDATA[5] (out)
                                              0.328316   data arrival time

                      0.150000   10.000000   10.000000   clock HCLK (rise edge)
                                  0.000000   10.000000   clock network delay (ideal)
                                 -0.250000    9.750000   clock uncertainty
                                  0.000000    9.750000   clock reconvergence pessimism
                                 -2.000000    7.750000   output external delay
                                              7.750000   data required time
---------------------------------------------------------------------------------------------
                                              7.750000   data required time
                                             -0.328316   data arrival time
---------------------------------------------------------------------------------------------
                                              7.421683   slack (MET)


Startpoint: _189_ (rising edge-triggered flip-flop clocked by HCLK)
Endpoint: PWDATA[6] (output port clocked by HCLK)
Path Group: HCLK
Path Type: max

Fanout         Cap        Slew       Delay        Time   Description
---------------------------------------------------------------------------------------------
                      0.150000    0.000000    0.000000   clock HCLK (rise edge)
                                  0.000000    0.000000   clock network delay (ideal)
                      0.150000    0.000000    0.000000 ^ _189_/CLK (sky130_fd_sc_hd__dfrtp_2)
     2    0.035338    0.081105    0.328316    0.328316 v _189_/Q (sky130_fd_sc_hd__dfrtp_2)
                                                         PWDATA[6] (net)
                      0.081105    0.000000    0.328316 v PWDATA[6] (out)
                                              0.328316   data arrival time

                      0.150000   10.000000   10.000000   clock HCLK (rise edge)
                                  0.000000   10.000000   clock network delay (ideal)
                                 -0.250000    9.750000   clock uncertainty
                                  0.000000    9.750000   clock reconvergence pessimism
                                 -2.000000    7.750000   output external delay
                                              7.750000   data required time
---------------------------------------------------------------------------------------------
                                              7.750000   data required time
                                             -0.328316   data arrival time
---------------------------------------------------------------------------------------------
                                              7.421683   slack (MET)


Startpoint: _190_ (rising edge-triggered flip-flop clocked by HCLK)
Endpoint: PWDATA[7] (output port clocked by HCLK)
Path Group: HCLK
Path Type: max

Fanout         Cap        Slew       Delay        Time   Description
---------------------------------------------------------------------------------------------
                      0.150000    0.000000    0.000000   clock HCLK (rise edge)
                                  0.000000    0.000000   clock network delay (ideal)
                      0.150000    0.000000    0.000000 ^ _190_/CLK (sky130_fd_sc_hd__dfrtp_2)
     2    0.035338    0.081105    0.328316    0.328316 v _190_/Q (sky130_fd_sc_hd__dfrtp_2)
                                                         PWDATA[7] (net)
                      0.081105    0.000000    0.328316 v PWDATA[7] (out)
                                              0.328316   data arrival time

                      0.150000   10.000000   10.000000   clock HCLK (rise edge)
                                  0.000000   10.000000   clock network delay (ideal)
                                 -0.250000    9.750000   clock uncertainty
                                  0.000000    9.750000   clock reconvergence pessimism
                                 -2.000000    7.750000   output external delay
                                              7.750000   data required time
---------------------------------------------------------------------------------------------
                                              7.750000   data required time
                                             -0.328316   data arrival time
---------------------------------------------------------------------------------------------
                                              7.421683   slack (MET)


Startpoint: _191_ (rising edge-triggered flip-flop clocked by HCLK)
Endpoint: PWDATA[8] (output port clocked by HCLK)
Path Group: HCLK
Path Type: max

Fanout         Cap        Slew       Delay        Time   Description
---------------------------------------------------------------------------------------------
                      0.150000    0.000000    0.000000   clock HCLK (rise edge)
                                  0.000000    0.000000   clock network delay (ideal)
                      0.150000    0.000000    0.000000 ^ _191_/CLK (sky130_fd_sc_hd__dfrtp_2)
     2    0.035338    0.081105    0.328316    0.328316 v _191_/Q (sky130_fd_sc_hd__dfrtp_2)
                                                         PWDATA[8] (net)
                      0.081105    0.000000    0.328316 v PWDATA[8] (out)
                                              0.328316   data arrival time

                      0.150000   10.000000   10.000000   clock HCLK (rise edge)
                                  0.000000   10.000000   clock network delay (ideal)
                                 -0.250000    9.750000   clock uncertainty
                                  0.000000    9.750000   clock reconvergence pessimism
                                 -2.000000    7.750000   output external delay
                                              7.750000   data required time
---------------------------------------------------------------------------------------------
                                              7.750000   data required time
                                             -0.328316   data arrival time
---------------------------------------------------------------------------------------------
                                              7.421683   slack (MET)


Startpoint: _192_ (rising edge-triggered flip-flop clocked by HCLK)
Endpoint: PWDATA[9] (output port clocked by HCLK)
Path Group: HCLK
Path Type: max

Fanout         Cap        Slew       Delay        Time   Description
---------------------------------------------------------------------------------------------
                      0.150000    0.000000    0.000000   clock HCLK (rise edge)
                                  0.000000    0.000000   clock network delay (ideal)
                      0.150000    0.000000    0.000000 ^ _192_/CLK (sky130_fd_sc_hd__dfrtp_2)
     2    0.035338    0.081105    0.328316    0.328316 v _192_/Q (sky130_fd_sc_hd__dfrtp_2)
                                                         PWDATA[9] (net)
                      0.081105    0.000000    0.328316 v PWDATA[9] (out)
                                              0.328316   data arrival time

                      0.150000   10.000000   10.000000   clock HCLK (rise edge)
                                  0.000000   10.000000   clock network delay (ideal)
                                 -0.250000    9.750000   clock uncertainty
                                  0.000000    9.750000   clock reconvergence pessimism
                                 -2.000000    7.750000   output external delay
                                              7.750000   data required time
---------------------------------------------------------------------------------------------
                                              7.750000   data required time
                                             -0.328316   data arrival time
---------------------------------------------------------------------------------------------
                                              7.421683   slack (MET)


Startpoint: _215_ (rising edge-triggered flip-flop clocked by HCLK)
Endpoint: PWRITE (output port clocked by HCLK)
Path Group: HCLK
Path Type: max

Fanout         Cap        Slew       Delay        Time   Description
---------------------------------------------------------------------------------------------
                      0.150000    0.000000    0.000000   clock HCLK (rise edge)
                                  0.000000    0.000000   clock network delay (ideal)
                      0.150000    0.000000    0.000000 ^ _215_/CLK (sky130_fd_sc_hd__dfrtp_2)
     2    0.035338    0.081105    0.328316    0.328316 v _215_/Q (sky130_fd_sc_hd__dfrtp_2)
                                                         PWRITE (net)
                      0.081105    0.000000    0.328316 v PWRITE (out)
                                              0.328316   data arrival time

                      0.150000   10.000000   10.000000   clock HCLK (rise edge)
                                  0.000000   10.000000   clock network delay (ideal)
                                 -0.250000    9.750000   clock uncertainty
                                  0.000000    9.750000   clock reconvergence pessimism
                                 -2.000000    7.750000   output external delay
                                              7.750000   data required time
---------------------------------------------------------------------------------------------
                                              7.750000   data required time
                                             -0.328316   data arrival time
---------------------------------------------------------------------------------------------
                                              7.421683   slack (MET)


Startpoint: PREADY (input port clocked by HCLK)
Endpoint: _217_ (rising edge-triggered flip-flop clocked by HCLK)
Path Group: HCLK
Path Type: max

Fanout         Cap        Slew       Delay        Time   Description
---------------------------------------------------------------------------------------------
                      0.150000    0.000000    0.000000   clock HCLK (rise edge)
                                  0.000000    0.000000   clock network delay (ideal)
                                  2.000000    2.000000 ^ input external delay
     1    0.004652    0.021251    0.012058    2.012058 ^ PREADY (in)
                                                         PREADY (net)
                      0.021251    0.000000    2.012058 ^ _072_/A (sky130_fd_sc_hd__inv_2)
     2    0.006803    0.014209    0.018906    2.030964 v _072_/Y (sky130_fd_sc_hd__inv_2)
                                                         _067_ (net)
                      0.014209    0.000000    2.030964 v _150_/A2 (sky130_fd_sc_hd__o31a_2)
     1    0.002059    0.034323    0.179768    2.210732 v _150_/X (sky130_fd_sc_hd__o31a_2)
                                                         _066_ (net)
                      0.034323    0.000000    2.210732 v _217_/D (sky130_fd_sc_hd__dfrtp_2)
                                              2.210732   data arrival time

                      0.150000   10.000000   10.000000   clock HCLK (rise edge)
                                  0.000000   10.000000   clock network delay (ideal)
                                 -0.250000    9.750000   clock uncertainty
                                  0.000000    9.750000   clock reconvergence pessimism
                                              9.750000 ^ _217_/CLK (sky130_fd_sc_hd__dfrtp_2)
                                 -0.063136    9.686865   library setup time
                                              9.686865   data required time
---------------------------------------------------------------------------------------------
                                              9.686865   data required time
                                             -2.210732   data arrival time
---------------------------------------------------------------------------------------------
                                              7.476132   slack (MET)


Startpoint: HREADY (input port clocked by HCLK)
Endpoint: _216_ (rising edge-triggered flip-flop clocked by HCLK)
Path Group: HCLK
Path Type: max

Fanout         Cap        Slew       Delay        Time   Description
---------------------------------------------------------------------------------------------
                      0.150000    0.000000    0.000000   clock HCLK (rise edge)
                                  0.000000    0.000000   clock network delay (ideal)
                                  2.000000    2.000000 v input external delay
     2    0.006481    0.010702    0.005890    2.005890 v HREADY (in)
                                                         HREADY (net)
                      0.010702    0.000000    2.005890 v _149_/A2 (sky130_fd_sc_hd__a32o_2)
     1    0.002059    0.023061    0.120002    2.125892 v _149_/X (sky130_fd_sc_hd__a32o_2)
                                                         _065_ (net)
                      0.023061    0.000000    2.125892 v _216_/D (sky130_fd_sc_hd__dfrtp_2)
                                              2.125892   data arrival time

                      0.150000   10.000000   10.000000   clock HCLK (rise edge)
                                  0.000000   10.000000   clock network delay (ideal)
                                 -0.250000    9.750000   clock uncertainty
                                  0.000000    9.750000   clock reconvergence pessimism
                                              9.750000 ^ _216_/CLK (sky130_fd_sc_hd__dfrtp_2)
                                 -0.059134    9.690867   library setup time
                                              9.690867   data required time
---------------------------------------------------------------------------------------------
                                              9.690867   data required time
                                             -2.125892   data arrival time
---------------------------------------------------------------------------------------------
                                              7.564975   slack (MET)



