
===========================================================================
report_checks -path_delay max (Setup)
============================================================================
======================= min_ff_n40C_1v95 Corner ===================================

Startpoint: PREADY (input port clocked by HCLK)
Endpoint: HREADYOUT (output port clocked by HCLK)
Path Group: HCLK
Path Type: max

Fanout         Cap        Slew       Delay        Time   Description
---------------------------------------------------------------------------------------------
                                  0.000000    0.000000   clock HCLK (rise edge)
                                  0.000000    0.000000   clock network delay (propagated)
                                  2.000000    2.000000 ^ input external delay
     1    0.002972    0.014530    0.007670    2.007670 ^ PREADY (in)
                                                         PREADY (net)
                      0.014530    0.000000    2.007670 ^ input69/A (sky130_fd_sc_hd__clkbuf_1)
     1    0.005244    0.052425    0.062295    2.069965 ^ input69/X (sky130_fd_sc_hd__clkbuf_1)
                                                         net69 (net)
                      0.052425    0.000054    2.070019 ^ _072_/A (sky130_fd_sc_hd__inv_2)
     2    0.007440    0.021025    0.024303    2.094323 v _072_/Y (sky130_fd_sc_hd__inv_2)
                                                         _067_ (net)
                      0.021026    0.000145    2.094468 v _081_/A1 (sky130_fd_sc_hd__o21ai_1)
     1    0.002017    0.062063    0.073012    2.167480 ^ _081_/Y (sky130_fd_sc_hd__o21ai_1)
                                                         net103 (net)
                      0.062063    0.000008    2.167488 ^ output103/A (sky130_fd_sc_hd__buf_2)
     1    0.035435    0.132210    0.149138    2.316626 ^ output103/X (sky130_fd_sc_hd__buf_2)
                                                         HREADYOUT (net)
                      0.132210    0.000249    2.316875 ^ HREADYOUT (out)
                                              2.316875   data arrival time

                                 10.000000   10.000000   clock HCLK (rise edge)
                                  0.000000   10.000000   clock network delay (propagated)
                                 -0.250000    9.750000   clock uncertainty
                                  0.000000    9.750000   clock reconvergence pessimism
                                 -2.000000    7.750000   output external delay
                                              7.750000   data required time
---------------------------------------------------------------------------------------------
                                              7.750000   data required time
                                             -2.316875   data arrival time
---------------------------------------------------------------------------------------------
                                              5.433125   slack (MET)


Startpoint: PRDATA[12] (input port clocked by HCLK)
Endpoint: HRDATA[12] (output port clocked by HCLK)
Path Group: HCLK
Path Type: max

Fanout         Cap        Slew       Delay        Time   Description
---------------------------------------------------------------------------------------------
                                  0.000000    0.000000   clock HCLK (rise edge)
                                  0.000000    0.000000   clock network delay (propagated)
                                  2.000000    2.000000 ^ input external delay
     1    0.003207    0.015371    0.008289    2.008289 ^ PRDATA[12] (in)
                                                         PRDATA[12] (net)
                      0.015371    0.000000    2.008289 ^ _230_/A (sky130_fd_sc_hd__clkbuf_1)
     1    0.007803    0.074043    0.077434    2.085723 ^ _230_/X (sky130_fd_sc_hd__clkbuf_1)
                                                         net74 (net)
                      0.074044    0.000244    2.085967 ^ output74/A (sky130_fd_sc_hd__buf_2)
     1    0.034554    0.129075    0.149740    2.235706 ^ output74/X (sky130_fd_sc_hd__buf_2)
                                                         HRDATA[12] (net)
                      0.129075    0.000210    2.235916 ^ HRDATA[12] (out)
                                              2.235916   data arrival time

                                 10.000000   10.000000   clock HCLK (rise edge)
                                  0.000000   10.000000   clock network delay (propagated)
                                 -0.250000    9.750000   clock uncertainty
                                  0.000000    9.750000   clock reconvergence pessimism
                                 -2.000000    7.750000   output external delay
                                              7.750000   data required time
---------------------------------------------------------------------------------------------
                                              7.750000   data required time
                                             -2.235916   data arrival time
---------------------------------------------------------------------------------------------
                                              5.514084   slack (MET)


Startpoint: PRDATA[22] (input port clocked by HCLK)
Endpoint: HRDATA[22] (output port clocked by HCLK)
Path Group: HCLK
Path Type: max

Fanout         Cap        Slew       Delay        Time   Description
---------------------------------------------------------------------------------------------
                                  0.000000    0.000000   clock HCLK (rise edge)
                                  0.000000    0.000000   clock network delay (propagated)
                                  2.000000    2.000000 ^ input external delay
     1    0.003132    0.015100    0.008089    2.008089 ^ PRDATA[22] (in)
                                                         PRDATA[22] (net)
                      0.015100    0.000000    2.008089 ^ _240_/A (sky130_fd_sc_hd__clkbuf_1)
     1    0.006826    0.065780    0.071655    2.079744 ^ _240_/X (sky130_fd_sc_hd__clkbuf_1)
                                                         net85 (net)
                      0.065781    0.000198    2.079942 ^ output85/A (sky130_fd_sc_hd__buf_2)
     1    0.035574    0.132720    0.150219    2.230162 ^ output85/X (sky130_fd_sc_hd__buf_2)
                                                         HRDATA[22] (net)
                      0.132759    0.000412    2.230574 ^ HRDATA[22] (out)
                                              2.230574   data arrival time

                                 10.000000   10.000000   clock HCLK (rise edge)
                                  0.000000   10.000000   clock network delay (propagated)
                                 -0.250000    9.750000   clock uncertainty
                                  0.000000    9.750000   clock reconvergence pessimism
                                 -2.000000    7.750000   output external delay
                                              7.750000   data required time
---------------------------------------------------------------------------------------------
                                              7.750000   data required time
                                             -2.230574   data arrival time
---------------------------------------------------------------------------------------------
                                              5.519426   slack (MET)


Startpoint: PRDATA[4] (input port clocked by HCLK)
Endpoint: HRDATA[4] (output port clocked by HCLK)
Path Group: HCLK
Path Type: max

Fanout         Cap        Slew       Delay        Time   Description
---------------------------------------------------------------------------------------------
                                  0.000000    0.000000   clock HCLK (rise edge)
                                  0.000000    0.000000   clock network delay (propagated)
                                  2.000000    2.000000 ^ input external delay
     1    0.003198    0.015339    0.008267    2.008267 ^ PRDATA[4] (in)
                                                         PRDATA[4] (net)
                      0.015339    0.000000    2.008267 ^ _222_/A (sky130_fd_sc_hd__clkbuf_1)
     1    0.005458    0.054233    0.063743    2.072011 ^ _222_/X (sky130_fd_sc_hd__clkbuf_1)
                                                         net97 (net)
                      0.054252    0.000127    2.072138 ^ output97/A (sky130_fd_sc_hd__buf_2)
     1    0.035195    0.131383    0.146615    2.218752 ^ output97/X (sky130_fd_sc_hd__buf_2)
                                                         HRDATA[4] (net)
                      0.131423    0.000451    2.219203 ^ HRDATA[4] (out)
                                              2.219203   data arrival time

                                 10.000000   10.000000   clock HCLK (rise edge)
                                  0.000000   10.000000   clock network delay (propagated)
                                 -0.250000    9.750000   clock uncertainty
                                  0.000000    9.750000   clock reconvergence pessimism
                                 -2.000000    7.750000   output external delay
                                              7.750000   data required time
---------------------------------------------------------------------------------------------
                                              7.750000   data required time
                                             -2.219203   data arrival time
---------------------------------------------------------------------------------------------
                                              5.530797   slack (MET)


Startpoint: PRDATA[17] (input port clocked by HCLK)
Endpoint: HRDATA[17] (output port clocked by HCLK)
Path Group: HCLK
Path Type: max

Fanout         Cap        Slew       Delay        Time   Description
---------------------------------------------------------------------------------------------
                                  0.000000    0.000000   clock HCLK (rise edge)
                                  0.000000    0.000000   clock network delay (propagated)
                                  2.000000    2.000000 ^ input external delay
     1    0.003999    0.018212    0.010361    2.010361 ^ PRDATA[17] (in)
                                                         PRDATA[17] (net)
                      0.018212    0.000000    2.010361 ^ _235_/A (sky130_fd_sc_hd__clkbuf_1)
     1    0.004967    0.050123    0.061655    2.072016 ^ _235_/X (sky130_fd_sc_hd__clkbuf_1)
                                                         net79 (net)
                      0.050123    0.000108    2.072124 ^ output79/A (sky130_fd_sc_hd__buf_2)
     1    0.034678    0.129532    0.144357    2.216481 ^ output79/X (sky130_fd_sc_hd__buf_2)
                                                         HRDATA[17] (net)
                      0.129532    0.000181    2.216662 ^ HRDATA[17] (out)
                                              2.216662   data arrival time

                                 10.000000   10.000000   clock HCLK (rise edge)
                                  0.000000   10.000000   clock network delay (propagated)
                                 -0.250000    9.750000   clock uncertainty
                                  0.000000    9.750000   clock reconvergence pessimism
                                 -2.000000    7.750000   output external delay
                                              7.750000   data required time
---------------------------------------------------------------------------------------------
                                              7.750000   data required time
                                             -2.216662   data arrival time
---------------------------------------------------------------------------------------------
                                              5.533339   slack (MET)


Startpoint: PRDATA[21] (input port clocked by HCLK)
Endpoint: HRDATA[21] (output port clocked by HCLK)
Path Group: HCLK
Path Type: max

Fanout         Cap        Slew       Delay        Time   Description
---------------------------------------------------------------------------------------------
                                  0.000000    0.000000   clock HCLK (rise edge)
                                  0.000000    0.000000   clock network delay (propagated)
                                  2.000000    2.000000 ^ input external delay
     1    0.009695    0.037502    0.024480    2.024480 ^ PRDATA[21] (in)
                                                         PRDATA[21] (net)
                      0.037507    0.000000    2.024480 ^ _239_/A (sky130_fd_sc_hd__clkbuf_1)
     1    0.002591    0.030560    0.051794    2.076273 ^ _239_/X (sky130_fd_sc_hd__clkbuf_1)
                                                         net84 (net)
                      0.030560    0.000017    2.076290 ^ output84/A (sky130_fd_sc_hd__buf_2)
     1    0.034381    0.128592    0.137644    2.213934 ^ output84/X (sky130_fd_sc_hd__buf_2)
                                                         HRDATA[21] (net)
                      0.128593    0.000253    2.214187 ^ HRDATA[21] (out)
                                              2.214187   data arrival time

                                 10.000000   10.000000   clock HCLK (rise edge)
                                  0.000000   10.000000   clock network delay (propagated)
                                 -0.250000    9.750000   clock uncertainty
                                  0.000000    9.750000   clock reconvergence pessimism
                                 -2.000000    7.750000   output external delay
                                              7.750000   data required time
---------------------------------------------------------------------------------------------
                                              7.750000   data required time
                                             -2.214187   data arrival time
---------------------------------------------------------------------------------------------
                                              5.535813   slack (MET)


Startpoint: PRDATA[5] (input port clocked by HCLK)
Endpoint: HRDATA[5] (output port clocked by HCLK)
Path Group: HCLK
Path Type: max

Fanout         Cap        Slew       Delay        Time   Description
---------------------------------------------------------------------------------------------
                                  0.000000    0.000000   clock HCLK (rise edge)
                                  0.000000    0.000000   clock network delay (propagated)
                                  2.000000    2.000000 ^ input external delay
     1    0.003390    0.016034    0.008772    2.008772 ^ PRDATA[5] (in)
                                                         PRDATA[5] (net)
                      0.016034    0.000000    2.008772 ^ _223_/A (sky130_fd_sc_hd__clkbuf_1)
     1    0.004012    0.042117    0.055480    2.064252 ^ _223_/X (sky130_fd_sc_hd__clkbuf_1)
                                                         net98 (net)
                      0.042117    0.000074    2.064325 ^ output98/A (sky130_fd_sc_hd__buf_2)
     1    0.035059    0.131005    0.142696    2.207022 ^ output98/X (sky130_fd_sc_hd__buf_2)
                                                         HRDATA[5] (net)
                      0.131007    0.000431    2.207453 ^ HRDATA[5] (out)
                                              2.207453   data arrival time

                                 10.000000   10.000000   clock HCLK (rise edge)
                                  0.000000   10.000000   clock network delay (propagated)
                                 -0.250000    9.750000   clock uncertainty
                                  0.000000    9.750000   clock reconvergence pessimism
                                 -2.000000    7.750000   output external delay
                                              7.750000   data required time
---------------------------------------------------------------------------------------------
                                              7.750000   data required time
                                             -2.207453   data arrival time
---------------------------------------------------------------------------------------------
                                              5.542547   slack (MET)


Startpoint: PRDATA[18] (input port clocked by HCLK)
Endpoint: HRDATA[18] (output port clocked by HCLK)
Path Group: HCLK
Path Type: max

Fanout         Cap        Slew       Delay        Time   Description
---------------------------------------------------------------------------------------------
                                  0.000000    0.000000   clock HCLK (rise edge)
                                  0.000000    0.000000   clock network delay (propagated)
                                  2.000000    2.000000 ^ input external delay
     1    0.007985    0.031715    0.020246    2.020246 ^ PRDATA[18] (in)
                                                         PRDATA[18] (net)
                      0.031717    0.000000    2.020246 ^ _236_/A (sky130_fd_sc_hd__clkbuf_1)
     1    0.002017    0.025905    0.047191    2.067437 ^ _236_/X (sky130_fd_sc_hd__clkbuf_1)
                                                         net80 (net)
                      0.025905    0.000008    2.067445 ^ output80/A (sky130_fd_sc_hd__buf_2)
     1    0.035173    0.131450    0.138082    2.205527 ^ output80/X (sky130_fd_sc_hd__buf_2)
                                                         HRDATA[18] (net)
                      0.131452    0.000405    2.205932 ^ HRDATA[18] (out)
                                              2.205932   data arrival time

                                 10.000000   10.000000   clock HCLK (rise edge)
                                  0.000000   10.000000   clock network delay (propagated)
                                 -0.250000    9.750000   clock uncertainty
                                  0.000000    9.750000   clock reconvergence pessimism
                                 -2.000000    7.750000   output external delay
                                              7.750000   data required time
---------------------------------------------------------------------------------------------
                                              7.750000   data required time
                                             -2.205932   data arrival time
---------------------------------------------------------------------------------------------
                                              5.544067   slack (MET)


Startpoint: PRDATA[10] (input port clocked by HCLK)
Endpoint: HRDATA[10] (output port clocked by HCLK)
Path Group: HCLK
Path Type: max

Fanout         Cap        Slew       Delay        Time   Description
---------------------------------------------------------------------------------------------
                                  0.000000    0.000000   clock HCLK (rise edge)
                                  0.000000    0.000000   clock network delay (propagated)
                                  2.000000    2.000000 ^ input external delay
     1    0.007624    0.030498    0.019385    2.019385 ^ PRDATA[10] (in)
                                                         PRDATA[10] (net)
                      0.030500    0.000000    2.019385 ^ _228_/A (sky130_fd_sc_hd__clkbuf_1)
     1    0.002212    0.027435    0.048118    2.067502 ^ _228_/X (sky130_fd_sc_hd__clkbuf_1)
                                                         net72 (net)
                      0.027435    0.000019    2.067522 ^ output72/A (sky130_fd_sc_hd__buf_2)
     1    0.034242    0.128124    0.136282    2.203803 ^ output72/X (sky130_fd_sc_hd__buf_2)
                                                         HRDATA[10] (net)
                      0.128126    0.000362    2.204165 ^ HRDATA[10] (out)
                                              2.204165   data arrival time

                                 10.000000   10.000000   clock HCLK (rise edge)
                                  0.000000   10.000000   clock network delay (propagated)
                                 -0.250000    9.750000   clock uncertainty
                                  0.000000    9.750000   clock reconvergence pessimism
                                 -2.000000    7.750000   output external delay
                                              7.750000   data required time
---------------------------------------------------------------------------------------------
                                              7.750000   data required time
                                             -2.204165   data arrival time
---------------------------------------------------------------------------------------------
                                              5.545835   slack (MET)


Startpoint: PRDATA[29] (input port clocked by HCLK)
Endpoint: HRDATA[29] (output port clocked by HCLK)
Path Group: HCLK
Path Type: max

Fanout         Cap        Slew       Delay        Time   Description
---------------------------------------------------------------------------------------------
                                  0.000000    0.000000   clock HCLK (rise edge)
                                  0.000000    0.000000   clock network delay (propagated)
                                  2.000000    2.000000 ^ input external delay
     1    0.003721    0.017228    0.009649    2.009649 ^ PRDATA[29] (in)
                                                         PRDATA[29] (net)
                      0.017228    0.000000    2.009649 ^ _247_/A (sky130_fd_sc_hd__clkbuf_1)
     1    0.003634    0.038971    0.053594    2.063242 ^ _247_/X (sky130_fd_sc_hd__clkbuf_1)
                                                         net92 (net)
                      0.038971    0.000053    2.063296 ^ output92/A (sky130_fd_sc_hd__buf_2)
     1    0.034242    0.128096    0.139777    2.203072 ^ output92/X (sky130_fd_sc_hd__buf_2)
                                                         HRDATA[29] (net)
                      0.128098    0.000362    2.203434 ^ HRDATA[29] (out)
                                              2.203434   data arrival time

                                 10.000000   10.000000   clock HCLK (rise edge)
                                  0.000000   10.000000   clock network delay (propagated)
                                 -0.250000    9.750000   clock uncertainty
                                  0.000000    9.750000   clock reconvergence pessimism
                                 -2.000000    7.750000   output external delay
                                              7.750000   data required time
---------------------------------------------------------------------------------------------
                                              7.750000   data required time
                                             -2.203434   data arrival time
---------------------------------------------------------------------------------------------
                                              5.546566   slack (MET)


Startpoint: PRDATA[24] (input port clocked by HCLK)
Endpoint: HRDATA[24] (output port clocked by HCLK)
Path Group: HCLK
Path Type: max

Fanout         Cap        Slew       Delay        Time   Description
---------------------------------------------------------------------------------------------
                                  0.000000    0.000000   clock HCLK (rise edge)
                                  0.000000    0.000000   clock network delay (propagated)
                                  2.000000    2.000000 ^ input external delay
     1    0.006520    0.026783    0.016684    2.016684 ^ PRDATA[24] (in)
                                                         PRDATA[24] (net)
                      0.026784    0.000000    2.016684 ^ _242_/A (sky130_fd_sc_hd__clkbuf_1)
     1    0.002443    0.029250    0.048767    2.065450 ^ _242_/X (sky130_fd_sc_hd__clkbuf_1)
                                                         net87 (net)
                      0.029250    0.000025    2.065475 ^ output87/A (sky130_fd_sc_hd__buf_2)
     1    0.034242    0.128120    0.136831    2.202307 ^ output87/X (sky130_fd_sc_hd__buf_2)
                                                         HRDATA[24] (net)
                      0.128121    0.000362    2.202668 ^ HRDATA[24] (out)
                                              2.202668   data arrival time

                                 10.000000   10.000000   clock HCLK (rise edge)
                                  0.000000   10.000000   clock network delay (propagated)
                                 -0.250000    9.750000   clock uncertainty
                                  0.000000    9.750000   clock reconvergence pessimism
                                 -2.000000    7.750000   output external delay
                                              7.750000   data required time
---------------------------------------------------------------------------------------------
                                              7.750000   data required time
                                             -2.202668   data arrival time
---------------------------------------------------------------------------------------------
                                              5.547332   slack (MET)


Startpoint: PRDATA[20] (input port clocked by HCLK)
Endpoint: HRDATA[20] (output port clocked by HCLK)
Path Group: HCLK
Path Type: max

Fanout         Cap        Slew       Delay        Time   Description
---------------------------------------------------------------------------------------------
                                  0.000000    0.000000   clock HCLK (rise edge)
                                  0.000000    0.000000   clock network delay (propagated)
                                  2.000000    2.000000 ^ input external delay
     1    0.004472    0.019885    0.011617    2.011617 ^ PRDATA[20] (in)
                                                         PRDATA[20] (net)
                      0.019886    0.000000    2.011617 ^ _238_/A (sky130_fd_sc_hd__clkbuf_1)
     1    0.002899    0.032935    0.049920    2.061537 ^ _238_/X (sky130_fd_sc_hd__clkbuf_1)
                                                         net83 (net)
                      0.032935    0.000035    2.061572 ^ output83/A (sky130_fd_sc_hd__buf_2)
     1    0.034995    0.130783    0.139841    2.201413 ^ output83/X (sky130_fd_sc_hd__buf_2)
                                                         HRDATA[20] (net)
                      0.130784    0.000310    2.201723 ^ HRDATA[20] (out)
                                              2.201723   data arrival time

                                 10.000000   10.000000   clock HCLK (rise edge)
                                  0.000000   10.000000   clock network delay (propagated)
                                 -0.250000    9.750000   clock uncertainty
                                  0.000000    9.750000   clock reconvergence pessimism
                                 -2.000000    7.750000   output external delay
                                              7.750000   data required time
---------------------------------------------------------------------------------------------
                                              7.750000   data required time
                                             -2.201723   data arrival time
---------------------------------------------------------------------------------------------
                                              5.548277   slack (MET)


Startpoint: PRDATA[13] (input port clocked by HCLK)
Endpoint: HRDATA[13] (output port clocked by HCLK)
Path Group: HCLK
Path Type: max

Fanout         Cap        Slew       Delay        Time   Description
---------------------------------------------------------------------------------------------
                                  0.000000    0.000000   clock HCLK (rise edge)
                                  0.000000    0.000000   clock network delay (propagated)
                                  2.000000    2.000000 ^ input external delay
     1    0.004536    0.020110    0.011786    2.011786 ^ PRDATA[13] (in)
                                                         PRDATA[13] (net)
                      0.020111    0.000000    2.011786 ^ _231_/A (sky130_fd_sc_hd__clkbuf_1)
     1    0.003128    0.034810    0.051351    2.063138 ^ _231_/X (sky130_fd_sc_hd__clkbuf_1)
                                                         net75 (net)
                      0.034810    0.000043    2.063180 ^ output75/A (sky130_fd_sc_hd__buf_2)
     1    0.034113    0.127626    0.138280    2.201460 ^ output75/X (sky130_fd_sc_hd__buf_2)
                                                         HRDATA[13] (net)
                      0.127627    0.000243    2.201703 ^ HRDATA[13] (out)
                                              2.201703   data arrival time

                                 10.000000   10.000000   clock HCLK (rise edge)
                                  0.000000   10.000000   clock network delay (propagated)
                                 -0.250000    9.750000   clock uncertainty
                                  0.000000    9.750000   clock reconvergence pessimism
                                 -2.000000    7.750000   output external delay
                                              7.750000   data required time
---------------------------------------------------------------------------------------------
                                              7.750000   data required time
                                             -2.201703   data arrival time
---------------------------------------------------------------------------------------------
                                              5.548297   slack (MET)


Startpoint: PRDATA[16] (input port clocked by HCLK)
Endpoint: HRDATA[16] (output port clocked by HCLK)
Path Group: HCLK
Path Type: max

Fanout         Cap        Slew       Delay        Time   Description
---------------------------------------------------------------------------------------------
                                  0.000000    0.000000   clock HCLK (rise edge)
                                  0.000000    0.000000   clock network delay (propagated)
                                  2.000000    2.000000 ^ input external delay
     1    0.004753    0.020876    0.012369    2.012369 ^ PRDATA[16] (in)
                                                         PRDATA[16] (net)
                      0.020877    0.000000    2.012369 ^ _234_/A (sky130_fd_sc_hd__clkbuf_1)
     1    0.002786    0.032013    0.049508    2.061877 ^ _234_/X (sky130_fd_sc_hd__clkbuf_1)
                                                         net78 (net)
                      0.032013    0.000031    2.061908 ^ output78/A (sky130_fd_sc_hd__buf_2)
     1    0.034345    0.128478    0.137925    2.199833 ^ output78/X (sky130_fd_sc_hd__buf_2)
                                                         HRDATA[16] (net)
                      0.128480    0.000357    2.200191 ^ HRDATA[16] (out)
                                              2.200191   data arrival time

                                 10.000000   10.000000   clock HCLK (rise edge)
                                  0.000000   10.000000   clock network delay (propagated)
                                 -0.250000    9.750000   clock uncertainty
                                  0.000000    9.750000   clock reconvergence pessimism
                                 -2.000000    7.750000   output external delay
                                              7.750000   data required time
---------------------------------------------------------------------------------------------
                                              7.750000   data required time
                                             -2.200191   data arrival time
---------------------------------------------------------------------------------------------
                                              5.549809   slack (MET)


Startpoint: PRDATA[25] (input port clocked by HCLK)
Endpoint: HRDATA[25] (output port clocked by HCLK)
Path Group: HCLK
Path Type: max

Fanout         Cap        Slew       Delay        Time   Description
---------------------------------------------------------------------------------------------
                                  0.000000    0.000000   clock HCLK (rise edge)
                                  0.000000    0.000000   clock network delay (propagated)
                                  2.000000    2.000000 ^ input external delay
     1    0.004940    0.021503    0.012810    2.012810 ^ PRDATA[25] (in)
                                                         PRDATA[25] (net)
                      0.021503    0.000000    2.012810 ^ _243_/A (sky130_fd_sc_hd__clkbuf_1)
     1    0.002343    0.028401    0.047015    2.059825 ^ _243_/X (sky130_fd_sc_hd__clkbuf_1)
                                                         net88 (net)
                      0.028401    0.000021    2.059847 ^ output88/A (sky130_fd_sc_hd__buf_2)
     1    0.035357    0.132071    0.139411    2.199257 ^ output88/X (sky130_fd_sc_hd__buf_2)
                                                         HRDATA[25] (net)
                      0.132071    0.000235    2.199492 ^ HRDATA[25] (out)
                                              2.199492   data arrival time

                                 10.000000   10.000000   clock HCLK (rise edge)
                                  0.000000   10.000000   clock network delay (propagated)
                                 -0.250000    9.750000   clock uncertainty
                                  0.000000    9.750000   clock reconvergence pessimism
                                 -2.000000    7.750000   output external delay
                                              7.750000   data required time
---------------------------------------------------------------------------------------------
                                              7.750000   data required time
                                             -2.199492   data arrival time
---------------------------------------------------------------------------------------------
                                              5.550508   slack (MET)


Startpoint: PRDATA[7] (input port clocked by HCLK)
Endpoint: HRDATA[7] (output port clocked by HCLK)
Path Group: HCLK
Path Type: max

Fanout         Cap        Slew       Delay        Time   Description
---------------------------------------------------------------------------------------------
                                  0.000000    0.000000   clock HCLK (rise edge)
                                  0.000000    0.000000   clock network delay (propagated)
                                  2.000000    2.000000 ^ input external delay
     1    0.003608    0.016818    0.009345    2.009345 ^ PRDATA[7] (in)
                                                         PRDATA[7] (net)
                      0.016818    0.000000    2.009345 ^ _225_/A (sky130_fd_sc_hd__clkbuf_1)
     1    0.003139    0.034894    0.050536    2.059880 ^ _225_/X (sky130_fd_sc_hd__clkbuf_1)
                                                         net100 (net)
                      0.034894    0.000042    2.059922 ^ output100/A (sky130_fd_sc_hd__buf_2)
     1    0.034114    0.127631    0.138308    2.198230 ^ output100/X (sky130_fd_sc_hd__buf_2)
                                                         HRDATA[7] (net)
                      0.127632    0.000243    2.198473 ^ HRDATA[7] (out)
                                              2.198473   data arrival time

                                 10.000000   10.000000   clock HCLK (rise edge)
                                  0.000000   10.000000   clock network delay (propagated)
                                 -0.250000    9.750000   clock uncertainty
                                  0.000000    9.750000   clock reconvergence pessimism
                                 -2.000000    7.750000   output external delay
                                              7.750000   data required time
---------------------------------------------------------------------------------------------
                                              7.750000   data required time
                                             -2.198473   data arrival time
---------------------------------------------------------------------------------------------
                                              5.551527   slack (MET)


Startpoint: PRDATA[31] (input port clocked by HCLK)
Endpoint: HRDATA[31] (output port clocked by HCLK)
Path Group: HCLK
Path Type: max

Fanout         Cap        Slew       Delay        Time   Description
---------------------------------------------------------------------------------------------
                                  0.000000    0.000000   clock HCLK (rise edge)
                                  0.000000    0.000000   clock network delay (propagated)
                                  2.000000    2.000000 ^ input external delay
     1    0.004441    0.019775    0.011540    2.011540 ^ PRDATA[31] (in)
                                                         PRDATA[31] (net)
                      0.019776    0.000000    2.011540 ^ _249_/A (sky130_fd_sc_hd__clkbuf_1)
     1    0.002545    0.030048    0.047772    2.059312 ^ _249_/X (sky130_fd_sc_hd__clkbuf_1)
                                                         net95 (net)
                      0.030048    0.000025    2.059337 ^ output95/A (sky130_fd_sc_hd__buf_2)
     1    0.034584    0.129340    0.137904    2.197242 ^ output95/X (sky130_fd_sc_hd__buf_2)
                                                         HRDATA[31] (net)
                      0.129342    0.000379    2.197620 ^ HRDATA[31] (out)
                                              2.197620   data arrival time

                                 10.000000   10.000000   clock HCLK (rise edge)
                                  0.000000   10.000000   clock network delay (propagated)
                                 -0.250000    9.750000   clock uncertainty
                                  0.000000    9.750000   clock reconvergence pessimism
                                 -2.000000    7.750000   output external delay
                                              7.750000   data required time
---------------------------------------------------------------------------------------------
                                              7.750000   data required time
                                             -2.197620   data arrival time
---------------------------------------------------------------------------------------------
                                              5.552380   slack (MET)


Startpoint: PRDATA[19] (input port clocked by HCLK)
Endpoint: HRDATA[19] (output port clocked by HCLK)
Path Group: HCLK
Path Type: max

Fanout         Cap        Slew       Delay        Time   Description
---------------------------------------------------------------------------------------------
                                  0.000000    0.000000   clock HCLK (rise edge)
                                  0.000000    0.000000   clock network delay (propagated)
                                  2.000000    2.000000 ^ input external delay
     1    0.003791    0.017479    0.009831    2.009831 ^ PRDATA[19] (in)
                                                         PRDATA[19] (net)
                      0.017479    0.000000    2.009831 ^ _237_/A (sky130_fd_sc_hd__clkbuf_1)
     1    0.002875    0.032734    0.049136    2.058968 ^ _237_/X (sky130_fd_sc_hd__clkbuf_1)
                                                         net81 (net)
                      0.032734    0.000031    2.058999 ^ output81/A (sky130_fd_sc_hd__buf_2)
     1    0.034280    0.128248    0.137973    2.196971 ^ output81/X (sky130_fd_sc_hd__buf_2)
                                                         HRDATA[19] (net)
                      0.128250    0.000374    2.197345 ^ HRDATA[19] (out)
                                              2.197345   data arrival time

                                 10.000000   10.000000   clock HCLK (rise edge)
                                  0.000000   10.000000   clock network delay (propagated)
                                 -0.250000    9.750000   clock uncertainty
                                  0.000000    9.750000   clock reconvergence pessimism
                                 -2.000000    7.750000   output external delay
                                              7.750000   data required time
---------------------------------------------------------------------------------------------
                                              7.750000   data required time
                                             -2.197345   data arrival time
---------------------------------------------------------------------------------------------
                                              5.552655   slack (MET)


Startpoint: PRDATA[6] (input port clocked by HCLK)
Endpoint: HRDATA[6] (output port clocked by HCLK)
Path Group: HCLK
Path Type: max

Fanout         Cap        Slew       Delay        Time   Description
---------------------------------------------------------------------------------------------
                                  0.000000    0.000000   clock HCLK (rise edge)
                                  0.000000    0.000000   clock network delay (propagated)
                                  2.000000    2.000000 ^ input external delay
     1    0.004258    0.019131    0.011062    2.011062 ^ PRDATA[6] (in)
                                                         PRDATA[6] (net)
                      0.019132    0.000000    2.011062 ^ _224_/A (sky130_fd_sc_hd__clkbuf_1)
     1    0.002594    0.030448    0.047896    2.058958 ^ _224_/X (sky130_fd_sc_hd__clkbuf_1)
                                                         net99 (net)
                      0.030448    0.000027    2.058985 ^ output99/A (sky130_fd_sc_hd__buf_2)
     1    0.034280    0.128254    0.137280    2.196265 ^ output99/X (sky130_fd_sc_hd__buf_2)
                                                         HRDATA[6] (net)
                      0.128256    0.000374    2.196639 ^ HRDATA[6] (out)
                                              2.196639   data arrival time

                                 10.000000   10.000000   clock HCLK (rise edge)
                                  0.000000   10.000000   clock network delay (propagated)
                                 -0.250000    9.750000   clock uncertainty
                                  0.000000    9.750000   clock reconvergence pessimism
                                 -2.000000    7.750000   output external delay
                                              7.750000   data required time
---------------------------------------------------------------------------------------------
                                              7.750000   data required time
                                             -2.196639   data arrival time
---------------------------------------------------------------------------------------------
                                              5.553361   slack (MET)


Startpoint: PRDATA[26] (input port clocked by HCLK)
Endpoint: HRDATA[26] (output port clocked by HCLK)
Path Group: HCLK
Path Type: max

Fanout         Cap        Slew       Delay        Time   Description
---------------------------------------------------------------------------------------------
                                  0.000000    0.000000   clock HCLK (rise edge)
                                  0.000000    0.000000   clock network delay (propagated)
                                  2.000000    2.000000 ^ input external delay
     1    0.003756    0.017354    0.009742    2.009742 ^ PRDATA[26] (in)
                                                         PRDATA[26] (net)
                      0.017354    0.000000    2.009742 ^ _244_/A (sky130_fd_sc_hd__clkbuf_1)
     1    0.002778    0.031940    0.048520    2.058261 ^ _244_/X (sky130_fd_sc_hd__clkbuf_1)
                                                         net89 (net)
                      0.031940    0.000032    2.058293 ^ output89/A (sky130_fd_sc_hd__buf_2)
     1    0.034280    0.128250    0.137732    2.196025 ^ output89/X (sky130_fd_sc_hd__buf_2)
                                                         HRDATA[26] (net)
                      0.128252    0.000374    2.196399 ^ HRDATA[26] (out)
                                              2.196399   data arrival time

                                 10.000000   10.000000   clock HCLK (rise edge)
                                  0.000000   10.000000   clock network delay (propagated)
                                 -0.250000    9.750000   clock uncertainty
                                  0.000000    9.750000   clock reconvergence pessimism
                                 -2.000000    7.750000   output external delay
                                              7.750000   data required time
---------------------------------------------------------------------------------------------
                                              7.750000   data required time
                                             -2.196399   data arrival time
---------------------------------------------------------------------------------------------
                                              5.553601   slack (MET)


Startpoint: PRDATA[28] (input port clocked by HCLK)
Endpoint: HRDATA[28] (output port clocked by HCLK)
Path Group: HCLK
Path Type: max

Fanout         Cap        Slew       Delay        Time   Description
---------------------------------------------------------------------------------------------
                                  0.000000    0.000000   clock HCLK (rise edge)
                                  0.000000    0.000000   clock network delay (propagated)
                                  2.000000    2.000000 ^ input external delay
     1    0.005264    0.022584    0.013608    2.013608 ^ PRDATA[28] (in)
                                                         PRDATA[28] (net)
                      0.022584    0.000000    2.013608 ^ _246_/A (sky130_fd_sc_hd__clkbuf_1)
     1    0.002176    0.027056    0.046299    2.059907 ^ _246_/X (sky130_fd_sc_hd__clkbuf_1)
                                                         net91 (net)
                      0.027056    0.000019    2.059926 ^ output91/A (sky130_fd_sc_hd__buf_2)
     1    0.034060    0.127459    0.135802    2.195728 ^ output91/X (sky130_fd_sc_hd__buf_2)
                                                         HRDATA[28] (net)
                      0.127460    0.000242    2.195971 ^ HRDATA[28] (out)
                                              2.195971   data arrival time

                                 10.000000   10.000000   clock HCLK (rise edge)
                                  0.000000   10.000000   clock network delay (propagated)
                                 -0.250000    9.750000   clock uncertainty
                                  0.000000    9.750000   clock reconvergence pessimism
                                 -2.000000    7.750000   output external delay
                                              7.750000   data required time
---------------------------------------------------------------------------------------------
                                              7.750000   data required time
                                             -2.195971   data arrival time
---------------------------------------------------------------------------------------------
                                              5.554029   slack (MET)


Startpoint: PRDATA[15] (input port clocked by HCLK)
Endpoint: HRDATA[15] (output port clocked by HCLK)
Path Group: HCLK
Path Type: max

Fanout         Cap        Slew       Delay        Time   Description
---------------------------------------------------------------------------------------------
                                  0.000000    0.000000   clock HCLK (rise edge)
                                  0.000000    0.000000   clock network delay (propagated)
                                  2.000000    2.000000 ^ input external delay
     1    0.004951    0.021539    0.012851    2.012851 ^ PRDATA[15] (in)
                                                         PRDATA[15] (net)
                      0.021540    0.000000    2.012851 ^ _233_/A (sky130_fd_sc_hd__clkbuf_1)
     1    0.002099    0.026443    0.045564    2.058416 ^ _233_/X (sky130_fd_sc_hd__clkbuf_1)
                                                         net77 (net)
                      0.026443    0.000018    2.058434 ^ output77/A (sky130_fd_sc_hd__buf_2)
     1    0.034297    0.128324    0.136114    2.194548 ^ output77/X (sky130_fd_sc_hd__buf_2)
                                                         HRDATA[15] (net)
                      0.128325    0.000366    2.194913 ^ HRDATA[15] (out)
                                              2.194913   data arrival time

                                 10.000000   10.000000   clock HCLK (rise edge)
                                  0.000000   10.000000   clock network delay (propagated)
                                 -0.250000    9.750000   clock uncertainty
                                  0.000000    9.750000   clock reconvergence pessimism
                                 -2.000000    7.750000   output external delay
                                              7.750000   data required time
---------------------------------------------------------------------------------------------
                                              7.750000   data required time
                                             -2.194913   data arrival time
---------------------------------------------------------------------------------------------
                                              5.555086   slack (MET)


Startpoint: PRDATA[27] (input port clocked by HCLK)
Endpoint: HRDATA[27] (output port clocked by HCLK)
Path Group: HCLK
Path Type: max

Fanout         Cap        Slew       Delay        Time   Description
---------------------------------------------------------------------------------------------
                                  0.000000    0.000000   clock HCLK (rise edge)
                                  0.000000    0.000000   clock network delay (propagated)
                                  2.000000    2.000000 ^ input external delay
     1    0.004515    0.020037    0.011724    2.011724 ^ PRDATA[27] (in)
                                                         PRDATA[27] (net)
                      0.020037    0.000000    2.011724 ^ _245_/A (sky130_fd_sc_hd__clkbuf_1)
     1    0.002280    0.027895    0.046252    2.057976 ^ _245_/X (sky130_fd_sc_hd__clkbuf_1)
                                                         net90 (net)
                      0.027895    0.000020    2.057996 ^ output90/A (sky130_fd_sc_hd__buf_2)
     1    0.034170    0.127847    0.136325    2.194321 ^ output90/X (sky130_fd_sc_hd__buf_2)
                                                         HRDATA[27] (net)
                      0.127848    0.000243    2.194564 ^ HRDATA[27] (out)
                                              2.194564   data arrival time

                                 10.000000   10.000000   clock HCLK (rise edge)
                                  0.000000   10.000000   clock network delay (propagated)
                                 -0.250000    9.750000   clock uncertainty
                                  0.000000    9.750000   clock reconvergence pessimism
                                 -2.000000    7.750000   output external delay
                                              7.750000   data required time
---------------------------------------------------------------------------------------------
                                              7.750000   data required time
                                             -2.194564   data arrival time
---------------------------------------------------------------------------------------------
                                              5.555435   slack (MET)


Startpoint: PRDATA[2] (input port clocked by HCLK)
Endpoint: HRDATA[2] (output port clocked by HCLK)
Path Group: HCLK
Path Type: max

Fanout         Cap        Slew       Delay        Time   Description
---------------------------------------------------------------------------------------------
                                  0.000000    0.000000   clock HCLK (rise edge)
                                  0.000000    0.000000   clock network delay (propagated)
                                  2.000000    2.000000 ^ input external delay
     1    0.004061    0.018434    0.010544    2.010544 ^ PRDATA[2] (in)
                                                         PRDATA[2] (net)
                      0.018434    0.000000    2.010544 ^ _220_/A (sky130_fd_sc_hd__clkbuf_1)
     1    0.002444    0.029222    0.046812    2.057356 ^ _220_/X (sky130_fd_sc_hd__clkbuf_1)
                                                         net93 (net)
                      0.029222    0.000023    2.057379 ^ output93/A (sky130_fd_sc_hd__buf_2)
     1    0.034242    0.128120    0.136823    2.194202 ^ output93/X (sky130_fd_sc_hd__buf_2)
                                                         HRDATA[2] (net)
                      0.128121    0.000362    2.194564 ^ HRDATA[2] (out)
                                              2.194564   data arrival time

                                 10.000000   10.000000   clock HCLK (rise edge)
                                  0.000000   10.000000   clock network delay (propagated)
                                 -0.250000    9.750000   clock uncertainty
                                  0.000000    9.750000   clock reconvergence pessimism
                                 -2.000000    7.750000   output external delay
                                              7.750000   data required time
---------------------------------------------------------------------------------------------
                                              7.750000   data required time
                                             -2.194564   data arrival time
---------------------------------------------------------------------------------------------
                                              5.555436   slack (MET)


Startpoint: PRDATA[0] (input port clocked by HCLK)
Endpoint: HRDATA[0] (output port clocked by HCLK)
Path Group: HCLK
Path Type: max

Fanout         Cap        Slew       Delay        Time   Description
---------------------------------------------------------------------------------------------
                                  0.000000    0.000000   clock HCLK (rise edge)
                                  0.000000    0.000000   clock network delay (propagated)
                                  2.000000    2.000000 ^ input external delay
     1    0.003499    0.016427    0.009064    2.009064 ^ PRDATA[0] (in)
                                                         PRDATA[0] (net)
                      0.016427    0.000000    2.009064 ^ _218_/A (sky130_fd_sc_hd__clkbuf_1)
     1    0.002614    0.030603    0.047294    2.056358 ^ _218_/X (sky130_fd_sc_hd__clkbuf_1)
                                                         net71 (net)
                      0.030603    0.000026    2.056385 ^ output71/A (sky130_fd_sc_hd__buf_2)
     1    0.034319    0.128389    0.137435    2.193819 ^ output71/X (sky130_fd_sc_hd__buf_2)
                                                         HRDATA[0] (net)
                      0.128390    0.000357    2.194175 ^ HRDATA[0] (out)
                                              2.194175   data arrival time

                                 10.000000   10.000000   clock HCLK (rise edge)
                                  0.000000   10.000000   clock network delay (propagated)
                                 -0.250000    9.750000   clock uncertainty
                                  0.000000    9.750000   clock reconvergence pessimism
                                 -2.000000    7.750000   output external delay
                                              7.750000   data required time
---------------------------------------------------------------------------------------------
                                              7.750000   data required time
                                             -2.194175   data arrival time
---------------------------------------------------------------------------------------------
                                              5.555824   slack (MET)


Startpoint: PRDATA[8] (input port clocked by HCLK)
Endpoint: HRDATA[8] (output port clocked by HCLK)
Path Group: HCLK
Path Type: max

Fanout         Cap        Slew       Delay        Time   Description
---------------------------------------------------------------------------------------------
                                  0.000000    0.000000   clock HCLK (rise edge)
                                  0.000000    0.000000   clock network delay (propagated)
                                  2.000000    2.000000 ^ input external delay
     1    0.003537    0.016563    0.009164    2.009164 ^ PRDATA[8] (in)
                                                         PRDATA[8] (net)
                      0.016563    0.000000    2.009164 ^ _226_/A (sky130_fd_sc_hd__clkbuf_1)
     1    0.002561    0.030173    0.047013    2.056177 ^ _226_/X (sky130_fd_sc_hd__clkbuf_1)
                                                         net101 (net)
                      0.030173    0.000026    2.056203 ^ output101/A (sky130_fd_sc_hd__buf_2)
     1    0.034326    0.128416    0.137322    2.193525 ^ output101/X (sky130_fd_sc_hd__buf_2)
                                                         HRDATA[8] (net)
                      0.128418    0.000357    2.193882 ^ HRDATA[8] (out)
                                              2.193882   data arrival time

                                 10.000000   10.000000   clock HCLK (rise edge)
                                  0.000000   10.000000   clock network delay (propagated)
                                 -0.250000    9.750000   clock uncertainty
                                  0.000000    9.750000   clock reconvergence pessimism
                                 -2.000000    7.750000   output external delay
                                              7.750000   data required time
---------------------------------------------------------------------------------------------
                                              7.750000   data required time
                                             -2.193882   data arrival time
---------------------------------------------------------------------------------------------
                                              5.556118   slack (MET)


Startpoint: PRDATA[14] (input port clocked by HCLK)
Endpoint: HRDATA[14] (output port clocked by HCLK)
Path Group: HCLK
Path Type: max

Fanout         Cap        Slew       Delay        Time   Description
---------------------------------------------------------------------------------------------
                                  0.000000    0.000000   clock HCLK (rise edge)
                                  0.000000    0.000000   clock network delay (propagated)
                                  2.000000    2.000000 ^ input external delay
     1    0.004022    0.018295    0.010441    2.010441 ^ PRDATA[14] (in)
                                                         PRDATA[14] (net)
                      0.018295    0.000000    2.010441 ^ _232_/A (sky130_fd_sc_hd__clkbuf_1)
     1    0.002309    0.028129    0.045965    2.056405 ^ _232_/X (sky130_fd_sc_hd__clkbuf_1)
                                                         net76 (net)
                      0.028129    0.000021    2.056426 ^ output76/A (sky130_fd_sc_hd__buf_2)
     1    0.034253    0.128158    0.136530    2.192956 ^ output76/X (sky130_fd_sc_hd__buf_2)
                                                         HRDATA[14] (net)
                      0.128160    0.000345    2.193301 ^ HRDATA[14] (out)
                                              2.193301   data arrival time

                                 10.000000   10.000000   clock HCLK (rise edge)
                                  0.000000   10.000000   clock network delay (propagated)
                                 -0.250000    9.750000   clock uncertainty
                                  0.000000    9.750000   clock reconvergence pessimism
                                 -2.000000    7.750000   output external delay
                                              7.750000   data required time
---------------------------------------------------------------------------------------------
                                              7.750000   data required time
                                             -2.193301   data arrival time
---------------------------------------------------------------------------------------------
                                              5.556699   slack (MET)


Startpoint: PRDATA[30] (input port clocked by HCLK)
Endpoint: HRDATA[30] (output port clocked by HCLK)
Path Group: HCLK
Path Type: max

Fanout         Cap        Slew       Delay        Time   Description
---------------------------------------------------------------------------------------------
                                  0.000000    0.000000   clock HCLK (rise edge)
                                  0.000000    0.000000   clock network delay (propagated)
                                  2.000000    2.000000 ^ input external delay
     1    0.003505    0.016448    0.009074    2.009074 ^ PRDATA[30] (in)
                                                         PRDATA[30] (net)
                      0.016448    0.000000    2.009074 ^ _248_/A (sky130_fd_sc_hd__clkbuf_1)
     1    0.002206    0.027301    0.044860    2.053934 ^ _248_/X (sky130_fd_sc_hd__clkbuf_1)
                                                         net94 (net)
                      0.027301    0.000019    2.053953 ^ output94/A (sky130_fd_sc_hd__buf_2)
     1    0.035246    0.131686    0.138762    2.192716 ^ output94/X (sky130_fd_sc_hd__buf_2)
                                                         HRDATA[30] (net)
                      0.131687    0.000292    2.193007 ^ HRDATA[30] (out)
                                              2.193007   data arrival time

                                 10.000000   10.000000   clock HCLK (rise edge)
                                  0.000000   10.000000   clock network delay (propagated)
                                 -0.250000    9.750000   clock uncertainty
                                  0.000000    9.750000   clock reconvergence pessimism
                                 -2.000000    7.750000   output external delay
                                              7.750000   data required time
---------------------------------------------------------------------------------------------
                                              7.750000   data required time
                                             -2.193007   data arrival time
---------------------------------------------------------------------------------------------
                                              5.556993   slack (MET)


Startpoint: PRDATA[11] (input port clocked by HCLK)
Endpoint: HRDATA[11] (output port clocked by HCLK)
Path Group: HCLK
Path Type: max

Fanout         Cap        Slew       Delay        Time   Description
---------------------------------------------------------------------------------------------
                                  0.000000    0.000000   clock HCLK (rise edge)
                                  0.000000    0.000000   clock network delay (propagated)
                                  2.000000    2.000000 ^ input external delay
     1    0.003545    0.016592    0.009183    2.009183 ^ PRDATA[11] (in)
                                                         PRDATA[11] (net)
                      0.016592    0.000000    2.009183 ^ _229_/A (sky130_fd_sc_hd__clkbuf_1)
     1    0.002487    0.029565    0.046577    2.055759 ^ _229_/X (sky130_fd_sc_hd__clkbuf_1)
                                                         net73 (net)
                      0.029565    0.000026    2.055785 ^ output73/A (sky130_fd_sc_hd__buf_2)
     1    0.034142    0.127743    0.136761    2.192547 ^ output73/X (sky130_fd_sc_hd__buf_2)
                                                         HRDATA[11] (net)
                      0.127743    0.000243    2.192790 ^ HRDATA[11] (out)
                                              2.192790   data arrival time

                                 10.000000   10.000000   clock HCLK (rise edge)
                                  0.000000   10.000000   clock network delay (propagated)
                                 -0.250000    9.750000   clock uncertainty
                                  0.000000    9.750000   clock reconvergence pessimism
                                 -2.000000    7.750000   output external delay
                                              7.750000   data required time
---------------------------------------------------------------------------------------------
                                              7.750000   data required time
                                             -2.192790   data arrival time
---------------------------------------------------------------------------------------------
                                              5.557210   slack (MET)


Startpoint: PRDATA[1] (input port clocked by HCLK)
Endpoint: HRDATA[1] (output port clocked by HCLK)
Path Group: HCLK
Path Type: max

Fanout         Cap        Slew       Delay        Time   Description
---------------------------------------------------------------------------------------------
                                  0.000000    0.000000   clock HCLK (rise edge)
                                  0.000000    0.000000   clock network delay (propagated)
                                  2.000000    2.000000 ^ input external delay
     1    0.004149    0.018745    0.010773    2.010773 ^ PRDATA[1] (in)
                                                         PRDATA[1] (net)
                      0.018746    0.000000    2.010773 ^ _219_/A (sky130_fd_sc_hd__clkbuf_1)
     1    0.002184    0.027121    0.045333    2.056107 ^ _219_/X (sky130_fd_sc_hd__clkbuf_1)
                                                         net82 (net)
                      0.027121    0.000019    2.056126 ^ output82/A (sky130_fd_sc_hd__buf_2)
     1    0.034253    0.128161    0.136225    2.192351 ^ output82/X (sky130_fd_sc_hd__buf_2)
                                                         HRDATA[1] (net)
                      0.128162    0.000345    2.192695 ^ HRDATA[1] (out)
                                              2.192695   data arrival time

                                 10.000000   10.000000   clock HCLK (rise edge)
                                  0.000000   10.000000   clock network delay (propagated)
                                 -0.250000    9.750000   clock uncertainty
                                  0.000000    9.750000   clock reconvergence pessimism
                                 -2.000000    7.750000   output external delay
                                              7.750000   data required time
---------------------------------------------------------------------------------------------
                                              7.750000   data required time
                                             -2.192695   data arrival time
---------------------------------------------------------------------------------------------
                                              5.557305   slack (MET)


Startpoint: PRDATA[9] (input port clocked by HCLK)
Endpoint: HRDATA[9] (output port clocked by HCLK)
Path Group: HCLK
Path Type: max

Fanout         Cap        Slew       Delay        Time   Description
---------------------------------------------------------------------------------------------
                                  0.000000    0.000000   clock HCLK (rise edge)
                                  0.000000    0.000000   clock network delay (propagated)
                                  2.000000    2.000000 ^ input external delay
     1    0.004002    0.018224    0.010388    2.010388 ^ PRDATA[9] (in)
                                                         PRDATA[9] (net)
                      0.018225    0.000000    2.010388 ^ _227_/A (sky130_fd_sc_hd__clkbuf_1)
     1    0.002235    0.027536    0.045505    2.055894 ^ _227_/X (sky130_fd_sc_hd__clkbuf_1)
                                                         net102 (net)
                      0.027536    0.000020    2.055914 ^ output102/A (sky130_fd_sc_hd__buf_2)
     1    0.034242    0.128124    0.136312    2.192226 ^ output102/X (sky130_fd_sc_hd__buf_2)
                                                         HRDATA[9] (net)
                      0.128125    0.000362    2.192588 ^ HRDATA[9] (out)
                                              2.192588   data arrival time

                                 10.000000   10.000000   clock HCLK (rise edge)
                                  0.000000   10.000000   clock network delay (propagated)
                                 -0.250000    9.750000   clock uncertainty
                                  0.000000    9.750000   clock reconvergence pessimism
                                 -2.000000    7.750000   output external delay
                                              7.750000   data required time
---------------------------------------------------------------------------------------------
                                              7.750000   data required time
                                             -2.192588   data arrival time
---------------------------------------------------------------------------------------------
                                              5.557412   slack (MET)


Startpoint: PRDATA[3] (input port clocked by HCLK)
Endpoint: HRDATA[3] (output port clocked by HCLK)
Path Group: HCLK
Path Type: max

Fanout         Cap        Slew       Delay        Time   Description
---------------------------------------------------------------------------------------------
                                  0.000000    0.000000   clock HCLK (rise edge)
                                  0.000000    0.000000   clock network delay (propagated)
                                  2.000000    2.000000 ^ input external delay
     1    0.003386    0.016017    0.008764    2.008764 ^ PRDATA[3] (in)
                                                         PRDATA[3] (net)
                      0.016017    0.000000    2.008764 ^ _221_/A (sky130_fd_sc_hd__clkbuf_1)
     1    0.002451    0.029275    0.046211    2.054975 ^ _221_/X (sky130_fd_sc_hd__clkbuf_1)
                                                         net96 (net)
                      0.029275    0.000024    2.054999 ^ output96/A (sky130_fd_sc_hd__buf_2)
     1    0.034334    0.128450    0.137055    2.192054 ^ output96/X (sky130_fd_sc_hd__buf_2)
                                                         HRDATA[3] (net)
                      0.128451    0.000378    2.192432 ^ HRDATA[3] (out)
                                              2.192432   data arrival time

                                 10.000000   10.000000   clock HCLK (rise edge)
                                  0.000000   10.000000   clock network delay (propagated)
                                 -0.250000    9.750000   clock uncertainty
                                  0.000000    9.750000   clock reconvergence pessimism
                                 -2.000000    7.750000   output external delay
                                              7.750000   data required time
---------------------------------------------------------------------------------------------
                                              7.750000   data required time
                                             -2.192432   data arrival time
---------------------------------------------------------------------------------------------
                                              5.557568   slack (MET)


Startpoint: PRDATA[23] (input port clocked by HCLK)
Endpoint: HRDATA[23] (output port clocked by HCLK)
Path Group: HCLK
Path Type: max

Fanout         Cap        Slew       Delay        Time   Description
---------------------------------------------------------------------------------------------
                                  0.000000    0.000000   clock HCLK (rise edge)
                                  0.000000    0.000000   clock network delay (propagated)
                                  2.000000    2.000000 ^ input external delay
     1    0.003912    0.017905    0.010150    2.010150 ^ PRDATA[23] (in)
                                                         PRDATA[23] (net)
                      0.017905    0.000000    2.010150 ^ _241_/A (sky130_fd_sc_hd__clkbuf_1)
     1    0.002176    0.027058    0.045065    2.055215 ^ _241_/X (sky130_fd_sc_hd__clkbuf_1)
                                                         net86 (net)
                      0.027058    0.000019    2.055234 ^ output86/A (sky130_fd_sc_hd__buf_2)
     1    0.034253    0.128161    0.136206    2.191440 ^ output86/X (sky130_fd_sc_hd__buf_2)
                                                         HRDATA[23] (net)
                      0.128162    0.000345    2.191785 ^ HRDATA[23] (out)
                                              2.191785   data arrival time

                                 10.000000   10.000000   clock HCLK (rise edge)
                                  0.000000   10.000000   clock network delay (propagated)
                                 -0.250000    9.750000   clock uncertainty
                                  0.000000    9.750000   clock reconvergence pessimism
                                 -2.000000    7.750000   output external delay
                                              7.750000   data required time
---------------------------------------------------------------------------------------------
                                              7.750000   data required time
                                             -2.191785   data arrival time
---------------------------------------------------------------------------------------------
                                              5.558215   slack (MET)


Startpoint: _216_ (rising edge-triggered flip-flop clocked by HCLK)
Endpoint: PSEL[0] (output port clocked by HCLK)
Path Group: HCLK
Path Type: max

Fanout         Cap        Slew       Delay        Time   Description
---------------------------------------------------------------------------------------------
                                  0.000000    0.000000   clock HCLK (rise edge)
                                  0.000000    0.000000   clock source latency
     1    0.055995    0.191291    0.137855    0.137855 ^ HCLK (in)
                                                         HCLK (net)
                      0.192114    0.000000    0.137855 ^ clkbuf_0_HCLK/A (sky130_fd_sc_hd__clkbuf_16)
     5    0.123293    0.107273    0.173709    0.311564 ^ clkbuf_0_HCLK/X (sky130_fd_sc_hd__clkbuf_16)
                                                         clknet_0_HCLK (net)
                      0.108181    0.007893    0.319457 ^ clkbuf_2_3_0_HCLK/A (sky130_fd_sc_hd__clkbuf_8)
     2    0.037478    0.058645    0.125198    0.444654 ^ clkbuf_2_3_0_HCLK/X (sky130_fd_sc_hd__clkbuf_8)
                                                         clknet_2_3_0_HCLK (net)
                      0.058706    0.000713    0.445367 ^ clkbuf_3_7__f_HCLK/A (sky130_fd_sc_hd__clkbuf_16)
     7    0.047439    0.050226    0.107485    0.552852 ^ clkbuf_3_7__f_HCLK/X (sky130_fd_sc_hd__clkbuf_16)
                                                         clknet_3_7__leaf_HCLK (net)
                      0.051254    0.005535    0.558387 ^ _216_/CLK (sky130_fd_sc_hd__dfrtp_2)
     5    0.019848    0.056424    0.280892    0.839279 v _216_/Q (sky130_fd_sc_hd__dfrtp_2)
                                                         u_bridge_fsm.state[0] (net)
                      0.056424    0.000136    0.839415 v _076_/A (sky130_fd_sc_hd__xor2_2)
     6    0.017296    0.182289    0.188885    1.028300 ^ _076_/X (sky130_fd_sc_hd__xor2_2)
                                                         _070_ (net)
                      0.182290    0.000213    1.028513 ^ _077_/C_N (sky130_fd_sc_hd__nor3b_1)
     1    0.002233    0.099354    0.115007    1.143520 ^ _077_/Y (sky130_fd_sc_hd__nor3b_1)
                                                         net138 (net)
                      0.099354    0.000020    1.143539 ^ output138/A (sky130_fd_sc_hd__buf_2)
     1    0.034286    0.128148    0.154849    1.298389 ^ output138/X (sky130_fd_sc_hd__buf_2)
                                                         PSEL[0] (net)
                      0.128148    0.000263    1.298652 ^ PSEL[0] (out)
                                              1.298652   data arrival time

                                 10.000000   10.000000   clock HCLK (rise edge)
                                  0.000000   10.000000   clock network delay (propagated)
                                 -0.250000    9.750000   clock uncertainty
                                  0.000000    9.750000   clock reconvergence pessimism
                                 -2.000000    7.750000   output external delay
                                              7.750000   data required time
---------------------------------------------------------------------------------------------
                                              7.750000   data required time
                                             -1.298652   data arrival time
---------------------------------------------------------------------------------------------
                                              6.451348   slack (MET)


Startpoint: _216_ (rising edge-triggered flip-flop clocked by HCLK)
Endpoint: PSEL[2] (output port clocked by HCLK)
Path Group: HCLK
Path Type: max

Fanout         Cap        Slew       Delay        Time   Description
---------------------------------------------------------------------------------------------
                                  0.000000    0.000000   clock HCLK (rise edge)
                                  0.000000    0.000000   clock source latency
     1    0.055995    0.191291    0.137855    0.137855 ^ HCLK (in)
                                                         HCLK (net)
                      0.192114    0.000000    0.137855 ^ clkbuf_0_HCLK/A (sky130_fd_sc_hd__clkbuf_16)
     5    0.123293    0.107273    0.173709    0.311564 ^ clkbuf_0_HCLK/X (sky130_fd_sc_hd__clkbuf_16)
                                                         clknet_0_HCLK (net)
                      0.108181    0.007893    0.319457 ^ clkbuf_2_3_0_HCLK/A (sky130_fd_sc_hd__clkbuf_8)
     2    0.037478    0.058645    0.125198    0.444654 ^ clkbuf_2_3_0_HCLK/X (sky130_fd_sc_hd__clkbuf_8)
                                                         clknet_2_3_0_HCLK (net)
                      0.058706    0.000713    0.445367 ^ clkbuf_3_7__f_HCLK/A (sky130_fd_sc_hd__clkbuf_16)
     7    0.047439    0.050226    0.107485    0.552852 ^ clkbuf_3_7__f_HCLK/X (sky130_fd_sc_hd__clkbuf_16)
                                                         clknet_3_7__leaf_HCLK (net)
                      0.051254    0.005535    0.558387 ^ _216_/CLK (sky130_fd_sc_hd__dfrtp_2)
     5    0.019848    0.056424    0.280892    0.839279 v _216_/Q (sky130_fd_sc_hd__dfrtp_2)
                                                         u_bridge_fsm.state[0] (net)
                      0.056424    0.000136    0.839415 v _076_/A (sky130_fd_sc_hd__xor2_2)
     6    0.017296    0.182289    0.188885    1.028300 ^ _076_/X (sky130_fd_sc_hd__xor2_2)
                                                         _070_ (net)
                      0.182289    0.000100    1.028400 ^ _079_/C (sky130_fd_sc_hd__and3b_1)
     1    0.005271    0.052239    0.121993    1.150393 ^ _079_/X (sky130_fd_sc_hd__and3b_1)
                                                         net140 (net)
                      0.052239    0.000121    1.150514 ^ output140/A (sky130_fd_sc_hd__buf_2)
     1    0.035634    0.132935    0.147262    1.297776 ^ output140/X (sky130_fd_sc_hd__buf_2)
                                                         PSEL[2] (net)
                      0.132974    0.000321    1.298097 ^ PSEL[2] (out)
                                              1.298097   data arrival time

                                 10.000000   10.000000   clock HCLK (rise edge)
                                  0.000000   10.000000   clock network delay (propagated)
                                 -0.250000    9.750000   clock uncertainty
                                  0.000000    9.750000   clock reconvergence pessimism
                                 -2.000000    7.750000   output external delay
                                              7.750000   data required time
---------------------------------------------------------------------------------------------
                                              7.750000   data required time
                                             -1.298097   data arrival time
---------------------------------------------------------------------------------------------
                                              6.451903   slack (MET)


Startpoint: _216_ (rising edge-triggered flip-flop clocked by HCLK)
Endpoint: PSEL[1] (output port clocked by HCLK)
Path Group: HCLK
Path Type: max

Fanout         Cap        Slew       Delay        Time   Description
---------------------------------------------------------------------------------------------
                                  0.000000    0.000000   clock HCLK (rise edge)
                                  0.000000    0.000000   clock source latency
     1    0.055995    0.191291    0.137855    0.137855 ^ HCLK (in)
                                                         HCLK (net)
                      0.192114    0.000000    0.137855 ^ clkbuf_0_HCLK/A (sky130_fd_sc_hd__clkbuf_16)
     5    0.123293    0.107273    0.173709    0.311564 ^ clkbuf_0_HCLK/X (sky130_fd_sc_hd__clkbuf_16)
                                                         clknet_0_HCLK (net)
                      0.108181    0.007893    0.319457 ^ clkbuf_2_3_0_HCLK/A (sky130_fd_sc_hd__clkbuf_8)
     2    0.037478    0.058645    0.125198    0.444654 ^ clkbuf_2_3_0_HCLK/X (sky130_fd_sc_hd__clkbuf_8)
                                                         clknet_2_3_0_HCLK (net)
                      0.058706    0.000713    0.445367 ^ clkbuf_3_7__f_HCLK/A (sky130_fd_sc_hd__clkbuf_16)
     7    0.047439    0.050226    0.107485    0.552852 ^ clkbuf_3_7__f_HCLK/X (sky130_fd_sc_hd__clkbuf_16)
                                                         clknet_3_7__leaf_HCLK (net)
                      0.051254    0.005535    0.558387 ^ _216_/CLK (sky130_fd_sc_hd__dfrtp_2)
     5    0.019848    0.056424    0.280892    0.839279 v _216_/Q (sky130_fd_sc_hd__dfrtp_2)
                                                         u_bridge_fsm.state[0] (net)
                      0.056424    0.000136    0.839415 v _076_/A (sky130_fd_sc_hd__xor2_2)
     6    0.017296    0.182289    0.188885    1.028300 ^ _076_/X (sky130_fd_sc_hd__xor2_2)
                                                         _070_ (net)
                      0.182289    0.000086    1.028386 ^ _078_/B (sky130_fd_sc_hd__and3b_1)
     1    0.002410    0.034332    0.106992    1.135378 ^ _078_/X (sky130_fd_sc_hd__and3b_1)
                                                         net139 (net)
                      0.034332    0.000014    1.135392 ^ output139/A (sky130_fd_sc_hd__buf_2)
     1    0.035475    0.132474    0.141497    1.276890 ^ output139/X (sky130_fd_sc_hd__buf_2)
                                                         PSEL[1] (net)
                      0.132475    0.000237    1.277127 ^ PSEL[1] (out)
                                              1.277127   data arrival time

                                 10.000000   10.000000   clock HCLK (rise edge)
                                  0.000000   10.000000   clock network delay (propagated)
                                 -0.250000    9.750000   clock uncertainty
                                  0.000000    9.750000   clock reconvergence pessimism
                                 -2.000000    7.750000   output external delay
                                              7.750000   data required time
---------------------------------------------------------------------------------------------
                                              7.750000   data required time
                                             -1.277127   data arrival time
---------------------------------------------------------------------------------------------
                                              6.472873   slack (MET)


Startpoint: _216_ (rising edge-triggered flip-flop clocked by HCLK)
Endpoint: PSEL[3] (output port clocked by HCLK)
Path Group: HCLK
Path Type: max

Fanout         Cap        Slew       Delay        Time   Description
---------------------------------------------------------------------------------------------
                                  0.000000    0.000000   clock HCLK (rise edge)
                                  0.000000    0.000000   clock source latency
     1    0.055995    0.191291    0.137855    0.137855 ^ HCLK (in)
                                                         HCLK (net)
                      0.192114    0.000000    0.137855 ^ clkbuf_0_HCLK/A (sky130_fd_sc_hd__clkbuf_16)
     5    0.123293    0.107273    0.173709    0.311564 ^ clkbuf_0_HCLK/X (sky130_fd_sc_hd__clkbuf_16)
                                                         clknet_0_HCLK (net)
                      0.108181    0.007893    0.319457 ^ clkbuf_2_3_0_HCLK/A (sky130_fd_sc_hd__clkbuf_8)
     2    0.037478    0.058645    0.125198    0.444654 ^ clkbuf_2_3_0_HCLK/X (sky130_fd_sc_hd__clkbuf_8)
                                                         clknet_2_3_0_HCLK (net)
                      0.058706    0.000713    0.445367 ^ clkbuf_3_7__f_HCLK/A (sky130_fd_sc_hd__clkbuf_16)
     7    0.047439    0.050226    0.107485    0.552852 ^ clkbuf_3_7__f_HCLK/X (sky130_fd_sc_hd__clkbuf_16)
                                                         clknet_3_7__leaf_HCLK (net)
                      0.051254    0.005535    0.558387 ^ _216_/CLK (sky130_fd_sc_hd__dfrtp_2)
     5    0.019848    0.056424    0.280892    0.839279 v _216_/Q (sky130_fd_sc_hd__dfrtp_2)
                                                         u_bridge_fsm.state[0] (net)
                      0.056424    0.000136    0.839415 v _076_/A (sky130_fd_sc_hd__xor2_2)
     6    0.017296    0.182289    0.188885    1.028300 ^ _076_/X (sky130_fd_sc_hd__xor2_2)
                                                         _070_ (net)
                      0.182289    0.000166    1.028465 ^ _080_/C (sky130_fd_sc_hd__and3_1)
     1    0.002562    0.034867    0.105343    1.133809 ^ _080_/X (sky130_fd_sc_hd__and3_1)
                                                         net141 (net)
                      0.034867    0.000025    1.133833 ^ output141/A (sky130_fd_sc_hd__buf_2)
     1    0.035219    0.131555    0.141049    1.274882 ^ output141/X (sky130_fd_sc_hd__buf_2)
                                                         PSEL[3] (net)
                      0.131556    0.000207    1.275089 ^ PSEL[3] (out)
                                              1.275089   data arrival time

                                 10.000000   10.000000   clock HCLK (rise edge)
                                  0.000000   10.000000   clock network delay (propagated)
                                 -0.250000    9.750000   clock uncertainty
                                  0.000000    9.750000   clock reconvergence pessimism
                                 -2.000000    7.750000   output external delay
                                              7.750000   data required time
---------------------------------------------------------------------------------------------
                                              7.750000   data required time
                                             -1.275089   data arrival time
---------------------------------------------------------------------------------------------
                                              6.474911   slack (MET)


Startpoint: _216_ (rising edge-triggered flip-flop clocked by HCLK)
Endpoint: PENABLE (output port clocked by HCLK)
Path Group: HCLK
Path Type: max

Fanout         Cap        Slew       Delay        Time   Description
---------------------------------------------------------------------------------------------
                                  0.000000    0.000000   clock HCLK (rise edge)
                                  0.000000    0.000000   clock source latency
     1    0.055995    0.191291    0.137855    0.137855 ^ HCLK (in)
                                                         HCLK (net)
                      0.192114    0.000000    0.137855 ^ clkbuf_0_HCLK/A (sky130_fd_sc_hd__clkbuf_16)
     5    0.123293    0.107273    0.173709    0.311564 ^ clkbuf_0_HCLK/X (sky130_fd_sc_hd__clkbuf_16)
                                                         clknet_0_HCLK (net)
                      0.108181    0.007893    0.319457 ^ clkbuf_2_3_0_HCLK/A (sky130_fd_sc_hd__clkbuf_8)
     2    0.037478    0.058645    0.125198    0.444654 ^ clkbuf_2_3_0_HCLK/X (sky130_fd_sc_hd__clkbuf_8)
                                                         clknet_2_3_0_HCLK (net)
                      0.058706    0.000713    0.445367 ^ clkbuf_3_7__f_HCLK/A (sky130_fd_sc_hd__clkbuf_16)
     7    0.047439    0.050226    0.107485    0.552852 ^ clkbuf_3_7__f_HCLK/X (sky130_fd_sc_hd__clkbuf_16)
                                                         clknet_3_7__leaf_HCLK (net)
                      0.051254    0.005535    0.558387 ^ _216_/CLK (sky130_fd_sc_hd__dfrtp_2)
     5    0.019848    0.056424    0.280892    0.839279 v _216_/Q (sky130_fd_sc_hd__dfrtp_2)
                                                         u_bridge_fsm.state[0] (net)
                      0.056424    0.000036    0.839315 v _082_/A_N (sky130_fd_sc_hd__and2b_1)
     2    0.006700    0.053938    0.144350    0.983665 ^ _082_/X (sky130_fd_sc_hd__and2b_1)
                                                         net137 (net)
                      0.053938    0.000070    0.983735 ^ output137/A (sky130_fd_sc_hd__buf_2)
     1    0.035589    0.132785    0.147517    1.131252 ^ output137/X (sky130_fd_sc_hd__buf_2)
                                                         PENABLE (net)
                      0.132825    0.000450    1.131702 ^ PENABLE (out)
                                              1.131702   data arrival time

                                 10.000000   10.000000   clock HCLK (rise edge)
                                  0.000000   10.000000   clock network delay (propagated)
                                 -0.250000    9.750000   clock uncertainty
                                  0.000000    9.750000   clock reconvergence pessimism
                                 -2.000000    7.750000   output external delay
                                              7.750000   data required time
---------------------------------------------------------------------------------------------
                                              7.750000   data required time
                                             -1.131702   data arrival time
---------------------------------------------------------------------------------------------
                                              6.618298   slack (MET)


Startpoint: _217_ (rising edge-triggered flip-flop clocked by HCLK)
Endpoint: HRESP (output port clocked by HCLK)
Path Group: HCLK
Path Type: max

Fanout         Cap        Slew       Delay        Time   Description
---------------------------------------------------------------------------------------------
                                  0.000000    0.000000   clock HCLK (rise edge)
                                  0.000000    0.000000   clock source latency
     1    0.055995    0.191291    0.137855    0.137855 ^ HCLK (in)
                                                         HCLK (net)
                      0.192114    0.000000    0.137855 ^ clkbuf_0_HCLK/A (sky130_fd_sc_hd__clkbuf_16)
     5    0.123293    0.107273    0.173709    0.311564 ^ clkbuf_0_HCLK/X (sky130_fd_sc_hd__clkbuf_16)
                                                         clknet_0_HCLK (net)
                      0.108181    0.007893    0.319457 ^ clkbuf_2_3_0_HCLK/A (sky130_fd_sc_hd__clkbuf_8)
     2    0.037478    0.058645    0.125198    0.444654 ^ clkbuf_2_3_0_HCLK/X (sky130_fd_sc_hd__clkbuf_8)
                                                         clknet_2_3_0_HCLK (net)
                      0.058706    0.000713    0.445367 ^ clkbuf_3_7__f_HCLK/A (sky130_fd_sc_hd__clkbuf_16)
     7    0.047439    0.050226    0.107485    0.552852 ^ clkbuf_3_7__f_HCLK/X (sky130_fd_sc_hd__clkbuf_16)
                                                         clknet_3_7__leaf_HCLK (net)
                      0.051248    0.005517    0.558370 ^ _217_/CLK (sky130_fd_sc_hd__dfrtp_2)
     5    0.024415    0.095412    0.272003    0.830373 ^ _217_/Q (sky130_fd_sc_hd__dfrtp_2)
                                                         u_bridge_fsm.state[1] (net)
                      0.095414    0.000580    0.830952 ^ _074_/B (sky130_fd_sc_hd__and2_1)
     1    0.008431    0.070343    0.112708    0.943660 ^ _074_/X (sky130_fd_sc_hd__and2_1)
                                                         net104 (net)
                      0.070343    0.000340    0.944000 ^ output104/A (sky130_fd_sc_hd__buf_2)
     1    0.035013    0.130706    0.150009    1.094009 ^ output104/X (sky130_fd_sc_hd__buf_2)
                                                         HRESP (net)
                      0.130706    0.000229    1.094239 ^ HRESP (out)
                                              1.094239   data arrival time

                                 10.000000   10.000000   clock HCLK (rise edge)
                                  0.000000   10.000000   clock network delay (propagated)
                                 -0.250000    9.750000   clock uncertainty
                                  0.000000    9.750000   clock reconvergence pessimism
                                 -2.000000    7.750000   output external delay
                                              7.750000   data required time
---------------------------------------------------------------------------------------------
                                              7.750000   data required time
                                             -1.094239   data arrival time
---------------------------------------------------------------------------------------------
                                              6.655761   slack (MET)


Startpoint: _195_ (rising edge-triggered flip-flop clocked by HCLK)
Endpoint: PWDATA[12] (output port clocked by HCLK)
Path Group: HCLK
Path Type: max

Fanout         Cap        Slew       Delay        Time   Description
---------------------------------------------------------------------------------------------
                                  0.000000    0.000000   clock HCLK (rise edge)
                                  0.000000    0.000000   clock source latency
     1    0.055995    0.191291    0.137855    0.137855 ^ HCLK (in)
                                                         HCLK (net)
                      0.192114    0.000000    0.137855 ^ clkbuf_0_HCLK/A (sky130_fd_sc_hd__clkbuf_16)
     5    0.123293    0.107273    0.173709    0.311564 ^ clkbuf_0_HCLK/X (sky130_fd_sc_hd__clkbuf_16)
                                                         clknet_0_HCLK (net)
                      0.108181    0.007893    0.319457 ^ clkbuf_2_3_0_HCLK/A (sky130_fd_sc_hd__clkbuf_8)
     2    0.037478    0.058645    0.125198    0.444654 ^ clkbuf_2_3_0_HCLK/X (sky130_fd_sc_hd__clkbuf_8)
                                                         clknet_2_3_0_HCLK (net)
                      0.058793    0.001902    0.446557 ^ clkbuf_3_6__f_HCLK/A (sky130_fd_sc_hd__clkbuf_16)
     8    0.068452    0.065687    0.118354    0.564910 ^ clkbuf_3_6__f_HCLK/X (sky130_fd_sc_hd__clkbuf_16)
                                                         clknet_3_6__leaf_HCLK (net)
                      0.066631    0.006187    0.571098 ^ _195_/CLK (sky130_fd_sc_hd__dfrtp_4)
     2    0.034447    0.070847    0.338264    0.909362 v _195_/Q (sky130_fd_sc_hd__dfrtp_4)
                                                         net145 (net)
                      0.071300    0.004188    0.913550 v output145/A (sky130_fd_sc_hd__buf_2)
     1    0.034332    0.062815    0.134158    1.047709 v output145/X (sky130_fd_sc_hd__buf_2)
                                                         PWDATA[12] (net)
                      0.062817    0.000377    1.048086 v PWDATA[12] (out)
                                              1.048086   data arrival time

                                 10.000000   10.000000   clock HCLK (rise edge)
                                  0.000000   10.000000   clock network delay (propagated)
                                 -0.250000    9.750000   clock uncertainty
                                  0.000000    9.750000   clock reconvergence pessimism
                                 -2.000000    7.750000   output external delay
                                              7.750000   data required time
---------------------------------------------------------------------------------------------
                                              7.750000   data required time
                                             -1.048086   data arrival time
---------------------------------------------------------------------------------------------
                                              6.701914   slack (MET)


Startpoint: _164_ (rising edge-triggered flip-flop clocked by HCLK)
Endpoint: PADDR[13] (output port clocked by HCLK)
Path Group: HCLK
Path Type: max

Fanout         Cap        Slew       Delay        Time   Description
---------------------------------------------------------------------------------------------
                                  0.000000    0.000000   clock HCLK (rise edge)
                                  0.000000    0.000000   clock source latency
     1    0.055995    0.191291    0.137855    0.137855 ^ HCLK (in)
                                                         HCLK (net)
                      0.192114    0.000000    0.137855 ^ clkbuf_0_HCLK/A (sky130_fd_sc_hd__clkbuf_16)
     5    0.123293    0.107273    0.173709    0.311564 ^ clkbuf_0_HCLK/X (sky130_fd_sc_hd__clkbuf_16)
                                                         clknet_0_HCLK (net)
                      0.108181    0.007893    0.319457 ^ clkbuf_2_3_0_HCLK/A (sky130_fd_sc_hd__clkbuf_8)
     2    0.037478    0.058645    0.125198    0.444654 ^ clkbuf_2_3_0_HCLK/X (sky130_fd_sc_hd__clkbuf_8)
                                                         clknet_2_3_0_HCLK (net)
                      0.058706    0.000713    0.445367 ^ clkbuf_3_7__f_HCLK/A (sky130_fd_sc_hd__clkbuf_16)
     7    0.047439    0.050226    0.107485    0.552852 ^ clkbuf_3_7__f_HCLK/X (sky130_fd_sc_hd__clkbuf_16)
                                                         clknet_3_7__leaf_HCLK (net)
                      0.050787    0.003884    0.556737 ^ _164_/CLK (sky130_fd_sc_hd__dfrtp_4)
     6    0.033516    0.069942    0.333156    0.889893 v _164_/Q (sky130_fd_sc_hd__dfrtp_4)
                                                         net109 (net)
                      0.070118    0.002697    0.892589 v output109/A (sky130_fd_sc_hd__buf_2)
     1    0.034442    0.062934    0.133890    1.026479 v output109/X (sky130_fd_sc_hd__buf_2)
                                                         PADDR[13] (net)
                      0.062935    0.000282    1.026762 v PADDR[13] (out)
                                              1.026762   data arrival time

                                 10.000000   10.000000   clock HCLK (rise edge)
                                  0.000000   10.000000   clock network delay (propagated)
                                 -0.250000    9.750000   clock uncertainty
                                  0.000000    9.750000   clock reconvergence pessimism
                                 -2.000000    7.750000   output external delay
                                              7.750000   data required time
---------------------------------------------------------------------------------------------
                                              7.750000   data required time
                                             -1.026762   data arrival time
---------------------------------------------------------------------------------------------
                                              6.723238   slack (MET)


Startpoint: _163_ (rising edge-triggered flip-flop clocked by HCLK)
Endpoint: PADDR[12] (output port clocked by HCLK)
Path Group: HCLK
Path Type: max

Fanout         Cap        Slew       Delay        Time   Description
---------------------------------------------------------------------------------------------
                                  0.000000    0.000000   clock HCLK (rise edge)
                                  0.000000    0.000000   clock source latency
     1    0.055995    0.191291    0.137855    0.137855 ^ HCLK (in)
                                                         HCLK (net)
                      0.192114    0.000000    0.137855 ^ clkbuf_0_HCLK/A (sky130_fd_sc_hd__clkbuf_16)
     5    0.123293    0.107273    0.173709    0.311564 ^ clkbuf_0_HCLK/X (sky130_fd_sc_hd__clkbuf_16)
                                                         clknet_0_HCLK (net)
                      0.108181    0.007893    0.319457 ^ clkbuf_2_3_0_HCLK/A (sky130_fd_sc_hd__clkbuf_8)
     2    0.037478    0.058645    0.125198    0.444654 ^ clkbuf_2_3_0_HCLK/X (sky130_fd_sc_hd__clkbuf_8)
                                                         clknet_2_3_0_HCLK (net)
                      0.058706    0.000713    0.445367 ^ clkbuf_3_7__f_HCLK/A (sky130_fd_sc_hd__clkbuf_16)
     7    0.047439    0.050226    0.107485    0.552852 ^ clkbuf_3_7__f_HCLK/X (sky130_fd_sc_hd__clkbuf_16)
                                                         clknet_3_7__leaf_HCLK (net)
                      0.051208    0.005390    0.558242 ^ _163_/CLK (sky130_fd_sc_hd__dfrtp_1)
     6    0.022314    0.151855    0.294193    0.852435 ^ _163_/Q (sky130_fd_sc_hd__dfrtp_1)
                                                         net108 (net)
                      0.151855    0.000204    0.852640 ^ output108/A (sky130_fd_sc_hd__buf_2)
     1    0.034236    0.128089    0.163120    1.015760 ^ output108/X (sky130_fd_sc_hd__buf_2)
                                                         PADDR[12] (net)
                      0.128089    0.000181    1.015940 ^ PADDR[12] (out)
                                              1.015940   data arrival time

                                 10.000000   10.000000   clock HCLK (rise edge)
                                  0.000000   10.000000   clock network delay (propagated)
                                 -0.250000    9.750000   clock uncertainty
                                  0.000000    9.750000   clock reconvergence pessimism
                                 -2.000000    7.750000   output external delay
                                              7.750000   data required time
---------------------------------------------------------------------------------------------
                                              7.750000   data required time
                                             -1.015940   data arrival time
---------------------------------------------------------------------------------------------
                                              6.734060   slack (MET)


Startpoint: _181_ (rising edge-triggered flip-flop clocked by HCLK)
Endpoint: PADDR[30] (output port clocked by HCLK)
Path Group: HCLK
Path Type: max

Fanout         Cap        Slew       Delay        Time   Description
---------------------------------------------------------------------------------------------
                                  0.000000    0.000000   clock HCLK (rise edge)
                                  0.000000    0.000000   clock source latency
     1    0.055995    0.191291    0.137855    0.137855 ^ HCLK (in)
                                                         HCLK (net)
                      0.192114    0.000000    0.137855 ^ clkbuf_0_HCLK/A (sky130_fd_sc_hd__clkbuf_16)
     5    0.123293    0.107273    0.173709    0.311564 ^ clkbuf_0_HCLK/X (sky130_fd_sc_hd__clkbuf_16)
                                                         clknet_0_HCLK (net)
                      0.108206    0.007999    0.319563 ^ clkbuf_2_2_0_HCLK/A (sky130_fd_sc_hd__clkbuf_8)
     2    0.034011    0.054612    0.121526    0.441089 ^ clkbuf_2_2_0_HCLK/X (sky130_fd_sc_hd__clkbuf_8)
                                                         clknet_2_2_0_HCLK (net)
                      0.054828    0.002355    0.443444 ^ clkbuf_3_4__f_HCLK/A (sky130_fd_sc_hd__clkbuf_16)
    11    0.038066    0.043854    0.102781    0.546225 ^ clkbuf_3_4__f_HCLK/X (sky130_fd_sc_hd__clkbuf_16)
                                                         clknet_3_4__leaf_HCLK (net)
                      0.043862    0.000511    0.546737 ^ _181_/CLK (sky130_fd_sc_hd__dfrtp_1)
     2    0.018509    0.127762    0.274385    0.821122 ^ _181_/Q (sky130_fd_sc_hd__dfrtp_1)
                                                         net128 (net)
                      0.127767    0.001014    0.822136 ^ output128/A (sky130_fd_sc_hd__buf_2)
     1    0.035670    0.133061    0.163981    0.986116 ^ output128/X (sky130_fd_sc_hd__buf_2)
                                                         PADDR[30] (net)
                      0.133061    0.000436    0.986552 ^ PADDR[30] (out)
                                              0.986552   data arrival time

                                 10.000000   10.000000   clock HCLK (rise edge)
                                  0.000000   10.000000   clock network delay (propagated)
                                 -0.250000    9.750000   clock uncertainty
                                  0.000000    9.750000   clock reconvergence pessimism
                                 -2.000000    7.750000   output external delay
                                              7.750000   data required time
---------------------------------------------------------------------------------------------
                                              7.750000   data required time
                                             -0.986552   data arrival time
---------------------------------------------------------------------------------------------
                                              6.763448   slack (MET)


Startpoint: _191_ (rising edge-triggered flip-flop clocked by HCLK)
Endpoint: PWDATA[8] (output port clocked by HCLK)
Path Group: HCLK
Path Type: max

Fanout         Cap        Slew       Delay        Time   Description
---------------------------------------------------------------------------------------------
                                  0.000000    0.000000   clock HCLK (rise edge)
                                  0.000000    0.000000   clock source latency
     1    0.055995    0.191291    0.137855    0.137855 ^ HCLK (in)
                                                         HCLK (net)
                      0.192114    0.000000    0.137855 ^ clkbuf_0_HCLK/A (sky130_fd_sc_hd__clkbuf_16)
     5    0.123293    0.107273    0.173709    0.311564 ^ clkbuf_0_HCLK/X (sky130_fd_sc_hd__clkbuf_16)
                                                         clknet_0_HCLK (net)
                      0.108206    0.007999    0.319563 ^ clkbuf_2_2_0_HCLK/A (sky130_fd_sc_hd__clkbuf_8)
     2    0.034011    0.054612    0.121526    0.441089 ^ clkbuf_2_2_0_HCLK/X (sky130_fd_sc_hd__clkbuf_8)
                                                         clknet_2_2_0_HCLK (net)
                      0.054828    0.002355    0.443444 ^ clkbuf_3_4__f_HCLK/A (sky130_fd_sc_hd__clkbuf_16)
    11    0.038066    0.043854    0.102781    0.546225 ^ clkbuf_3_4__f_HCLK/X (sky130_fd_sc_hd__clkbuf_16)
                                                         clknet_3_4__leaf_HCLK (net)
                      0.043864    0.000555    0.546781 ^ _191_/CLK (sky130_fd_sc_hd__dfrtp_1)
     2    0.016665    0.116016    0.266192    0.812973 ^ _191_/Q (sky130_fd_sc_hd__dfrtp_1)
                                                         net172 (net)
                      0.116018    0.000734    0.813707 ^ output172/A (sky130_fd_sc_hd__buf_2)
     1    0.034012    0.127156    0.158066    0.971773 ^ output172/X (sky130_fd_sc_hd__buf_2)
                                                         PWDATA[8] (net)
                      0.127156    0.000164    0.971937 ^ PWDATA[8] (out)
                                              0.971937   data arrival time

                                 10.000000   10.000000   clock HCLK (rise edge)
                                  0.000000   10.000000   clock network delay (propagated)
                                 -0.250000    9.750000   clock uncertainty
                                  0.000000    9.750000   clock reconvergence pessimism
                                 -2.000000    7.750000   output external delay
                                              7.750000   data required time
---------------------------------------------------------------------------------------------
                                              7.750000   data required time
                                             -0.971937   data arrival time
---------------------------------------------------------------------------------------------
                                              6.778063   slack (MET)


Startpoint: _211_ (rising edge-triggered flip-flop clocked by HCLK)
Endpoint: PWDATA[28] (output port clocked by HCLK)
Path Group: HCLK
Path Type: max

Fanout         Cap        Slew       Delay        Time   Description
---------------------------------------------------------------------------------------------
                                  0.000000    0.000000   clock HCLK (rise edge)
                                  0.000000    0.000000   clock source latency
     1    0.055995    0.191291    0.137855    0.137855 ^ HCLK (in)
                                                         HCLK (net)
                      0.192114    0.000000    0.137855 ^ clkbuf_0_HCLK/A (sky130_fd_sc_hd__clkbuf_16)
     5    0.123293    0.107273    0.173709    0.311564 ^ clkbuf_0_HCLK/X (sky130_fd_sc_hd__clkbuf_16)
                                                         clknet_0_HCLK (net)
                      0.108547    0.009308    0.320873 ^ clkbuf_2_1_0_HCLK/A (sky130_fd_sc_hd__clkbuf_8)
     2    0.035398    0.056328    0.122621    0.443494 ^ clkbuf_2_1_0_HCLK/X (sky130_fd_sc_hd__clkbuf_8)
                                                         clknet_2_1_0_HCLK (net)
                      0.056586    0.002984    0.446478 ^ clkbuf_3_3__f_HCLK/A (sky130_fd_sc_hd__clkbuf_16)
    10    0.027240    0.036222    0.096776    0.543254 ^ clkbuf_3_3__f_HCLK/X (sky130_fd_sc_hd__clkbuf_16)
                                                         clknet_3_3__leaf_HCLK (net)
                      0.036224    0.000290    0.543543 ^ _211_/CLK (sky130_fd_sc_hd__dfrtp_1)
     2    0.016840    0.117123    0.264601    0.808144 ^ _211_/Q (sky130_fd_sc_hd__dfrtp_1)
                                                         net162 (net)
                      0.117127    0.000863    0.809007 ^ output162/A (sky130_fd_sc_hd__buf_2)
     1    0.034218    0.127901    0.158748    0.967755 ^ output162/X (sky130_fd_sc_hd__buf_2)
                                                         PWDATA[28] (net)
                      0.127901    0.000278    0.968033 ^ PWDATA[28] (out)
                                              0.968033   data arrival time

                                 10.000000   10.000000   clock HCLK (rise edge)
                                  0.000000   10.000000   clock network delay (propagated)
                                 -0.250000    9.750000   clock uncertainty
                                  0.000000    9.750000   clock reconvergence pessimism
                                 -2.000000    7.750000   output external delay
                                              7.750000   data required time
---------------------------------------------------------------------------------------------
                                              7.750000   data required time
                                             -0.968033   data arrival time
---------------------------------------------------------------------------------------------
                                              6.781967   slack (MET)


Startpoint: _207_ (rising edge-triggered flip-flop clocked by HCLK)
Endpoint: PWDATA[24] (output port clocked by HCLK)
Path Group: HCLK
Path Type: max

Fanout         Cap        Slew       Delay        Time   Description
---------------------------------------------------------------------------------------------
                                  0.000000    0.000000   clock HCLK (rise edge)
                                  0.000000    0.000000   clock source latency
     1    0.055995    0.191291    0.137855    0.137855 ^ HCLK (in)
                                                         HCLK (net)
                      0.192114    0.000000    0.137855 ^ clkbuf_0_HCLK/A (sky130_fd_sc_hd__clkbuf_16)
     5    0.123293    0.107273    0.173709    0.311564 ^ clkbuf_0_HCLK/X (sky130_fd_sc_hd__clkbuf_16)
                                                         clknet_0_HCLK (net)
                      0.108450    0.008954    0.320518 ^ clkbuf_2_0_0_HCLK/A (sky130_fd_sc_hd__clkbuf_8)
     2    0.038403    0.059943    0.125842    0.446360 ^ clkbuf_2_0_0_HCLK/X (sky130_fd_sc_hd__clkbuf_8)
                                                         clknet_2_0_0_HCLK (net)
                      0.060024    0.001241    0.447601 ^ clkbuf_3_0__f_HCLK/A (sky130_fd_sc_hd__clkbuf_16)
     8    0.090009    0.081616    0.130518    0.578119 ^ clkbuf_3_0__f_HCLK/X (sky130_fd_sc_hd__clkbuf_16)
                                                         clknet_3_0__leaf_HCLK (net)
                      0.082627    0.007193    0.585312 ^ _207_/CLK (sky130_fd_sc_hd__dfrtp_1)
     2    0.006534    0.053439    0.229938    0.815251 ^ _207_/Q (sky130_fd_sc_hd__dfrtp_1)
                                                         net158 (net)
                      0.053439    0.000099    0.815350 ^ output158/A (sky130_fd_sc_hd__buf_2)
     1    0.035147    0.131191    0.146473    0.961822 ^ output158/X (sky130_fd_sc_hd__buf_2)
                                                         PWDATA[24] (net)
                      0.131191    0.000213    0.962036 ^ PWDATA[24] (out)
                                              0.962036   data arrival time

                                 10.000000   10.000000   clock HCLK (rise edge)
                                  0.000000   10.000000   clock network delay (propagated)
                                 -0.250000    9.750000   clock uncertainty
                                  0.000000    9.750000   clock reconvergence pessimism
                                 -2.000000    7.750000   output external delay
                                              7.750000   data required time
---------------------------------------------------------------------------------------------
                                              7.750000   data required time
                                             -0.962036   data arrival time
---------------------------------------------------------------------------------------------
                                              6.787964   slack (MET)


Startpoint: _215_ (rising edge-triggered flip-flop clocked by HCLK)
Endpoint: PWRITE (output port clocked by HCLK)
Path Group: HCLK
Path Type: max

Fanout         Cap        Slew       Delay        Time   Description
---------------------------------------------------------------------------------------------
                                  0.000000    0.000000   clock HCLK (rise edge)
                                  0.000000    0.000000   clock source latency
     1    0.055995    0.191291    0.137855    0.137855 ^ HCLK (in)
                                                         HCLK (net)
                      0.192114    0.000000    0.137855 ^ clkbuf_0_HCLK/A (sky130_fd_sc_hd__clkbuf_16)
     5    0.123293    0.107273    0.173709    0.311564 ^ clkbuf_0_HCLK/X (sky130_fd_sc_hd__clkbuf_16)
                                                         clknet_0_HCLK (net)
                      0.108181    0.007893    0.319457 ^ clkbuf_2_3_0_HCLK/A (sky130_fd_sc_hd__clkbuf_8)
     2    0.037478    0.058645    0.125198    0.444654 ^ clkbuf_2_3_0_HCLK/X (sky130_fd_sc_hd__clkbuf_8)
                                                         clknet_2_3_0_HCLK (net)
                      0.058706    0.000713    0.445367 ^ clkbuf_3_7__f_HCLK/A (sky130_fd_sc_hd__clkbuf_16)
     7    0.047439    0.050226    0.107485    0.552852 ^ clkbuf_3_7__f_HCLK/X (sky130_fd_sc_hd__clkbuf_16)
                                                         clknet_3_7__leaf_HCLK (net)
                      0.051271    0.005588    0.558440 ^ _215_/CLK (sky130_fd_sc_hd__dfrtp_1)
     2    0.011551    0.083609    0.245405    0.803845 ^ _215_/Q (sky130_fd_sc_hd__dfrtp_1)
                                                         net174 (net)
                      0.083610    0.000382    0.804227 ^ output174/A (sky130_fd_sc_hd__buf_2)
     1    0.034115    0.127532    0.150883    0.955110 ^ output174/X (sky130_fd_sc_hd__buf_2)
                                                         PWRITE (net)
                      0.127532    0.000166    0.955276 ^ PWRITE (out)
                                              0.955276   data arrival time

                                 10.000000   10.000000   clock HCLK (rise edge)
                                  0.000000   10.000000   clock network delay (propagated)
                                 -0.250000    9.750000   clock uncertainty
                                  0.000000    9.750000   clock reconvergence pessimism
                                 -2.000000    7.750000   output external delay
                                              7.750000   data required time
---------------------------------------------------------------------------------------------
                                              7.750000   data required time
                                             -0.955276   data arrival time
---------------------------------------------------------------------------------------------
                                              6.794724   slack (MET)


Startpoint: _172_ (rising edge-triggered flip-flop clocked by HCLK)
Endpoint: PADDR[21] (output port clocked by HCLK)
Path Group: HCLK
Path Type: max

Fanout         Cap        Slew       Delay        Time   Description
---------------------------------------------------------------------------------------------
                                  0.000000    0.000000   clock HCLK (rise edge)
                                  0.000000    0.000000   clock source latency
     1    0.055995    0.191291    0.137855    0.137855 ^ HCLK (in)
                                                         HCLK (net)
                      0.192114    0.000000    0.137855 ^ clkbuf_0_HCLK/A (sky130_fd_sc_hd__clkbuf_16)
     5    0.123293    0.107273    0.173709    0.311564 ^ clkbuf_0_HCLK/X (sky130_fd_sc_hd__clkbuf_16)
                                                         clknet_0_HCLK (net)
                      0.108450    0.008954    0.320518 ^ clkbuf_2_0_0_HCLK/A (sky130_fd_sc_hd__clkbuf_8)
     2    0.038403    0.059943    0.125842    0.446360 ^ clkbuf_2_0_0_HCLK/X (sky130_fd_sc_hd__clkbuf_8)
                                                         clknet_2_0_0_HCLK (net)
                      0.060024    0.001241    0.447601 ^ clkbuf_3_0__f_HCLK/A (sky130_fd_sc_hd__clkbuf_16)
     8    0.090009    0.081616    0.130518    0.578119 ^ clkbuf_3_0__f_HCLK/X (sky130_fd_sc_hd__clkbuf_16)
                                                         clknet_3_0__leaf_HCLK (net)
                      0.082623    0.007178    0.585297 ^ _172_/CLK (sky130_fd_sc_hd__dfrtp_1)
     2    0.005407    0.046706    0.224537    0.809834 ^ _172_/Q (sky130_fd_sc_hd__dfrtp_1)
                                                         net118 (net)
                      0.046706    0.000041    0.809875 ^ output118/A (sky130_fd_sc_hd__buf_2)
     1    0.034378    0.128484    0.142513    0.952388 ^ output118/X (sky130_fd_sc_hd__buf_2)
                                                         PADDR[21] (net)
                      0.128521    0.000280    0.952667 ^ PADDR[21] (out)
                                              0.952667   data arrival time

                                 10.000000   10.000000   clock HCLK (rise edge)
                                  0.000000   10.000000   clock network delay (propagated)
                                 -0.250000    9.750000   clock uncertainty
                                  0.000000    9.750000   clock reconvergence pessimism
                                 -2.000000    7.750000   output external delay
                                              7.750000   data required time
---------------------------------------------------------------------------------------------
                                              7.750000   data required time
                                             -0.952667   data arrival time
---------------------------------------------------------------------------------------------
                                              6.797333   slack (MET)


Startpoint: _203_ (rising edge-triggered flip-flop clocked by HCLK)
Endpoint: PWDATA[20] (output port clocked by HCLK)
Path Group: HCLK
Path Type: max

Fanout         Cap        Slew       Delay        Time   Description
---------------------------------------------------------------------------------------------
                                  0.000000    0.000000   clock HCLK (rise edge)
                                  0.000000    0.000000   clock source latency
     1    0.055995    0.191291    0.137855    0.137855 ^ HCLK (in)
                                                         HCLK (net)
                      0.192114    0.000000    0.137855 ^ clkbuf_0_HCLK/A (sky130_fd_sc_hd__clkbuf_16)
     5    0.123293    0.107273    0.173709    0.311564 ^ clkbuf_0_HCLK/X (sky130_fd_sc_hd__clkbuf_16)
                                                         clknet_0_HCLK (net)
                      0.108450    0.008954    0.320518 ^ clkbuf_2_0_0_HCLK/A (sky130_fd_sc_hd__clkbuf_8)
     2    0.038403    0.059943    0.125842    0.446360 ^ clkbuf_2_0_0_HCLK/X (sky130_fd_sc_hd__clkbuf_8)
                                                         clknet_2_0_0_HCLK (net)
                      0.060024    0.001241    0.447601 ^ clkbuf_3_0__f_HCLK/A (sky130_fd_sc_hd__clkbuf_16)
     8    0.090009    0.081616    0.130518    0.578119 ^ clkbuf_3_0__f_HCLK/X (sky130_fd_sc_hd__clkbuf_16)
                                                         clknet_3_0__leaf_HCLK (net)
                      0.082229    0.005605    0.583724 ^ _203_/CLK (sky130_fd_sc_hd__dfrtp_1)
     2    0.005071    0.044724    0.222815    0.806540 ^ _203_/Q (sky130_fd_sc_hd__dfrtp_1)
                                                         net154 (net)
                      0.044724    0.000034    0.806574 ^ output154/A (sky130_fd_sc_hd__buf_2)
     1    0.035872    0.133876    0.145319    0.951893 ^ output154/X (sky130_fd_sc_hd__buf_2)
                                                         PWDATA[20] (net)
                      0.133881    0.000691    0.952584 ^ PWDATA[20] (out)
                                              0.952584   data arrival time

                                 10.000000   10.000000   clock HCLK (rise edge)
                                  0.000000   10.000000   clock network delay (propagated)
                                 -0.250000    9.750000   clock uncertainty
                                  0.000000    9.750000   clock reconvergence pessimism
                                 -2.000000    7.750000   output external delay
                                              7.750000   data required time
---------------------------------------------------------------------------------------------
                                              7.750000   data required time
                                             -0.952584   data arrival time
---------------------------------------------------------------------------------------------
                                              6.797416   slack (MET)


Startpoint: _167_ (rising edge-triggered flip-flop clocked by HCLK)
Endpoint: PADDR[16] (output port clocked by HCLK)
Path Group: HCLK
Path Type: max

Fanout         Cap        Slew       Delay        Time   Description
---------------------------------------------------------------------------------------------
                                  0.000000    0.000000   clock HCLK (rise edge)
                                  0.000000    0.000000   clock source latency
     1    0.055995    0.191291    0.137855    0.137855 ^ HCLK (in)
                                                         HCLK (net)
                      0.192114    0.000000    0.137855 ^ clkbuf_0_HCLK/A (sky130_fd_sc_hd__clkbuf_16)
     5    0.123293    0.107273    0.173709    0.311564 ^ clkbuf_0_HCLK/X (sky130_fd_sc_hd__clkbuf_16)
                                                         clknet_0_HCLK (net)
                      0.108206    0.007999    0.319563 ^ clkbuf_2_2_0_HCLK/A (sky130_fd_sc_hd__clkbuf_8)
     2    0.034011    0.054612    0.121526    0.441089 ^ clkbuf_2_2_0_HCLK/X (sky130_fd_sc_hd__clkbuf_8)
                                                         clknet_2_2_0_HCLK (net)
                      0.054828    0.002355    0.443444 ^ clkbuf_3_4__f_HCLK/A (sky130_fd_sc_hd__clkbuf_16)
    11    0.038066    0.043854    0.102781    0.546225 ^ clkbuf_3_4__f_HCLK/X (sky130_fd_sc_hd__clkbuf_16)
                                                         clknet_3_4__leaf_HCLK (net)
                      0.043863    0.000527    0.546752 ^ _167_/CLK (sky130_fd_sc_hd__dfrtp_1)
     2    0.013266    0.094471    0.250782    0.797535 ^ _167_/Q (sky130_fd_sc_hd__dfrtp_1)
                                                         net112 (net)
                      0.094474    0.000653    0.798188 ^ output112/A (sky130_fd_sc_hd__buf_2)
     1    0.034421    0.128627    0.154047    0.952234 ^ output112/X (sky130_fd_sc_hd__buf_2)
                                                         PADDR[16] (net)
                      0.128627    0.000282    0.952516 ^ PADDR[16] (out)
                                              0.952516   data arrival time

                                 10.000000   10.000000   clock HCLK (rise edge)
                                  0.000000   10.000000   clock network delay (propagated)
                                 -0.250000    9.750000   clock uncertainty
                                  0.000000    9.750000   clock reconvergence pessimism
                                 -2.000000    7.750000   output external delay
                                              7.750000   data required time
---------------------------------------------------------------------------------------------
                                              7.750000   data required time
                                             -0.952516   data arrival time
---------------------------------------------------------------------------------------------
                                              6.797483   slack (MET)


Startpoint: _177_ (rising edge-triggered flip-flop clocked by HCLK)
Endpoint: PADDR[26] (output port clocked by HCLK)
Path Group: HCLK
Path Type: max

Fanout         Cap        Slew       Delay        Time   Description
---------------------------------------------------------------------------------------------
                                  0.000000    0.000000   clock HCLK (rise edge)
                                  0.000000    0.000000   clock source latency
     1    0.055995    0.191291    0.137855    0.137855 ^ HCLK (in)
                                                         HCLK (net)
                      0.192114    0.000000    0.137855 ^ clkbuf_0_HCLK/A (sky130_fd_sc_hd__clkbuf_16)
     5    0.123293    0.107273    0.173709    0.311564 ^ clkbuf_0_HCLK/X (sky130_fd_sc_hd__clkbuf_16)
                                                         clknet_0_HCLK (net)
                      0.108450    0.008954    0.320518 ^ clkbuf_2_0_0_HCLK/A (sky130_fd_sc_hd__clkbuf_8)
     2    0.038403    0.059943    0.125842    0.446360 ^ clkbuf_2_0_0_HCLK/X (sky130_fd_sc_hd__clkbuf_8)
                                                         clknet_2_0_0_HCLK (net)
                      0.060024    0.001241    0.447601 ^ clkbuf_3_0__f_HCLK/A (sky130_fd_sc_hd__clkbuf_16)
     8    0.090009    0.081616    0.130518    0.578119 ^ clkbuf_3_0__f_HCLK/X (sky130_fd_sc_hd__clkbuf_16)
                                                         clknet_3_0__leaf_HCLK (net)
                      0.082614    0.007147    0.585266 ^ _177_/CLK (sky130_fd_sc_hd__dfrtp_1)
     2    0.005350    0.046368    0.224258    0.809524 ^ _177_/Q (sky130_fd_sc_hd__dfrtp_1)
                                                         net123 (net)
                      0.046368    0.000041    0.809566 ^ output123/A (sky130_fd_sc_hd__buf_2)
     1    0.034056    0.127333    0.141677    0.951243 ^ output123/X (sky130_fd_sc_hd__buf_2)
                                                         PADDR[26] (net)
                      0.127333    0.000192    0.951435 ^ PADDR[26] (out)
                                              0.951435   data arrival time

                                 10.000000   10.000000   clock HCLK (rise edge)
                                  0.000000   10.000000   clock network delay (propagated)
                                 -0.250000    9.750000   clock uncertainty
                                  0.000000    9.750000   clock reconvergence pessimism
                                 -2.000000    7.750000   output external delay
                                              7.750000   data required time
---------------------------------------------------------------------------------------------
                                              7.750000   data required time
                                             -0.951435   data arrival time
---------------------------------------------------------------------------------------------
                                              6.798565   slack (MET)


Startpoint: _214_ (rising edge-triggered flip-flop clocked by HCLK)
Endpoint: PWDATA[31] (output port clocked by HCLK)
Path Group: HCLK
Path Type: max

Fanout         Cap        Slew       Delay        Time   Description
---------------------------------------------------------------------------------------------
                                  0.000000    0.000000   clock HCLK (rise edge)
                                  0.000000    0.000000   clock source latency
     1    0.055995    0.191291    0.137855    0.137855 ^ HCLK (in)
                                                         HCLK (net)
                      0.192114    0.000000    0.137855 ^ clkbuf_0_HCLK/A (sky130_fd_sc_hd__clkbuf_16)
     5    0.123293    0.107273    0.173709    0.311564 ^ clkbuf_0_HCLK/X (sky130_fd_sc_hd__clkbuf_16)
                                                         clknet_0_HCLK (net)
                      0.108450    0.008954    0.320518 ^ clkbuf_2_0_0_HCLK/A (sky130_fd_sc_hd__clkbuf_8)
     2    0.038403    0.059943    0.125842    0.446360 ^ clkbuf_2_0_0_HCLK/X (sky130_fd_sc_hd__clkbuf_8)
                                                         clknet_2_0_0_HCLK (net)
                      0.060024    0.001241    0.447601 ^ clkbuf_3_0__f_HCLK/A (sky130_fd_sc_hd__clkbuf_16)
     8    0.090009    0.081616    0.130518    0.578119 ^ clkbuf_3_0__f_HCLK/X (sky130_fd_sc_hd__clkbuf_16)
                                                         clknet_3_0__leaf_HCLK (net)
                      0.082600    0.007096    0.585215 ^ _214_/CLK (sky130_fd_sc_hd__dfrtp_1)
     2    0.004943    0.043968    0.222295    0.807510 ^ _214_/Q (sky130_fd_sc_hd__dfrtp_1)
                                                         net166 (net)
                      0.043968    0.000040    0.807550 ^ output166/A (sky130_fd_sc_hd__buf_2)
     1    0.034660    0.129522    0.142371    0.949921 ^ output166/X (sky130_fd_sc_hd__buf_2)
                                                         PWDATA[31] (net)
                      0.129559    0.000290    0.950211 ^ PWDATA[31] (out)
                                              0.950211   data arrival time

                                 10.000000   10.000000   clock HCLK (rise edge)
                                  0.000000   10.000000   clock network delay (propagated)
                                 -0.250000    9.750000   clock uncertainty
                                  0.000000    9.750000   clock reconvergence pessimism
                                 -2.000000    7.750000   output external delay
                                              7.750000   data required time
---------------------------------------------------------------------------------------------
                                              7.750000   data required time
                                             -0.950211   data arrival time
---------------------------------------------------------------------------------------------
                                              6.799789   slack (MET)


Startpoint: _174_ (rising edge-triggered flip-flop clocked by HCLK)
Endpoint: PADDR[23] (output port clocked by HCLK)
Path Group: HCLK
Path Type: max

Fanout         Cap        Slew       Delay        Time   Description
---------------------------------------------------------------------------------------------
                                  0.000000    0.000000   clock HCLK (rise edge)
                                  0.000000    0.000000   clock source latency
     1    0.055995    0.191291    0.137855    0.137855 ^ HCLK (in)
                                                         HCLK (net)
                      0.192114    0.000000    0.137855 ^ clkbuf_0_HCLK/A (sky130_fd_sc_hd__clkbuf_16)
     5    0.123293    0.107273    0.173709    0.311564 ^ clkbuf_0_HCLK/X (sky130_fd_sc_hd__clkbuf_16)
                                                         clknet_0_HCLK (net)
                      0.108450    0.008954    0.320518 ^ clkbuf_2_0_0_HCLK/A (sky130_fd_sc_hd__clkbuf_8)
     2    0.038403    0.059943    0.125842    0.446360 ^ clkbuf_2_0_0_HCLK/X (sky130_fd_sc_hd__clkbuf_8)
                                                         clknet_2_0_0_HCLK (net)
                      0.060024    0.001241    0.447601 ^ clkbuf_3_0__f_HCLK/A (sky130_fd_sc_hd__clkbuf_16)
     8    0.090009    0.081616    0.130518    0.578119 ^ clkbuf_3_0__f_HCLK/X (sky130_fd_sc_hd__clkbuf_16)
                                                         clknet_3_0__leaf_HCLK (net)
                      0.082226    0.005594    0.583713 ^ _174_/CLK (sky130_fd_sc_hd__dfrtp_1)
     2    0.004988    0.044232    0.222412    0.806125 ^ _174_/Q (sky130_fd_sc_hd__dfrtp_1)
                                                         net120 (net)
                      0.044232    0.000044    0.806169 ^ output120/A (sky130_fd_sc_hd__buf_2)
     1    0.034471    0.128866    0.141932    0.948101 ^ output120/X (sky130_fd_sc_hd__buf_2)
                                                         PADDR[23] (net)
                      0.128867    0.000370    0.948471 ^ PADDR[23] (out)
                                              0.948471   data arrival time

                                 10.000000   10.000000   clock HCLK (rise edge)
                                  0.000000   10.000000   clock network delay (propagated)
                                 -0.250000    9.750000   clock uncertainty
                                  0.000000    9.750000   clock reconvergence pessimism
                                 -2.000000    7.750000   output external delay
                                              7.750000   data required time
---------------------------------------------------------------------------------------------
                                              7.750000   data required time
                                             -0.948471   data arrival time
---------------------------------------------------------------------------------------------
                                              6.801529   slack (MET)


Startpoint: _209_ (rising edge-triggered flip-flop clocked by HCLK)
Endpoint: PWDATA[26] (output port clocked by HCLK)
Path Group: HCLK
Path Type: max

Fanout         Cap        Slew       Delay        Time   Description
---------------------------------------------------------------------------------------------
                                  0.000000    0.000000   clock HCLK (rise edge)
                                  0.000000    0.000000   clock source latency
     1    0.055995    0.191291    0.137855    0.137855 ^ HCLK (in)
                                                         HCLK (net)
                      0.192114    0.000000    0.137855 ^ clkbuf_0_HCLK/A (sky130_fd_sc_hd__clkbuf_16)
     5    0.123293    0.107273    0.173709    0.311564 ^ clkbuf_0_HCLK/X (sky130_fd_sc_hd__clkbuf_16)
                                                         clknet_0_HCLK (net)
                      0.108181    0.007893    0.319457 ^ clkbuf_2_3_0_HCLK/A (sky130_fd_sc_hd__clkbuf_8)
     2    0.037478    0.058645    0.125198    0.444654 ^ clkbuf_2_3_0_HCLK/X (sky130_fd_sc_hd__clkbuf_8)
                                                         clknet_2_3_0_HCLK (net)
                      0.058793    0.001902    0.446557 ^ clkbuf_3_6__f_HCLK/A (sky130_fd_sc_hd__clkbuf_16)
     8    0.068452    0.065687    0.118354    0.564910 ^ clkbuf_3_6__f_HCLK/X (sky130_fd_sc_hd__clkbuf_16)
                                                         clknet_3_6__leaf_HCLK (net)
                      0.066162    0.004372    0.569282 ^ _209_/CLK (sky130_fd_sc_hd__dfrtp_1)
     2    0.006626    0.054012    0.226046    0.795328 ^ _209_/Q (sky130_fd_sc_hd__dfrtp_1)
                                                         net160 (net)
                      0.054012    0.000105    0.795433 ^ output160/A (sky130_fd_sc_hd__buf_2)
     1    0.035233    0.131566    0.146605    0.942038 ^ output160/X (sky130_fd_sc_hd__buf_2)
                                                         PWDATA[26] (net)
                      0.131569    0.000527    0.942565 ^ PWDATA[26] (out)
                                              0.942565   data arrival time

                                 10.000000   10.000000   clock HCLK (rise edge)
                                  0.000000   10.000000   clock network delay (propagated)
                                 -0.250000    9.750000   clock uncertainty
                                  0.000000    9.750000   clock reconvergence pessimism
                                 -2.000000    7.750000   output external delay
                                              7.750000   data required time
---------------------------------------------------------------------------------------------
                                              7.750000   data required time
                                             -0.942565   data arrival time
---------------------------------------------------------------------------------------------
                                              6.807435   slack (MET)


Startpoint: _183_ (rising edge-triggered flip-flop clocked by HCLK)
Endpoint: PWDATA[0] (output port clocked by HCLK)
Path Group: HCLK
Path Type: max

Fanout         Cap        Slew       Delay        Time   Description
---------------------------------------------------------------------------------------------
                                  0.000000    0.000000   clock HCLK (rise edge)
                                  0.000000    0.000000   clock source latency
     1    0.055995    0.191291    0.137855    0.137855 ^ HCLK (in)
                                                         HCLK (net)
                      0.192114    0.000000    0.137855 ^ clkbuf_0_HCLK/A (sky130_fd_sc_hd__clkbuf_16)
     5    0.123293    0.107273    0.173709    0.311564 ^ clkbuf_0_HCLK/X (sky130_fd_sc_hd__clkbuf_16)
                                                         clknet_0_HCLK (net)
                      0.108206    0.007999    0.319563 ^ clkbuf_2_2_0_HCLK/A (sky130_fd_sc_hd__clkbuf_8)
     2    0.034011    0.054612    0.121526    0.441089 ^ clkbuf_2_2_0_HCLK/X (sky130_fd_sc_hd__clkbuf_8)
                                                         clknet_2_2_0_HCLK (net)
                      0.054886    0.002741    0.443830 ^ clkbuf_3_5__f_HCLK/A (sky130_fd_sc_hd__clkbuf_16)
    11    0.033948    0.040931    0.100302    0.544132 ^ clkbuf_3_5__f_HCLK/X (sky130_fd_sc_hd__clkbuf_16)
                                                         clknet_3_5__leaf_HCLK (net)
                      0.040934    0.000675    0.544807 ^ _183_/CLK (sky130_fd_sc_hd__dfrtp_1)
     2    0.011866    0.085570    0.243690    0.788497 ^ _183_/Q (sky130_fd_sc_hd__dfrtp_1)
                                                         net142 (net)
                      0.085570    0.000386    0.788883 ^ output142/A (sky130_fd_sc_hd__buf_2)
     1    0.034962    0.130530    0.153399    0.942282 ^ output142/X (sky130_fd_sc_hd__buf_2)
                                                         PWDATA[0] (net)
                      0.130530    0.000193    0.942475 ^ PWDATA[0] (out)
                                              0.942475   data arrival time

                                 10.000000   10.000000   clock HCLK (rise edge)
                                  0.000000   10.000000   clock network delay (propagated)
                                 -0.250000    9.750000   clock uncertainty
                                  0.000000    9.750000   clock reconvergence pessimism
                                 -2.000000    7.750000   output external delay
                                              7.750000   data required time
---------------------------------------------------------------------------------------------
                                              7.750000   data required time
                                             -0.942475   data arrival time
---------------------------------------------------------------------------------------------
                                              6.807526   slack (MET)


Startpoint: _173_ (rising edge-triggered flip-flop clocked by HCLK)
Endpoint: PADDR[22] (output port clocked by HCLK)
Path Group: HCLK
Path Type: max

Fanout         Cap        Slew       Delay        Time   Description
---------------------------------------------------------------------------------------------
                                  0.000000    0.000000   clock HCLK (rise edge)
                                  0.000000    0.000000   clock source latency
     1    0.055995    0.191291    0.137855    0.137855 ^ HCLK (in)
                                                         HCLK (net)
                      0.192114    0.000000    0.137855 ^ clkbuf_0_HCLK/A (sky130_fd_sc_hd__clkbuf_16)
     5    0.123293    0.107273    0.173709    0.311564 ^ clkbuf_0_HCLK/X (sky130_fd_sc_hd__clkbuf_16)
                                                         clknet_0_HCLK (net)
                      0.108206    0.007999    0.319563 ^ clkbuf_2_2_0_HCLK/A (sky130_fd_sc_hd__clkbuf_8)
     2    0.034011    0.054612    0.121526    0.441089 ^ clkbuf_2_2_0_HCLK/X (sky130_fd_sc_hd__clkbuf_8)
                                                         clknet_2_2_0_HCLK (net)
                      0.054886    0.002741    0.443830 ^ clkbuf_3_5__f_HCLK/A (sky130_fd_sc_hd__clkbuf_16)
    11    0.033948    0.040931    0.100302    0.544132 ^ clkbuf_3_5__f_HCLK/X (sky130_fd_sc_hd__clkbuf_16)
                                                         clknet_3_5__leaf_HCLK (net)
                      0.040942    0.000993    0.545125 ^ _173_/CLK (sky130_fd_sc_hd__dfrtp_1)
     2    0.011299    0.081995    0.241094    0.786220 ^ _173_/Q (sky130_fd_sc_hd__dfrtp_1)
                                                         net119 (net)
                      0.081996    0.000439    0.786658 ^ output119/A (sky130_fd_sc_hd__buf_2)
     1    0.035128    0.131124    0.152834    0.939493 ^ output119/X (sky130_fd_sc_hd__buf_2)
                                                         PADDR[22] (net)
                      0.131124    0.000419    0.939912 ^ PADDR[22] (out)
                                              0.939912   data arrival time

                                 10.000000   10.000000   clock HCLK (rise edge)
                                  0.000000   10.000000   clock network delay (propagated)
                                 -0.250000    9.750000   clock uncertainty
                                  0.000000    9.750000   clock reconvergence pessimism
                                 -2.000000    7.750000   output external delay
                                              7.750000   data required time
---------------------------------------------------------------------------------------------
                                              7.750000   data required time
                                             -0.939912   data arrival time
---------------------------------------------------------------------------------------------
                                              6.810088   slack (MET)


Startpoint: _153_ (rising edge-triggered flip-flop clocked by HCLK)
Endpoint: PADDR[2] (output port clocked by HCLK)
Path Group: HCLK
Path Type: max

Fanout         Cap        Slew       Delay        Time   Description
---------------------------------------------------------------------------------------------
                                  0.000000    0.000000   clock HCLK (rise edge)
                                  0.000000    0.000000   clock source latency
     1    0.055995    0.191291    0.137855    0.137855 ^ HCLK (in)
                                                         HCLK (net)
                      0.192114    0.000000    0.137855 ^ clkbuf_0_HCLK/A (sky130_fd_sc_hd__clkbuf_16)
     5    0.123293    0.107273    0.173709    0.311564 ^ clkbuf_0_HCLK/X (sky130_fd_sc_hd__clkbuf_16)
                                                         clknet_0_HCLK (net)
                      0.108206    0.007999    0.319563 ^ clkbuf_2_2_0_HCLK/A (sky130_fd_sc_hd__clkbuf_8)
     2    0.034011    0.054612    0.121526    0.441089 ^ clkbuf_2_2_0_HCLK/X (sky130_fd_sc_hd__clkbuf_8)
                                                         clknet_2_2_0_HCLK (net)
                      0.054886    0.002741    0.443830 ^ clkbuf_3_5__f_HCLK/A (sky130_fd_sc_hd__clkbuf_16)
    11    0.033948    0.040931    0.100302    0.544132 ^ clkbuf_3_5__f_HCLK/X (sky130_fd_sc_hd__clkbuf_16)
                                                         clknet_3_5__leaf_HCLK (net)
                      0.040948    0.001090    0.545222 ^ _153_/CLK (sky130_fd_sc_hd__dfrtp_1)
     2    0.011028    0.080276    0.239901    0.785123 ^ _153_/Q (sky130_fd_sc_hd__dfrtp_1)
                                                         net127 (net)
                      0.080276    0.000412    0.785535 ^ output127/A (sky130_fd_sc_hd__buf_2)
     1    0.035072    0.130924    0.152453    0.937988 ^ output127/X (sky130_fd_sc_hd__buf_2)
                                                         PADDR[2] (net)
                      0.130924    0.000198    0.938185 ^ PADDR[2] (out)
                                              0.938185   data arrival time

                                 10.000000   10.000000   clock HCLK (rise edge)
                                  0.000000   10.000000   clock network delay (propagated)
                                 -0.250000    9.750000   clock uncertainty
                                  0.000000    9.750000   clock reconvergence pessimism
                                 -2.000000    7.750000   output external delay
                                              7.750000   data required time
---------------------------------------------------------------------------------------------
                                              7.750000   data required time
                                             -0.938185   data arrival time
---------------------------------------------------------------------------------------------
                                              6.811814   slack (MET)


Startpoint: _200_ (rising edge-triggered flip-flop clocked by HCLK)
Endpoint: PWDATA[17] (output port clocked by HCLK)
Path Group: HCLK
Path Type: max

Fanout         Cap        Slew       Delay        Time   Description
---------------------------------------------------------------------------------------------
                                  0.000000    0.000000   clock HCLK (rise edge)
                                  0.000000    0.000000   clock source latency
     1    0.055995    0.191291    0.137855    0.137855 ^ HCLK (in)
                                                         HCLK (net)
                      0.192114    0.000000    0.137855 ^ clkbuf_0_HCLK/A (sky130_fd_sc_hd__clkbuf_16)
     5    0.123293    0.107273    0.173709    0.311564 ^ clkbuf_0_HCLK/X (sky130_fd_sc_hd__clkbuf_16)
                                                         clknet_0_HCLK (net)
                      0.108181    0.007893    0.319457 ^ clkbuf_2_3_0_HCLK/A (sky130_fd_sc_hd__clkbuf_8)
     2    0.037478    0.058645    0.125198    0.444654 ^ clkbuf_2_3_0_HCLK/X (sky130_fd_sc_hd__clkbuf_8)
                                                         clknet_2_3_0_HCLK (net)
                      0.058793    0.001902    0.446557 ^ clkbuf_3_6__f_HCLK/A (sky130_fd_sc_hd__clkbuf_16)
     8    0.068452    0.065687    0.118354    0.564910 ^ clkbuf_3_6__f_HCLK/X (sky130_fd_sc_hd__clkbuf_16)
                                                         clknet_3_6__leaf_HCLK (net)
                      0.066315    0.005024    0.569934 ^ _200_/CLK (sky130_fd_sc_hd__dfrtp_1)
     2    0.005178    0.045367    0.219138    0.789073 ^ _200_/Q (sky130_fd_sc_hd__dfrtp_1)
                                                         net150 (net)
                      0.045367    0.000036    0.789109 ^ output150/A (sky130_fd_sc_hd__buf_2)
     1    0.034546    0.129132    0.142463    0.931572 ^ output150/X (sky130_fd_sc_hd__buf_2)
                                                         PWDATA[17] (net)
                      0.129133    0.000366    0.931938 ^ PWDATA[17] (out)
                                              0.931938   data arrival time

                                 10.000000   10.000000   clock HCLK (rise edge)
                                  0.000000   10.000000   clock network delay (propagated)
                                 -0.250000    9.750000   clock uncertainty
                                  0.000000    9.750000   clock reconvergence pessimism
                                 -2.000000    7.750000   output external delay
                                              7.750000   data required time
---------------------------------------------------------------------------------------------
                                              7.750000   data required time
                                             -0.931938   data arrival time
---------------------------------------------------------------------------------------------
                                              6.818062   slack (MET)


Startpoint: _171_ (rising edge-triggered flip-flop clocked by HCLK)
Endpoint: PADDR[20] (output port clocked by HCLK)
Path Group: HCLK
Path Type: max

Fanout         Cap        Slew       Delay        Time   Description
---------------------------------------------------------------------------------------------
                                  0.000000    0.000000   clock HCLK (rise edge)
                                  0.000000    0.000000   clock source latency
     1    0.055995    0.191291    0.137855    0.137855 ^ HCLK (in)
                                                         HCLK (net)
                      0.192114    0.000000    0.137855 ^ clkbuf_0_HCLK/A (sky130_fd_sc_hd__clkbuf_16)
     5    0.123293    0.107273    0.173709    0.311564 ^ clkbuf_0_HCLK/X (sky130_fd_sc_hd__clkbuf_16)
                                                         clknet_0_HCLK (net)
                      0.108181    0.007893    0.319457 ^ clkbuf_2_3_0_HCLK/A (sky130_fd_sc_hd__clkbuf_8)
     2    0.037478    0.058645    0.125198    0.444654 ^ clkbuf_2_3_0_HCLK/X (sky130_fd_sc_hd__clkbuf_8)
                                                         clknet_2_3_0_HCLK (net)
                      0.058793    0.001902    0.446557 ^ clkbuf_3_6__f_HCLK/A (sky130_fd_sc_hd__clkbuf_16)
     8    0.068452    0.065687    0.118354    0.564910 ^ clkbuf_3_6__f_HCLK/X (sky130_fd_sc_hd__clkbuf_16)
                                                         clknet_3_6__leaf_HCLK (net)
                      0.066321    0.005050    0.569961 ^ _171_/CLK (sky130_fd_sc_hd__dfrtp_1)
     2    0.005259    0.045848    0.219533    0.789493 ^ _171_/Q (sky130_fd_sc_hd__dfrtp_1)
                                                         net117 (net)
                      0.045848    0.000039    0.789533 ^ output117/A (sky130_fd_sc_hd__buf_2)
     1    0.034283    0.128159    0.141957    0.931489 ^ output117/X (sky130_fd_sc_hd__buf_2)
                                                         PADDR[20] (net)
                      0.128197    0.000374    0.931863 ^ PADDR[20] (out)
                                              0.931863   data arrival time

                                 10.000000   10.000000   clock HCLK (rise edge)
                                  0.000000   10.000000   clock network delay (propagated)
                                 -0.250000    9.750000   clock uncertainty
                                  0.000000    9.750000   clock reconvergence pessimism
                                 -2.000000    7.750000   output external delay
                                              7.750000   data required time
---------------------------------------------------------------------------------------------
                                              7.750000   data required time
                                             -0.931863   data arrival time
---------------------------------------------------------------------------------------------
                                              6.818137   slack (MET)


Startpoint: _190_ (rising edge-triggered flip-flop clocked by HCLK)
Endpoint: PWDATA[7] (output port clocked by HCLK)
Path Group: HCLK
Path Type: max

Fanout         Cap        Slew       Delay        Time   Description
---------------------------------------------------------------------------------------------
                                  0.000000    0.000000   clock HCLK (rise edge)
                                  0.000000    0.000000   clock source latency
     1    0.055995    0.191291    0.137855    0.137855 ^ HCLK (in)
                                                         HCLK (net)
                      0.192114    0.000000    0.137855 ^ clkbuf_0_HCLK/A (sky130_fd_sc_hd__clkbuf_16)
     5    0.123293    0.107273    0.173709    0.311564 ^ clkbuf_0_HCLK/X (sky130_fd_sc_hd__clkbuf_16)
                                                         clknet_0_HCLK (net)
                      0.108181    0.007893    0.319457 ^ clkbuf_2_3_0_HCLK/A (sky130_fd_sc_hd__clkbuf_8)
     2    0.037478    0.058645    0.125198    0.444654 ^ clkbuf_2_3_0_HCLK/X (sky130_fd_sc_hd__clkbuf_8)
                                                         clknet_2_3_0_HCLK (net)
                      0.058793    0.001902    0.446557 ^ clkbuf_3_6__f_HCLK/A (sky130_fd_sc_hd__clkbuf_16)
     8    0.068452    0.065687    0.118354    0.564910 ^ clkbuf_3_6__f_HCLK/X (sky130_fd_sc_hd__clkbuf_16)
                                                         clknet_3_6__leaf_HCLK (net)
                      0.066271    0.004846    0.569756 ^ _190_/CLK (sky130_fd_sc_hd__dfrtp_1)
     2    0.004889    0.043669    0.217740    0.787496 ^ _190_/Q (sky130_fd_sc_hd__dfrtp_1)
                                                         net171 (net)
                      0.043669    0.000035    0.787531 ^ output171/A (sky130_fd_sc_hd__buf_2)
     1    0.034486    0.128923    0.141776    0.929307 ^ output171/X (sky130_fd_sc_hd__buf_2)
                                                         PWDATA[7] (net)
                      0.128925    0.000402    0.929709 ^ PWDATA[7] (out)
                                              0.929709   data arrival time

                                 10.000000   10.000000   clock HCLK (rise edge)
                                  0.000000   10.000000   clock network delay (propagated)
                                 -0.250000    9.750000   clock uncertainty
                                  0.000000    9.750000   clock reconvergence pessimism
                                 -2.000000    7.750000   output external delay
                                              7.750000   data required time
---------------------------------------------------------------------------------------------
                                              7.750000   data required time
                                             -0.929709   data arrival time
---------------------------------------------------------------------------------------------
                                              6.820291   slack (MET)


Startpoint: _156_ (rising edge-triggered flip-flop clocked by HCLK)
Endpoint: PADDR[5] (output port clocked by HCLK)
Path Group: HCLK
Path Type: max

Fanout         Cap        Slew       Delay        Time   Description
---------------------------------------------------------------------------------------------
                                  0.000000    0.000000   clock HCLK (rise edge)
                                  0.000000    0.000000   clock source latency
     1    0.055995    0.191291    0.137855    0.137855 ^ HCLK (in)
                                                         HCLK (net)
                      0.192114    0.000000    0.137855 ^ clkbuf_0_HCLK/A (sky130_fd_sc_hd__clkbuf_16)
     5    0.123293    0.107273    0.173709    0.311564 ^ clkbuf_0_HCLK/X (sky130_fd_sc_hd__clkbuf_16)
                                                         clknet_0_HCLK (net)
                      0.108181    0.007893    0.319457 ^ clkbuf_2_3_0_HCLK/A (sky130_fd_sc_hd__clkbuf_8)
     2    0.037478    0.058645    0.125198    0.444654 ^ clkbuf_2_3_0_HCLK/X (sky130_fd_sc_hd__clkbuf_8)
                                                         clknet_2_3_0_HCLK (net)
                      0.058793    0.001902    0.446557 ^ clkbuf_3_6__f_HCLK/A (sky130_fd_sc_hd__clkbuf_16)
     8    0.068452    0.065687    0.118354    0.564910 ^ clkbuf_3_6__f_HCLK/X (sky130_fd_sc_hd__clkbuf_16)
                                                         clknet_3_6__leaf_HCLK (net)
                      0.066301    0.004971    0.569881 ^ _156_/CLK (sky130_fd_sc_hd__dfrtp_1)
     2    0.004803    0.043164    0.217328    0.787209 ^ _156_/Q (sky130_fd_sc_hd__dfrtp_1)
                                                         net132 (net)
                      0.043164    0.000048    0.787257 ^ output132/A (sky130_fd_sc_hd__buf_2)
     1    0.034625    0.129422    0.141943    0.929199 ^ output132/X (sky130_fd_sc_hd__buf_2)
                                                         PADDR[5] (net)
                      0.129425    0.000438    0.929637 ^ PADDR[5] (out)
                                              0.929637   data arrival time

                                 10.000000   10.000000   clock HCLK (rise edge)
                                  0.000000   10.000000   clock network delay (propagated)
                                 -0.250000    9.750000   clock uncertainty
                                  0.000000    9.750000   clock reconvergence pessimism
                                 -2.000000    7.750000   output external delay
                                              7.750000   data required time
---------------------------------------------------------------------------------------------
                                              7.750000   data required time
                                             -0.929637   data arrival time
---------------------------------------------------------------------------------------------
                                              6.820363   slack (MET)


Startpoint: _199_ (rising edge-triggered flip-flop clocked by HCLK)
Endpoint: PWDATA[16] (output port clocked by HCLK)
Path Group: HCLK
Path Type: max

Fanout         Cap        Slew       Delay        Time   Description
---------------------------------------------------------------------------------------------
                                  0.000000    0.000000   clock HCLK (rise edge)
                                  0.000000    0.000000   clock source latency
     1    0.055995    0.191291    0.137855    0.137855 ^ HCLK (in)
                                                         HCLK (net)
                      0.192114    0.000000    0.137855 ^ clkbuf_0_HCLK/A (sky130_fd_sc_hd__clkbuf_16)
     5    0.123293    0.107273    0.173709    0.311564 ^ clkbuf_0_HCLK/X (sky130_fd_sc_hd__clkbuf_16)
                                                         clknet_0_HCLK (net)
                      0.108181    0.007893    0.319457 ^ clkbuf_2_3_0_HCLK/A (sky130_fd_sc_hd__clkbuf_8)
     2    0.037478    0.058645    0.125198    0.444654 ^ clkbuf_2_3_0_HCLK/X (sky130_fd_sc_hd__clkbuf_8)
                                                         clknet_2_3_0_HCLK (net)
                      0.058793    0.001902    0.446557 ^ clkbuf_3_6__f_HCLK/A (sky130_fd_sc_hd__clkbuf_16)
     8    0.068452    0.065687    0.118354    0.564910 ^ clkbuf_3_6__f_HCLK/X (sky130_fd_sc_hd__clkbuf_16)
                                                         clknet_3_6__leaf_HCLK (net)
                      0.066218    0.004621    0.569532 ^ _199_/CLK (sky130_fd_sc_hd__dfrtp_1)
     2    0.004823    0.043281    0.217405    0.786936 ^ _199_/Q (sky130_fd_sc_hd__dfrtp_1)
                                                         net149 (net)
                      0.043281    0.000041    0.786977 ^ output149/A (sky130_fd_sc_hd__buf_2)
     1    0.034245    0.128065    0.141093    0.928070 ^ output149/X (sky130_fd_sc_hd__buf_2)
                                                         PWDATA[16] (net)
                      0.128067    0.000362    0.928432 ^ PWDATA[16] (out)
                                              0.928432   data arrival time

                                 10.000000   10.000000   clock HCLK (rise edge)
                                  0.000000   10.000000   clock network delay (propagated)
                                 -0.250000    9.750000   clock uncertainty
                                  0.000000    9.750000   clock reconvergence pessimism
                                 -2.000000    7.750000   output external delay
                                              7.750000   data required time
---------------------------------------------------------------------------------------------
                                              7.750000   data required time
                                             -0.928432   data arrival time
---------------------------------------------------------------------------------------------
                                              6.821568   slack (MET)


Startpoint: _206_ (rising edge-triggered flip-flop clocked by HCLK)
Endpoint: PWDATA[23] (output port clocked by HCLK)
Path Group: HCLK
Path Type: max

Fanout         Cap        Slew       Delay        Time   Description
---------------------------------------------------------------------------------------------
                                  0.000000    0.000000   clock HCLK (rise edge)
                                  0.000000    0.000000   clock source latency
     1    0.055995    0.191291    0.137855    0.137855 ^ HCLK (in)
                                                         HCLK (net)
                      0.192114    0.000000    0.137855 ^ clkbuf_0_HCLK/A (sky130_fd_sc_hd__clkbuf_16)
     5    0.123293    0.107273    0.173709    0.311564 ^ clkbuf_0_HCLK/X (sky130_fd_sc_hd__clkbuf_16)
                                                         clknet_0_HCLK (net)
                      0.108181    0.007893    0.319457 ^ clkbuf_2_3_0_HCLK/A (sky130_fd_sc_hd__clkbuf_8)
     2    0.037478    0.058645    0.125198    0.444654 ^ clkbuf_2_3_0_HCLK/X (sky130_fd_sc_hd__clkbuf_8)
                                                         clknet_2_3_0_HCLK (net)
                      0.058793    0.001902    0.446557 ^ clkbuf_3_6__f_HCLK/A (sky130_fd_sc_hd__clkbuf_16)
     8    0.068452    0.065687    0.118354    0.564910 ^ clkbuf_3_6__f_HCLK/X (sky130_fd_sc_hd__clkbuf_16)
                                                         clknet_3_6__leaf_HCLK (net)
                      0.066304    0.004982    0.569893 ^ _206_/CLK (sky130_fd_sc_hd__dfrtp_1)
     2    0.004198    0.039613    0.214421    0.784313 ^ _206_/Q (sky130_fd_sc_hd__dfrtp_1)
                                                         net157 (net)
                      0.039613    0.000036    0.784349 ^ output157/A (sky130_fd_sc_hd__buf_2)
     1    0.034899    0.130459    0.141483    0.925832 ^ output157/X (sky130_fd_sc_hd__buf_2)
                                                         PWDATA[23] (net)
                      0.130462    0.000522    0.926355 ^ PWDATA[23] (out)
                                              0.926355   data arrival time

                                 10.000000   10.000000   clock HCLK (rise edge)
                                  0.000000   10.000000   clock network delay (propagated)
                                 -0.250000    9.750000   clock uncertainty
                                  0.000000    9.750000   clock reconvergence pessimism
                                 -2.000000    7.750000   output external delay
                                              7.750000   data required time
---------------------------------------------------------------------------------------------
                                              7.750000   data required time
                                             -0.926355   data arrival time
---------------------------------------------------------------------------------------------
                                              6.823646   slack (MET)


Startpoint: _210_ (rising edge-triggered flip-flop clocked by HCLK)
Endpoint: PWDATA[27] (output port clocked by HCLK)
Path Group: HCLK
Path Type: max

Fanout         Cap        Slew       Delay        Time   Description
---------------------------------------------------------------------------------------------
                                  0.000000    0.000000   clock HCLK (rise edge)
                                  0.000000    0.000000   clock source latency
     1    0.055995    0.191291    0.137855    0.137855 ^ HCLK (in)
                                                         HCLK (net)
                      0.192114    0.000000    0.137855 ^ clkbuf_0_HCLK/A (sky130_fd_sc_hd__clkbuf_16)
     5    0.123293    0.107273    0.173709    0.311564 ^ clkbuf_0_HCLK/X (sky130_fd_sc_hd__clkbuf_16)
                                                         clknet_0_HCLK (net)
                      0.108547    0.009308    0.320873 ^ clkbuf_2_1_0_HCLK/A (sky130_fd_sc_hd__clkbuf_8)
     2    0.035398    0.056328    0.122621    0.443494 ^ clkbuf_2_1_0_HCLK/X (sky130_fd_sc_hd__clkbuf_8)
                                                         clknet_2_1_0_HCLK (net)
                      0.056586    0.002984    0.446478 ^ clkbuf_3_3__f_HCLK/A (sky130_fd_sc_hd__clkbuf_16)
    10    0.027240    0.036222    0.096776    0.543254 ^ clkbuf_3_3__f_HCLK/X (sky130_fd_sc_hd__clkbuf_16)
                                                         clknet_3_3__leaf_HCLK (net)
                      0.036222    0.000138    0.543391 ^ _210_/CLK (sky130_fd_sc_hd__dfrtp_1)
     2    0.009586    0.071985    0.231715    0.775106 ^ _210_/Q (sky130_fd_sc_hd__dfrtp_1)
                                                         net161 (net)
                      0.071985    0.000153    0.775259 ^ output161/A (sky130_fd_sc_hd__buf_2)
     1    0.034327    0.128280    0.148649    0.923908 ^ output161/X (sky130_fd_sc_hd__buf_2)
                                                         PWDATA[27] (net)
                      0.128280    0.000296    0.924204 ^ PWDATA[27] (out)
                                              0.924204   data arrival time

                                 10.000000   10.000000   clock HCLK (rise edge)
                                  0.000000   10.000000   clock network delay (propagated)
                                 -0.250000    9.750000   clock uncertainty
                                  0.000000    9.750000   clock reconvergence pessimism
                                 -2.000000    7.750000   output external delay
                                              7.750000   data required time
---------------------------------------------------------------------------------------------
                                              7.750000   data required time
                                             -0.924204   data arrival time
---------------------------------------------------------------------------------------------
                                              6.825796   slack (MET)


Startpoint: _165_ (rising edge-triggered flip-flop clocked by HCLK)
Endpoint: PADDR[14] (output port clocked by HCLK)
Path Group: HCLK
Path Type: max

Fanout         Cap        Slew       Delay        Time   Description
---------------------------------------------------------------------------------------------
                                  0.000000    0.000000   clock HCLK (rise edge)
                                  0.000000    0.000000   clock source latency
     1    0.055995    0.191291    0.137855    0.137855 ^ HCLK (in)
                                                         HCLK (net)
                      0.192114    0.000000    0.137855 ^ clkbuf_0_HCLK/A (sky130_fd_sc_hd__clkbuf_16)
     5    0.123293    0.107273    0.173709    0.311564 ^ clkbuf_0_HCLK/X (sky130_fd_sc_hd__clkbuf_16)
                                                         clknet_0_HCLK (net)
                      0.108450    0.008954    0.320518 ^ clkbuf_2_0_0_HCLK/A (sky130_fd_sc_hd__clkbuf_8)
     2    0.038403    0.059943    0.125842    0.446360 ^ clkbuf_2_0_0_HCLK/X (sky130_fd_sc_hd__clkbuf_8)
                                                         clknet_2_0_0_HCLK (net)
                      0.060132    0.002348    0.448708 ^ clkbuf_3_1__f_HCLK/A (sky130_fd_sc_hd__clkbuf_16)
     7    0.033698    0.040665    0.100963    0.549671 ^ clkbuf_3_1__f_HCLK/X (sky130_fd_sc_hd__clkbuf_16)
                                                         clknet_3_1__leaf_HCLK (net)
                      0.041049    0.003139    0.552810 ^ _165_/CLK (sky130_fd_sc_hd__dfrtp_1)
     2    0.007168    0.057272    0.221579    0.774388 ^ _165_/Q (sky130_fd_sc_hd__dfrtp_1)
                                                         net110 (net)
                      0.057272    0.000078    0.774467 ^ output110/A (sky130_fd_sc_hd__buf_2)
     1    0.034809    0.130022    0.146329    0.920796 ^ output110/X (sky130_fd_sc_hd__buf_2)
                                                         PADDR[14] (net)
                      0.130062    0.000495    0.921291 ^ PADDR[14] (out)
                                              0.921291   data arrival time

                                 10.000000   10.000000   clock HCLK (rise edge)
                                  0.000000   10.000000   clock network delay (propagated)
                                 -0.250000    9.750000   clock uncertainty
                                  0.000000    9.750000   clock reconvergence pessimism
                                 -2.000000    7.750000   output external delay
                                              7.750000   data required time
---------------------------------------------------------------------------------------------
                                              7.750000   data required time
                                             -0.921291   data arrival time
---------------------------------------------------------------------------------------------
                                              6.828709   slack (MET)


Startpoint: _175_ (rising edge-triggered flip-flop clocked by HCLK)
Endpoint: PADDR[24] (output port clocked by HCLK)
Path Group: HCLK
Path Type: max

Fanout         Cap        Slew       Delay        Time   Description
---------------------------------------------------------------------------------------------
                                  0.000000    0.000000   clock HCLK (rise edge)
                                  0.000000    0.000000   clock source latency
     1    0.055995    0.191291    0.137855    0.137855 ^ HCLK (in)
                                                         HCLK (net)
                      0.192114    0.000000    0.137855 ^ clkbuf_0_HCLK/A (sky130_fd_sc_hd__clkbuf_16)
     5    0.123293    0.107273    0.173709    0.311564 ^ clkbuf_0_HCLK/X (sky130_fd_sc_hd__clkbuf_16)
                                                         clknet_0_HCLK (net)
                      0.108547    0.009308    0.320873 ^ clkbuf_2_1_0_HCLK/A (sky130_fd_sc_hd__clkbuf_8)
     2    0.035398    0.056328    0.122621    0.443494 ^ clkbuf_2_1_0_HCLK/X (sky130_fd_sc_hd__clkbuf_8)
                                                         clknet_2_1_0_HCLK (net)
                      0.056608    0.003111    0.446604 ^ clkbuf_3_2__f_HCLK/A (sky130_fd_sc_hd__clkbuf_16)
    10    0.035106    0.041785    0.101337    0.547941 ^ clkbuf_3_2__f_HCLK/X (sky130_fd_sc_hd__clkbuf_16)
                                                         clknet_3_2__leaf_HCLK (net)
                      0.041833    0.001377    0.549319 ^ _175_/CLK (sky130_fd_sc_hd__dfrtp_1)
     2    0.007369    0.058492    0.222771    0.772090 ^ _175_/Q (sky130_fd_sc_hd__dfrtp_1)
                                                         net121 (net)
                      0.058492    0.000109    0.772199 ^ output121/A (sky130_fd_sc_hd__buf_2)
     1    0.034421    0.128619    0.145812    0.918011 ^ output121/X (sky130_fd_sc_hd__buf_2)
                                                         PADDR[24] (net)
                      0.128619    0.000255    0.918266 ^ PADDR[24] (out)
                                              0.918266   data arrival time

                                 10.000000   10.000000   clock HCLK (rise edge)
                                  0.000000   10.000000   clock network delay (propagated)
                                 -0.250000    9.750000   clock uncertainty
                                  0.000000    9.750000   clock reconvergence pessimism
                                 -2.000000    7.750000   output external delay
                                              7.750000   data required time
---------------------------------------------------------------------------------------------
                                              7.750000   data required time
                                             -0.918266   data arrival time
---------------------------------------------------------------------------------------------
                                              6.831734   slack (MET)


Startpoint: _184_ (rising edge-triggered flip-flop clocked by HCLK)
Endpoint: PWDATA[1] (output port clocked by HCLK)
Path Group: HCLK
Path Type: max

Fanout         Cap        Slew       Delay        Time   Description
---------------------------------------------------------------------------------------------
                                  0.000000    0.000000   clock HCLK (rise edge)
                                  0.000000    0.000000   clock source latency
     1    0.055995    0.191291    0.137855    0.137855 ^ HCLK (in)
                                                         HCLK (net)
                      0.192114    0.000000    0.137855 ^ clkbuf_0_HCLK/A (sky130_fd_sc_hd__clkbuf_16)
     5    0.123293    0.107273    0.173709    0.311564 ^ clkbuf_0_HCLK/X (sky130_fd_sc_hd__clkbuf_16)
                                                         clknet_0_HCLK (net)
                      0.108547    0.009308    0.320873 ^ clkbuf_2_1_0_HCLK/A (sky130_fd_sc_hd__clkbuf_8)
     2    0.035398    0.056328    0.122621    0.443494 ^ clkbuf_2_1_0_HCLK/X (sky130_fd_sc_hd__clkbuf_8)
                                                         clknet_2_1_0_HCLK (net)
                      0.056608    0.003111    0.446604 ^ clkbuf_3_2__f_HCLK/A (sky130_fd_sc_hd__clkbuf_16)
    10    0.035106    0.041785    0.101337    0.547941 ^ clkbuf_3_2__f_HCLK/X (sky130_fd_sc_hd__clkbuf_16)
                                                         clknet_3_2__leaf_HCLK (net)
                      0.041820    0.001238    0.549179 ^ _184_/CLK (sky130_fd_sc_hd__dfrtp_1)
     2    0.006954    0.055983    0.220765    0.769945 ^ _184_/Q (sky130_fd_sc_hd__dfrtp_1)
                                                         net153 (net)
                      0.055983    0.000099    0.770043 ^ output153/A (sky130_fd_sc_hd__buf_2)
     1    0.034862    0.130189    0.146279    0.916322 ^ output153/X (sky130_fd_sc_hd__buf_2)
                                                         PWDATA[1] (net)
                      0.130227    0.000322    0.916645 ^ PWDATA[1] (out)
                                              0.916645   data arrival time

                                 10.000000   10.000000   clock HCLK (rise edge)
                                  0.000000   10.000000   clock network delay (propagated)
                                 -0.250000    9.750000   clock uncertainty
                                  0.000000    9.750000   clock reconvergence pessimism
                                 -2.000000    7.750000   output external delay
                                              7.750000   data required time
---------------------------------------------------------------------------------------------
                                              7.750000   data required time
                                             -0.916645   data arrival time
---------------------------------------------------------------------------------------------
                                              6.833355   slack (MET)


Startpoint: _208_ (rising edge-triggered flip-flop clocked by HCLK)
Endpoint: PWDATA[25] (output port clocked by HCLK)
Path Group: HCLK
Path Type: max

Fanout         Cap        Slew       Delay        Time   Description
---------------------------------------------------------------------------------------------
                                  0.000000    0.000000   clock HCLK (rise edge)
                                  0.000000    0.000000   clock source latency
     1    0.055995    0.191291    0.137855    0.137855 ^ HCLK (in)
                                                         HCLK (net)
                      0.192114    0.000000    0.137855 ^ clkbuf_0_HCLK/A (sky130_fd_sc_hd__clkbuf_16)
     5    0.123293    0.107273    0.173709    0.311564 ^ clkbuf_0_HCLK/X (sky130_fd_sc_hd__clkbuf_16)
                                                         clknet_0_HCLK (net)
                      0.108206    0.007999    0.319563 ^ clkbuf_2_2_0_HCLK/A (sky130_fd_sc_hd__clkbuf_8)
     2    0.034011    0.054612    0.121526    0.441089 ^ clkbuf_2_2_0_HCLK/X (sky130_fd_sc_hd__clkbuf_8)
                                                         clknet_2_2_0_HCLK (net)
                      0.054886    0.002741    0.443830 ^ clkbuf_3_5__f_HCLK/A (sky130_fd_sc_hd__clkbuf_16)
    11    0.033948    0.040931    0.100302    0.544132 ^ clkbuf_3_5__f_HCLK/X (sky130_fd_sc_hd__clkbuf_16)
                                                         clknet_3_5__leaf_HCLK (net)
                      0.040934    0.000655    0.544787 ^ _208_/CLK (sky130_fd_sc_hd__dfrtp_1)
     2    0.007516    0.059385    0.223182    0.767969 ^ _208_/Q (sky130_fd_sc_hd__dfrtp_1)
                                                         net159 (net)
                      0.059385    0.000146    0.768115 ^ output159/A (sky130_fd_sc_hd__buf_2)
     1    0.035014    0.130715    0.147526    0.915642 ^ output159/X (sky130_fd_sc_hd__buf_2)
                                                         PWDATA[25] (net)
                      0.130715    0.000190    0.915832 ^ PWDATA[25] (out)
                                              0.915832   data arrival time

                                 10.000000   10.000000   clock HCLK (rise edge)
                                  0.000000   10.000000   clock network delay (propagated)
                                 -0.250000    9.750000   clock uncertainty
                                  0.000000    9.750000   clock reconvergence pessimism
                                 -2.000000    7.750000   output external delay
                                              7.750000   data required time
---------------------------------------------------------------------------------------------
                                              7.750000   data required time
                                             -0.915832   data arrival time
---------------------------------------------------------------------------------------------
                                              6.834168   slack (MET)


Startpoint: _162_ (rising edge-triggered flip-flop clocked by HCLK)
Endpoint: PADDR[11] (output port clocked by HCLK)
Path Group: HCLK
Path Type: max

Fanout         Cap        Slew       Delay        Time   Description
---------------------------------------------------------------------------------------------
                                  0.000000    0.000000   clock HCLK (rise edge)
                                  0.000000    0.000000   clock source latency
     1    0.055995    0.191291    0.137855    0.137855 ^ HCLK (in)
                                                         HCLK (net)
                      0.192114    0.000000    0.137855 ^ clkbuf_0_HCLK/A (sky130_fd_sc_hd__clkbuf_16)
     5    0.123293    0.107273    0.173709    0.311564 ^ clkbuf_0_HCLK/X (sky130_fd_sc_hd__clkbuf_16)
                                                         clknet_0_HCLK (net)
                      0.108206    0.007999    0.319563 ^ clkbuf_2_2_0_HCLK/A (sky130_fd_sc_hd__clkbuf_8)
     2    0.034011    0.054612    0.121526    0.441089 ^ clkbuf_2_2_0_HCLK/X (sky130_fd_sc_hd__clkbuf_8)
                                                         clknet_2_2_0_HCLK (net)
                      0.054828    0.002355    0.443444 ^ clkbuf_3_4__f_HCLK/A (sky130_fd_sc_hd__clkbuf_16)
    11    0.038066    0.043854    0.102781    0.546225 ^ clkbuf_3_4__f_HCLK/X (sky130_fd_sc_hd__clkbuf_16)
                                                         clknet_3_4__leaf_HCLK (net)
                      0.043863    0.000516    0.546742 ^ _162_/CLK (sky130_fd_sc_hd__dfrtp_1)
     2    0.006672    0.054292    0.220024    0.766766 ^ _162_/Q (sky130_fd_sc_hd__dfrtp_1)
                                                         net107 (net)
                      0.054292    0.000102    0.766868 ^ output107/A (sky130_fd_sc_hd__buf_2)
     1    0.035161    0.131253    0.146621    0.913489 ^ output107/X (sky130_fd_sc_hd__buf_2)
                                                         PADDR[11] (net)
                      0.131291    0.000335    0.913824 ^ PADDR[11] (out)
                                              0.913824   data arrival time

                                 10.000000   10.000000   clock HCLK (rise edge)
                                  0.000000   10.000000   clock network delay (propagated)
                                 -0.250000    9.750000   clock uncertainty
                                  0.000000    9.750000   clock reconvergence pessimism
                                 -2.000000    7.750000   output external delay
                                              7.750000   data required time
---------------------------------------------------------------------------------------------
                                              7.750000   data required time
                                             -0.913824   data arrival time
---------------------------------------------------------------------------------------------
                                              6.836176   slack (MET)


Startpoint: _185_ (rising edge-triggered flip-flop clocked by HCLK)
Endpoint: PWDATA[2] (output port clocked by HCLK)
Path Group: HCLK
Path Type: max

Fanout         Cap        Slew       Delay        Time   Description
---------------------------------------------------------------------------------------------
                                  0.000000    0.000000   clock HCLK (rise edge)
                                  0.000000    0.000000   clock source latency
     1    0.055995    0.191291    0.137855    0.137855 ^ HCLK (in)
                                                         HCLK (net)
                      0.192114    0.000000    0.137855 ^ clkbuf_0_HCLK/A (sky130_fd_sc_hd__clkbuf_16)
     5    0.123293    0.107273    0.173709    0.311564 ^ clkbuf_0_HCLK/X (sky130_fd_sc_hd__clkbuf_16)
                                                         clknet_0_HCLK (net)
                      0.108206    0.007999    0.319563 ^ clkbuf_2_2_0_HCLK/A (sky130_fd_sc_hd__clkbuf_8)
     2    0.034011    0.054612    0.121526    0.441089 ^ clkbuf_2_2_0_HCLK/X (sky130_fd_sc_hd__clkbuf_8)
                                                         clknet_2_2_0_HCLK (net)
                      0.054886    0.002741    0.443830 ^ clkbuf_3_5__f_HCLK/A (sky130_fd_sc_hd__clkbuf_16)
    11    0.033948    0.040931    0.100302    0.544132 ^ clkbuf_3_5__f_HCLK/X (sky130_fd_sc_hd__clkbuf_16)
                                                         clknet_3_5__leaf_HCLK (net)
                      0.040934    0.000646    0.544778 ^ _185_/CLK (sky130_fd_sc_hd__dfrtp_1)
     2    0.006933    0.055859    0.220375    0.765153 ^ _185_/Q (sky130_fd_sc_hd__dfrtp_1)
                                                         net164 (net)
                      0.055859    0.000141    0.765295 ^ output164/A (sky130_fd_sc_hd__buf_2)
     1    0.035500    0.132452    0.147840    0.913134 ^ output164/X (sky130_fd_sc_hd__buf_2)
                                                         PWDATA[2] (net)
                      0.132490    0.000301    0.913435 ^ PWDATA[2] (out)
                                              0.913435   data arrival time

                                 10.000000   10.000000   clock HCLK (rise edge)
                                  0.000000   10.000000   clock network delay (propagated)
                                 -0.250000    9.750000   clock uncertainty
                                  0.000000    9.750000   clock reconvergence pessimism
                                 -2.000000    7.750000   output external delay
                                              7.750000   data required time
---------------------------------------------------------------------------------------------
                                              7.750000   data required time
                                             -0.913435   data arrival time
---------------------------------------------------------------------------------------------
                                              6.836565   slack (MET)


Startpoint: _158_ (rising edge-triggered flip-flop clocked by HCLK)
Endpoint: PADDR[7] (output port clocked by HCLK)
Path Group: HCLK
Path Type: max

Fanout         Cap        Slew       Delay        Time   Description
---------------------------------------------------------------------------------------------
                                  0.000000    0.000000   clock HCLK (rise edge)
                                  0.000000    0.000000   clock source latency
     1    0.055995    0.191291    0.137855    0.137855 ^ HCLK (in)
                                                         HCLK (net)
                      0.192114    0.000000    0.137855 ^ clkbuf_0_HCLK/A (sky130_fd_sc_hd__clkbuf_16)
     5    0.123293    0.107273    0.173709    0.311564 ^ clkbuf_0_HCLK/X (sky130_fd_sc_hd__clkbuf_16)
                                                         clknet_0_HCLK (net)
                      0.108547    0.009308    0.320873 ^ clkbuf_2_1_0_HCLK/A (sky130_fd_sc_hd__clkbuf_8)
     2    0.035398    0.056328    0.122621    0.443494 ^ clkbuf_2_1_0_HCLK/X (sky130_fd_sc_hd__clkbuf_8)
                                                         clknet_2_1_0_HCLK (net)
                      0.056586    0.002984    0.446478 ^ clkbuf_3_3__f_HCLK/A (sky130_fd_sc_hd__clkbuf_16)
    10    0.027240    0.036222    0.096776    0.543254 ^ clkbuf_3_3__f_HCLK/X (sky130_fd_sc_hd__clkbuf_16)
                                                         clknet_3_3__leaf_HCLK (net)
                      0.036223    0.000270    0.543524 ^ _158_/CLK (sky130_fd_sc_hd__dfrtp_1)
     2    0.007737    0.060717    0.222823    0.766347 ^ _158_/Q (sky130_fd_sc_hd__dfrtp_1)
                                                         net134 (net)
                      0.060717    0.000133    0.766480 ^ output134/A (sky130_fd_sc_hd__buf_2)
     1    0.034543    0.129050    0.146644    0.913124 ^ output134/X (sky130_fd_sc_hd__buf_2)
                                                         PADDR[7] (net)
                      0.129050    0.000228    0.913352 ^ PADDR[7] (out)
                                              0.913352   data arrival time

                                 10.000000   10.000000   clock HCLK (rise edge)
                                  0.000000   10.000000   clock network delay (propagated)
                                 -0.250000    9.750000   clock uncertainty
                                  0.000000    9.750000   clock reconvergence pessimism
                                 -2.000000    7.750000   output external delay
                                              7.750000   data required time
---------------------------------------------------------------------------------------------
                                              7.750000   data required time
                                             -0.913352   data arrival time
---------------------------------------------------------------------------------------------
                                              6.836648   slack (MET)


Startpoint: _202_ (rising edge-triggered flip-flop clocked by HCLK)
Endpoint: PWDATA[19] (output port clocked by HCLK)
Path Group: HCLK
Path Type: max

Fanout         Cap        Slew       Delay        Time   Description
---------------------------------------------------------------------------------------------
                                  0.000000    0.000000   clock HCLK (rise edge)
                                  0.000000    0.000000   clock source latency
     1    0.055995    0.191291    0.137855    0.137855 ^ HCLK (in)
                                                         HCLK (net)
                      0.192114    0.000000    0.137855 ^ clkbuf_0_HCLK/A (sky130_fd_sc_hd__clkbuf_16)
     5    0.123293    0.107273    0.173709    0.311564 ^ clkbuf_0_HCLK/X (sky130_fd_sc_hd__clkbuf_16)
                                                         clknet_0_HCLK (net)
                      0.108450    0.008954    0.320518 ^ clkbuf_2_0_0_HCLK/A (sky130_fd_sc_hd__clkbuf_8)
     2    0.038403    0.059943    0.125842    0.446360 ^ clkbuf_2_0_0_HCLK/X (sky130_fd_sc_hd__clkbuf_8)
                                                         clknet_2_0_0_HCLK (net)
                      0.060132    0.002348    0.448708 ^ clkbuf_3_1__f_HCLK/A (sky130_fd_sc_hd__clkbuf_16)
     7    0.033698    0.040665    0.100963    0.549671 ^ clkbuf_3_1__f_HCLK/X (sky130_fd_sc_hd__clkbuf_16)
                                                         clknet_3_1__leaf_HCLK (net)
                      0.041018    0.002979    0.552650 ^ _202_/CLK (sky130_fd_sc_hd__dfrtp_1)
     2    0.005927    0.049811    0.215595    0.768245 ^ _202_/Q (sky130_fd_sc_hd__dfrtp_1)
                                                         net152 (net)
                      0.049811    0.000053    0.768297 ^ output152/A (sky130_fd_sc_hd__buf_2)
     1    0.034457    0.128765    0.143587    0.911885 ^ output152/X (sky130_fd_sc_hd__buf_2)
                                                         PWDATA[19] (net)
                      0.128803    0.000370    0.912255 ^ PWDATA[19] (out)
                                              0.912255   data arrival time

                                 10.000000   10.000000   clock HCLK (rise edge)
                                  0.000000   10.000000   clock network delay (propagated)
                                 -0.250000    9.750000   clock uncertainty
                                  0.000000    9.750000   clock reconvergence pessimism
                                 -2.000000    7.750000   output external delay
                                              7.750000   data required time
---------------------------------------------------------------------------------------------
                                              7.750000   data required time
                                             -0.912255   data arrival time
---------------------------------------------------------------------------------------------
                                              6.837745   slack (MET)


Startpoint: _159_ (rising edge-triggered flip-flop clocked by HCLK)
Endpoint: PADDR[8] (output port clocked by HCLK)
Path Group: HCLK
Path Type: max

Fanout         Cap        Slew       Delay        Time   Description
---------------------------------------------------------------------------------------------
                                  0.000000    0.000000   clock HCLK (rise edge)
                                  0.000000    0.000000   clock source latency
     1    0.055995    0.191291    0.137855    0.137855 ^ HCLK (in)
                                                         HCLK (net)
                      0.192114    0.000000    0.137855 ^ clkbuf_0_HCLK/A (sky130_fd_sc_hd__clkbuf_16)
     5    0.123293    0.107273    0.173709    0.311564 ^ clkbuf_0_HCLK/X (sky130_fd_sc_hd__clkbuf_16)
                                                         clknet_0_HCLK (net)
                      0.108547    0.009308    0.320873 ^ clkbuf_2_1_0_HCLK/A (sky130_fd_sc_hd__clkbuf_8)
     2    0.035398    0.056328    0.122621    0.443494 ^ clkbuf_2_1_0_HCLK/X (sky130_fd_sc_hd__clkbuf_8)
                                                         clknet_2_1_0_HCLK (net)
                      0.056608    0.003111    0.446604 ^ clkbuf_3_2__f_HCLK/A (sky130_fd_sc_hd__clkbuf_16)
    10    0.035106    0.041785    0.101337    0.547941 ^ clkbuf_3_2__f_HCLK/X (sky130_fd_sc_hd__clkbuf_16)
                                                         clknet_3_2__leaf_HCLK (net)
                      0.041814    0.001165    0.549107 ^ _159_/CLK (sky130_fd_sc_hd__dfrtp_1)
     2    0.006320    0.052174    0.217707    0.766814 ^ _159_/Q (sky130_fd_sc_hd__dfrtp_1)
                                                         net135 (net)
                      0.052174    0.000113    0.766927 ^ output135/A (sky130_fd_sc_hd__buf_2)
     1    0.034488    0.128861    0.144459    0.911386 ^ output135/X (sky130_fd_sc_hd__buf_2)
                                                         PADDR[8] (net)
                      0.128861    0.000255    0.911641 ^ PADDR[8] (out)
                                              0.911641   data arrival time

                                 10.000000   10.000000   clock HCLK (rise edge)
                                  0.000000   10.000000   clock network delay (propagated)
                                 -0.250000    9.750000   clock uncertainty
                                  0.000000    9.750000   clock reconvergence pessimism
                                 -2.000000    7.750000   output external delay
                                              7.750000   data required time
---------------------------------------------------------------------------------------------
                                              7.750000   data required time
                                             -0.911641   data arrival time
---------------------------------------------------------------------------------------------
                                              6.838358   slack (MET)


Startpoint: _180_ (rising edge-triggered flip-flop clocked by HCLK)
Endpoint: PADDR[29] (output port clocked by HCLK)
Path Group: HCLK
Path Type: max

Fanout         Cap        Slew       Delay        Time   Description
---------------------------------------------------------------------------------------------
                                  0.000000    0.000000   clock HCLK (rise edge)
                                  0.000000    0.000000   clock source latency
     1    0.055995    0.191291    0.137855    0.137855 ^ HCLK (in)
                                                         HCLK (net)
                      0.192114    0.000000    0.137855 ^ clkbuf_0_HCLK/A (sky130_fd_sc_hd__clkbuf_16)
     5    0.123293    0.107273    0.173709    0.311564 ^ clkbuf_0_HCLK/X (sky130_fd_sc_hd__clkbuf_16)
                                                         clknet_0_HCLK (net)
                      0.108547    0.009308    0.320873 ^ clkbuf_2_1_0_HCLK/A (sky130_fd_sc_hd__clkbuf_8)
     2    0.035398    0.056328    0.122621    0.443494 ^ clkbuf_2_1_0_HCLK/X (sky130_fd_sc_hd__clkbuf_8)
                                                         clknet_2_1_0_HCLK (net)
                      0.056608    0.003111    0.446604 ^ clkbuf_3_2__f_HCLK/A (sky130_fd_sc_hd__clkbuf_16)
    10    0.035106    0.041785    0.101337    0.547941 ^ clkbuf_3_2__f_HCLK/X (sky130_fd_sc_hd__clkbuf_16)
                                                         clknet_3_2__leaf_HCLK (net)
                      0.041828    0.001329    0.549270 ^ _180_/CLK (sky130_fd_sc_hd__dfrtp_1)
     2    0.005763    0.048837    0.215055    0.764325 ^ _180_/Q (sky130_fd_sc_hd__dfrtp_1)
                                                         net126 (net)
                      0.048837    0.000064    0.764389 ^ output126/A (sky130_fd_sc_hd__buf_2)
     1    0.035204    0.131432    0.145216    0.909605 ^ output126/X (sky130_fd_sc_hd__buf_2)
                                                         PADDR[29] (net)
                      0.131469    0.000248    0.909853 ^ PADDR[29] (out)
                                              0.909853   data arrival time

                                 10.000000   10.000000   clock HCLK (rise edge)
                                  0.000000   10.000000   clock network delay (propagated)
                                 -0.250000    9.750000   clock uncertainty
                                  0.000000    9.750000   clock reconvergence pessimism
                                 -2.000000    7.750000   output external delay
                                              7.750000   data required time
---------------------------------------------------------------------------------------------
                                              7.750000   data required time
                                             -0.909853   data arrival time
---------------------------------------------------------------------------------------------
                                              6.840147   slack (MET)


Startpoint: _192_ (rising edge-triggered flip-flop clocked by HCLK)
Endpoint: PWDATA[9] (output port clocked by HCLK)
Path Group: HCLK
Path Type: max

Fanout         Cap        Slew       Delay        Time   Description
---------------------------------------------------------------------------------------------
                                  0.000000    0.000000   clock HCLK (rise edge)
                                  0.000000    0.000000   clock source latency
     1    0.055995    0.191291    0.137855    0.137855 ^ HCLK (in)
                                                         HCLK (net)
                      0.192114    0.000000    0.137855 ^ clkbuf_0_HCLK/A (sky130_fd_sc_hd__clkbuf_16)
     5    0.123293    0.107273    0.173709    0.311564 ^ clkbuf_0_HCLK/X (sky130_fd_sc_hd__clkbuf_16)
                                                         clknet_0_HCLK (net)
                      0.108206    0.007999    0.319563 ^ clkbuf_2_2_0_HCLK/A (sky130_fd_sc_hd__clkbuf_8)
     2    0.034011    0.054612    0.121526    0.441089 ^ clkbuf_2_2_0_HCLK/X (sky130_fd_sc_hd__clkbuf_8)
                                                         clknet_2_2_0_HCLK (net)
                      0.054886    0.002741    0.443830 ^ clkbuf_3_5__f_HCLK/A (sky130_fd_sc_hd__clkbuf_16)
    11    0.033948    0.040931    0.100302    0.544132 ^ clkbuf_3_5__f_HCLK/X (sky130_fd_sc_hd__clkbuf_16)
                                                         clknet_3_5__leaf_HCLK (net)
                      0.040933    0.000618    0.544750 ^ _192_/CLK (sky130_fd_sc_hd__dfrtp_1)
     2    0.005869    0.049470    0.215279    0.760029 ^ _192_/Q (sky130_fd_sc_hd__dfrtp_1)
                                                         net173 (net)
                      0.049470    0.000079    0.760108 ^ output173/A (sky130_fd_sc_hd__buf_2)
     1    0.036154    0.134852    0.147710    0.907818 ^ output173/X (sky130_fd_sc_hd__buf_2)
                                                         PWDATA[9] (net)
                      0.134853    0.000309    0.908127 ^ PWDATA[9] (out)
                                              0.908127   data arrival time

                                 10.000000   10.000000   clock HCLK (rise edge)
                                  0.000000   10.000000   clock network delay (propagated)
                                 -0.250000    9.750000   clock uncertainty
                                  0.000000    9.750000   clock reconvergence pessimism
                                 -2.000000    7.750000   output external delay
                                              7.750000   data required time
---------------------------------------------------------------------------------------------
                                              7.750000   data required time
                                             -0.908127   data arrival time
---------------------------------------------------------------------------------------------
                                              6.841873   slack (MET)


Startpoint: _212_ (rising edge-triggered flip-flop clocked by HCLK)
Endpoint: PWDATA[29] (output port clocked by HCLK)
Path Group: HCLK
Path Type: max

Fanout         Cap        Slew       Delay        Time   Description
---------------------------------------------------------------------------------------------
                                  0.000000    0.000000   clock HCLK (rise edge)
                                  0.000000    0.000000   clock source latency
     1    0.055995    0.191291    0.137855    0.137855 ^ HCLK (in)
                                                         HCLK (net)
                      0.192114    0.000000    0.137855 ^ clkbuf_0_HCLK/A (sky130_fd_sc_hd__clkbuf_16)
     5    0.123293    0.107273    0.173709    0.311564 ^ clkbuf_0_HCLK/X (sky130_fd_sc_hd__clkbuf_16)
                                                         clknet_0_HCLK (net)
                      0.108450    0.008954    0.320518 ^ clkbuf_2_0_0_HCLK/A (sky130_fd_sc_hd__clkbuf_8)
     2    0.038403    0.059943    0.125842    0.446360 ^ clkbuf_2_0_0_HCLK/X (sky130_fd_sc_hd__clkbuf_8)
                                                         clknet_2_0_0_HCLK (net)
                      0.060132    0.002348    0.448708 ^ clkbuf_3_1__f_HCLK/A (sky130_fd_sc_hd__clkbuf_16)
     7    0.033698    0.040665    0.100963    0.549671 ^ clkbuf_3_1__f_HCLK/X (sky130_fd_sc_hd__clkbuf_16)
                                                         clknet_3_1__leaf_HCLK (net)
                      0.040948    0.002589    0.552260 ^ _212_/CLK (sky130_fd_sc_hd__dfrtp_1)
     2    0.005411    0.046741    0.213091    0.765350 ^ _212_/Q (sky130_fd_sc_hd__dfrtp_1)
                                                         net163 (net)
                      0.046741    0.000048    0.765399 ^ output163/A (sky130_fd_sc_hd__buf_2)
     1    0.034315    0.128268    0.142326    0.907724 ^ output163/X (sky130_fd_sc_hd__buf_2)
                                                         PWDATA[29] (net)
                      0.128306    0.000345    0.908070 ^ PWDATA[29] (out)
                                              0.908070   data arrival time

                                 10.000000   10.000000   clock HCLK (rise edge)
                                  0.000000   10.000000   clock network delay (propagated)
                                 -0.250000    9.750000   clock uncertainty
                                  0.000000    9.750000   clock reconvergence pessimism
                                 -2.000000    7.750000   output external delay
                                              7.750000   data required time
---------------------------------------------------------------------------------------------
                                              7.750000   data required time
                                             -0.908070   data arrival time
---------------------------------------------------------------------------------------------
                                              6.841930   slack (MET)


Startpoint: _154_ (rising edge-triggered flip-flop clocked by HCLK)
Endpoint: PADDR[3] (output port clocked by HCLK)
Path Group: HCLK
Path Type: max

Fanout         Cap        Slew       Delay        Time   Description
---------------------------------------------------------------------------------------------
                                  0.000000    0.000000   clock HCLK (rise edge)
                                  0.000000    0.000000   clock source latency
     1    0.055995    0.191291    0.137855    0.137855 ^ HCLK (in)
                                                         HCLK (net)
                      0.192114    0.000000    0.137855 ^ clkbuf_0_HCLK/A (sky130_fd_sc_hd__clkbuf_16)
     5    0.123293    0.107273    0.173709    0.311564 ^ clkbuf_0_HCLK/X (sky130_fd_sc_hd__clkbuf_16)
                                                         clknet_0_HCLK (net)
                      0.108206    0.007999    0.319563 ^ clkbuf_2_2_0_HCLK/A (sky130_fd_sc_hd__clkbuf_8)
     2    0.034011    0.054612    0.121526    0.441089 ^ clkbuf_2_2_0_HCLK/X (sky130_fd_sc_hd__clkbuf_8)
                                                         clknet_2_2_0_HCLK (net)
                      0.054828    0.002355    0.443444 ^ clkbuf_3_4__f_HCLK/A (sky130_fd_sc_hd__clkbuf_16)
    11    0.038066    0.043854    0.102781    0.546225 ^ clkbuf_3_4__f_HCLK/X (sky130_fd_sc_hd__clkbuf_16)
                                                         clknet_3_4__leaf_HCLK (net)
                      0.043855    0.000307    0.546533 ^ _154_/CLK (sky130_fd_sc_hd__dfrtp_1)
     2    0.005823    0.049199    0.215958    0.762491 ^ _154_/Q (sky130_fd_sc_hd__dfrtp_1)
                                                         net130 (net)
                      0.049199    0.000047    0.762538 ^ output130/A (sky130_fd_sc_hd__buf_2)
     1    0.035162    0.131280    0.145231    0.907770 ^ output130/X (sky130_fd_sc_hd__buf_2)
                                                         PADDR[3] (net)
                      0.131317    0.000234    0.908004 ^ PADDR[3] (out)
                                              0.908004   data arrival time

                                 10.000000   10.000000   clock HCLK (rise edge)
                                  0.000000   10.000000   clock network delay (propagated)
                                 -0.250000    9.750000   clock uncertainty
                                  0.000000    9.750000   clock reconvergence pessimism
                                 -2.000000    7.750000   output external delay
                                              7.750000   data required time
---------------------------------------------------------------------------------------------
                                              7.750000   data required time
                                             -0.908004   data arrival time
---------------------------------------------------------------------------------------------
                                              6.841996   slack (MET)


Startpoint: _168_ (rising edge-triggered flip-flop clocked by HCLK)
Endpoint: PADDR[17] (output port clocked by HCLK)
Path Group: HCLK
Path Type: max

Fanout         Cap        Slew       Delay        Time   Description
---------------------------------------------------------------------------------------------
                                  0.000000    0.000000   clock HCLK (rise edge)
                                  0.000000    0.000000   clock source latency
     1    0.055995    0.191291    0.137855    0.137855 ^ HCLK (in)
                                                         HCLK (net)
                      0.192114    0.000000    0.137855 ^ clkbuf_0_HCLK/A (sky130_fd_sc_hd__clkbuf_16)
     5    0.123293    0.107273    0.173709    0.311564 ^ clkbuf_0_HCLK/X (sky130_fd_sc_hd__clkbuf_16)
                                                         clknet_0_HCLK (net)
                      0.108547    0.009308    0.320873 ^ clkbuf_2_1_0_HCLK/A (sky130_fd_sc_hd__clkbuf_8)
     2    0.035398    0.056328    0.122621    0.443494 ^ clkbuf_2_1_0_HCLK/X (sky130_fd_sc_hd__clkbuf_8)
                                                         clknet_2_1_0_HCLK (net)
                      0.056608    0.003111    0.446604 ^ clkbuf_3_2__f_HCLK/A (sky130_fd_sc_hd__clkbuf_16)
    10    0.035106    0.041785    0.101337    0.547941 ^ clkbuf_3_2__f_HCLK/X (sky130_fd_sc_hd__clkbuf_16)
                                                         clknet_3_2__leaf_HCLK (net)
                      0.041838    0.001435    0.549376 ^ _168_/CLK (sky130_fd_sc_hd__dfrtp_1)
     2    0.005773    0.048898    0.215096    0.764472 ^ _168_/Q (sky130_fd_sc_hd__dfrtp_1)
                                                         net113 (net)
                      0.048898    0.000083    0.764555 ^ output113/A (sky130_fd_sc_hd__buf_2)
     1    0.034332    0.128319    0.143061    0.907617 ^ output113/X (sky130_fd_sc_hd__buf_2)
                                                         PADDR[17] (net)
                      0.128356    0.000287    0.907904 ^ PADDR[17] (out)
                                              0.907904   data arrival time

                                 10.000000   10.000000   clock HCLK (rise edge)
                                  0.000000   10.000000   clock network delay (propagated)
                                 -0.250000    9.750000   clock uncertainty
                                  0.000000    9.750000   clock reconvergence pessimism
                                 -2.000000    7.750000   output external delay
                                              7.750000   data required time
---------------------------------------------------------------------------------------------
                                              7.750000   data required time
                                             -0.907904   data arrival time
---------------------------------------------------------------------------------------------
                                              6.842096   slack (MET)


Startpoint: _155_ (rising edge-triggered flip-flop clocked by HCLK)
Endpoint: PADDR[4] (output port clocked by HCLK)
Path Group: HCLK
Path Type: max

Fanout         Cap        Slew       Delay        Time   Description
---------------------------------------------------------------------------------------------
                                  0.000000    0.000000   clock HCLK (rise edge)
                                  0.000000    0.000000   clock source latency
     1    0.055995    0.191291    0.137855    0.137855 ^ HCLK (in)
                                                         HCLK (net)
                      0.192114    0.000000    0.137855 ^ clkbuf_0_HCLK/A (sky130_fd_sc_hd__clkbuf_16)
     5    0.123293    0.107273    0.173709    0.311564 ^ clkbuf_0_HCLK/X (sky130_fd_sc_hd__clkbuf_16)
                                                         clknet_0_HCLK (net)
                      0.108206    0.007999    0.319563 ^ clkbuf_2_2_0_HCLK/A (sky130_fd_sc_hd__clkbuf_8)
     2    0.034011    0.054612    0.121526    0.441089 ^ clkbuf_2_2_0_HCLK/X (sky130_fd_sc_hd__clkbuf_8)
                                                         clknet_2_2_0_HCLK (net)
                      0.054828    0.002355    0.443444 ^ clkbuf_3_4__f_HCLK/A (sky130_fd_sc_hd__clkbuf_16)
    11    0.038066    0.043854    0.102781    0.546225 ^ clkbuf_3_4__f_HCLK/X (sky130_fd_sc_hd__clkbuf_16)
                                                         clknet_3_4__leaf_HCLK (net)
                      0.043854    0.000192    0.546417 ^ _155_/CLK (sky130_fd_sc_hd__dfrtp_1)
     2    0.005781    0.048947    0.215745    0.762163 ^ _155_/Q (sky130_fd_sc_hd__dfrtp_1)
                                                         net131 (net)
                      0.048947    0.000072    0.762235 ^ output131/A (sky130_fd_sc_hd__buf_2)
     1    0.034779    0.129912    0.144241    0.906476 ^ output131/X (sky130_fd_sc_hd__buf_2)
                                                         PADDR[4] (net)
                      0.129912    0.000190    0.906665 ^ PADDR[4] (out)
                                              0.906665   data arrival time

                                 10.000000   10.000000   clock HCLK (rise edge)
                                  0.000000   10.000000   clock network delay (propagated)
                                 -0.250000    9.750000   clock uncertainty
                                  0.000000    9.750000   clock reconvergence pessimism
                                 -2.000000    7.750000   output external delay
                                              7.750000   data required time
---------------------------------------------------------------------------------------------
                                              7.750000   data required time
                                             -0.906665   data arrival time
---------------------------------------------------------------------------------------------
                                              6.843335   slack (MET)


Startpoint: _187_ (rising edge-triggered flip-flop clocked by HCLK)
Endpoint: PWDATA[4] (output port clocked by HCLK)
Path Group: HCLK
Path Type: max

Fanout         Cap        Slew       Delay        Time   Description
---------------------------------------------------------------------------------------------
                                  0.000000    0.000000   clock HCLK (rise edge)
                                  0.000000    0.000000   clock source latency
     1    0.055995    0.191291    0.137855    0.137855 ^ HCLK (in)
                                                         HCLK (net)
                      0.192114    0.000000    0.137855 ^ clkbuf_0_HCLK/A (sky130_fd_sc_hd__clkbuf_16)
     5    0.123293    0.107273    0.173709    0.311564 ^ clkbuf_0_HCLK/X (sky130_fd_sc_hd__clkbuf_16)
                                                         clknet_0_HCLK (net)
                      0.108450    0.008954    0.320518 ^ clkbuf_2_0_0_HCLK/A (sky130_fd_sc_hd__clkbuf_8)
     2    0.038403    0.059943    0.125842    0.446360 ^ clkbuf_2_0_0_HCLK/X (sky130_fd_sc_hd__clkbuf_8)
                                                         clknet_2_0_0_HCLK (net)
                      0.060132    0.002348    0.448708 ^ clkbuf_3_1__f_HCLK/A (sky130_fd_sc_hd__clkbuf_16)
     7    0.033698    0.040665    0.100963    0.549671 ^ clkbuf_3_1__f_HCLK/X (sky130_fd_sc_hd__clkbuf_16)
                                                         clknet_3_1__leaf_HCLK (net)
                      0.040974    0.002735    0.552406 ^ _187_/CLK (sky130_fd_sc_hd__dfrtp_1)
     2    0.005002    0.044327    0.211133    0.763539 ^ _187_/Q (sky130_fd_sc_hd__dfrtp_1)
                                                         net168 (net)
                      0.044327    0.000044    0.763583 ^ output168/A (sky130_fd_sc_hd__buf_2)
     1    0.034623    0.129411    0.142295    0.905878 ^ output168/X (sky130_fd_sc_hd__buf_2)
                                                         PWDATA[4] (net)
                      0.129413    0.000429    0.906307 ^ PWDATA[4] (out)
                                              0.906307   data arrival time

                                 10.000000   10.000000   clock HCLK (rise edge)
                                  0.000000   10.000000   clock network delay (propagated)
                                 -0.250000    9.750000   clock uncertainty
                                  0.000000    9.750000   clock reconvergence pessimism
                                 -2.000000    7.750000   output external delay
                                              7.750000   data required time
---------------------------------------------------------------------------------------------
                                              7.750000   data required time
                                             -0.906307   data arrival time
---------------------------------------------------------------------------------------------
                                              6.843693   slack (MET)


Startpoint: _189_ (rising edge-triggered flip-flop clocked by HCLK)
Endpoint: PWDATA[6] (output port clocked by HCLK)
Path Group: HCLK
Path Type: max

Fanout         Cap        Slew       Delay        Time   Description
---------------------------------------------------------------------------------------------
                                  0.000000    0.000000   clock HCLK (rise edge)
                                  0.000000    0.000000   clock source latency
     1    0.055995    0.191291    0.137855    0.137855 ^ HCLK (in)
                                                         HCLK (net)
                      0.192114    0.000000    0.137855 ^ clkbuf_0_HCLK/A (sky130_fd_sc_hd__clkbuf_16)
     5    0.123293    0.107273    0.173709    0.311564 ^ clkbuf_0_HCLK/X (sky130_fd_sc_hd__clkbuf_16)
                                                         clknet_0_HCLK (net)
                      0.108547    0.009308    0.320873 ^ clkbuf_2_1_0_HCLK/A (sky130_fd_sc_hd__clkbuf_8)
     2    0.035398    0.056328    0.122621    0.443494 ^ clkbuf_2_1_0_HCLK/X (sky130_fd_sc_hd__clkbuf_8)
                                                         clknet_2_1_0_HCLK (net)
                      0.056608    0.003111    0.446604 ^ clkbuf_3_2__f_HCLK/A (sky130_fd_sc_hd__clkbuf_16)
    10    0.035106    0.041785    0.101337    0.547941 ^ clkbuf_3_2__f_HCLK/X (sky130_fd_sc_hd__clkbuf_16)
                                                         clknet_3_2__leaf_HCLK (net)
                      0.041800    0.000978    0.548920 ^ _189_/CLK (sky130_fd_sc_hd__dfrtp_1)
     2    0.005604    0.047888    0.214284    0.763203 ^ _189_/Q (sky130_fd_sc_hd__dfrtp_1)
                                                         net170 (net)
                      0.047888    0.000051    0.763254 ^ output170/A (sky130_fd_sc_hd__buf_2)
     1    0.034127    0.127586    0.142285    0.905539 ^ output170/X (sky130_fd_sc_hd__buf_2)
                                                         PWDATA[6] (net)
                      0.127622    0.000233    0.905772 ^ PWDATA[6] (out)
                                              0.905772   data arrival time

                                 10.000000   10.000000   clock HCLK (rise edge)
                                  0.000000   10.000000   clock network delay (propagated)
                                 -0.250000    9.750000   clock uncertainty
                                  0.000000    9.750000   clock reconvergence pessimism
                                 -2.000000    7.750000   output external delay
                                              7.750000   data required time
---------------------------------------------------------------------------------------------
                                              7.750000   data required time
                                             -0.905772   data arrival time
---------------------------------------------------------------------------------------------
                                              6.844228   slack (MET)


Startpoint: _170_ (rising edge-triggered flip-flop clocked by HCLK)
Endpoint: PADDR[19] (output port clocked by HCLK)
Path Group: HCLK
Path Type: max

Fanout         Cap        Slew       Delay        Time   Description
---------------------------------------------------------------------------------------------
                                  0.000000    0.000000   clock HCLK (rise edge)
                                  0.000000    0.000000   clock source latency
     1    0.055995    0.191291    0.137855    0.137855 ^ HCLK (in)
                                                         HCLK (net)
                      0.192114    0.000000    0.137855 ^ clkbuf_0_HCLK/A (sky130_fd_sc_hd__clkbuf_16)
     5    0.123293    0.107273    0.173709    0.311564 ^ clkbuf_0_HCLK/X (sky130_fd_sc_hd__clkbuf_16)
                                                         clknet_0_HCLK (net)
                      0.108206    0.007999    0.319563 ^ clkbuf_2_2_0_HCLK/A (sky130_fd_sc_hd__clkbuf_8)
     2    0.034011    0.054612    0.121526    0.441089 ^ clkbuf_2_2_0_HCLK/X (sky130_fd_sc_hd__clkbuf_8)
                                                         clknet_2_2_0_HCLK (net)
                      0.054828    0.002355    0.443444 ^ clkbuf_3_4__f_HCLK/A (sky130_fd_sc_hd__clkbuf_16)
    11    0.038066    0.043854    0.102781    0.546225 ^ clkbuf_3_4__f_HCLK/X (sky130_fd_sc_hd__clkbuf_16)
                                                         clknet_3_4__leaf_HCLK (net)
                      0.043866    0.000591    0.546817 ^ _170_/CLK (sky130_fd_sc_hd__dfrtp_1)
     2    0.005212    0.045569    0.213017    0.759833 ^ _170_/Q (sky130_fd_sc_hd__dfrtp_1)
                                                         net115 (net)
                      0.045569    0.000051    0.759884 ^ output115/A (sky130_fd_sc_hd__buf_2)
     1    0.035602    0.132851    0.145227    0.905111 ^ output115/X (sky130_fd_sc_hd__buf_2)
                                                         PADDR[19] (net)
                      0.132889    0.000221    0.905332 ^ PADDR[19] (out)
                                              0.905332   data arrival time

                                 10.000000   10.000000   clock HCLK (rise edge)
                                  0.000000   10.000000   clock network delay (propagated)
                                 -0.250000    9.750000   clock uncertainty
                                  0.000000    9.750000   clock reconvergence pessimism
                                 -2.000000    7.750000   output external delay
                                              7.750000   data required time
---------------------------------------------------------------------------------------------
                                              7.750000   data required time
                                             -0.905332   data arrival time
---------------------------------------------------------------------------------------------
                                              6.844668   slack (MET)


Startpoint: _197_ (rising edge-triggered flip-flop clocked by HCLK)
Endpoint: PWDATA[14] (output port clocked by HCLK)
Path Group: HCLK
Path Type: max

Fanout         Cap        Slew       Delay        Time   Description
---------------------------------------------------------------------------------------------
                                  0.000000    0.000000   clock HCLK (rise edge)
                                  0.000000    0.000000   clock source latency
     1    0.055995    0.191291    0.137855    0.137855 ^ HCLK (in)
                                                         HCLK (net)
                      0.192114    0.000000    0.137855 ^ clkbuf_0_HCLK/A (sky130_fd_sc_hd__clkbuf_16)
     5    0.123293    0.107273    0.173709    0.311564 ^ clkbuf_0_HCLK/X (sky130_fd_sc_hd__clkbuf_16)
                                                         clknet_0_HCLK (net)
                      0.108450    0.008954    0.320518 ^ clkbuf_2_0_0_HCLK/A (sky130_fd_sc_hd__clkbuf_8)
     2    0.038403    0.059943    0.125842    0.446360 ^ clkbuf_2_0_0_HCLK/X (sky130_fd_sc_hd__clkbuf_8)
                                                         clknet_2_0_0_HCLK (net)
                      0.060132    0.002348    0.448708 ^ clkbuf_3_1__f_HCLK/A (sky130_fd_sc_hd__clkbuf_16)
     7    0.033698    0.040665    0.100963    0.549671 ^ clkbuf_3_1__f_HCLK/X (sky130_fd_sc_hd__clkbuf_16)
                                                         clknet_3_1__leaf_HCLK (net)
                      0.041052    0.003155    0.552826 ^ _197_/CLK (sky130_fd_sc_hd__dfrtp_1)
     2    0.004964    0.044103    0.210976    0.763802 ^ _197_/Q (sky130_fd_sc_hd__dfrtp_1)
                                                         net147 (net)
                      0.044103    0.000039    0.763841 ^ output147/A (sky130_fd_sc_hd__buf_2)
     1    0.034101    0.127512    0.141018    0.904859 ^ output147/X (sky130_fd_sc_hd__buf_2)
                                                         PWDATA[14] (net)
                      0.127549    0.000317    0.905176 ^ PWDATA[14] (out)
                                              0.905176   data arrival time

                                 10.000000   10.000000   clock HCLK (rise edge)
                                  0.000000   10.000000   clock network delay (propagated)
                                 -0.250000    9.750000   clock uncertainty
                                  0.000000    9.750000   clock reconvergence pessimism
                                 -2.000000    7.750000   output external delay
                                              7.750000   data required time
---------------------------------------------------------------------------------------------
                                              7.750000   data required time
                                             -0.905176   data arrival time
---------------------------------------------------------------------------------------------
                                              6.844823   slack (MET)


Startpoint: _160_ (rising edge-triggered flip-flop clocked by HCLK)
Endpoint: PADDR[9] (output port clocked by HCLK)
Path Group: HCLK
Path Type: max

Fanout         Cap        Slew       Delay        Time   Description
---------------------------------------------------------------------------------------------
                                  0.000000    0.000000   clock HCLK (rise edge)
                                  0.000000    0.000000   clock source latency
     1    0.055995    0.191291    0.137855    0.137855 ^ HCLK (in)
                                                         HCLK (net)
                      0.192114    0.000000    0.137855 ^ clkbuf_0_HCLK/A (sky130_fd_sc_hd__clkbuf_16)
     5    0.123293    0.107273    0.173709    0.311564 ^ clkbuf_0_HCLK/X (sky130_fd_sc_hd__clkbuf_16)
                                                         clknet_0_HCLK (net)
                      0.108450    0.008954    0.320518 ^ clkbuf_2_0_0_HCLK/A (sky130_fd_sc_hd__clkbuf_8)
     2    0.038403    0.059943    0.125842    0.446360 ^ clkbuf_2_0_0_HCLK/X (sky130_fd_sc_hd__clkbuf_8)
                                                         clknet_2_0_0_HCLK (net)
                      0.060132    0.002348    0.448708 ^ clkbuf_3_1__f_HCLK/A (sky130_fd_sc_hd__clkbuf_16)
     7    0.033698    0.040665    0.100963    0.549671 ^ clkbuf_3_1__f_HCLK/X (sky130_fd_sc_hd__clkbuf_16)
                                                         clknet_3_1__leaf_HCLK (net)
                      0.041005    0.002907    0.552578 ^ _160_/CLK (sky130_fd_sc_hd__dfrtp_1)
     2    0.004894    0.043694    0.210631    0.763208 ^ _160_/Q (sky130_fd_sc_hd__dfrtp_1)
                                                         net136 (net)
                      0.043694    0.000015    0.763223 ^ output136/A (sky130_fd_sc_hd__buf_2)
     1    0.034335    0.128383    0.141438    0.904661 ^ output136/X (sky130_fd_sc_hd__buf_2)
                                                         PADDR[9] (net)
                      0.128385    0.000364    0.905025 ^ PADDR[9] (out)
                                              0.905025   data arrival time

                                 10.000000   10.000000   clock HCLK (rise edge)
                                  0.000000   10.000000   clock network delay (propagated)
                                 -0.250000    9.750000   clock uncertainty
                                  0.000000    9.750000   clock reconvergence pessimism
                                 -2.000000    7.750000   output external delay
                                              7.750000   data required time
---------------------------------------------------------------------------------------------
                                              7.750000   data required time
                                             -0.905025   data arrival time
---------------------------------------------------------------------------------------------
                                              6.844975   slack (MET)


Startpoint: _157_ (rising edge-triggered flip-flop clocked by HCLK)
Endpoint: PADDR[6] (output port clocked by HCLK)
Path Group: HCLK
Path Type: max

Fanout         Cap        Slew       Delay        Time   Description
---------------------------------------------------------------------------------------------
                                  0.000000    0.000000   clock HCLK (rise edge)
                                  0.000000    0.000000   clock source latency
     1    0.055995    0.191291    0.137855    0.137855 ^ HCLK (in)
                                                         HCLK (net)
                      0.192114    0.000000    0.137855 ^ clkbuf_0_HCLK/A (sky130_fd_sc_hd__clkbuf_16)
     5    0.123293    0.107273    0.173709    0.311564 ^ clkbuf_0_HCLK/X (sky130_fd_sc_hd__clkbuf_16)
                                                         clknet_0_HCLK (net)
                      0.108547    0.009308    0.320873 ^ clkbuf_2_1_0_HCLK/A (sky130_fd_sc_hd__clkbuf_8)
     2    0.035398    0.056328    0.122621    0.443494 ^ clkbuf_2_1_0_HCLK/X (sky130_fd_sc_hd__clkbuf_8)
                                                         clknet_2_1_0_HCLK (net)
                      0.056608    0.003111    0.446604 ^ clkbuf_3_2__f_HCLK/A (sky130_fd_sc_hd__clkbuf_16)
    10    0.035106    0.041785    0.101337    0.547941 ^ clkbuf_3_2__f_HCLK/X (sky130_fd_sc_hd__clkbuf_16)
                                                         clknet_3_2__leaf_HCLK (net)
                      0.041804    0.001041    0.548982 ^ _157_/CLK (sky130_fd_sc_hd__dfrtp_1)
     2    0.005145    0.045173    0.212076    0.761058 ^ _157_/Q (sky130_fd_sc_hd__dfrtp_1)
                                                         net133 (net)
                      0.045173    0.000047    0.761105 ^ output133/A (sky130_fd_sc_hd__buf_2)
     1    0.034932    0.130504    0.143339    0.904444 ^ output133/X (sky130_fd_sc_hd__buf_2)
                                                         PADDR[6] (net)
                      0.130506    0.000392    0.904836 ^ PADDR[6] (out)
                                              0.904836   data arrival time

                                 10.000000   10.000000   clock HCLK (rise edge)
                                  0.000000   10.000000   clock network delay (propagated)
                                 -0.250000    9.750000   clock uncertainty
                                  0.000000    9.750000   clock reconvergence pessimism
                                 -2.000000    7.750000   output external delay
                                              7.750000   data required time
---------------------------------------------------------------------------------------------
                                              7.750000   data required time
                                             -0.904836   data arrival time
---------------------------------------------------------------------------------------------
                                              6.845164   slack (MET)


Startpoint: _178_ (rising edge-triggered flip-flop clocked by HCLK)
Endpoint: PADDR[27] (output port clocked by HCLK)
Path Group: HCLK
Path Type: max

Fanout         Cap        Slew       Delay        Time   Description
---------------------------------------------------------------------------------------------
                                  0.000000    0.000000   clock HCLK (rise edge)
                                  0.000000    0.000000   clock source latency
     1    0.055995    0.191291    0.137855    0.137855 ^ HCLK (in)
                                                         HCLK (net)
                      0.192114    0.000000    0.137855 ^ clkbuf_0_HCLK/A (sky130_fd_sc_hd__clkbuf_16)
     5    0.123293    0.107273    0.173709    0.311564 ^ clkbuf_0_HCLK/X (sky130_fd_sc_hd__clkbuf_16)
                                                         clknet_0_HCLK (net)
                      0.108547    0.009308    0.320873 ^ clkbuf_2_1_0_HCLK/A (sky130_fd_sc_hd__clkbuf_8)
     2    0.035398    0.056328    0.122621    0.443494 ^ clkbuf_2_1_0_HCLK/X (sky130_fd_sc_hd__clkbuf_8)
                                                         clknet_2_1_0_HCLK (net)
                      0.056608    0.003111    0.446604 ^ clkbuf_3_2__f_HCLK/A (sky130_fd_sc_hd__clkbuf_16)
    10    0.035106    0.041785    0.101337    0.547941 ^ clkbuf_3_2__f_HCLK/X (sky130_fd_sc_hd__clkbuf_16)
                                                         clknet_3_2__leaf_HCLK (net)
                      0.041795    0.000910    0.548851 ^ _178_/CLK (sky130_fd_sc_hd__dfrtp_1)
     2    0.005332    0.046278    0.212978    0.761829 ^ _178_/Q (sky130_fd_sc_hd__dfrtp_1)
                                                         net124 (net)
                      0.046278    0.000043    0.761871 ^ output124/A (sky130_fd_sc_hd__buf_2)
     1    0.034429    0.128670    0.142488    0.904359 ^ output124/X (sky130_fd_sc_hd__buf_2)
                                                         PADDR[27] (net)
                      0.128707    0.000312    0.904671 ^ PADDR[27] (out)
                                              0.904671   data arrival time

                                 10.000000   10.000000   clock HCLK (rise edge)
                                  0.000000   10.000000   clock network delay (propagated)
                                 -0.250000    9.750000   clock uncertainty
                                  0.000000    9.750000   clock reconvergence pessimism
                                 -2.000000    7.750000   output external delay
                                              7.750000   data required time
---------------------------------------------------------------------------------------------
                                              7.750000   data required time
                                             -0.904671   data arrival time
---------------------------------------------------------------------------------------------
                                              6.845329   slack (MET)


Startpoint: _161_ (rising edge-triggered flip-flop clocked by HCLK)
Endpoint: PADDR[10] (output port clocked by HCLK)
Path Group: HCLK
Path Type: max

Fanout         Cap        Slew       Delay        Time   Description
---------------------------------------------------------------------------------------------
                                  0.000000    0.000000   clock HCLK (rise edge)
                                  0.000000    0.000000   clock source latency
     1    0.055995    0.191291    0.137855    0.137855 ^ HCLK (in)
                                                         HCLK (net)
                      0.192114    0.000000    0.137855 ^ clkbuf_0_HCLK/A (sky130_fd_sc_hd__clkbuf_16)
     5    0.123293    0.107273    0.173709    0.311564 ^ clkbuf_0_HCLK/X (sky130_fd_sc_hd__clkbuf_16)
                                                         clknet_0_HCLK (net)
                      0.108450    0.008954    0.320518 ^ clkbuf_2_0_0_HCLK/A (sky130_fd_sc_hd__clkbuf_8)
     2    0.038403    0.059943    0.125842    0.446360 ^ clkbuf_2_0_0_HCLK/X (sky130_fd_sc_hd__clkbuf_8)
                                                         clknet_2_0_0_HCLK (net)
                      0.060132    0.002348    0.448708 ^ clkbuf_3_1__f_HCLK/A (sky130_fd_sc_hd__clkbuf_16)
     7    0.033698    0.040665    0.100963    0.549671 ^ clkbuf_3_1__f_HCLK/X (sky130_fd_sc_hd__clkbuf_16)
                                                         clknet_3_1__leaf_HCLK (net)
                      0.041032    0.003054    0.552725 ^ _161_/CLK (sky130_fd_sc_hd__dfrtp_1)
     2    0.004787    0.043066    0.210113    0.762839 ^ _161_/Q (sky130_fd_sc_hd__dfrtp_1)
                                                         net106 (net)
                      0.043066    0.000051    0.762889 ^ output106/A (sky130_fd_sc_hd__buf_2)
     1    0.034323    0.128342    0.141223    0.904113 ^ output106/X (sky130_fd_sc_hd__buf_2)
                                                         PADDR[10] (net)
                      0.128343    0.000357    0.904469 ^ PADDR[10] (out)
                                              0.904469   data arrival time

                                 10.000000   10.000000   clock HCLK (rise edge)
                                  0.000000   10.000000   clock network delay (propagated)
                                 -0.250000    9.750000   clock uncertainty
                                  0.000000    9.750000   clock reconvergence pessimism
                                 -2.000000    7.750000   output external delay
                                              7.750000   data required time
---------------------------------------------------------------------------------------------
                                              7.750000   data required time
                                             -0.904469   data arrival time
---------------------------------------------------------------------------------------------
                                              6.845531   slack (MET)


Startpoint: _194_ (rising edge-triggered flip-flop clocked by HCLK)
Endpoint: PWDATA[11] (output port clocked by HCLK)
Path Group: HCLK
Path Type: max

Fanout         Cap        Slew       Delay        Time   Description
---------------------------------------------------------------------------------------------
                                  0.000000    0.000000   clock HCLK (rise edge)
                                  0.000000    0.000000   clock source latency
     1    0.055995    0.191291    0.137855    0.137855 ^ HCLK (in)
                                                         HCLK (net)
                      0.192114    0.000000    0.137855 ^ clkbuf_0_HCLK/A (sky130_fd_sc_hd__clkbuf_16)
     5    0.123293    0.107273    0.173709    0.311564 ^ clkbuf_0_HCLK/X (sky130_fd_sc_hd__clkbuf_16)
                                                         clknet_0_HCLK (net)
                      0.108206    0.007999    0.319563 ^ clkbuf_2_2_0_HCLK/A (sky130_fd_sc_hd__clkbuf_8)
     2    0.034011    0.054612    0.121526    0.441089 ^ clkbuf_2_2_0_HCLK/X (sky130_fd_sc_hd__clkbuf_8)
                                                         clknet_2_2_0_HCLK (net)
                      0.054828    0.002355    0.443444 ^ clkbuf_3_4__f_HCLK/A (sky130_fd_sc_hd__clkbuf_16)
    11    0.038066    0.043854    0.102781    0.546225 ^ clkbuf_3_4__f_HCLK/X (sky130_fd_sc_hd__clkbuf_16)
                                                         clknet_3_4__leaf_HCLK (net)
                      0.043854    0.000262    0.546487 ^ _194_/CLK (sky130_fd_sc_hd__dfrtp_1)
     2    0.004944    0.043993    0.211729    0.758217 ^ _194_/Q (sky130_fd_sc_hd__dfrtp_1)
                                                         net144 (net)
                      0.043993    0.000037    0.758254 ^ output144/A (sky130_fd_sc_hd__buf_2)
     1    0.036033    0.134456    0.145688    0.903942 ^ output144/X (sky130_fd_sc_hd__buf_2)
                                                         PWDATA[11] (net)
                      0.134458    0.000399    0.904341 ^ PWDATA[11] (out)
                                              0.904341   data arrival time

                                 10.000000   10.000000   clock HCLK (rise edge)
                                  0.000000   10.000000   clock network delay (propagated)
                                 -0.250000    9.750000   clock uncertainty
                                  0.000000    9.750000   clock reconvergence pessimism
                                 -2.000000    7.750000   output external delay
                                              7.750000   data required time
---------------------------------------------------------------------------------------------
                                              7.750000   data required time
                                             -0.904341   data arrival time
---------------------------------------------------------------------------------------------
                                              6.845659   slack (MET)


Startpoint: _182_ (rising edge-triggered flip-flop clocked by HCLK)
Endpoint: PADDR[31] (output port clocked by HCLK)
Path Group: HCLK
Path Type: max

Fanout         Cap        Slew       Delay        Time   Description
---------------------------------------------------------------------------------------------
                                  0.000000    0.000000   clock HCLK (rise edge)
                                  0.000000    0.000000   clock source latency
     1    0.055995    0.191291    0.137855    0.137855 ^ HCLK (in)
                                                         HCLK (net)
                      0.192114    0.000000    0.137855 ^ clkbuf_0_HCLK/A (sky130_fd_sc_hd__clkbuf_16)
     5    0.123293    0.107273    0.173709    0.311564 ^ clkbuf_0_HCLK/X (sky130_fd_sc_hd__clkbuf_16)
                                                         clknet_0_HCLK (net)
                      0.108547    0.009308    0.320873 ^ clkbuf_2_1_0_HCLK/A (sky130_fd_sc_hd__clkbuf_8)
     2    0.035398    0.056328    0.122621    0.443494 ^ clkbuf_2_1_0_HCLK/X (sky130_fd_sc_hd__clkbuf_8)
                                                         clknet_2_1_0_HCLK (net)
                      0.056608    0.003111    0.446604 ^ clkbuf_3_2__f_HCLK/A (sky130_fd_sc_hd__clkbuf_16)
    10    0.035106    0.041785    0.101337    0.547941 ^ clkbuf_3_2__f_HCLK/X (sky130_fd_sc_hd__clkbuf_16)
                                                         clknet_3_2__leaf_HCLK (net)
                      0.041850    0.001569    0.549511 ^ _182_/CLK (sky130_fd_sc_hd__dfrtp_1)
     2    0.005218    0.045601    0.212439    0.761949 ^ _182_/Q (sky130_fd_sc_hd__dfrtp_1)
                                                         net129 (net)
                      0.045601    0.000050    0.761999 ^ output129/A (sky130_fd_sc_hd__buf_2)
     1    0.034100    0.127513    0.141548    0.903547 ^ output129/X (sky130_fd_sc_hd__buf_2)
                                                         PADDR[31] (net)
                      0.127549    0.000200    0.903747 ^ PADDR[31] (out)
                                              0.903747   data arrival time

                                 10.000000   10.000000   clock HCLK (rise edge)
                                  0.000000   10.000000   clock network delay (propagated)
                                 -0.250000    9.750000   clock uncertainty
                                  0.000000    9.750000   clock reconvergence pessimism
                                 -2.000000    7.750000   output external delay
                                              7.750000   data required time
---------------------------------------------------------------------------------------------
                                              7.750000   data required time
                                             -0.903747   data arrival time
---------------------------------------------------------------------------------------------
                                              6.846252   slack (MET)


Startpoint: _188_ (rising edge-triggered flip-flop clocked by HCLK)
Endpoint: PWDATA[5] (output port clocked by HCLK)
Path Group: HCLK
Path Type: max

Fanout         Cap        Slew       Delay        Time   Description
---------------------------------------------------------------------------------------------
                                  0.000000    0.000000   clock HCLK (rise edge)
                                  0.000000    0.000000   clock source latency
     1    0.055995    0.191291    0.137855    0.137855 ^ HCLK (in)
                                                         HCLK (net)
                      0.192114    0.000000    0.137855 ^ clkbuf_0_HCLK/A (sky130_fd_sc_hd__clkbuf_16)
     5    0.123293    0.107273    0.173709    0.311564 ^ clkbuf_0_HCLK/X (sky130_fd_sc_hd__clkbuf_16)
                                                         clknet_0_HCLK (net)
                      0.108206    0.007999    0.319563 ^ clkbuf_2_2_0_HCLK/A (sky130_fd_sc_hd__clkbuf_8)
     2    0.034011    0.054612    0.121526    0.441089 ^ clkbuf_2_2_0_HCLK/X (sky130_fd_sc_hd__clkbuf_8)
                                                         clknet_2_2_0_HCLK (net)
                      0.054886    0.002741    0.443830 ^ clkbuf_3_5__f_HCLK/A (sky130_fd_sc_hd__clkbuf_16)
    11    0.033948    0.040931    0.100302    0.544132 ^ clkbuf_3_5__f_HCLK/X (sky130_fd_sc_hd__clkbuf_16)
                                                         clknet_3_5__leaf_HCLK (net)
                      0.040936    0.000817    0.544949 ^ _188_/CLK (sky130_fd_sc_hd__dfrtp_1)
     2    0.005042    0.044562    0.211315    0.756264 ^ _188_/Q (sky130_fd_sc_hd__dfrtp_1)
                                                         net169 (net)
                      0.044562    0.000044    0.756307 ^ output169/A (sky130_fd_sc_hd__buf_2)
     1    0.035665    0.133154    0.144929    0.901236 ^ output169/X (sky130_fd_sc_hd__buf_2)
                                                         PWDATA[5] (net)
                      0.133156    0.000435    0.901671 ^ PWDATA[5] (out)
                                              0.901671   data arrival time

                                 10.000000   10.000000   clock HCLK (rise edge)
                                  0.000000   10.000000   clock network delay (propagated)
                                 -0.250000    9.750000   clock uncertainty
                                  0.000000    9.750000   clock reconvergence pessimism
                                 -2.000000    7.750000   output external delay
                                              7.750000   data required time
---------------------------------------------------------------------------------------------
                                              7.750000   data required time
                                             -0.901671   data arrival time
---------------------------------------------------------------------------------------------
                                              6.848328   slack (MET)


Startpoint: _151_ (rising edge-triggered flip-flop clocked by HCLK)
Endpoint: PADDR[0] (output port clocked by HCLK)
Path Group: HCLK
Path Type: max

Fanout         Cap        Slew       Delay        Time   Description
---------------------------------------------------------------------------------------------
                                  0.000000    0.000000   clock HCLK (rise edge)
                                  0.000000    0.000000   clock source latency
     1    0.055995    0.191291    0.137855    0.137855 ^ HCLK (in)
                                                         HCLK (net)
                      0.192114    0.000000    0.137855 ^ clkbuf_0_HCLK/A (sky130_fd_sc_hd__clkbuf_16)
     5    0.123293    0.107273    0.173709    0.311564 ^ clkbuf_0_HCLK/X (sky130_fd_sc_hd__clkbuf_16)
                                                         clknet_0_HCLK (net)
                      0.108547    0.009308    0.320873 ^ clkbuf_2_1_0_HCLK/A (sky130_fd_sc_hd__clkbuf_8)
     2    0.035398    0.056328    0.122621    0.443494 ^ clkbuf_2_1_0_HCLK/X (sky130_fd_sc_hd__clkbuf_8)
                                                         clknet_2_1_0_HCLK (net)
                      0.056586    0.002984    0.446478 ^ clkbuf_3_3__f_HCLK/A (sky130_fd_sc_hd__clkbuf_16)
    10    0.027240    0.036222    0.096776    0.543254 ^ clkbuf_3_3__f_HCLK/X (sky130_fd_sc_hd__clkbuf_16)
                                                         clknet_3_3__leaf_HCLK (net)
                      0.036222    0.000200    0.543454 ^ _151_/CLK (sky130_fd_sc_hd__dfrtp_1)
     2    0.005611    0.047920    0.212624    0.756078 ^ _151_/Q (sky130_fd_sc_hd__dfrtp_1)
                                                         net105 (net)
                      0.047920    0.000051    0.756129 ^ output105/A (sky130_fd_sc_hd__buf_2)
     1    0.034684    0.129570    0.143625    0.899753 ^ output105/X (sky130_fd_sc_hd__buf_2)
                                                         PADDR[0] (net)
                      0.129608    0.000297    0.900051 ^ PADDR[0] (out)
                                              0.900051   data arrival time

                                 10.000000   10.000000   clock HCLK (rise edge)
                                  0.000000   10.000000   clock network delay (propagated)
                                 -0.250000    9.750000   clock uncertainty
                                  0.000000    9.750000   clock reconvergence pessimism
                                 -2.000000    7.750000   output external delay
                                              7.750000   data required time
---------------------------------------------------------------------------------------------
                                              7.750000   data required time
                                             -0.900051   data arrival time
---------------------------------------------------------------------------------------------
                                              6.849949   slack (MET)


Startpoint: _198_ (rising edge-triggered flip-flop clocked by HCLK)
Endpoint: PWDATA[15] (output port clocked by HCLK)
Path Group: HCLK
Path Type: max

Fanout         Cap        Slew       Delay        Time   Description
---------------------------------------------------------------------------------------------
                                  0.000000    0.000000   clock HCLK (rise edge)
                                  0.000000    0.000000   clock source latency
     1    0.055995    0.191291    0.137855    0.137855 ^ HCLK (in)
                                                         HCLK (net)
                      0.192114    0.000000    0.137855 ^ clkbuf_0_HCLK/A (sky130_fd_sc_hd__clkbuf_16)
     5    0.123293    0.107273    0.173709    0.311564 ^ clkbuf_0_HCLK/X (sky130_fd_sc_hd__clkbuf_16)
                                                         clknet_0_HCLK (net)
                      0.108206    0.007999    0.319563 ^ clkbuf_2_2_0_HCLK/A (sky130_fd_sc_hd__clkbuf_8)
     2    0.034011    0.054612    0.121526    0.441089 ^ clkbuf_2_2_0_HCLK/X (sky130_fd_sc_hd__clkbuf_8)
                                                         clknet_2_2_0_HCLK (net)
                      0.054828    0.002355    0.443444 ^ clkbuf_3_4__f_HCLK/A (sky130_fd_sc_hd__clkbuf_16)
    11    0.038066    0.043854    0.102781    0.546225 ^ clkbuf_3_4__f_HCLK/X (sky130_fd_sc_hd__clkbuf_16)
                                                         clknet_3_4__leaf_HCLK (net)
                      0.043854    0.000223    0.546448 ^ _198_/CLK (sky130_fd_sc_hd__dfrtp_1)
     2    0.004646    0.042242    0.210291    0.756740 ^ _198_/Q (sky130_fd_sc_hd__dfrtp_1)
                                                         net148 (net)
                      0.042242    0.000047    0.756787 ^ output148/A (sky130_fd_sc_hd__buf_2)
     1    0.035071    0.131010    0.142919    0.899706 ^ output148/X (sky130_fd_sc_hd__buf_2)
                                                         PWDATA[15] (net)
                      0.131011    0.000207    0.899913 ^ PWDATA[15] (out)
                                              0.899913   data arrival time

                                 10.000000   10.000000   clock HCLK (rise edge)
                                  0.000000   10.000000   clock network delay (propagated)
                                 -0.250000    9.750000   clock uncertainty
                                  0.000000    9.750000   clock reconvergence pessimism
                                 -2.000000    7.750000   output external delay
                                              7.750000   data required time
---------------------------------------------------------------------------------------------
                                              7.750000   data required time
                                             -0.899913   data arrival time
---------------------------------------------------------------------------------------------
                                              6.850087   slack (MET)


Startpoint: _196_ (rising edge-triggered flip-flop clocked by HCLK)
Endpoint: PWDATA[13] (output port clocked by HCLK)
Path Group: HCLK
Path Type: max

Fanout         Cap        Slew       Delay        Time   Description
---------------------------------------------------------------------------------------------
                                  0.000000    0.000000   clock HCLK (rise edge)
                                  0.000000    0.000000   clock source latency
     1    0.055995    0.191291    0.137855    0.137855 ^ HCLK (in)
                                                         HCLK (net)
                      0.192114    0.000000    0.137855 ^ clkbuf_0_HCLK/A (sky130_fd_sc_hd__clkbuf_16)
     5    0.123293    0.107273    0.173709    0.311564 ^ clkbuf_0_HCLK/X (sky130_fd_sc_hd__clkbuf_16)
                                                         clknet_0_HCLK (net)
                      0.108206    0.007999    0.319563 ^ clkbuf_2_2_0_HCLK/A (sky130_fd_sc_hd__clkbuf_8)
     2    0.034011    0.054612    0.121526    0.441089 ^ clkbuf_2_2_0_HCLK/X (sky130_fd_sc_hd__clkbuf_8)
                                                         clknet_2_2_0_HCLK (net)
                      0.054886    0.002741    0.443830 ^ clkbuf_3_5__f_HCLK/A (sky130_fd_sc_hd__clkbuf_16)
    11    0.033948    0.040931    0.100302    0.544132 ^ clkbuf_3_5__f_HCLK/X (sky130_fd_sc_hd__clkbuf_16)
                                                         clknet_3_5__leaf_HCLK (net)
                      0.040957    0.001208    0.545340 ^ _196_/CLK (sky130_fd_sc_hd__dfrtp_1)
     2    0.005216    0.045588    0.212162    0.757502 ^ _196_/Q (sky130_fd_sc_hd__dfrtp_1)
                                                         net146 (net)
                      0.045588    0.000038    0.757540 ^ output146/A (sky130_fd_sc_hd__buf_2)
     1    0.034351    0.128402    0.142174    0.899715 ^ output146/X (sky130_fd_sc_hd__buf_2)
                                                         PWDATA[13] (net)
                      0.128438    0.000183    0.899898 ^ PWDATA[13] (out)
                                              0.899898   data arrival time

                                 10.000000   10.000000   clock HCLK (rise edge)
                                  0.000000   10.000000   clock network delay (propagated)
                                 -0.250000    9.750000   clock uncertainty
                                  0.000000    9.750000   clock reconvergence pessimism
                                 -2.000000    7.750000   output external delay
                                              7.750000   data required time
---------------------------------------------------------------------------------------------
                                              7.750000   data required time
                                             -0.899898   data arrival time
---------------------------------------------------------------------------------------------
                                              6.850102   slack (MET)


Startpoint: _193_ (rising edge-triggered flip-flop clocked by HCLK)
Endpoint: PWDATA[10] (output port clocked by HCLK)
Path Group: HCLK
Path Type: max

Fanout         Cap        Slew       Delay        Time   Description
---------------------------------------------------------------------------------------------
                                  0.000000    0.000000   clock HCLK (rise edge)
                                  0.000000    0.000000   clock source latency
     1    0.055995    0.191291    0.137855    0.137855 ^ HCLK (in)
                                                         HCLK (net)
                      0.192114    0.000000    0.137855 ^ clkbuf_0_HCLK/A (sky130_fd_sc_hd__clkbuf_16)
     5    0.123293    0.107273    0.173709    0.311564 ^ clkbuf_0_HCLK/X (sky130_fd_sc_hd__clkbuf_16)
                                                         clknet_0_HCLK (net)
                      0.108206    0.007999    0.319563 ^ clkbuf_2_2_0_HCLK/A (sky130_fd_sc_hd__clkbuf_8)
     2    0.034011    0.054612    0.121526    0.441089 ^ clkbuf_2_2_0_HCLK/X (sky130_fd_sc_hd__clkbuf_8)
                                                         clknet_2_2_0_HCLK (net)
                      0.054828    0.002355    0.443444 ^ clkbuf_3_4__f_HCLK/A (sky130_fd_sc_hd__clkbuf_16)
    11    0.038066    0.043854    0.102781    0.546225 ^ clkbuf_3_4__f_HCLK/X (sky130_fd_sc_hd__clkbuf_16)
                                                         clknet_3_4__leaf_HCLK (net)
                      0.043860    0.000449    0.546674 ^ _193_/CLK (sky130_fd_sc_hd__dfrtp_1)
     2    0.004382    0.040682    0.209033    0.755708 ^ _193_/Q (sky130_fd_sc_hd__dfrtp_1)
                                                         net143 (net)
                      0.040682    0.000032    0.755740 ^ output143/A (sky130_fd_sc_hd__buf_2)
     1    0.035625    0.132983    0.143801    0.899540 ^ output143/X (sky130_fd_sc_hd__buf_2)
                                                         PWDATA[10] (net)
                      0.132984    0.000221    0.899762 ^ PWDATA[10] (out)
                                              0.899762   data arrival time

                                 10.000000   10.000000   clock HCLK (rise edge)
                                  0.000000   10.000000   clock network delay (propagated)
                                 -0.250000    9.750000   clock uncertainty
                                  0.000000    9.750000   clock reconvergence pessimism
                                 -2.000000    7.750000   output external delay
                                              7.750000   data required time
---------------------------------------------------------------------------------------------
                                              7.750000   data required time
                                             -0.899762   data arrival time
---------------------------------------------------------------------------------------------
                                              6.850238   slack (MET)


Startpoint: _176_ (rising edge-triggered flip-flop clocked by HCLK)
Endpoint: PADDR[25] (output port clocked by HCLK)
Path Group: HCLK
Path Type: max

Fanout         Cap        Slew       Delay        Time   Description
---------------------------------------------------------------------------------------------
                                  0.000000    0.000000   clock HCLK (rise edge)
                                  0.000000    0.000000   clock source latency
     1    0.055995    0.191291    0.137855    0.137855 ^ HCLK (in)
                                                         HCLK (net)
                      0.192114    0.000000    0.137855 ^ clkbuf_0_HCLK/A (sky130_fd_sc_hd__clkbuf_16)
     5    0.123293    0.107273    0.173709    0.311564 ^ clkbuf_0_HCLK/X (sky130_fd_sc_hd__clkbuf_16)
                                                         clknet_0_HCLK (net)
                      0.108206    0.007999    0.319563 ^ clkbuf_2_2_0_HCLK/A (sky130_fd_sc_hd__clkbuf_8)
     2    0.034011    0.054612    0.121526    0.441089 ^ clkbuf_2_2_0_HCLK/X (sky130_fd_sc_hd__clkbuf_8)
                                                         clknet_2_2_0_HCLK (net)
                      0.054828    0.002355    0.443444 ^ clkbuf_3_4__f_HCLK/A (sky130_fd_sc_hd__clkbuf_16)
    11    0.038066    0.043854    0.102781    0.546225 ^ clkbuf_3_4__f_HCLK/X (sky130_fd_sc_hd__clkbuf_16)
                                                         clknet_3_4__leaf_HCLK (net)
                      0.043857    0.000374    0.546600 ^ _176_/CLK (sky130_fd_sc_hd__dfrtp_1)
     2    0.004227    0.039781    0.208279    0.754879 ^ _176_/Q (sky130_fd_sc_hd__dfrtp_1)
                                                         net122 (net)
                      0.039781    0.000034    0.754913 ^ output122/A (sky130_fd_sc_hd__buf_2)
     1    0.035295    0.131812    0.142727    0.897640 ^ output122/X (sky130_fd_sc_hd__buf_2)
                                                         PADDR[25] (net)
                      0.131813    0.000205    0.897845 ^ PADDR[25] (out)
                                              0.897845   data arrival time

                                 10.000000   10.000000   clock HCLK (rise edge)
                                  0.000000   10.000000   clock network delay (propagated)
                                 -0.250000    9.750000   clock uncertainty
                                  0.000000    9.750000   clock reconvergence pessimism
                                 -2.000000    7.750000   output external delay
                                              7.750000   data required time
---------------------------------------------------------------------------------------------
                                              7.750000   data required time
                                             -0.897845   data arrival time
---------------------------------------------------------------------------------------------
                                              6.852155   slack (MET)


Startpoint: _179_ (rising edge-triggered flip-flop clocked by HCLK)
Endpoint: PADDR[28] (output port clocked by HCLK)
Path Group: HCLK
Path Type: max

Fanout         Cap        Slew       Delay        Time   Description
---------------------------------------------------------------------------------------------
                                  0.000000    0.000000   clock HCLK (rise edge)
                                  0.000000    0.000000   clock source latency
     1    0.055995    0.191291    0.137855    0.137855 ^ HCLK (in)
                                                         HCLK (net)
                      0.192114    0.000000    0.137855 ^ clkbuf_0_HCLK/A (sky130_fd_sc_hd__clkbuf_16)
     5    0.123293    0.107273    0.173709    0.311564 ^ clkbuf_0_HCLK/X (sky130_fd_sc_hd__clkbuf_16)
                                                         clknet_0_HCLK (net)
                      0.108547    0.009308    0.320873 ^ clkbuf_2_1_0_HCLK/A (sky130_fd_sc_hd__clkbuf_8)
     2    0.035398    0.056328    0.122621    0.443494 ^ clkbuf_2_1_0_HCLK/X (sky130_fd_sc_hd__clkbuf_8)
                                                         clknet_2_1_0_HCLK (net)
                      0.056586    0.002984    0.446478 ^ clkbuf_3_3__f_HCLK/A (sky130_fd_sc_hd__clkbuf_16)
    10    0.027240    0.036222    0.096776    0.543254 ^ clkbuf_3_3__f_HCLK/X (sky130_fd_sc_hd__clkbuf_16)
                                                         clknet_3_3__leaf_HCLK (net)
                      0.036223    0.000218    0.543471 ^ _179_/CLK (sky130_fd_sc_hd__dfrtp_1)
     2    0.005506    0.047303    0.212119    0.755590 ^ _179_/Q (sky130_fd_sc_hd__dfrtp_1)
                                                         net125 (net)
                      0.047303    0.000051    0.755641 ^ output125/A (sky130_fd_sc_hd__buf_2)
     1    0.034055    0.127333    0.141924    0.897566 ^ output125/X (sky130_fd_sc_hd__buf_2)
                                                         PADDR[28] (net)
                      0.127369    0.000242    0.897808 ^ PADDR[28] (out)
                                              0.897808   data arrival time

                                 10.000000   10.000000   clock HCLK (rise edge)
                                  0.000000   10.000000   clock network delay (propagated)
                                 -0.250000    9.750000   clock uncertainty
                                  0.000000    9.750000   clock reconvergence pessimism
                                 -2.000000    7.750000   output external delay
                                              7.750000   data required time
---------------------------------------------------------------------------------------------
                                              7.750000   data required time
                                             -0.897808   data arrival time
---------------------------------------------------------------------------------------------
                                              6.852192   slack (MET)


Startpoint: _204_ (rising edge-triggered flip-flop clocked by HCLK)
Endpoint: PWDATA[21] (output port clocked by HCLK)
Path Group: HCLK
Path Type: max

Fanout         Cap        Slew       Delay        Time   Description
---------------------------------------------------------------------------------------------
                                  0.000000    0.000000   clock HCLK (rise edge)
                                  0.000000    0.000000   clock source latency
     1    0.055995    0.191291    0.137855    0.137855 ^ HCLK (in)
                                                         HCLK (net)
                      0.192114    0.000000    0.137855 ^ clkbuf_0_HCLK/A (sky130_fd_sc_hd__clkbuf_16)
     5    0.123293    0.107273    0.173709    0.311564 ^ clkbuf_0_HCLK/X (sky130_fd_sc_hd__clkbuf_16)
                                                         clknet_0_HCLK (net)
                      0.108547    0.009308    0.320873 ^ clkbuf_2_1_0_HCLK/A (sky130_fd_sc_hd__clkbuf_8)
     2    0.035398    0.056328    0.122621    0.443494 ^ clkbuf_2_1_0_HCLK/X (sky130_fd_sc_hd__clkbuf_8)
                                                         clknet_2_1_0_HCLK (net)
                      0.056586    0.002984    0.446478 ^ clkbuf_3_3__f_HCLK/A (sky130_fd_sc_hd__clkbuf_16)
    10    0.027240    0.036222    0.096776    0.543254 ^ clkbuf_3_3__f_HCLK/X (sky130_fd_sc_hd__clkbuf_16)
                                                         clknet_3_3__leaf_HCLK (net)
                      0.036223    0.000234    0.543487 ^ _204_/CLK (sky130_fd_sc_hd__dfrtp_1)
     2    0.005388    0.046597    0.211554    0.755041 ^ _204_/Q (sky130_fd_sc_hd__dfrtp_1)
                                                         net155 (net)
                      0.046597    0.000041    0.755082 ^ output155/A (sky130_fd_sc_hd__buf_2)
     1    0.034164    0.127725    0.141968    0.897050 ^ output155/X (sky130_fd_sc_hd__buf_2)
                                                         PWDATA[21] (net)
                      0.127761    0.000260    0.897310 ^ PWDATA[21] (out)
                                              0.897310   data arrival time

                                 10.000000   10.000000   clock HCLK (rise edge)
                                  0.000000   10.000000   clock network delay (propagated)
                                 -0.250000    9.750000   clock uncertainty
                                  0.000000    9.750000   clock reconvergence pessimism
                                 -2.000000    7.750000   output external delay
                                              7.750000   data required time
---------------------------------------------------------------------------------------------
                                              7.750000   data required time
                                             -0.897310   data arrival time
---------------------------------------------------------------------------------------------
                                              6.852690   slack (MET)


Startpoint: _186_ (rising edge-triggered flip-flop clocked by HCLK)
Endpoint: PWDATA[3] (output port clocked by HCLK)
Path Group: HCLK
Path Type: max

Fanout         Cap        Slew       Delay        Time   Description
---------------------------------------------------------------------------------------------
                                  0.000000    0.000000   clock HCLK (rise edge)
                                  0.000000    0.000000   clock source latency
     1    0.055995    0.191291    0.137855    0.137855 ^ HCLK (in)
                                                         HCLK (net)
                      0.192114    0.000000    0.137855 ^ clkbuf_0_HCLK/A (sky130_fd_sc_hd__clkbuf_16)
     5    0.123293    0.107273    0.173709    0.311564 ^ clkbuf_0_HCLK/X (sky130_fd_sc_hd__clkbuf_16)
                                                         clknet_0_HCLK (net)
                      0.108206    0.007999    0.319563 ^ clkbuf_2_2_0_HCLK/A (sky130_fd_sc_hd__clkbuf_8)
     2    0.034011    0.054612    0.121526    0.441089 ^ clkbuf_2_2_0_HCLK/X (sky130_fd_sc_hd__clkbuf_8)
                                                         clknet_2_2_0_HCLK (net)
                      0.054886    0.002741    0.443830 ^ clkbuf_3_5__f_HCLK/A (sky130_fd_sc_hd__clkbuf_16)
    11    0.033948    0.040931    0.100302    0.544132 ^ clkbuf_3_5__f_HCLK/X (sky130_fd_sc_hd__clkbuf_16)
                                                         clknet_3_5__leaf_HCLK (net)
                      0.040968    0.001357    0.545489 ^ _186_/CLK (sky130_fd_sc_hd__dfrtp_1)
     2    0.004645    0.042233    0.209417    0.754907 ^ _186_/Q (sky130_fd_sc_hd__dfrtp_1)
                                                         net167 (net)
                      0.042233    0.000030    0.754936 ^ output167/A (sky130_fd_sc_hd__buf_2)
     1    0.034608    0.129372    0.141737    0.896673 ^ output167/X (sky130_fd_sc_hd__buf_2)
                                                         PWDATA[3] (net)
                      0.129373    0.000261    0.896934 ^ PWDATA[3] (out)
                                              0.896934   data arrival time

                                 10.000000   10.000000   clock HCLK (rise edge)
                                  0.000000   10.000000   clock network delay (propagated)
                                 -0.250000    9.750000   clock uncertainty
                                  0.000000    9.750000   clock reconvergence pessimism
                                 -2.000000    7.750000   output external delay
                                              7.750000   data required time
---------------------------------------------------------------------------------------------
                                              7.750000   data required time
                                             -0.896934   data arrival time
---------------------------------------------------------------------------------------------
                                              6.853066   slack (MET)


Startpoint: _152_ (rising edge-triggered flip-flop clocked by HCLK)
Endpoint: PADDR[1] (output port clocked by HCLK)
Path Group: HCLK
Path Type: max

Fanout         Cap        Slew       Delay        Time   Description
---------------------------------------------------------------------------------------------
                                  0.000000    0.000000   clock HCLK (rise edge)
                                  0.000000    0.000000   clock source latency
     1    0.055995    0.191291    0.137855    0.137855 ^ HCLK (in)
                                                         HCLK (net)
                      0.192114    0.000000    0.137855 ^ clkbuf_0_HCLK/A (sky130_fd_sc_hd__clkbuf_16)
     5    0.123293    0.107273    0.173709    0.311564 ^ clkbuf_0_HCLK/X (sky130_fd_sc_hd__clkbuf_16)
                                                         clknet_0_HCLK (net)
                      0.108206    0.007999    0.319563 ^ clkbuf_2_2_0_HCLK/A (sky130_fd_sc_hd__clkbuf_8)
     2    0.034011    0.054612    0.121526    0.441089 ^ clkbuf_2_2_0_HCLK/X (sky130_fd_sc_hd__clkbuf_8)
                                                         clknet_2_2_0_HCLK (net)
                      0.054886    0.002741    0.443830 ^ clkbuf_3_5__f_HCLK/A (sky130_fd_sc_hd__clkbuf_16)
    11    0.033948    0.040931    0.100302    0.544132 ^ clkbuf_3_5__f_HCLK/X (sky130_fd_sc_hd__clkbuf_16)
                                                         clknet_3_5__leaf_HCLK (net)
                      0.040965    0.001313    0.545445 ^ _152_/CLK (sky130_fd_sc_hd__dfrtp_1)
     2    0.004642    0.042218    0.209396    0.754841 ^ _152_/Q (sky130_fd_sc_hd__dfrtp_1)
                                                         net116 (net)
                      0.042218    0.000054    0.754895 ^ output116/A (sky130_fd_sc_hd__buf_2)
     1    0.034349    0.128456    0.141080    0.895975 ^ output116/X (sky130_fd_sc_hd__buf_2)
                                                         PADDR[1] (net)
                      0.128457    0.000281    0.896256 ^ PADDR[1] (out)
                                              0.896256   data arrival time

                                 10.000000   10.000000   clock HCLK (rise edge)
                                  0.000000   10.000000   clock network delay (propagated)
                                 -0.250000    9.750000   clock uncertainty
                                  0.000000    9.750000   clock reconvergence pessimism
                                 -2.000000    7.750000   output external delay
                                              7.750000   data required time
---------------------------------------------------------------------------------------------
                                              7.750000   data required time
                                             -0.896256   data arrival time
---------------------------------------------------------------------------------------------
                                              6.853744   slack (MET)


Startpoint: _166_ (rising edge-triggered flip-flop clocked by HCLK)
Endpoint: PADDR[15] (output port clocked by HCLK)
Path Group: HCLK
Path Type: max

Fanout         Cap        Slew       Delay        Time   Description
---------------------------------------------------------------------------------------------
                                  0.000000    0.000000   clock HCLK (rise edge)
                                  0.000000    0.000000   clock source latency
     1    0.055995    0.191291    0.137855    0.137855 ^ HCLK (in)
                                                         HCLK (net)
                      0.192114    0.000000    0.137855 ^ clkbuf_0_HCLK/A (sky130_fd_sc_hd__clkbuf_16)
     5    0.123293    0.107273    0.173709    0.311564 ^ clkbuf_0_HCLK/X (sky130_fd_sc_hd__clkbuf_16)
                                                         clknet_0_HCLK (net)
                      0.108547    0.009308    0.320873 ^ clkbuf_2_1_0_HCLK/A (sky130_fd_sc_hd__clkbuf_8)
     2    0.035398    0.056328    0.122621    0.443494 ^ clkbuf_2_1_0_HCLK/X (sky130_fd_sc_hd__clkbuf_8)
                                                         clknet_2_1_0_HCLK (net)
                      0.056586    0.002984    0.446478 ^ clkbuf_3_3__f_HCLK/A (sky130_fd_sc_hd__clkbuf_16)
    10    0.027240    0.036222    0.096776    0.543254 ^ clkbuf_3_3__f_HCLK/X (sky130_fd_sc_hd__clkbuf_16)
                                                         clknet_3_3__leaf_HCLK (net)
                      0.036223    0.000267    0.543521 ^ _166_/CLK (sky130_fd_sc_hd__dfrtp_1)
     2    0.004966    0.044110    0.209522    0.753043 ^ _166_/Q (sky130_fd_sc_hd__dfrtp_1)
                                                         net111 (net)
                      0.044110    0.000041    0.753083 ^ output111/A (sky130_fd_sc_hd__buf_2)
     1    0.034498    0.128945    0.142010    0.895093 ^ output111/X (sky130_fd_sc_hd__buf_2)
                                                         PADDR[15] (net)
                      0.128982    0.000294    0.895388 ^ PADDR[15] (out)
                                              0.895388   data arrival time

                                 10.000000   10.000000   clock HCLK (rise edge)
                                  0.000000   10.000000   clock network delay (propagated)
                                 -0.250000    9.750000   clock uncertainty
                                  0.000000    9.750000   clock reconvergence pessimism
                                 -2.000000    7.750000   output external delay
                                              7.750000   data required time
---------------------------------------------------------------------------------------------
                                              7.750000   data required time
                                             -0.895388   data arrival time
---------------------------------------------------------------------------------------------
                                              6.854612   slack (MET)


Startpoint: _169_ (rising edge-triggered flip-flop clocked by HCLK)
Endpoint: PADDR[18] (output port clocked by HCLK)
Path Group: HCLK
Path Type: max

Fanout         Cap        Slew       Delay        Time   Description
---------------------------------------------------------------------------------------------
                                  0.000000    0.000000   clock HCLK (rise edge)
                                  0.000000    0.000000   clock source latency
     1    0.055995    0.191291    0.137855    0.137855 ^ HCLK (in)
                                                         HCLK (net)
                      0.192114    0.000000    0.137855 ^ clkbuf_0_HCLK/A (sky130_fd_sc_hd__clkbuf_16)
     5    0.123293    0.107273    0.173709    0.311564 ^ clkbuf_0_HCLK/X (sky130_fd_sc_hd__clkbuf_16)
                                                         clknet_0_HCLK (net)
                      0.108206    0.007999    0.319563 ^ clkbuf_2_2_0_HCLK/A (sky130_fd_sc_hd__clkbuf_8)
     2    0.034011    0.054612    0.121526    0.441089 ^ clkbuf_2_2_0_HCLK/X (sky130_fd_sc_hd__clkbuf_8)
                                                         clknet_2_2_0_HCLK (net)
                      0.054886    0.002741    0.443830 ^ clkbuf_3_5__f_HCLK/A (sky130_fd_sc_hd__clkbuf_16)
    11    0.033948    0.040931    0.100302    0.544132 ^ clkbuf_3_5__f_HCLK/X (sky130_fd_sc_hd__clkbuf_16)
                                                         clknet_3_5__leaf_HCLK (net)
                      0.040970    0.001378    0.545510 ^ _169_/CLK (sky130_fd_sc_hd__dfrtp_1)
     2    0.004618    0.042078    0.209288    0.754797 ^ _169_/Q (sky130_fd_sc_hd__dfrtp_1)
                                                         net114 (net)
                      0.042078    0.000040    0.754837 ^ output114/A (sky130_fd_sc_hd__buf_2)
     1    0.034000    0.127161    0.140252    0.895089 ^ output114/X (sky130_fd_sc_hd__buf_2)
                                                         PADDR[18] (net)
                      0.127196    0.000172    0.895262 ^ PADDR[18] (out)
                                              0.895262   data arrival time

                                 10.000000   10.000000   clock HCLK (rise edge)
                                  0.000000   10.000000   clock network delay (propagated)
                                 -0.250000    9.750000   clock uncertainty
                                  0.000000    9.750000   clock reconvergence pessimism
                                 -2.000000    7.750000   output external delay
                                              7.750000   data required time
---------------------------------------------------------------------------------------------
                                              7.750000   data required time
                                             -0.895262   data arrival time
---------------------------------------------------------------------------------------------
                                              6.854738   slack (MET)


Startpoint: _213_ (rising edge-triggered flip-flop clocked by HCLK)
Endpoint: PWDATA[30] (output port clocked by HCLK)
Path Group: HCLK
Path Type: max

Fanout         Cap        Slew       Delay        Time   Description
---------------------------------------------------------------------------------------------
                                  0.000000    0.000000   clock HCLK (rise edge)
                                  0.000000    0.000000   clock source latency
     1    0.055995    0.191291    0.137855    0.137855 ^ HCLK (in)
                                                         HCLK (net)
                      0.192114    0.000000    0.137855 ^ clkbuf_0_HCLK/A (sky130_fd_sc_hd__clkbuf_16)
     5    0.123293    0.107273    0.173709    0.311564 ^ clkbuf_0_HCLK/X (sky130_fd_sc_hd__clkbuf_16)
                                                         clknet_0_HCLK (net)
                      0.108547    0.009308    0.320873 ^ clkbuf_2_1_0_HCLK/A (sky130_fd_sc_hd__clkbuf_8)
     2    0.035398    0.056328    0.122621    0.443494 ^ clkbuf_2_1_0_HCLK/X (sky130_fd_sc_hd__clkbuf_8)
                                                         clknet_2_1_0_HCLK (net)
                      0.056586    0.002984    0.446478 ^ clkbuf_3_3__f_HCLK/A (sky130_fd_sc_hd__clkbuf_16)
    10    0.027240    0.036222    0.096776    0.543254 ^ clkbuf_3_3__f_HCLK/X (sky130_fd_sc_hd__clkbuf_16)
                                                         clknet_3_3__leaf_HCLK (net)
                      0.036222    0.000161    0.543415 ^ _213_/CLK (sky130_fd_sc_hd__dfrtp_1)
     2    0.004616    0.042061    0.207844    0.751259 ^ _213_/Q (sky130_fd_sc_hd__dfrtp_1)
                                                         net165 (net)
                      0.042061    0.000028    0.751286 ^ output165/A (sky130_fd_sc_hd__buf_2)
     1    0.035239    0.131607    0.143277    0.894563 ^ output165/X (sky130_fd_sc_hd__buf_2)
                                                         PWDATA[30] (net)
                      0.131608    0.000209    0.894772 ^ PWDATA[30] (out)
                                              0.894772   data arrival time

                                 10.000000   10.000000   clock HCLK (rise edge)
                                  0.000000   10.000000   clock network delay (propagated)
                                 -0.250000    9.750000   clock uncertainty
                                  0.000000    9.750000   clock reconvergence pessimism
                                 -2.000000    7.750000   output external delay
                                              7.750000   data required time
---------------------------------------------------------------------------------------------
                                              7.750000   data required time
                                             -0.894772   data arrival time
---------------------------------------------------------------------------------------------
                                              6.855227   slack (MET)


Startpoint: _205_ (rising edge-triggered flip-flop clocked by HCLK)
Endpoint: PWDATA[22] (output port clocked by HCLK)
Path Group: HCLK
Path Type: max

Fanout         Cap        Slew       Delay        Time   Description
---------------------------------------------------------------------------------------------
                                  0.000000    0.000000   clock HCLK (rise edge)
                                  0.000000    0.000000   clock source latency
     1    0.055995    0.191291    0.137855    0.137855 ^ HCLK (in)
                                                         HCLK (net)
                      0.192114    0.000000    0.137855 ^ clkbuf_0_HCLK/A (sky130_fd_sc_hd__clkbuf_16)
     5    0.123293    0.107273    0.173709    0.311564 ^ clkbuf_0_HCLK/X (sky130_fd_sc_hd__clkbuf_16)
                                                         clknet_0_HCLK (net)
                      0.108547    0.009308    0.320873 ^ clkbuf_2_1_0_HCLK/A (sky130_fd_sc_hd__clkbuf_8)
     2    0.035398    0.056328    0.122621    0.443494 ^ clkbuf_2_1_0_HCLK/X (sky130_fd_sc_hd__clkbuf_8)
                                                         clknet_2_1_0_HCLK (net)
                      0.056586    0.002984    0.446478 ^ clkbuf_3_3__f_HCLK/A (sky130_fd_sc_hd__clkbuf_16)
    10    0.027240    0.036222    0.096776    0.543254 ^ clkbuf_3_3__f_HCLK/X (sky130_fd_sc_hd__clkbuf_16)
                                                         clknet_3_3__leaf_HCLK (net)
                      0.036222    0.000131    0.543384 ^ _205_/CLK (sky130_fd_sc_hd__dfrtp_1)
     2    0.004152    0.039342    0.205611    0.748995 ^ _205_/Q (sky130_fd_sc_hd__dfrtp_1)
                                                         net156 (net)
                      0.039342    0.000012    0.749008 ^ output156/A (sky130_fd_sc_hd__buf_2)
     1    0.035564    0.132809    0.143089    0.892097 ^ output156/X (sky130_fd_sc_hd__buf_2)
                                                         PWDATA[22] (net)
                      0.132811    0.000448    0.892545 ^ PWDATA[22] (out)
                                              0.892545   data arrival time

                                 10.000000   10.000000   clock HCLK (rise edge)
                                  0.000000   10.000000   clock network delay (propagated)
                                 -0.250000    9.750000   clock uncertainty
                                  0.000000    9.750000   clock reconvergence pessimism
                                 -2.000000    7.750000   output external delay
                                              7.750000   data required time
---------------------------------------------------------------------------------------------
                                              7.750000   data required time
                                             -0.892545   data arrival time
---------------------------------------------------------------------------------------------
                                              6.857454   slack (MET)


Startpoint: _201_ (rising edge-triggered flip-flop clocked by HCLK)
Endpoint: PWDATA[18] (output port clocked by HCLK)
Path Group: HCLK
Path Type: max

Fanout         Cap        Slew       Delay        Time   Description
---------------------------------------------------------------------------------------------
                                  0.000000    0.000000   clock HCLK (rise edge)
                                  0.000000    0.000000   clock source latency
     1    0.055995    0.191291    0.137855    0.137855 ^ HCLK (in)
                                                         HCLK (net)
                      0.192114    0.000000    0.137855 ^ clkbuf_0_HCLK/A (sky130_fd_sc_hd__clkbuf_16)
     5    0.123293    0.107273    0.173709    0.311564 ^ clkbuf_0_HCLK/X (sky130_fd_sc_hd__clkbuf_16)
                                                         clknet_0_HCLK (net)
                      0.108547    0.009308    0.320873 ^ clkbuf_2_1_0_HCLK/A (sky130_fd_sc_hd__clkbuf_8)
     2    0.035398    0.056328    0.122621    0.443494 ^ clkbuf_2_1_0_HCLK/X (sky130_fd_sc_hd__clkbuf_8)
                                                         clknet_2_1_0_HCLK (net)
                      0.056586    0.002984    0.446478 ^ clkbuf_3_3__f_HCLK/A (sky130_fd_sc_hd__clkbuf_16)
    10    0.027240    0.036222    0.096776    0.543254 ^ clkbuf_3_3__f_HCLK/X (sky130_fd_sc_hd__clkbuf_16)
                                                         clknet_3_3__leaf_HCLK (net)
                      0.036223    0.000253    0.543506 ^ _201_/CLK (sky130_fd_sc_hd__dfrtp_1)
     2    0.004096    0.039015    0.205337    0.748843 ^ _201_/Q (sky130_fd_sc_hd__dfrtp_1)
                                                         net151 (net)
                      0.039015    0.000033    0.748876 ^ output151/A (sky130_fd_sc_hd__buf_2)
     1    0.035219    0.131546    0.142288    0.891164 ^ output151/X (sky130_fd_sc_hd__buf_2)
                                                         PWDATA[18] (net)
                      0.131547    0.000231    0.891395 ^ PWDATA[18] (out)
                                              0.891395   data arrival time

                                 10.000000   10.000000   clock HCLK (rise edge)
                                  0.000000   10.000000   clock network delay (propagated)
                                 -0.250000    9.750000   clock uncertainty
                                  0.000000    9.750000   clock reconvergence pessimism
                                 -2.000000    7.750000   output external delay
                                              7.750000   data required time
---------------------------------------------------------------------------------------------
                                              7.750000   data required time
                                             -0.891395   data arrival time
---------------------------------------------------------------------------------------------
                                              6.858605   slack (MET)


Startpoint: HTRANS[1] (input port clocked by HCLK)
Endpoint: _210_ (rising edge-triggered flip-flop clocked by HCLK)
Path Group: HCLK
Path Type: max

Fanout         Cap        Slew       Delay        Time   Description
---------------------------------------------------------------------------------------------
                                  0.000000    0.000000   clock HCLK (rise edge)
                                  0.000000    0.000000   clock network delay (propagated)
                                  2.000000    2.000000 v input external delay
     1    0.002735    0.004637    0.002201    2.002201 v HTRANS[1] (in)
                                                         HTRANS[1] (net)
                      0.004637    0.000000    2.002201 v input35/A (sky130_fd_sc_hd__buf_1)
     2    0.013201    0.055715    0.078138    2.080339 v input35/X (sky130_fd_sc_hd__buf_1)
                                                         net35 (net)
                      0.055724    0.000711    2.081050 v _083_/A (sky130_fd_sc_hd__nand2_1)
     1    0.009568    0.075376    0.078896    2.159946 ^ _083_/Y (sky130_fd_sc_hd__nand2_1)
                                                         _071_ (net)
                      0.075376    0.000172    2.160118 ^ fanout183/A (sky130_fd_sc_hd__buf_8)
     6    0.129027    0.157464    0.148259    2.308377 ^ fanout183/X (sky130_fd_sc_hd__buf_8)
                                                         net183 (net)
                      0.165281    0.026769    2.335146 ^ fanout178/A (sky130_fd_sc_hd__buf_8)
     5    0.115346    0.143556    0.156073    2.491219 ^ fanout178/X (sky130_fd_sc_hd__buf_8)
                                                         net178 (net)
                      0.144472    0.009255    2.500474 ^ fanout176/A (sky130_fd_sc_hd__buf_8)
    12    0.122472    0.151054    0.153159    2.653633 ^ fanout176/X (sky130_fd_sc_hd__buf_8)
                                                         net176 (net)
                      0.162545    0.032308    2.685941 ^ fanout175/A (sky130_fd_sc_hd__clkbuf_4)
    10    0.050482    0.119377    0.182685    2.868626 ^ fanout175/X (sky130_fd_sc_hd__clkbuf_4)
                                                         net175 (net)
                      0.119380    0.000784    2.869410 ^ _143_/S (sky130_fd_sc_hd__mux2_1)
     1    0.003614    0.041551    0.196091    3.065502 v _143_/X (sky130_fd_sc_hd__mux2_1)
                                                         _059_ (net)
                      0.041551    0.000045    3.065546 v _210_/D (sky130_fd_sc_hd__dfrtp_1)
                                              3.065546   data arrival time

                                 10.000000   10.000000   clock HCLK (rise edge)
                                  0.000000   10.000000   clock source latency
     1    0.055995    0.191291    0.137855   10.137856 ^ HCLK (in)
                                                         HCLK (net)
                      0.192114    0.000000   10.137856 ^ clkbuf_0_HCLK/A (sky130_fd_sc_hd__clkbuf_16)
     5    0.123293    0.107273    0.173709   10.311564 ^ clkbuf_0_HCLK/X (sky130_fd_sc_hd__clkbuf_16)
                                                         clknet_0_HCLK (net)
                      0.108547    0.009308   10.320872 ^ clkbuf_2_1_0_HCLK/A (sky130_fd_sc_hd__clkbuf_8)
     2    0.035398    0.056328    0.122621   10.443494 ^ clkbuf_2_1_0_HCLK/X (sky130_fd_sc_hd__clkbuf_8)
                                                         clknet_2_1_0_HCLK (net)
                      0.056586    0.002984   10.446478 ^ clkbuf_3_3__f_HCLK/A (sky130_fd_sc_hd__clkbuf_16)
    10    0.027240    0.036222    0.096776   10.543254 ^ clkbuf_3_3__f_HCLK/X (sky130_fd_sc_hd__clkbuf_16)
                                                         clknet_3_3__leaf_HCLK (net)
                      0.036222    0.000138   10.543391 ^ _210_/CLK (sky130_fd_sc_hd__dfrtp_1)
                                 -0.250000   10.293391   clock uncertainty
                                  0.000000   10.293391   clock reconvergence pessimism
                                 -0.075449   10.217942   library setup time
                                             10.217942   data required time
---------------------------------------------------------------------------------------------
                                             10.217942   data required time
                                             -3.065546   data arrival time
---------------------------------------------------------------------------------------------
                                              7.152396   slack (MET)


Startpoint: HTRANS[1] (input port clocked by HCLK)
Endpoint: _213_ (rising edge-triggered flip-flop clocked by HCLK)
Path Group: HCLK
Path Type: max

Fanout         Cap        Slew       Delay        Time   Description
---------------------------------------------------------------------------------------------
                                  0.000000    0.000000   clock HCLK (rise edge)
                                  0.000000    0.000000   clock network delay (propagated)
                                  2.000000    2.000000 v input external delay
     1    0.002735    0.004637    0.002201    2.002201 v HTRANS[1] (in)
                                                         HTRANS[1] (net)
                      0.004637    0.000000    2.002201 v input35/A (sky130_fd_sc_hd__buf_1)
     2    0.013201    0.055715    0.078138    2.080339 v input35/X (sky130_fd_sc_hd__buf_1)
                                                         net35 (net)
                      0.055724    0.000711    2.081050 v _083_/A (sky130_fd_sc_hd__nand2_1)
     1    0.009568    0.075376    0.078896    2.159946 ^ _083_/Y (sky130_fd_sc_hd__nand2_1)
                                                         _071_ (net)
                      0.075376    0.000172    2.160118 ^ fanout183/A (sky130_fd_sc_hd__buf_8)
     6    0.129027    0.157464    0.148259    2.308377 ^ fanout183/X (sky130_fd_sc_hd__buf_8)
                                                         net183 (net)
                      0.165281    0.026769    2.335146 ^ fanout178/A (sky130_fd_sc_hd__buf_8)
     5    0.115346    0.143556    0.156073    2.491219 ^ fanout178/X (sky130_fd_sc_hd__buf_8)
                                                         net178 (net)
                      0.144472    0.009255    2.500474 ^ fanout176/A (sky130_fd_sc_hd__buf_8)
    12    0.122472    0.151054    0.153159    2.653633 ^ fanout176/X (sky130_fd_sc_hd__buf_8)
                                                         net176 (net)
                      0.162545    0.032308    2.685941 ^ fanout175/A (sky130_fd_sc_hd__clkbuf_4)
    10    0.050482    0.119377    0.182685    2.868626 ^ fanout175/X (sky130_fd_sc_hd__clkbuf_4)
                                                         net175 (net)
                      0.119389    0.001290    2.869916 ^ _146_/S (sky130_fd_sc_hd__mux2_1)
     1    0.002401    0.036495    0.188618    3.058534 v _146_/X (sky130_fd_sc_hd__mux2_1)
                                                         _062_ (net)
                      0.036495    0.000021    3.058556 v _213_/D (sky130_fd_sc_hd__dfrtp_1)
                                              3.058556   data arrival time

                                 10.000000   10.000000   clock HCLK (rise edge)
                                  0.000000   10.000000   clock source latency
     1    0.055995    0.191291    0.137855   10.137856 ^ HCLK (in)
                                                         HCLK (net)
                      0.192114    0.000000   10.137856 ^ clkbuf_0_HCLK/A (sky130_fd_sc_hd__clkbuf_16)
     5    0.123293    0.107273    0.173709   10.311564 ^ clkbuf_0_HCLK/X (sky130_fd_sc_hd__clkbuf_16)
                                                         clknet_0_HCLK (net)
                      0.108547    0.009308   10.320872 ^ clkbuf_2_1_0_HCLK/A (sky130_fd_sc_hd__clkbuf_8)
     2    0.035398    0.056328    0.122621   10.443494 ^ clkbuf_2_1_0_HCLK/X (sky130_fd_sc_hd__clkbuf_8)
                                                         clknet_2_1_0_HCLK (net)
                      0.056586    0.002984   10.446478 ^ clkbuf_3_3__f_HCLK/A (sky130_fd_sc_hd__clkbuf_16)
    10    0.027240    0.036222    0.096776   10.543254 ^ clkbuf_3_3__f_HCLK/X (sky130_fd_sc_hd__clkbuf_16)
                                                         clknet_3_3__leaf_HCLK (net)
                      0.036222    0.000162   10.543415 ^ _213_/CLK (sky130_fd_sc_hd__dfrtp_1)
                                 -0.250000   10.293415   clock uncertainty
                                  0.000000   10.293415   clock reconvergence pessimism
                                 -0.073644   10.219772   library setup time
                                             10.219772   data required time
---------------------------------------------------------------------------------------------
                                             10.219772   data required time
                                             -3.058556   data arrival time
---------------------------------------------------------------------------------------------
                                              7.161217   slack (MET)


Startpoint: HTRANS[1] (input port clocked by HCLK)
Endpoint: _201_ (rising edge-triggered flip-flop clocked by HCLK)
Path Group: HCLK
Path Type: max

Fanout         Cap        Slew       Delay        Time   Description
---------------------------------------------------------------------------------------------
                                  0.000000    0.000000   clock HCLK (rise edge)
                                  0.000000    0.000000   clock network delay (propagated)
                                  2.000000    2.000000 v input external delay
     1    0.002735    0.004637    0.002201    2.002201 v HTRANS[1] (in)
                                                         HTRANS[1] (net)
                      0.004637    0.000000    2.002201 v input35/A (sky130_fd_sc_hd__buf_1)
     2    0.013201    0.055715    0.078138    2.080339 v input35/X (sky130_fd_sc_hd__buf_1)
                                                         net35 (net)
                      0.055724    0.000711    2.081050 v _083_/A (sky130_fd_sc_hd__nand2_1)
     1    0.009568    0.075376    0.078896    2.159946 ^ _083_/Y (sky130_fd_sc_hd__nand2_1)
                                                         _071_ (net)
                      0.075376    0.000172    2.160118 ^ fanout183/A (sky130_fd_sc_hd__buf_8)
     6    0.129027    0.157464    0.148259    2.308377 ^ fanout183/X (sky130_fd_sc_hd__buf_8)
                                                         net183 (net)
                      0.165281    0.026769    2.335146 ^ fanout178/A (sky130_fd_sc_hd__buf_8)
     5    0.115346    0.143556    0.156073    2.491219 ^ fanout178/X (sky130_fd_sc_hd__buf_8)
                                                         net178 (net)
                      0.144472    0.009255    2.500474 ^ fanout176/A (sky130_fd_sc_hd__buf_8)
    12    0.122472    0.151054    0.153159    2.653633 ^ fanout176/X (sky130_fd_sc_hd__buf_8)
                                                         net176 (net)
                      0.162545    0.032308    2.685941 ^ fanout175/A (sky130_fd_sc_hd__clkbuf_4)
    10    0.050482    0.119377    0.182685    2.868626 ^ fanout175/X (sky130_fd_sc_hd__clkbuf_4)
                                                         net175 (net)
                      0.119397    0.001554    2.870180 ^ _134_/S (sky130_fd_sc_hd__mux2_1)
     1    0.002364    0.036357    0.188388    3.058568 v _134_/X (sky130_fd_sc_hd__mux2_1)
                                                         _050_ (net)
                      0.036357    0.000020    3.058588 v _201_/D (sky130_fd_sc_hd__dfrtp_1)
                                              3.058588   data arrival time

                                 10.000000   10.000000   clock HCLK (rise edge)
                                  0.000000   10.000000   clock source latency
     1    0.055995    0.191291    0.137855   10.137856 ^ HCLK (in)
                                                         HCLK (net)
                      0.192114    0.000000   10.137856 ^ clkbuf_0_HCLK/A (sky130_fd_sc_hd__clkbuf_16)
     5    0.123293    0.107273    0.173709   10.311564 ^ clkbuf_0_HCLK/X (sky130_fd_sc_hd__clkbuf_16)
                                                         clknet_0_HCLK (net)
                      0.108547    0.009308   10.320872 ^ clkbuf_2_1_0_HCLK/A (sky130_fd_sc_hd__clkbuf_8)
     2    0.035398    0.056328    0.122621   10.443494 ^ clkbuf_2_1_0_HCLK/X (sky130_fd_sc_hd__clkbuf_8)
                                                         clknet_2_1_0_HCLK (net)
                      0.056586    0.002984   10.446478 ^ clkbuf_3_3__f_HCLK/A (sky130_fd_sc_hd__clkbuf_16)
    10    0.027240    0.036222    0.096776   10.543254 ^ clkbuf_3_3__f_HCLK/X (sky130_fd_sc_hd__clkbuf_16)
                                                         clknet_3_3__leaf_HCLK (net)
                      0.036223    0.000253   10.543507 ^ _201_/CLK (sky130_fd_sc_hd__dfrtp_1)
                                 -0.250000   10.293507   clock uncertainty
                                  0.000000   10.293507   clock reconvergence pessimism
                                 -0.073594   10.219913   library setup time
                                             10.219913   data required time
---------------------------------------------------------------------------------------------
                                             10.219913   data required time
                                             -3.058588   data arrival time
---------------------------------------------------------------------------------------------
                                              7.161324   slack (MET)


Startpoint: HTRANS[1] (input port clocked by HCLK)
Endpoint: _179_ (rising edge-triggered flip-flop clocked by HCLK)
Path Group: HCLK
Path Type: max

Fanout         Cap        Slew       Delay        Time   Description
---------------------------------------------------------------------------------------------
                                  0.000000    0.000000   clock HCLK (rise edge)
                                  0.000000    0.000000   clock network delay (propagated)
                                  2.000000    2.000000 v input external delay
     1    0.002735    0.004637    0.002201    2.002201 v HTRANS[1] (in)
                                                         HTRANS[1] (net)
                      0.004637    0.000000    2.002201 v input35/A (sky130_fd_sc_hd__buf_1)
     2    0.013201    0.055715    0.078138    2.080339 v input35/X (sky130_fd_sc_hd__buf_1)
                                                         net35 (net)
                      0.055724    0.000711    2.081050 v _083_/A (sky130_fd_sc_hd__nand2_1)
     1    0.009568    0.075376    0.078896    2.159946 ^ _083_/Y (sky130_fd_sc_hd__nand2_1)
                                                         _071_ (net)
                      0.075376    0.000172    2.160118 ^ fanout183/A (sky130_fd_sc_hd__buf_8)
     6    0.129027    0.157464    0.148259    2.308377 ^ fanout183/X (sky130_fd_sc_hd__buf_8)
                                                         net183 (net)
                      0.165281    0.026769    2.335146 ^ fanout178/A (sky130_fd_sc_hd__buf_8)
     5    0.115346    0.143556    0.156073    2.491219 ^ fanout178/X (sky130_fd_sc_hd__buf_8)
                                                         net178 (net)
                      0.144472    0.009255    2.500474 ^ fanout176/A (sky130_fd_sc_hd__buf_8)
    12    0.122472    0.151054    0.153159    2.653633 ^ fanout176/X (sky130_fd_sc_hd__buf_8)
                                                         net176 (net)
                      0.162545    0.032308    2.685941 ^ fanout175/A (sky130_fd_sc_hd__clkbuf_4)
    10    0.050482    0.119377    0.182685    2.868626 ^ fanout175/X (sky130_fd_sc_hd__clkbuf_4)
                                                         net175 (net)
                      0.119395    0.001505    2.870131 ^ _112_/S (sky130_fd_sc_hd__mux2_1)
     1    0.002343    0.036283    0.188263    3.058394 v _112_/X (sky130_fd_sc_hd__mux2_1)
                                                         _028_ (net)
                      0.036283    0.000020    3.058414 v _179_/D (sky130_fd_sc_hd__dfrtp_1)
                                              3.058414   data arrival time

                                 10.000000   10.000000   clock HCLK (rise edge)
                                  0.000000   10.000000   clock source latency
     1    0.055995    0.191291    0.137855   10.137856 ^ HCLK (in)
                                                         HCLK (net)
                      0.192114    0.000000   10.137856 ^ clkbuf_0_HCLK/A (sky130_fd_sc_hd__clkbuf_16)
     5    0.123293    0.107273    0.173709   10.311564 ^ clkbuf_0_HCLK/X (sky130_fd_sc_hd__clkbuf_16)
                                                         clknet_0_HCLK (net)
                      0.108547    0.009308   10.320872 ^ clkbuf_2_1_0_HCLK/A (sky130_fd_sc_hd__clkbuf_8)
     2    0.035398    0.056328    0.122621   10.443494 ^ clkbuf_2_1_0_HCLK/X (sky130_fd_sc_hd__clkbuf_8)
                                                         clknet_2_1_0_HCLK (net)
                      0.056586    0.002984   10.446478 ^ clkbuf_3_3__f_HCLK/A (sky130_fd_sc_hd__clkbuf_16)
    10    0.027240    0.036222    0.096776   10.543254 ^ clkbuf_3_3__f_HCLK/X (sky130_fd_sc_hd__clkbuf_16)
                                                         clknet_3_3__leaf_HCLK (net)
                      0.036223    0.000218   10.543471 ^ _179_/CLK (sky130_fd_sc_hd__dfrtp_1)
                                 -0.250000   10.293471   clock uncertainty
                                  0.000000   10.293471   clock reconvergence pessimism
                                 -0.073568   10.219903   library setup time
                                             10.219903   data required time
---------------------------------------------------------------------------------------------
                                             10.219903   data required time
                                             -3.058414   data arrival time
---------------------------------------------------------------------------------------------
                                              7.161489   slack (MET)


Startpoint: HTRANS[1] (input port clocked by HCLK)
Endpoint: _205_ (rising edge-triggered flip-flop clocked by HCLK)
Path Group: HCLK
Path Type: max

Fanout         Cap        Slew       Delay        Time   Description
---------------------------------------------------------------------------------------------
                                  0.000000    0.000000   clock HCLK (rise edge)
                                  0.000000    0.000000   clock network delay (propagated)
                                  2.000000    2.000000 v input external delay
     1    0.002735    0.004637    0.002201    2.002201 v HTRANS[1] (in)
                                                         HTRANS[1] (net)
                      0.004637    0.000000    2.002201 v input35/A (sky130_fd_sc_hd__buf_1)
     2    0.013201    0.055715    0.078138    2.080339 v input35/X (sky130_fd_sc_hd__buf_1)
                                                         net35 (net)
                      0.055724    0.000711    2.081050 v _083_/A (sky130_fd_sc_hd__nand2_1)
     1    0.009568    0.075376    0.078896    2.159946 ^ _083_/Y (sky130_fd_sc_hd__nand2_1)
                                                         _071_ (net)
                      0.075376    0.000172    2.160118 ^ fanout183/A (sky130_fd_sc_hd__buf_8)
     6    0.129027    0.157464    0.148259    2.308377 ^ fanout183/X (sky130_fd_sc_hd__buf_8)
                                                         net183 (net)
                      0.165281    0.026769    2.335146 ^ fanout178/A (sky130_fd_sc_hd__buf_8)
     5    0.115346    0.143556    0.156073    2.491219 ^ fanout178/X (sky130_fd_sc_hd__buf_8)
                                                         net178 (net)
                      0.144472    0.009255    2.500474 ^ fanout176/A (sky130_fd_sc_hd__buf_8)
    12    0.122472    0.151054    0.153159    2.653633 ^ fanout176/X (sky130_fd_sc_hd__buf_8)
                                                         net176 (net)
                      0.162545    0.032308    2.685941 ^ fanout175/A (sky130_fd_sc_hd__clkbuf_4)
    10    0.050482    0.119377    0.182685    2.868626 ^ fanout175/X (sky130_fd_sc_hd__clkbuf_4)
                                                         net175 (net)
                      0.119385    0.001114    2.869740 ^ _138_/S (sky130_fd_sc_hd__mux2_1)
     1    0.002355    0.036326    0.188335    3.058074 v _138_/X (sky130_fd_sc_hd__mux2_1)
                                                         _054_ (net)
                      0.036326    0.000020    3.058095 v _205_/D (sky130_fd_sc_hd__dfrtp_1)
                                              3.058095   data arrival time

                                 10.000000   10.000000   clock HCLK (rise edge)
                                  0.000000   10.000000   clock source latency
     1    0.055995    0.191291    0.137855   10.137856 ^ HCLK (in)
                                                         HCLK (net)
                      0.192114    0.000000   10.137856 ^ clkbuf_0_HCLK/A (sky130_fd_sc_hd__clkbuf_16)
     5    0.123293    0.107273    0.173709   10.311564 ^ clkbuf_0_HCLK/X (sky130_fd_sc_hd__clkbuf_16)
                                                         clknet_0_HCLK (net)
                      0.108547    0.009308   10.320872 ^ clkbuf_2_1_0_HCLK/A (sky130_fd_sc_hd__clkbuf_8)
     2    0.035398    0.056328    0.122621   10.443494 ^ clkbuf_2_1_0_HCLK/X (sky130_fd_sc_hd__clkbuf_8)
                                                         clknet_2_1_0_HCLK (net)
                      0.056586    0.002984   10.446478 ^ clkbuf_3_3__f_HCLK/A (sky130_fd_sc_hd__clkbuf_16)
    10    0.027240    0.036222    0.096776   10.543254 ^ clkbuf_3_3__f_HCLK/X (sky130_fd_sc_hd__clkbuf_16)
                                                         clknet_3_3__leaf_HCLK (net)
                      0.036222    0.000131   10.543385 ^ _205_/CLK (sky130_fd_sc_hd__dfrtp_1)
                                 -0.250000   10.293385   clock uncertainty
                                  0.000000   10.293385   clock reconvergence pessimism
                                 -0.073583   10.219801   library setup time
                                             10.219801   data required time
---------------------------------------------------------------------------------------------
                                             10.219801   data required time
                                             -3.058095   data arrival time
---------------------------------------------------------------------------------------------
                                              7.161706   slack (MET)


Startpoint: HTRANS[1] (input port clocked by HCLK)
Endpoint: _151_ (rising edge-triggered flip-flop clocked by HCLK)
Path Group: HCLK
Path Type: max

Fanout         Cap        Slew       Delay        Time   Description
---------------------------------------------------------------------------------------------
                                  0.000000    0.000000   clock HCLK (rise edge)
                                  0.000000    0.000000   clock network delay (propagated)
                                  2.000000    2.000000 v input external delay
     1    0.002735    0.004637    0.002201    2.002201 v HTRANS[1] (in)
                                                         HTRANS[1] (net)
                      0.004637    0.000000    2.002201 v input35/A (sky130_fd_sc_hd__buf_1)
     2    0.013201    0.055715    0.078138    2.080339 v input35/X (sky130_fd_sc_hd__buf_1)
                                                         net35 (net)
                      0.055724    0.000711    2.081050 v _083_/A (sky130_fd_sc_hd__nand2_1)
     1    0.009568    0.075376    0.078896    2.159946 ^ _083_/Y (sky130_fd_sc_hd__nand2_1)
                                                         _071_ (net)
                      0.075376    0.000172    2.160118 ^ fanout183/A (sky130_fd_sc_hd__buf_8)
     6    0.129027    0.157464    0.148259    2.308377 ^ fanout183/X (sky130_fd_sc_hd__buf_8)
                                                         net183 (net)
                      0.165281    0.026769    2.335146 ^ fanout178/A (sky130_fd_sc_hd__buf_8)
     5    0.115346    0.143556    0.156073    2.491219 ^ fanout178/X (sky130_fd_sc_hd__buf_8)
                                                         net178 (net)
                      0.144472    0.009255    2.500474 ^ fanout176/A (sky130_fd_sc_hd__buf_8)
    12    0.122472    0.151054    0.153159    2.653633 ^ fanout176/X (sky130_fd_sc_hd__buf_8)
                                                         net176 (net)
                      0.162545    0.032308    2.685941 ^ fanout175/A (sky130_fd_sc_hd__clkbuf_4)
    10    0.050482    0.119377    0.182685    2.868626 ^ fanout175/X (sky130_fd_sc_hd__clkbuf_4)
                                                         net175 (net)
                      0.119385    0.001124    2.869750 ^ _084_/S (sky130_fd_sc_hd__mux2_1)
     1    0.002341    0.036272    0.188245    3.057995 v _084_/X (sky130_fd_sc_hd__mux2_1)
                                                         _000_ (net)
                      0.036272    0.000020    3.058015 v _151_/D (sky130_fd_sc_hd__dfrtp_1)
                                              3.058015   data arrival time

                                 10.000000   10.000000   clock HCLK (rise edge)
                                  0.000000   10.000000   clock source latency
     1    0.055995    0.191291    0.137855   10.137856 ^ HCLK (in)
                                                         HCLK (net)
                      0.192114    0.000000   10.137856 ^ clkbuf_0_HCLK/A (sky130_fd_sc_hd__clkbuf_16)
     5    0.123293    0.107273    0.173709   10.311564 ^ clkbuf_0_HCLK/X (sky130_fd_sc_hd__clkbuf_16)
                                                         clknet_0_HCLK (net)
                      0.108547    0.009308   10.320872 ^ clkbuf_2_1_0_HCLK/A (sky130_fd_sc_hd__clkbuf_8)
     2    0.035398    0.056328    0.122621   10.443494 ^ clkbuf_2_1_0_HCLK/X (sky130_fd_sc_hd__clkbuf_8)
                                                         clknet_2_1_0_HCLK (net)
                      0.056586    0.002984   10.446478 ^ clkbuf_3_3__f_HCLK/A (sky130_fd_sc_hd__clkbuf_16)
    10    0.027240    0.036222    0.096776   10.543254 ^ clkbuf_3_3__f_HCLK/X (sky130_fd_sc_hd__clkbuf_16)
                                                         clknet_3_3__leaf_HCLK (net)
                      0.036222    0.000201   10.543454 ^ _151_/CLK (sky130_fd_sc_hd__dfrtp_1)
                                 -0.250000   10.293454   clock uncertainty
                                  0.000000   10.293454   clock reconvergence pessimism
                                 -0.073564   10.219890   library setup time
                                             10.219890   data required time
---------------------------------------------------------------------------------------------
                                             10.219890   data required time
                                             -3.058015   data arrival time
---------------------------------------------------------------------------------------------
                                              7.161875   slack (MET)


Startpoint: HTRANS[1] (input port clocked by HCLK)
Endpoint: _177_ (rising edge-triggered flip-flop clocked by HCLK)
Path Group: HCLK
Path Type: max

Fanout         Cap        Slew       Delay        Time   Description
---------------------------------------------------------------------------------------------
                                  0.000000    0.000000   clock HCLK (rise edge)
                                  0.000000    0.000000   clock network delay (propagated)
                                  2.000000    2.000000 v input external delay
     1    0.002735    0.004637    0.002201    2.002201 v HTRANS[1] (in)
                                                         HTRANS[1] (net)
                      0.004637    0.000000    2.002201 v input35/A (sky130_fd_sc_hd__buf_1)
     2    0.013201    0.055715    0.078138    2.080339 v input35/X (sky130_fd_sc_hd__buf_1)
                                                         net35 (net)
                      0.055724    0.000711    2.081050 v _083_/A (sky130_fd_sc_hd__nand2_1)
     1    0.009568    0.075376    0.078896    2.159946 ^ _083_/Y (sky130_fd_sc_hd__nand2_1)
                                                         _071_ (net)
                      0.075376    0.000172    2.160118 ^ fanout183/A (sky130_fd_sc_hd__buf_8)
     6    0.129027    0.157464    0.148259    2.308377 ^ fanout183/X (sky130_fd_sc_hd__buf_8)
                                                         net183 (net)
                      0.165281    0.026769    2.335146 ^ fanout178/A (sky130_fd_sc_hd__buf_8)
     5    0.115346    0.143556    0.156073    2.491219 ^ fanout178/X (sky130_fd_sc_hd__buf_8)
                                                         net178 (net)
                      0.144472    0.009255    2.500474 ^ fanout176/A (sky130_fd_sc_hd__buf_8)
    12    0.122472    0.151054    0.153159    2.653633 ^ fanout176/X (sky130_fd_sc_hd__buf_8)
                                                         net176 (net)
                      0.162545    0.032308    2.685941 ^ fanout175/A (sky130_fd_sc_hd__clkbuf_4)
    10    0.050482    0.119377    0.182685    2.868626 ^ fanout175/X (sky130_fd_sc_hd__clkbuf_4)
                                                         net175 (net)
                      0.119474    0.002065    2.870691 ^ _110_/S (sky130_fd_sc_hd__mux2_1)
     1    0.002353    0.036317    0.188326    3.059018 v _110_/X (sky130_fd_sc_hd__mux2_1)
                                                         _026_ (net)
                      0.036317    0.000020    3.059038 v _177_/D (sky130_fd_sc_hd__dfrtp_1)
                                              3.059038   data arrival time

                                 10.000000   10.000000   clock HCLK (rise edge)
                                  0.000000   10.000000   clock source latency
     1    0.055995    0.191291    0.137855   10.137856 ^ HCLK (in)
                                                         HCLK (net)
                      0.192114    0.000000   10.137856 ^ clkbuf_0_HCLK/A (sky130_fd_sc_hd__clkbuf_16)
     5    0.123293    0.107273    0.173709   10.311564 ^ clkbuf_0_HCLK/X (sky130_fd_sc_hd__clkbuf_16)
                                                         clknet_0_HCLK (net)
                      0.108450    0.008954   10.320518 ^ clkbuf_2_0_0_HCLK/A (sky130_fd_sc_hd__clkbuf_8)
     2    0.038403    0.059943    0.125842   10.446361 ^ clkbuf_2_0_0_HCLK/X (sky130_fd_sc_hd__clkbuf_8)
                                                         clknet_2_0_0_HCLK (net)
                      0.060024    0.001241   10.447601 ^ clkbuf_3_0__f_HCLK/A (sky130_fd_sc_hd__clkbuf_16)
     8    0.090009    0.081616    0.130518   10.578119 ^ clkbuf_3_0__f_HCLK/X (sky130_fd_sc_hd__clkbuf_16)
                                                         clknet_3_0__leaf_HCLK (net)
                      0.082614    0.007147   10.585266 ^ _177_/CLK (sky130_fd_sc_hd__dfrtp_1)
                                 -0.250000   10.335266   clock uncertainty
                                  0.000000   10.335266   clock reconvergence pessimism
                                 -0.069112   10.266153   library setup time
                                             10.266153   data required time
---------------------------------------------------------------------------------------------
                                             10.266153   data required time
                                             -3.059038   data arrival time
---------------------------------------------------------------------------------------------
                                              7.207116   slack (MET)


Startpoint: HTRANS[1] (input port clocked by HCLK)
Endpoint: _172_ (rising edge-triggered flip-flop clocked by HCLK)
Path Group: HCLK
Path Type: max

Fanout         Cap        Slew       Delay        Time   Description
---------------------------------------------------------------------------------------------
                                  0.000000    0.000000   clock HCLK (rise edge)
                                  0.000000    0.000000   clock network delay (propagated)
                                  2.000000    2.000000 v input external delay
     1    0.002735    0.004637    0.002201    2.002201 v HTRANS[1] (in)
                                                         HTRANS[1] (net)
                      0.004637    0.000000    2.002201 v input35/A (sky130_fd_sc_hd__buf_1)
     2    0.013201    0.055715    0.078138    2.080339 v input35/X (sky130_fd_sc_hd__buf_1)
                                                         net35 (net)
                      0.055724    0.000711    2.081050 v _083_/A (sky130_fd_sc_hd__nand2_1)
     1    0.009568    0.075376    0.078896    2.159946 ^ _083_/Y (sky130_fd_sc_hd__nand2_1)
                                                         _071_ (net)
                      0.075376    0.000172    2.160118 ^ fanout183/A (sky130_fd_sc_hd__buf_8)
     6    0.129027    0.157464    0.148259    2.308377 ^ fanout183/X (sky130_fd_sc_hd__buf_8)
                                                         net183 (net)
                      0.165281    0.026769    2.335146 ^ fanout178/A (sky130_fd_sc_hd__buf_8)
     5    0.115346    0.143556    0.156073    2.491219 ^ fanout178/X (sky130_fd_sc_hd__buf_8)
                                                         net178 (net)
                      0.144472    0.009255    2.500474 ^ fanout176/A (sky130_fd_sc_hd__buf_8)
    12    0.122472    0.151054    0.153159    2.653633 ^ fanout176/X (sky130_fd_sc_hd__buf_8)
                                                         net176 (net)
                      0.162545    0.032308    2.685941 ^ fanout175/A (sky130_fd_sc_hd__clkbuf_4)
    10    0.050482    0.119377    0.182685    2.868626 ^ fanout175/X (sky130_fd_sc_hd__clkbuf_4)
                                                         net175 (net)
                      0.119472    0.002042    2.870668 ^ _105_/S (sky130_fd_sc_hd__mux2_1)
     1    0.002339    0.036268    0.188245    3.058913 v _105_/X (sky130_fd_sc_hd__mux2_1)
                                                         _021_ (net)
                      0.036268    0.000020    3.058934 v _172_/D (sky130_fd_sc_hd__dfrtp_1)
                                              3.058934   data arrival time

                                 10.000000   10.000000   clock HCLK (rise edge)
                                  0.000000   10.000000   clock source latency
     1    0.055995    0.191291    0.137855   10.137856 ^ HCLK (in)
                                                         HCLK (net)
                      0.192114    0.000000   10.137856 ^ clkbuf_0_HCLK/A (sky130_fd_sc_hd__clkbuf_16)
     5    0.123293    0.107273    0.173709   10.311564 ^ clkbuf_0_HCLK/X (sky130_fd_sc_hd__clkbuf_16)
                                                         clknet_0_HCLK (net)
                      0.108450    0.008954   10.320518 ^ clkbuf_2_0_0_HCLK/A (sky130_fd_sc_hd__clkbuf_8)
     2    0.038403    0.059943    0.125842   10.446361 ^ clkbuf_2_0_0_HCLK/X (sky130_fd_sc_hd__clkbuf_8)
                                                         clknet_2_0_0_HCLK (net)
                      0.060024    0.001241   10.447601 ^ clkbuf_3_0__f_HCLK/A (sky130_fd_sc_hd__clkbuf_16)
     8    0.090009    0.081616    0.130518   10.578119 ^ clkbuf_3_0__f_HCLK/X (sky130_fd_sc_hd__clkbuf_16)
                                                         clknet_3_0__leaf_HCLK (net)
                      0.082623    0.007178   10.585298 ^ _172_/CLK (sky130_fd_sc_hd__dfrtp_1)
                                 -0.250000   10.335298   clock uncertainty
                                  0.000000   10.335298   clock reconvergence pessimism
                                 -0.069094   10.266203   library setup time
                                             10.266203   data required time
---------------------------------------------------------------------------------------------
                                             10.266203   data required time
                                             -3.058934   data arrival time
---------------------------------------------------------------------------------------------
                                              7.207270   slack (MET)


Startpoint: HTRANS[1] (input port clocked by HCLK)
Endpoint: _214_ (rising edge-triggered flip-flop clocked by HCLK)
Path Group: HCLK
Path Type: max

Fanout         Cap        Slew       Delay        Time   Description
---------------------------------------------------------------------------------------------
                                  0.000000    0.000000   clock HCLK (rise edge)
                                  0.000000    0.000000   clock network delay (propagated)
                                  2.000000    2.000000 v input external delay
     1    0.002735    0.004637    0.002201    2.002201 v HTRANS[1] (in)
                                                         HTRANS[1] (net)
                      0.004637    0.000000    2.002201 v input35/A (sky130_fd_sc_hd__buf_1)
     2    0.013201    0.055715    0.078138    2.080339 v input35/X (sky130_fd_sc_hd__buf_1)
                                                         net35 (net)
                      0.055724    0.000711    2.081050 v _083_/A (sky130_fd_sc_hd__nand2_1)
     1    0.009568    0.075376    0.078896    2.159946 ^ _083_/Y (sky130_fd_sc_hd__nand2_1)
                                                         _071_ (net)
                      0.075376    0.000172    2.160118 ^ fanout183/A (sky130_fd_sc_hd__buf_8)
     6    0.129027    0.157464    0.148259    2.308377 ^ fanout183/X (sky130_fd_sc_hd__buf_8)
                                                         net183 (net)
                      0.165281    0.026769    2.335146 ^ fanout178/A (sky130_fd_sc_hd__buf_8)
     5    0.115346    0.143556    0.156073    2.491219 ^ fanout178/X (sky130_fd_sc_hd__buf_8)
                                                         net178 (net)
                      0.144472    0.009255    2.500474 ^ fanout176/A (sky130_fd_sc_hd__buf_8)
    12    0.122472    0.151054    0.153159    2.653633 ^ fanout176/X (sky130_fd_sc_hd__buf_8)
                                                         net176 (net)
                      0.162545    0.032308    2.685941 ^ fanout175/A (sky130_fd_sc_hd__clkbuf_4)
    10    0.050482    0.119377    0.182685    2.868626 ^ fanout175/X (sky130_fd_sc_hd__clkbuf_4)
                                                         net175 (net)
                      0.119476    0.002114    2.870741 ^ _147_/S (sky130_fd_sc_hd__mux2_1)
     1    0.002295    0.036079    0.187972    3.058712 v _147_/X (sky130_fd_sc_hd__mux2_1)
                                                         _063_ (net)
                      0.036079    0.000019    3.058732 v _214_/D (sky130_fd_sc_hd__dfrtp_1)
                                              3.058732   data arrival time

                                 10.000000   10.000000   clock HCLK (rise edge)
                                  0.000000   10.000000   clock source latency
     1    0.055995    0.191291    0.137855   10.137856 ^ HCLK (in)
                                                         HCLK (net)
                      0.192114    0.000000   10.137856 ^ clkbuf_0_HCLK/A (sky130_fd_sc_hd__clkbuf_16)
     5    0.123293    0.107273    0.173709   10.311564 ^ clkbuf_0_HCLK/X (sky130_fd_sc_hd__clkbuf_16)
                                                         clknet_0_HCLK (net)
                      0.108450    0.008954   10.320518 ^ clkbuf_2_0_0_HCLK/A (sky130_fd_sc_hd__clkbuf_8)
     2    0.038403    0.059943    0.125842   10.446361 ^ clkbuf_2_0_0_HCLK/X (sky130_fd_sc_hd__clkbuf_8)
                                                         clknet_2_0_0_HCLK (net)
                      0.060024    0.001241   10.447601 ^ clkbuf_3_0__f_HCLK/A (sky130_fd_sc_hd__clkbuf_16)
     8    0.090009    0.081616    0.130518   10.578119 ^ clkbuf_3_0__f_HCLK/X (sky130_fd_sc_hd__clkbuf_16)
                                                         clknet_3_0__leaf_HCLK (net)
                      0.082600    0.007097   10.585216 ^ _214_/CLK (sky130_fd_sc_hd__dfrtp_1)
                                 -0.250000   10.335216   clock uncertainty
                                  0.000000   10.335216   clock reconvergence pessimism
                                 -0.069029   10.266188   library setup time
                                             10.266188   data required time
---------------------------------------------------------------------------------------------
                                             10.266188   data required time
                                             -3.058732   data arrival time
---------------------------------------------------------------------------------------------
                                              7.207456   slack (MET)


Startpoint: HTRANS[1] (input port clocked by HCLK)
Endpoint: _207_ (rising edge-triggered flip-flop clocked by HCLK)
Path Group: HCLK
Path Type: max

Fanout         Cap        Slew       Delay        Time   Description
---------------------------------------------------------------------------------------------
                                  0.000000    0.000000   clock HCLK (rise edge)
                                  0.000000    0.000000   clock network delay (propagated)
                                  2.000000    2.000000 v input external delay
     1    0.002735    0.004637    0.002201    2.002201 v HTRANS[1] (in)
                                                         HTRANS[1] (net)
                      0.004637    0.000000    2.002201 v input35/A (sky130_fd_sc_hd__buf_1)
     2    0.013201    0.055715    0.078138    2.080339 v input35/X (sky130_fd_sc_hd__buf_1)
                                                         net35 (net)
                      0.055724    0.000711    2.081050 v _083_/A (sky130_fd_sc_hd__nand2_1)
     1    0.009568    0.075376    0.078896    2.159946 ^ _083_/Y (sky130_fd_sc_hd__nand2_1)
                                                         _071_ (net)
                      0.075376    0.000172    2.160118 ^ fanout183/A (sky130_fd_sc_hd__buf_8)
     6    0.129027    0.157464    0.148259    2.308377 ^ fanout183/X (sky130_fd_sc_hd__buf_8)
                                                         net183 (net)
                      0.165281    0.026769    2.335146 ^ fanout178/A (sky130_fd_sc_hd__buf_8)
     5    0.115346    0.143556    0.156073    2.491219 ^ fanout178/X (sky130_fd_sc_hd__buf_8)
                                                         net178 (net)
                      0.144472    0.009255    2.500474 ^ fanout176/A (sky130_fd_sc_hd__buf_8)
    12    0.122472    0.151054    0.153159    2.653633 ^ fanout176/X (sky130_fd_sc_hd__buf_8)
                                                         net176 (net)
                      0.162545    0.032308    2.685941 ^ fanout175/A (sky130_fd_sc_hd__clkbuf_4)
    10    0.050482    0.119377    0.182685    2.868626 ^ fanout175/X (sky130_fd_sc_hd__clkbuf_4)
                                                         net175 (net)
                      0.119468    0.001956    2.870582 ^ _140_/S (sky130_fd_sc_hd__mux2_1)
     1    0.002308    0.036113    0.188049    3.058631 v _140_/X (sky130_fd_sc_hd__mux2_1)
                                                         _056_ (net)
                      0.036113    0.000020    3.058651 v _207_/D (sky130_fd_sc_hd__dfrtp_1)
                                              3.058651   data arrival time

                                 10.000000   10.000000   clock HCLK (rise edge)
                                  0.000000   10.000000   clock source latency
     1    0.055995    0.191291    0.137855   10.137856 ^ HCLK (in)
                                                         HCLK (net)
                      0.192114    0.000000   10.137856 ^ clkbuf_0_HCLK/A (sky130_fd_sc_hd__clkbuf_16)
     5    0.123293    0.107273    0.173709   10.311564 ^ clkbuf_0_HCLK/X (sky130_fd_sc_hd__clkbuf_16)
                                                         clknet_0_HCLK (net)
                      0.108450    0.008954   10.320518 ^ clkbuf_2_0_0_HCLK/A (sky130_fd_sc_hd__clkbuf_8)
     2    0.038403    0.059943    0.125842   10.446361 ^ clkbuf_2_0_0_HCLK/X (sky130_fd_sc_hd__clkbuf_8)
                                                         clknet_2_0_0_HCLK (net)
                      0.060024    0.001241   10.447601 ^ clkbuf_3_0__f_HCLK/A (sky130_fd_sc_hd__clkbuf_16)
     8    0.090009    0.081616    0.130518   10.578119 ^ clkbuf_3_0__f_HCLK/X (sky130_fd_sc_hd__clkbuf_16)
                                                         clknet_3_0__leaf_HCLK (net)
                      0.082627    0.007193   10.585313 ^ _207_/CLK (sky130_fd_sc_hd__dfrtp_1)
                                 -0.250000   10.335313   clock uncertainty
                                  0.000000   10.335313   clock reconvergence pessimism
                                 -0.069038   10.266274   library setup time
                                             10.266274   data required time
---------------------------------------------------------------------------------------------
                                             10.266274   data required time
                                             -3.058651   data arrival time
---------------------------------------------------------------------------------------------
                                              7.207623   slack (MET)


Startpoint: HTRANS[1] (input port clocked by HCLK)
Endpoint: _173_ (rising edge-triggered flip-flop clocked by HCLK)
Path Group: HCLK
Path Type: max

Fanout         Cap        Slew       Delay        Time   Description
---------------------------------------------------------------------------------------------
                                  0.000000    0.000000   clock HCLK (rise edge)
                                  0.000000    0.000000   clock network delay (propagated)
                                  2.000000    2.000000 v input external delay
     1    0.002735    0.004637    0.002201    2.002201 v HTRANS[1] (in)
                                                         HTRANS[1] (net)
                      0.004637    0.000000    2.002201 v input35/A (sky130_fd_sc_hd__buf_1)
     2    0.013201    0.055715    0.078138    2.080339 v input35/X (sky130_fd_sc_hd__buf_1)
                                                         net35 (net)
                      0.055724    0.000711    2.081050 v _083_/A (sky130_fd_sc_hd__nand2_1)
     1    0.009568    0.075376    0.078896    2.159946 ^ _083_/Y (sky130_fd_sc_hd__nand2_1)
                                                         _071_ (net)
                      0.075376    0.000172    2.160118 ^ fanout183/A (sky130_fd_sc_hd__buf_8)
     6    0.129027    0.157464    0.148259    2.308377 ^ fanout183/X (sky130_fd_sc_hd__buf_8)
                                                         net183 (net)
                      0.157544    0.003214    2.311590 ^ fanout180/A (sky130_fd_sc_hd__buf_2)
     7    0.044912    0.165976    0.188066    2.499657 ^ fanout180/X (sky130_fd_sc_hd__buf_2)
                                                         net180 (net)
                      0.165979    0.000595    2.500252 ^ fanout179/A (sky130_fd_sc_hd__clkbuf_4)
    10    0.049682    0.117716    0.182056    2.682308 ^ fanout179/X (sky130_fd_sc_hd__clkbuf_4)
                                                         net179 (net)
                      0.117822    0.002158    2.684466 ^ _106_/S (sky130_fd_sc_hd__mux2_1)
     1    0.003200    0.039674    0.193415    2.877882 v _106_/X (sky130_fd_sc_hd__mux2_1)
                                                         _022_ (net)
                      0.039674    0.000037    2.877918 v _173_/D (sky130_fd_sc_hd__dfrtp_1)
                                              2.877918   data arrival time

                                 10.000000   10.000000   clock HCLK (rise edge)
                                  0.000000   10.000000   clock source latency
     1    0.055995    0.191291    0.137855   10.137856 ^ HCLK (in)
                                                         HCLK (net)
                      0.192114    0.000000   10.137856 ^ clkbuf_0_HCLK/A (sky130_fd_sc_hd__clkbuf_16)
     5    0.123293    0.107273    0.173709   10.311564 ^ clkbuf_0_HCLK/X (sky130_fd_sc_hd__clkbuf_16)
                                                         clknet_0_HCLK (net)
                      0.108206    0.007999   10.319563 ^ clkbuf_2_2_0_HCLK/A (sky130_fd_sc_hd__clkbuf_8)
     2    0.034011    0.054612    0.121526   10.441090 ^ clkbuf_2_2_0_HCLK/X (sky130_fd_sc_hd__clkbuf_8)
                                                         clknet_2_2_0_HCLK (net)
                      0.054886    0.002741   10.443830 ^ clkbuf_3_5__f_HCLK/A (sky130_fd_sc_hd__clkbuf_16)
    11    0.033948    0.040931    0.100302   10.544132 ^ clkbuf_3_5__f_HCLK/X (sky130_fd_sc_hd__clkbuf_16)
                                                         clknet_3_5__leaf_HCLK (net)
                      0.040942    0.000993   10.545125 ^ _173_/CLK (sky130_fd_sc_hd__dfrtp_1)
                                 -0.250000   10.295125   clock uncertainty
                                  0.000000   10.295125   clock reconvergence pessimism
                                 -0.074324   10.220801   library setup time
                                             10.220801   data required time
---------------------------------------------------------------------------------------------
                                             10.220801   data required time
                                             -2.877918   data arrival time
---------------------------------------------------------------------------------------------
                                              7.342883   slack (MET)


Startpoint: HTRANS[1] (input port clocked by HCLK)
Endpoint: _208_ (rising edge-triggered flip-flop clocked by HCLK)
Path Group: HCLK
Path Type: max

Fanout         Cap        Slew       Delay        Time   Description
---------------------------------------------------------------------------------------------
                                  0.000000    0.000000   clock HCLK (rise edge)
                                  0.000000    0.000000   clock network delay (propagated)
                                  2.000000    2.000000 v input external delay
     1    0.002735    0.004637    0.002201    2.002201 v HTRANS[1] (in)
                                                         HTRANS[1] (net)
                      0.004637    0.000000    2.002201 v input35/A (sky130_fd_sc_hd__buf_1)
     2    0.013201    0.055715    0.078138    2.080339 v input35/X (sky130_fd_sc_hd__buf_1)
                                                         net35 (net)
                      0.055724    0.000711    2.081050 v _083_/A (sky130_fd_sc_hd__nand2_1)
     1    0.009568    0.075376    0.078896    2.159946 ^ _083_/Y (sky130_fd_sc_hd__nand2_1)
                                                         _071_ (net)
                      0.075376    0.000172    2.160118 ^ fanout183/A (sky130_fd_sc_hd__buf_8)
     6    0.129027    0.157464    0.148259    2.308377 ^ fanout183/X (sky130_fd_sc_hd__buf_8)
                                                         net183 (net)
                      0.157544    0.003214    2.311590 ^ fanout180/A (sky130_fd_sc_hd__buf_2)
     7    0.044912    0.165976    0.188066    2.499657 ^ fanout180/X (sky130_fd_sc_hd__buf_2)
                                                         net180 (net)
                      0.165979    0.000595    2.500252 ^ fanout179/A (sky130_fd_sc_hd__clkbuf_4)
    10    0.049682    0.117716    0.182056    2.682308 ^ fanout179/X (sky130_fd_sc_hd__clkbuf_4)
                                                         net179 (net)
                      0.117814    0.002004    2.684312 ^ _141_/S (sky130_fd_sc_hd__mux2_1)
     1    0.002976    0.038685    0.192031    2.876343 v _141_/X (sky130_fd_sc_hd__mux2_1)
                                                         _057_ (net)
                      0.038685    0.000031    2.876374 v _208_/D (sky130_fd_sc_hd__dfrtp_1)
                                              2.876374   data arrival time

                                 10.000000   10.000000   clock HCLK (rise edge)
                                  0.000000   10.000000   clock source latency
     1    0.055995    0.191291    0.137855   10.137856 ^ HCLK (in)
                                                         HCLK (net)
                      0.192114    0.000000   10.137856 ^ clkbuf_0_HCLK/A (sky130_fd_sc_hd__clkbuf_16)
     5    0.123293    0.107273    0.173709   10.311564 ^ clkbuf_0_HCLK/X (sky130_fd_sc_hd__clkbuf_16)
                                                         clknet_0_HCLK (net)
                      0.108206    0.007999   10.319563 ^ clkbuf_2_2_0_HCLK/A (sky130_fd_sc_hd__clkbuf_8)
     2    0.034011    0.054612    0.121526   10.441090 ^ clkbuf_2_2_0_HCLK/X (sky130_fd_sc_hd__clkbuf_8)
                                                         clknet_2_2_0_HCLK (net)
                      0.054886    0.002741   10.443830 ^ clkbuf_3_5__f_HCLK/A (sky130_fd_sc_hd__clkbuf_16)
    11    0.033948    0.040931    0.100302   10.544132 ^ clkbuf_3_5__f_HCLK/X (sky130_fd_sc_hd__clkbuf_16)
                                                         clknet_3_5__leaf_HCLK (net)
                      0.040934    0.000655   10.544787 ^ _208_/CLK (sky130_fd_sc_hd__dfrtp_1)
                                 -0.250000   10.294787   clock uncertainty
                                  0.000000   10.294787   clock reconvergence pessimism
                                 -0.073972   10.220816   library setup time
                                             10.220816   data required time
---------------------------------------------------------------------------------------------
                                             10.220816   data required time
                                             -2.876374   data arrival time
---------------------------------------------------------------------------------------------
                                              7.344441   slack (MET)


Startpoint: HTRANS[1] (input port clocked by HCLK)
Endpoint: _183_ (rising edge-triggered flip-flop clocked by HCLK)
Path Group: HCLK
Path Type: max

Fanout         Cap        Slew       Delay        Time   Description
---------------------------------------------------------------------------------------------
                                  0.000000    0.000000   clock HCLK (rise edge)
                                  0.000000    0.000000   clock network delay (propagated)
                                  2.000000    2.000000 v input external delay
     1    0.002735    0.004637    0.002201    2.002201 v HTRANS[1] (in)
                                                         HTRANS[1] (net)
                      0.004637    0.000000    2.002201 v input35/A (sky130_fd_sc_hd__buf_1)
     2    0.013201    0.055715    0.078138    2.080339 v input35/X (sky130_fd_sc_hd__buf_1)
                                                         net35 (net)
                      0.055724    0.000711    2.081050 v _083_/A (sky130_fd_sc_hd__nand2_1)
     1    0.009568    0.075376    0.078896    2.159946 ^ _083_/Y (sky130_fd_sc_hd__nand2_1)
                                                         _071_ (net)
                      0.075376    0.000172    2.160118 ^ fanout183/A (sky130_fd_sc_hd__buf_8)
     6    0.129027    0.157464    0.148259    2.308377 ^ fanout183/X (sky130_fd_sc_hd__buf_8)
                                                         net183 (net)
                      0.157544    0.003214    2.311590 ^ fanout180/A (sky130_fd_sc_hd__buf_2)
     7    0.044912    0.165976    0.188066    2.499657 ^ fanout180/X (sky130_fd_sc_hd__buf_2)
                                                         net180 (net)
                      0.165979    0.000595    2.500252 ^ fanout179/A (sky130_fd_sc_hd__clkbuf_4)
    10    0.049682    0.117716    0.182056    2.682308 ^ fanout179/X (sky130_fd_sc_hd__clkbuf_4)
                                                         net179 (net)
                      0.117795    0.001599    2.683907 ^ _116_/S (sky130_fd_sc_hd__mux2_1)
     1    0.002915    0.038419    0.191652    2.875558 v _116_/X (sky130_fd_sc_hd__mux2_1)
                                                         _032_ (net)
                      0.038419    0.000030    2.875588 v _183_/D (sky130_fd_sc_hd__dfrtp_1)
                                              2.875588   data arrival time

                                 10.000000   10.000000   clock HCLK (rise edge)
                                  0.000000   10.000000   clock source latency
     1    0.055995    0.191291    0.137855   10.137856 ^ HCLK (in)
                                                         HCLK (net)
                      0.192114    0.000000   10.137856 ^ clkbuf_0_HCLK/A (sky130_fd_sc_hd__clkbuf_16)
     5    0.123293    0.107273    0.173709   10.311564 ^ clkbuf_0_HCLK/X (sky130_fd_sc_hd__clkbuf_16)
                                                         clknet_0_HCLK (net)
                      0.108206    0.007999   10.319563 ^ clkbuf_2_2_0_HCLK/A (sky130_fd_sc_hd__clkbuf_8)
     2    0.034011    0.054612    0.121526   10.441090 ^ clkbuf_2_2_0_HCLK/X (sky130_fd_sc_hd__clkbuf_8)
                                                         clknet_2_2_0_HCLK (net)
                      0.054886    0.002741   10.443830 ^ clkbuf_3_5__f_HCLK/A (sky130_fd_sc_hd__clkbuf_16)
    11    0.033948    0.040931    0.100302   10.544132 ^ clkbuf_3_5__f_HCLK/X (sky130_fd_sc_hd__clkbuf_16)
                                                         clknet_3_5__leaf_HCLK (net)
                      0.040934    0.000675   10.544807 ^ _183_/CLK (sky130_fd_sc_hd__dfrtp_1)
                                 -0.250000   10.294807   clock uncertainty
                                  0.000000   10.294807   clock reconvergence pessimism
                                 -0.073876   10.220930   library setup time
                                             10.220930   data required time
---------------------------------------------------------------------------------------------
                                             10.220930   data required time
                                             -2.875588   data arrival time
---------------------------------------------------------------------------------------------
                                              7.345342   slack (MET)


Startpoint: HTRANS[1] (input port clocked by HCLK)
Endpoint: _158_ (rising edge-triggered flip-flop clocked by HCLK)
Path Group: HCLK
Path Type: max

Fanout         Cap        Slew       Delay        Time   Description
---------------------------------------------------------------------------------------------
                                  0.000000    0.000000   clock HCLK (rise edge)
                                  0.000000    0.000000   clock network delay (propagated)
                                  2.000000    2.000000 v input external delay
     1    0.002735    0.004637    0.002201    2.002201 v HTRANS[1] (in)
                                                         HTRANS[1] (net)
                      0.004637    0.000000    2.002201 v input35/A (sky130_fd_sc_hd__buf_1)
     2    0.013201    0.055715    0.078138    2.080339 v input35/X (sky130_fd_sc_hd__buf_1)
                                                         net35 (net)
                      0.055724    0.000711    2.081050 v _083_/A (sky130_fd_sc_hd__nand2_1)
     1    0.009568    0.075376    0.078896    2.159946 ^ _083_/Y (sky130_fd_sc_hd__nand2_1)
                                                         _071_ (net)
                      0.075376    0.000172    2.160118 ^ fanout183/A (sky130_fd_sc_hd__buf_8)
     6    0.129027    0.157464    0.148259    2.308377 ^ fanout183/X (sky130_fd_sc_hd__buf_8)
                                                         net183 (net)
                      0.165281    0.026769    2.335146 ^ fanout178/A (sky130_fd_sc_hd__buf_8)
     5    0.115346    0.143556    0.156073    2.491219 ^ fanout178/X (sky130_fd_sc_hd__buf_8)
                                                         net178 (net)
                      0.144472    0.009255    2.500474 ^ fanout176/A (sky130_fd_sc_hd__buf_8)
    12    0.122472    0.151054    0.153159    2.653633 ^ fanout176/X (sky130_fd_sc_hd__buf_8)
                                                         net176 (net)
                      0.162344    0.032018    2.685652 ^ _091_/S (sky130_fd_sc_hd__mux2_1)
     1    0.002294    0.036019    0.188687    2.874338 v _091_/X (sky130_fd_sc_hd__mux2_1)
                                                         _007_ (net)
                      0.036019    0.000019    2.874357 v _158_/D (sky130_fd_sc_hd__dfrtp_1)
                                              2.874357   data arrival time

                                 10.000000   10.000000   clock HCLK (rise edge)
                                  0.000000   10.000000   clock source latency
     1    0.055995    0.191291    0.137855   10.137856 ^ HCLK (in)
                                                         HCLK (net)
                      0.192114    0.000000   10.137856 ^ clkbuf_0_HCLK/A (sky130_fd_sc_hd__clkbuf_16)
     5    0.123293    0.107273    0.173709   10.311564 ^ clkbuf_0_HCLK/X (sky130_fd_sc_hd__clkbuf_16)
                                                         clknet_0_HCLK (net)
                      0.108547    0.009308   10.320872 ^ clkbuf_2_1_0_HCLK/A (sky130_fd_sc_hd__clkbuf_8)
     2    0.035398    0.056328    0.122621   10.443494 ^ clkbuf_2_1_0_HCLK/X (sky130_fd_sc_hd__clkbuf_8)
                                                         clknet_2_1_0_HCLK (net)
                      0.056586    0.002984   10.446478 ^ clkbuf_3_3__f_HCLK/A (sky130_fd_sc_hd__clkbuf_16)
    10    0.027240    0.036222    0.096776   10.543254 ^ clkbuf_3_3__f_HCLK/X (sky130_fd_sc_hd__clkbuf_16)
                                                         clknet_3_3__leaf_HCLK (net)
                      0.036223    0.000270   10.543524 ^ _158_/CLK (sky130_fd_sc_hd__dfrtp_1)
                                 -0.250000   10.293524   clock uncertainty
                                  0.000000   10.293524   clock reconvergence pessimism
                                 -0.073473   10.220050   library setup time
                                             10.220050   data required time
---------------------------------------------------------------------------------------------
                                             10.220050   data required time
                                             -2.874357   data arrival time
---------------------------------------------------------------------------------------------
                                              7.345692   slack (MET)


Startpoint: HTRANS[1] (input port clocked by HCLK)
Endpoint: _185_ (rising edge-triggered flip-flop clocked by HCLK)
Path Group: HCLK
Path Type: max

Fanout         Cap        Slew       Delay        Time   Description
---------------------------------------------------------------------------------------------
                                  0.000000    0.000000   clock HCLK (rise edge)
                                  0.000000    0.000000   clock network delay (propagated)
                                  2.000000    2.000000 v input external delay
     1    0.002735    0.004637    0.002201    2.002201 v HTRANS[1] (in)
                                                         HTRANS[1] (net)
                      0.004637    0.000000    2.002201 v input35/A (sky130_fd_sc_hd__buf_1)
     2    0.013201    0.055715    0.078138    2.080339 v input35/X (sky130_fd_sc_hd__buf_1)
                                                         net35 (net)
                      0.055724    0.000711    2.081050 v _083_/A (sky130_fd_sc_hd__nand2_1)
     1    0.009568    0.075376    0.078896    2.159946 ^ _083_/Y (sky130_fd_sc_hd__nand2_1)
                                                         _071_ (net)
                      0.075376    0.000172    2.160118 ^ fanout183/A (sky130_fd_sc_hd__buf_8)
     6    0.129027    0.157464    0.148259    2.308377 ^ fanout183/X (sky130_fd_sc_hd__buf_8)
                                                         net183 (net)
                      0.157544    0.003214    2.311590 ^ fanout180/A (sky130_fd_sc_hd__buf_2)
     7    0.044912    0.165976    0.188066    2.499657 ^ fanout180/X (sky130_fd_sc_hd__buf_2)
                                                         net180 (net)
                      0.165979    0.000595    2.500252 ^ fanout179/A (sky130_fd_sc_hd__clkbuf_4)
    10    0.049682    0.117716    0.182056    2.682308 ^ fanout179/X (sky130_fd_sc_hd__clkbuf_4)
                                                         net179 (net)
                      0.117802    0.001763    2.684071 ^ _118_/S (sky130_fd_sc_hd__mux2_1)
     1    0.002614    0.037279    0.189800    2.873871 v _118_/X (sky130_fd_sc_hd__mux2_1)
                                                         _034_ (net)
                      0.037279    0.000025    2.873896 v _185_/D (sky130_fd_sc_hd__dfrtp_1)
                                              2.873896   data arrival time

                                 10.000000   10.000000   clock HCLK (rise edge)
                                  0.000000   10.000000   clock source latency
     1    0.055995    0.191291    0.137855   10.137856 ^ HCLK (in)
                                                         HCLK (net)
                      0.192114    0.000000   10.137856 ^ clkbuf_0_HCLK/A (sky130_fd_sc_hd__clkbuf_16)
     5    0.123293    0.107273    0.173709   10.311564 ^ clkbuf_0_HCLK/X (sky130_fd_sc_hd__clkbuf_16)
                                                         clknet_0_HCLK (net)
                      0.108206    0.007999   10.319563 ^ clkbuf_2_2_0_HCLK/A (sky130_fd_sc_hd__clkbuf_8)
     2    0.034011    0.054612    0.121526   10.441090 ^ clkbuf_2_2_0_HCLK/X (sky130_fd_sc_hd__clkbuf_8)
                                                         clknet_2_2_0_HCLK (net)
                      0.054886    0.002741   10.443830 ^ clkbuf_3_5__f_HCLK/A (sky130_fd_sc_hd__clkbuf_16)
    11    0.033948    0.040931    0.100302   10.544132 ^ clkbuf_3_5__f_HCLK/X (sky130_fd_sc_hd__clkbuf_16)
                                                         clknet_3_5__leaf_HCLK (net)
                      0.040934    0.000646   10.544778 ^ _185_/CLK (sky130_fd_sc_hd__dfrtp_1)
                                 -0.250000   10.294778   clock uncertainty
                                  0.000000   10.294778   clock reconvergence pessimism
                                 -0.073469   10.221309   library setup time
                                             10.221309   data required time
---------------------------------------------------------------------------------------------
                                             10.221309   data required time
                                             -2.873896   data arrival time
---------------------------------------------------------------------------------------------
                                              7.347413   slack (MET)


Startpoint: HTRANS[1] (input port clocked by HCLK)
Endpoint: _192_ (rising edge-triggered flip-flop clocked by HCLK)
Path Group: HCLK
Path Type: max

Fanout         Cap        Slew       Delay        Time   Description
---------------------------------------------------------------------------------------------
                                  0.000000    0.000000   clock HCLK (rise edge)
                                  0.000000    0.000000   clock network delay (propagated)
                                  2.000000    2.000000 v input external delay
     1    0.002735    0.004637    0.002201    2.002201 v HTRANS[1] (in)
                                                         HTRANS[1] (net)
                      0.004637    0.000000    2.002201 v input35/A (sky130_fd_sc_hd__buf_1)
     2    0.013201    0.055715    0.078138    2.080339 v input35/X (sky130_fd_sc_hd__buf_1)
                                                         net35 (net)
                      0.055724    0.000711    2.081050 v _083_/A (sky130_fd_sc_hd__nand2_1)
     1    0.009568    0.075376    0.078896    2.159946 ^ _083_/Y (sky130_fd_sc_hd__nand2_1)
                                                         _071_ (net)
                      0.075376    0.000172    2.160118 ^ fanout183/A (sky130_fd_sc_hd__buf_8)
     6    0.129027    0.157464    0.148259    2.308377 ^ fanout183/X (sky130_fd_sc_hd__buf_8)
                                                         net183 (net)
                      0.157544    0.003214    2.311590 ^ fanout180/A (sky130_fd_sc_hd__buf_2)
     7    0.044912    0.165976    0.188066    2.499657 ^ fanout180/X (sky130_fd_sc_hd__buf_2)
                                                         net180 (net)
                      0.165979    0.000595    2.500252 ^ fanout179/A (sky130_fd_sc_hd__clkbuf_4)
    10    0.049682    0.117716    0.182056    2.682308 ^ fanout179/X (sky130_fd_sc_hd__clkbuf_4)
                                                         net179 (net)
                      0.117807    0.001862    2.684170 ^ _125_/S (sky130_fd_sc_hd__mux2_1)
     1    0.002594    0.037204    0.189675    2.873845 v _125_/X (sky130_fd_sc_hd__mux2_1)
                                                         _041_ (net)
                      0.037204    0.000025    2.873869 v _192_/D (sky130_fd_sc_hd__dfrtp_1)
                                              2.873869   data arrival time

                                 10.000000   10.000000   clock HCLK (rise edge)
                                  0.000000   10.000000   clock source latency
     1    0.055995    0.191291    0.137855   10.137856 ^ HCLK (in)
                                                         HCLK (net)
                      0.192114    0.000000   10.137856 ^ clkbuf_0_HCLK/A (sky130_fd_sc_hd__clkbuf_16)
     5    0.123293    0.107273    0.173709   10.311564 ^ clkbuf_0_HCLK/X (sky130_fd_sc_hd__clkbuf_16)
                                                         clknet_0_HCLK (net)
                      0.108206    0.007999   10.319563 ^ clkbuf_2_2_0_HCLK/A (sky130_fd_sc_hd__clkbuf_8)
     2    0.034011    0.054612    0.121526   10.441090 ^ clkbuf_2_2_0_HCLK/X (sky130_fd_sc_hd__clkbuf_8)
                                                         clknet_2_2_0_HCLK (net)
                      0.054886    0.002741   10.443830 ^ clkbuf_3_5__f_HCLK/A (sky130_fd_sc_hd__clkbuf_16)
    11    0.033948    0.040931    0.100302   10.544132 ^ clkbuf_3_5__f_HCLK/X (sky130_fd_sc_hd__clkbuf_16)
                                                         clknet_3_5__leaf_HCLK (net)
                      0.040933    0.000618   10.544750 ^ _192_/CLK (sky130_fd_sc_hd__dfrtp_1)
                                 -0.250000   10.294750   clock uncertainty
                                  0.000000   10.294750   clock reconvergence pessimism
                                 -0.073443   10.221308   library setup time
                                             10.221308   data required time
---------------------------------------------------------------------------------------------
                                             10.221308   data required time
                                             -2.873869   data arrival time
---------------------------------------------------------------------------------------------
                                              7.347438   slack (MET)


Startpoint: HTRANS[1] (input port clocked by HCLK)
Endpoint: _188_ (rising edge-triggered flip-flop clocked by HCLK)
Path Group: HCLK
Path Type: max

Fanout         Cap        Slew       Delay        Time   Description
---------------------------------------------------------------------------------------------
                                  0.000000    0.000000   clock HCLK (rise edge)
                                  0.000000    0.000000   clock network delay (propagated)
                                  2.000000    2.000000 v input external delay
     1    0.002735    0.004637    0.002201    2.002201 v HTRANS[1] (in)
                                                         HTRANS[1] (net)
                      0.004637    0.000000    2.002201 v input35/A (sky130_fd_sc_hd__buf_1)
     2    0.013201    0.055715    0.078138    2.080339 v input35/X (sky130_fd_sc_hd__buf_1)
                                                         net35 (net)
                      0.055724    0.000711    2.081050 v _083_/A (sky130_fd_sc_hd__nand2_1)
     1    0.009568    0.075376    0.078896    2.159946 ^ _083_/Y (sky130_fd_sc_hd__nand2_1)
                                                         _071_ (net)
                      0.075376    0.000172    2.160118 ^ fanout183/A (sky130_fd_sc_hd__buf_8)
     6    0.129027    0.157464    0.148259    2.308377 ^ fanout183/X (sky130_fd_sc_hd__buf_8)
                                                         net183 (net)
                      0.157544    0.003214    2.311590 ^ fanout180/A (sky130_fd_sc_hd__buf_2)
     7    0.044912    0.165976    0.188066    2.499657 ^ fanout180/X (sky130_fd_sc_hd__buf_2)
                                                         net180 (net)
                      0.165979    0.000595    2.500252 ^ fanout179/A (sky130_fd_sc_hd__clkbuf_4)
    10    0.049682    0.117716    0.182056    2.682308 ^ fanout179/X (sky130_fd_sc_hd__clkbuf_4)
                                                         net179 (net)
                      0.117819    0.002098    2.684405 ^ _121_/S (sky130_fd_sc_hd__mux2_1)
     1    0.002586    0.037173    0.189625    2.874030 v _121_/X (sky130_fd_sc_hd__mux2_1)
                                                         _037_ (net)
                      0.037173    0.000025    2.874055 v _188_/D (sky130_fd_sc_hd__dfrtp_1)
                                              2.874055   data arrival time

                                 10.000000   10.000000   clock HCLK (rise edge)
                                  0.000000   10.000000   clock source latency
     1    0.055995    0.191291    0.137855   10.137856 ^ HCLK (in)
                                                         HCLK (net)
                      0.192114    0.000000   10.137856 ^ clkbuf_0_HCLK/A (sky130_fd_sc_hd__clkbuf_16)
     5    0.123293    0.107273    0.173709   10.311564 ^ clkbuf_0_HCLK/X (sky130_fd_sc_hd__clkbuf_16)
                                                         clknet_0_HCLK (net)
                      0.108206    0.007999   10.319563 ^ clkbuf_2_2_0_HCLK/A (sky130_fd_sc_hd__clkbuf_8)
     2    0.034011    0.054612    0.121526   10.441090 ^ clkbuf_2_2_0_HCLK/X (sky130_fd_sc_hd__clkbuf_8)
                                                         clknet_2_2_0_HCLK (net)
                      0.054886    0.002741   10.443830 ^ clkbuf_3_5__f_HCLK/A (sky130_fd_sc_hd__clkbuf_16)
    11    0.033948    0.040931    0.100302   10.544132 ^ clkbuf_3_5__f_HCLK/X (sky130_fd_sc_hd__clkbuf_16)
                                                         clknet_3_5__leaf_HCLK (net)
                      0.040936    0.000817   10.544950 ^ _188_/CLK (sky130_fd_sc_hd__dfrtp_1)
                                 -0.250000   10.294950   clock uncertainty
                                  0.000000   10.294950   clock reconvergence pessimism
                                 -0.073432   10.221518   library setup time
                                             10.221518   data required time
---------------------------------------------------------------------------------------------
                                             10.221518   data required time
                                             -2.874055   data arrival time
---------------------------------------------------------------------------------------------
                                              7.347462   slack (MET)


Startpoint: HTRANS[1] (input port clocked by HCLK)
Endpoint: _153_ (rising edge-triggered flip-flop clocked by HCLK)
Path Group: HCLK
Path Type: max

Fanout         Cap        Slew       Delay        Time   Description
---------------------------------------------------------------------------------------------
                                  0.000000    0.000000   clock HCLK (rise edge)
                                  0.000000    0.000000   clock network delay (propagated)
                                  2.000000    2.000000 v input external delay
     1    0.002735    0.004637    0.002201    2.002201 v HTRANS[1] (in)
                                                         HTRANS[1] (net)
                      0.004637    0.000000    2.002201 v input35/A (sky130_fd_sc_hd__buf_1)
     2    0.013201    0.055715    0.078138    2.080339 v input35/X (sky130_fd_sc_hd__buf_1)
                                                         net35 (net)
                      0.055724    0.000711    2.081050 v _083_/A (sky130_fd_sc_hd__nand2_1)
     1    0.009568    0.075376    0.078896    2.159946 ^ _083_/Y (sky130_fd_sc_hd__nand2_1)
                                                         _071_ (net)
                      0.075376    0.000172    2.160118 ^ fanout183/A (sky130_fd_sc_hd__buf_8)
     6    0.129027    0.157464    0.148259    2.308377 ^ fanout183/X (sky130_fd_sc_hd__buf_8)
                                                         net183 (net)
                      0.157544    0.003214    2.311590 ^ fanout180/A (sky130_fd_sc_hd__buf_2)
     7    0.044912    0.165976    0.188066    2.499657 ^ fanout180/X (sky130_fd_sc_hd__buf_2)
                                                         net180 (net)
                      0.165979    0.000595    2.500252 ^ fanout179/A (sky130_fd_sc_hd__clkbuf_4)
    10    0.049682    0.117716    0.182056    2.682308 ^ fanout179/X (sky130_fd_sc_hd__clkbuf_4)
                                                         net179 (net)
                      0.117824    0.002188    2.684495 ^ _086_/S (sky130_fd_sc_hd__mux2_1)
     1    0.002574    0.037129    0.189551    2.874047 v _086_/X (sky130_fd_sc_hd__mux2_1)
                                                         _002_ (net)
                      0.037129    0.000024    2.874071 v _153_/D (sky130_fd_sc_hd__dfrtp_1)
                                              2.874071   data arrival time

                                 10.000000   10.000000   clock HCLK (rise edge)
                                  0.000000   10.000000   clock source latency
     1    0.055995    0.191291    0.137855   10.137856 ^ HCLK (in)
                                                         HCLK (net)
                      0.192114    0.000000   10.137856 ^ clkbuf_0_HCLK/A (sky130_fd_sc_hd__clkbuf_16)
     5    0.123293    0.107273    0.173709   10.311564 ^ clkbuf_0_HCLK/X (sky130_fd_sc_hd__clkbuf_16)
                                                         clknet_0_HCLK (net)
                      0.108206    0.007999   10.319563 ^ clkbuf_2_2_0_HCLK/A (sky130_fd_sc_hd__clkbuf_8)
     2    0.034011    0.054612    0.121526   10.441090 ^ clkbuf_2_2_0_HCLK/X (sky130_fd_sc_hd__clkbuf_8)
                                                         clknet_2_2_0_HCLK (net)
                      0.054886    0.002741   10.443830 ^ clkbuf_3_5__f_HCLK/A (sky130_fd_sc_hd__clkbuf_16)
    11    0.033948    0.040931    0.100302   10.544132 ^ clkbuf_3_5__f_HCLK/X (sky130_fd_sc_hd__clkbuf_16)
                                                         clknet_3_5__leaf_HCLK (net)
                      0.040948    0.001090   10.545222 ^ _153_/CLK (sky130_fd_sc_hd__dfrtp_1)
                                 -0.250000   10.295222   clock uncertainty
                                  0.000000   10.295222   clock reconvergence pessimism
                                 -0.073415   10.221807   library setup time
                                             10.221807   data required time
---------------------------------------------------------------------------------------------
                                             10.221807   data required time
                                             -2.874071   data arrival time
---------------------------------------------------------------------------------------------
                                              7.347736   slack (MET)


Startpoint: HTRANS[1] (input port clocked by HCLK)
Endpoint: _204_ (rising edge-triggered flip-flop clocked by HCLK)
Path Group: HCLK
Path Type: max

Fanout         Cap        Slew       Delay        Time   Description
---------------------------------------------------------------------------------------------
                                  0.000000    0.000000   clock HCLK (rise edge)
                                  0.000000    0.000000   clock network delay (propagated)
                                  2.000000    2.000000 v input external delay
     1    0.002735    0.004637    0.002201    2.002201 v HTRANS[1] (in)
                                                         HTRANS[1] (net)
                      0.004637    0.000000    2.002201 v input35/A (sky130_fd_sc_hd__buf_1)
     2    0.013201    0.055715    0.078138    2.080339 v input35/X (sky130_fd_sc_hd__buf_1)
                                                         net35 (net)
                      0.055724    0.000711    2.081050 v _083_/A (sky130_fd_sc_hd__nand2_1)
     1    0.009568    0.075376    0.078896    2.159946 ^ _083_/Y (sky130_fd_sc_hd__nand2_1)
                                                         _071_ (net)
                      0.075376    0.000172    2.160118 ^ fanout183/A (sky130_fd_sc_hd__buf_8)
     6    0.129027    0.157464    0.148259    2.308377 ^ fanout183/X (sky130_fd_sc_hd__buf_8)
                                                         net183 (net)
                      0.165281    0.026769    2.335146 ^ fanout178/A (sky130_fd_sc_hd__buf_8)
     5    0.115346    0.143556    0.156073    2.491219 ^ fanout178/X (sky130_fd_sc_hd__buf_8)
                                                         net178 (net)
                      0.145704    0.013967    2.505186 ^ fanout177/A (sky130_fd_sc_hd__clkbuf_4)
    10    0.046979    0.112047    0.174805    2.679991 ^ fanout177/X (sky130_fd_sc_hd__clkbuf_4)
                                                         net177 (net)
                      0.112068    0.001524    2.681514 ^ _137_/S (sky130_fd_sc_hd__mux2_1)
     1    0.002347    0.036285    0.187675    2.869189 v _137_/X (sky130_fd_sc_hd__mux2_1)
                                                         _053_ (net)
                      0.036285    0.000020    2.869210 v _204_/D (sky130_fd_sc_hd__dfrtp_1)
                                              2.869210   data arrival time

                                 10.000000   10.000000   clock HCLK (rise edge)
                                  0.000000   10.000000   clock source latency
     1    0.055995    0.191291    0.137855   10.137856 ^ HCLK (in)
                                                         HCLK (net)
                      0.192114    0.000000   10.137856 ^ clkbuf_0_HCLK/A (sky130_fd_sc_hd__clkbuf_16)
     5    0.123293    0.107273    0.173709   10.311564 ^ clkbuf_0_HCLK/X (sky130_fd_sc_hd__clkbuf_16)
                                                         clknet_0_HCLK (net)
                      0.108547    0.009308   10.320872 ^ clkbuf_2_1_0_HCLK/A (sky130_fd_sc_hd__clkbuf_8)
     2    0.035398    0.056328    0.122621   10.443494 ^ clkbuf_2_1_0_HCLK/X (sky130_fd_sc_hd__clkbuf_8)
                                                         clknet_2_1_0_HCLK (net)
                      0.056586    0.002984   10.446478 ^ clkbuf_3_3__f_HCLK/A (sky130_fd_sc_hd__clkbuf_16)
    10    0.027240    0.036222    0.096776   10.543254 ^ clkbuf_3_3__f_HCLK/X (sky130_fd_sc_hd__clkbuf_16)
                                                         clknet_3_3__leaf_HCLK (net)
                      0.036223    0.000234   10.543488 ^ _204_/CLK (sky130_fd_sc_hd__dfrtp_1)
                                 -0.250000   10.293488   clock uncertainty
                                  0.000000   10.293488   clock reconvergence pessimism
                                 -0.073568   10.219919   library setup time
                                             10.219919   data required time
---------------------------------------------------------------------------------------------
                                             10.219919   data required time
                                             -2.869210   data arrival time
---------------------------------------------------------------------------------------------
                                              7.350709   slack (MET)


Startpoint: HTRANS[1] (input port clocked by HCLK)
Endpoint: _211_ (rising edge-triggered flip-flop clocked by HCLK)
Path Group: HCLK
Path Type: max

Fanout         Cap        Slew       Delay        Time   Description
---------------------------------------------------------------------------------------------
                                  0.000000    0.000000   clock HCLK (rise edge)
                                  0.000000    0.000000   clock network delay (propagated)
                                  2.000000    2.000000 v input external delay
     1    0.002735    0.004637    0.002201    2.002201 v HTRANS[1] (in)
                                                         HTRANS[1] (net)
                      0.004637    0.000000    2.002201 v input35/A (sky130_fd_sc_hd__buf_1)
     2    0.013201    0.055715    0.078138    2.080339 v input35/X (sky130_fd_sc_hd__buf_1)
                                                         net35 (net)
                      0.055724    0.000711    2.081050 v _083_/A (sky130_fd_sc_hd__nand2_1)
     1    0.009568    0.075376    0.078896    2.159946 ^ _083_/Y (sky130_fd_sc_hd__nand2_1)
                                                         _071_ (net)
                      0.075376    0.000172    2.160118 ^ fanout183/A (sky130_fd_sc_hd__buf_8)
     6    0.129027    0.157464    0.148259    2.308377 ^ fanout183/X (sky130_fd_sc_hd__buf_8)
                                                         net183 (net)
                      0.165281    0.026769    2.335146 ^ fanout178/A (sky130_fd_sc_hd__buf_8)
     5    0.115346    0.143556    0.156073    2.491219 ^ fanout178/X (sky130_fd_sc_hd__buf_8)
                                                         net178 (net)
                      0.145704    0.013967    2.505186 ^ fanout177/A (sky130_fd_sc_hd__clkbuf_4)
    10    0.046979    0.112047    0.174805    2.679991 ^ fanout177/X (sky130_fd_sc_hd__clkbuf_4)
                                                         net177 (net)
                      0.112065    0.001437    2.681428 ^ _144_/S (sky130_fd_sc_hd__mux2_1)
     1    0.002345    0.036279    0.187665    2.869093 v _144_/X (sky130_fd_sc_hd__mux2_1)
                                                         _060_ (net)
                      0.036279    0.000020    2.869112 v _211_/D (sky130_fd_sc_hd__dfrtp_1)
                                              2.869112   data arrival time

                                 10.000000   10.000000   clock HCLK (rise edge)
                                  0.000000   10.000000   clock source latency
     1    0.055995    0.191291    0.137855   10.137856 ^ HCLK (in)
                                                         HCLK (net)
                      0.192114    0.000000   10.137856 ^ clkbuf_0_HCLK/A (sky130_fd_sc_hd__clkbuf_16)
     5    0.123293    0.107273    0.173709   10.311564 ^ clkbuf_0_HCLK/X (sky130_fd_sc_hd__clkbuf_16)
                                                         clknet_0_HCLK (net)
                      0.108547    0.009308   10.320872 ^ clkbuf_2_1_0_HCLK/A (sky130_fd_sc_hd__clkbuf_8)
     2    0.035398    0.056328    0.122621   10.443494 ^ clkbuf_2_1_0_HCLK/X (sky130_fd_sc_hd__clkbuf_8)
                                                         clknet_2_1_0_HCLK (net)
                      0.056586    0.002984   10.446478 ^ clkbuf_3_3__f_HCLK/A (sky130_fd_sc_hd__clkbuf_16)
    10    0.027240    0.036222    0.096776   10.543254 ^ clkbuf_3_3__f_HCLK/X (sky130_fd_sc_hd__clkbuf_16)
                                                         clknet_3_3__leaf_HCLK (net)
                      0.036224    0.000290   10.543543 ^ _211_/CLK (sky130_fd_sc_hd__dfrtp_1)
                                 -0.250000   10.293543   clock uncertainty
                                  0.000000   10.293543   clock reconvergence pessimism
                                 -0.073566   10.219977   library setup time
                                             10.219977   data required time
---------------------------------------------------------------------------------------------
                                             10.219977   data required time
                                             -2.869112   data arrival time
---------------------------------------------------------------------------------------------
                                              7.350865   slack (MET)


Startpoint: HTRANS[1] (input port clocked by HCLK)
Endpoint: _166_ (rising edge-triggered flip-flop clocked by HCLK)
Path Group: HCLK
Path Type: max

Fanout         Cap        Slew       Delay        Time   Description
---------------------------------------------------------------------------------------------
                                  0.000000    0.000000   clock HCLK (rise edge)
                                  0.000000    0.000000   clock network delay (propagated)
                                  2.000000    2.000000 v input external delay
     1    0.002735    0.004637    0.002201    2.002201 v HTRANS[1] (in)
                                                         HTRANS[1] (net)
                      0.004637    0.000000    2.002201 v input35/A (sky130_fd_sc_hd__buf_1)
     2    0.013201    0.055715    0.078138    2.080339 v input35/X (sky130_fd_sc_hd__buf_1)
                                                         net35 (net)
                      0.055724    0.000711    2.081050 v _083_/A (sky130_fd_sc_hd__nand2_1)
     1    0.009568    0.075376    0.078896    2.159946 ^ _083_/Y (sky130_fd_sc_hd__nand2_1)
                                                         _071_ (net)
                      0.075376    0.000172    2.160118 ^ fanout183/A (sky130_fd_sc_hd__buf_8)
     6    0.129027    0.157464    0.148259    2.308377 ^ fanout183/X (sky130_fd_sc_hd__buf_8)
                                                         net183 (net)
                      0.165281    0.026769    2.335146 ^ fanout178/A (sky130_fd_sc_hd__buf_8)
     5    0.115346    0.143556    0.156073    2.491219 ^ fanout178/X (sky130_fd_sc_hd__buf_8)
                                                         net178 (net)
                      0.145704    0.013967    2.505186 ^ fanout177/A (sky130_fd_sc_hd__clkbuf_4)
    10    0.046979    0.112047    0.174805    2.679991 ^ fanout177/X (sky130_fd_sc_hd__clkbuf_4)
                                                         net177 (net)
                      0.112066    0.001476    2.681466 ^ _099_/S (sky130_fd_sc_hd__mux2_1)
     1    0.002334    0.036240    0.187600    2.869066 v _099_/X (sky130_fd_sc_hd__mux2_1)
                                                         _015_ (net)
                      0.036240    0.000020    2.869086 v _166_/D (sky130_fd_sc_hd__dfrtp_1)
                                              2.869086   data arrival time

                                 10.000000   10.000000   clock HCLK (rise edge)
                                  0.000000   10.000000   clock source latency
     1    0.055995    0.191291    0.137855   10.137856 ^ HCLK (in)
                                                         HCLK (net)
                      0.192114    0.000000   10.137856 ^ clkbuf_0_HCLK/A (sky130_fd_sc_hd__clkbuf_16)
     5    0.123293    0.107273    0.173709   10.311564 ^ clkbuf_0_HCLK/X (sky130_fd_sc_hd__clkbuf_16)
                                                         clknet_0_HCLK (net)
                      0.108547    0.009308   10.320872 ^ clkbuf_2_1_0_HCLK/A (sky130_fd_sc_hd__clkbuf_8)
     2    0.035398    0.056328    0.122621   10.443494 ^ clkbuf_2_1_0_HCLK/X (sky130_fd_sc_hd__clkbuf_8)
                                                         clknet_2_1_0_HCLK (net)
                      0.056586    0.002984   10.446478 ^ clkbuf_3_3__f_HCLK/A (sky130_fd_sc_hd__clkbuf_16)
    10    0.027240    0.036222    0.096776   10.543254 ^ clkbuf_3_3__f_HCLK/X (sky130_fd_sc_hd__clkbuf_16)
                                                         clknet_3_3__leaf_HCLK (net)
                      0.036223    0.000267   10.543521 ^ _166_/CLK (sky130_fd_sc_hd__dfrtp_1)
                                 -0.250000   10.293521   clock uncertainty
                                  0.000000   10.293521   clock reconvergence pessimism
                                 -0.073552   10.219969   library setup time
                                             10.219969   data required time
---------------------------------------------------------------------------------------------
                                             10.219969   data required time
                                             -2.869086   data arrival time
---------------------------------------------------------------------------------------------
                                              7.350883   slack (MET)


Startpoint: HTRANS[1] (input port clocked by HCLK)
Endpoint: _191_ (rising edge-triggered flip-flop clocked by HCLK)
Path Group: HCLK
Path Type: max

Fanout         Cap        Slew       Delay        Time   Description
---------------------------------------------------------------------------------------------
                                  0.000000    0.000000   clock HCLK (rise edge)
                                  0.000000    0.000000   clock network delay (propagated)
                                  2.000000    2.000000 v input external delay
     1    0.002735    0.004637    0.002201    2.002201 v HTRANS[1] (in)
                                                         HTRANS[1] (net)
                      0.004637    0.000000    2.002201 v input35/A (sky130_fd_sc_hd__buf_1)
     2    0.013201    0.055715    0.078138    2.080339 v input35/X (sky130_fd_sc_hd__buf_1)
                                                         net35 (net)
                      0.055724    0.000711    2.081050 v _083_/A (sky130_fd_sc_hd__nand2_1)
     1    0.009568    0.075376    0.078896    2.159946 ^ _083_/Y (sky130_fd_sc_hd__nand2_1)
                                                         _071_ (net)
                      0.075376    0.000172    2.160118 ^ fanout183/A (sky130_fd_sc_hd__buf_8)
     6    0.129027    0.157464    0.148259    2.308377 ^ fanout183/X (sky130_fd_sc_hd__buf_8)
                                                         net183 (net)
                      0.157544    0.003214    2.311590 ^ fanout180/A (sky130_fd_sc_hd__buf_2)
     7    0.044912    0.165976    0.188066    2.499657 ^ fanout180/X (sky130_fd_sc_hd__buf_2)
                                                         net180 (net)
                      0.165979    0.000595    2.500252 ^ fanout179/A (sky130_fd_sc_hd__clkbuf_4)
    10    0.049682    0.117716    0.182056    2.682308 ^ fanout179/X (sky130_fd_sc_hd__clkbuf_4)
                                                         net179 (net)
                      0.117721    0.000960    2.683268 ^ _124_/S (sky130_fd_sc_hd__mux2_1)
     1    0.002533    0.036978    0.189290    2.872558 v _124_/X (sky130_fd_sc_hd__mux2_1)
                                                         _040_ (net)
                      0.036978    0.000024    2.872582 v _191_/D (sky130_fd_sc_hd__dfrtp_1)
                                              2.872582   data arrival time

                                 10.000000   10.000000   clock HCLK (rise edge)
                                  0.000000   10.000000   clock source latency
     1    0.055995    0.191291    0.137855   10.137856 ^ HCLK (in)
                                                         HCLK (net)
                      0.192114    0.000000   10.137856 ^ clkbuf_0_HCLK/A (sky130_fd_sc_hd__clkbuf_16)
     5    0.123293    0.107273    0.173709   10.311564 ^ clkbuf_0_HCLK/X (sky130_fd_sc_hd__clkbuf_16)
                                                         clknet_0_HCLK (net)
                      0.108206    0.007999   10.319563 ^ clkbuf_2_2_0_HCLK/A (sky130_fd_sc_hd__clkbuf_8)
     2    0.034011    0.054612    0.121526   10.441090 ^ clkbuf_2_2_0_HCLK/X (sky130_fd_sc_hd__clkbuf_8)
                                                         clknet_2_2_0_HCLK (net)
                      0.054828    0.002355   10.443444 ^ clkbuf_3_4__f_HCLK/A (sky130_fd_sc_hd__clkbuf_16)
    11    0.038066    0.043854    0.102781   10.546226 ^ clkbuf_3_4__f_HCLK/X (sky130_fd_sc_hd__clkbuf_16)
                                                         clknet_3_4__leaf_HCLK (net)
                      0.043864    0.000556   10.546782 ^ _191_/CLK (sky130_fd_sc_hd__dfrtp_1)
                                 -0.250000   10.296782   clock uncertainty
                                  0.000000   10.296782   clock reconvergence pessimism
                                 -0.073080   10.223702   library setup time
                                             10.223702   data required time
---------------------------------------------------------------------------------------------
                                             10.223702   data required time
                                             -2.872582   data arrival time
---------------------------------------------------------------------------------------------
                                              7.351120   slack (MET)


Startpoint: HTRANS[1] (input port clocked by HCLK)
Endpoint: _181_ (rising edge-triggered flip-flop clocked by HCLK)
Path Group: HCLK
Path Type: max

Fanout         Cap        Slew       Delay        Time   Description
---------------------------------------------------------------------------------------------
                                  0.000000    0.000000   clock HCLK (rise edge)
                                  0.000000    0.000000   clock network delay (propagated)
                                  2.000000    2.000000 v input external delay
     1    0.002735    0.004637    0.002201    2.002201 v HTRANS[1] (in)
                                                         HTRANS[1] (net)
                      0.004637    0.000000    2.002201 v input35/A (sky130_fd_sc_hd__buf_1)
     2    0.013201    0.055715    0.078138    2.080339 v input35/X (sky130_fd_sc_hd__buf_1)
                                                         net35 (net)
                      0.055724    0.000711    2.081050 v _083_/A (sky130_fd_sc_hd__nand2_1)
     1    0.009568    0.075376    0.078896    2.159946 ^ _083_/Y (sky130_fd_sc_hd__nand2_1)
                                                         _071_ (net)
                      0.075376    0.000172    2.160118 ^ fanout183/A (sky130_fd_sc_hd__buf_8)
     6    0.129027    0.157464    0.148259    2.308377 ^ fanout183/X (sky130_fd_sc_hd__buf_8)
                                                         net183 (net)
                      0.157544    0.003214    2.311590 ^ fanout180/A (sky130_fd_sc_hd__buf_2)
     7    0.044912    0.165976    0.188066    2.499657 ^ fanout180/X (sky130_fd_sc_hd__buf_2)
                                                         net180 (net)
                      0.165979    0.000595    2.500252 ^ fanout179/A (sky130_fd_sc_hd__clkbuf_4)
    10    0.049682    0.117716    0.182056    2.682308 ^ fanout179/X (sky130_fd_sc_hd__clkbuf_4)
                                                         net179 (net)
                      0.117717    0.000685    2.682993 ^ _114_/S (sky130_fd_sc_hd__mux2_1)
     1    0.002552    0.037048    0.189408    2.872401 v _114_/X (sky130_fd_sc_hd__mux2_1)
                                                         _030_ (net)
                      0.037048    0.000023    2.872424 v _181_/D (sky130_fd_sc_hd__dfrtp_1)
                                              2.872424   data arrival time

                                 10.000000   10.000000   clock HCLK (rise edge)
                                  0.000000   10.000000   clock source latency
     1    0.055995    0.191291    0.137855   10.137856 ^ HCLK (in)
                                                         HCLK (net)
                      0.192114    0.000000   10.137856 ^ clkbuf_0_HCLK/A (sky130_fd_sc_hd__clkbuf_16)
     5    0.123293    0.107273    0.173709   10.311564 ^ clkbuf_0_HCLK/X (sky130_fd_sc_hd__clkbuf_16)
                                                         clknet_0_HCLK (net)
                      0.108206    0.007999   10.319563 ^ clkbuf_2_2_0_HCLK/A (sky130_fd_sc_hd__clkbuf_8)
     2    0.034011    0.054612    0.121526   10.441090 ^ clkbuf_2_2_0_HCLK/X (sky130_fd_sc_hd__clkbuf_8)
                                                         clknet_2_2_0_HCLK (net)
                      0.054828    0.002355   10.443444 ^ clkbuf_3_4__f_HCLK/A (sky130_fd_sc_hd__clkbuf_16)
    11    0.038066    0.043854    0.102781   10.546226 ^ clkbuf_3_4__f_HCLK/X (sky130_fd_sc_hd__clkbuf_16)
                                                         clknet_3_4__leaf_HCLK (net)
                      0.043862    0.000512   10.546737 ^ _181_/CLK (sky130_fd_sc_hd__dfrtp_1)
                                 -0.250000   10.296737   clock uncertainty
                                  0.000000   10.296737   clock reconvergence pessimism
                                 -0.073105   10.223632   library setup time
                                             10.223632   data required time
---------------------------------------------------------------------------------------------
                                             10.223632   data required time
                                             -2.872424   data arrival time
---------------------------------------------------------------------------------------------
                                              7.351208   slack (MET)


Startpoint: HTRANS[1] (input port clocked by HCLK)
Endpoint: _194_ (rising edge-triggered flip-flop clocked by HCLK)
Path Group: HCLK
Path Type: max

Fanout         Cap        Slew       Delay        Time   Description
---------------------------------------------------------------------------------------------
                                  0.000000    0.000000   clock HCLK (rise edge)
                                  0.000000    0.000000   clock network delay (propagated)
                                  2.000000    2.000000 v input external delay
     1    0.002735    0.004637    0.002201    2.002201 v HTRANS[1] (in)
                                                         HTRANS[1] (net)
                      0.004637    0.000000    2.002201 v input35/A (sky130_fd_sc_hd__buf_1)
     2    0.013201    0.055715    0.078138    2.080339 v input35/X (sky130_fd_sc_hd__buf_1)
                                                         net35 (net)
                      0.055724    0.000711    2.081050 v _083_/A (sky130_fd_sc_hd__nand2_1)
     1    0.009568    0.075376    0.078896    2.159946 ^ _083_/Y (sky130_fd_sc_hd__nand2_1)
                                                         _071_ (net)
                      0.075376    0.000172    2.160118 ^ fanout183/A (sky130_fd_sc_hd__buf_8)
     6    0.129027    0.157464    0.148259    2.308377 ^ fanout183/X (sky130_fd_sc_hd__buf_8)
                                                         net183 (net)
                      0.157544    0.003214    2.311590 ^ fanout180/A (sky130_fd_sc_hd__buf_2)
     7    0.044912    0.165976    0.188066    2.499657 ^ fanout180/X (sky130_fd_sc_hd__buf_2)
                                                         net180 (net)
                      0.165979    0.000595    2.500252 ^ fanout179/A (sky130_fd_sc_hd__clkbuf_4)
    10    0.049682    0.117716    0.182056    2.682308 ^ fanout179/X (sky130_fd_sc_hd__clkbuf_4)
                                                         net179 (net)
                      0.117716    0.000234    2.682542 ^ _127_/S (sky130_fd_sc_hd__mux2_1)
     1    0.002492    0.036828    0.189039    2.871581 v _127_/X (sky130_fd_sc_hd__mux2_1)
                                                         _043_ (net)
                      0.036828    0.000022    2.871603 v _194_/D (sky130_fd_sc_hd__dfrtp_1)
                                              2.871603   data arrival time

                                 10.000000   10.000000   clock HCLK (rise edge)
                                  0.000000   10.000000   clock source latency
     1    0.055995    0.191291    0.137855   10.137856 ^ HCLK (in)
                                                         HCLK (net)
                      0.192114    0.000000   10.137856 ^ clkbuf_0_HCLK/A (sky130_fd_sc_hd__clkbuf_16)
     5    0.123293    0.107273    0.173709   10.311564 ^ clkbuf_0_HCLK/X (sky130_fd_sc_hd__clkbuf_16)
                                                         clknet_0_HCLK (net)
                      0.108206    0.007999   10.319563 ^ clkbuf_2_2_0_HCLK/A (sky130_fd_sc_hd__clkbuf_8)
     2    0.034011    0.054612    0.121526   10.441090 ^ clkbuf_2_2_0_HCLK/X (sky130_fd_sc_hd__clkbuf_8)
                                                         clknet_2_2_0_HCLK (net)
                      0.054828    0.002355   10.443444 ^ clkbuf_3_4__f_HCLK/A (sky130_fd_sc_hd__clkbuf_16)
    11    0.038066    0.043854    0.102781   10.546226 ^ clkbuf_3_4__f_HCLK/X (sky130_fd_sc_hd__clkbuf_16)
                                                         clknet_3_4__leaf_HCLK (net)
                      0.043854    0.000262   10.546488 ^ _194_/CLK (sky130_fd_sc_hd__dfrtp_1)
                                 -0.250000   10.296488   clock uncertainty
                                  0.000000   10.296488   clock reconvergence pessimism
                                 -0.073027   10.223460   library setup time
                                             10.223460   data required time
---------------------------------------------------------------------------------------------
                                             10.223460   data required time
                                             -2.871603   data arrival time
---------------------------------------------------------------------------------------------
                                              7.351857   slack (MET)


Startpoint: HTRANS[1] (input port clocked by HCLK)
Endpoint: _178_ (rising edge-triggered flip-flop clocked by HCLK)
Path Group: HCLK
Path Type: max

Fanout         Cap        Slew       Delay        Time   Description
---------------------------------------------------------------------------------------------
                                  0.000000    0.000000   clock HCLK (rise edge)
                                  0.000000    0.000000   clock network delay (propagated)
                                  2.000000    2.000000 v input external delay
     1    0.002735    0.004637    0.002201    2.002201 v HTRANS[1] (in)
                                                         HTRANS[1] (net)
                      0.004637    0.000000    2.002201 v input35/A (sky130_fd_sc_hd__buf_1)
     2    0.013201    0.055715    0.078138    2.080339 v input35/X (sky130_fd_sc_hd__buf_1)
                                                         net35 (net)
                      0.055724    0.000711    2.081050 v _083_/A (sky130_fd_sc_hd__nand2_1)
     1    0.009568    0.075376    0.078896    2.159946 ^ _083_/Y (sky130_fd_sc_hd__nand2_1)
                                                         _071_ (net)
                      0.075376    0.000172    2.160118 ^ fanout183/A (sky130_fd_sc_hd__buf_8)
     6    0.129027    0.157464    0.148259    2.308377 ^ fanout183/X (sky130_fd_sc_hd__buf_8)
                                                         net183 (net)
                      0.165281    0.026769    2.335146 ^ fanout178/A (sky130_fd_sc_hd__buf_8)
     5    0.115346    0.143556    0.156073    2.491219 ^ fanout178/X (sky130_fd_sc_hd__buf_8)
                                                         net178 (net)
                      0.145704    0.013967    2.505186 ^ fanout177/A (sky130_fd_sc_hd__clkbuf_4)
    10    0.046979    0.112047    0.174805    2.679991 ^ fanout177/X (sky130_fd_sc_hd__clkbuf_4)
                                                         net177 (net)
                      0.112060    0.001269    2.681259 ^ _111_/S (sky130_fd_sc_hd__mux2_1)
     1    0.002433    0.036602    0.188205    2.869464 v _111_/X (sky130_fd_sc_hd__mux2_1)
                                                         _027_ (net)
                      0.036602    0.000021    2.869486 v _178_/D (sky130_fd_sc_hd__dfrtp_1)
                                              2.869486   data arrival time

                                 10.000000   10.000000   clock HCLK (rise edge)
                                  0.000000   10.000000   clock source latency
     1    0.055995    0.191291    0.137855   10.137856 ^ HCLK (in)
                                                         HCLK (net)
                      0.192114    0.000000   10.137856 ^ clkbuf_0_HCLK/A (sky130_fd_sc_hd__clkbuf_16)
     5    0.123293    0.107273    0.173709   10.311564 ^ clkbuf_0_HCLK/X (sky130_fd_sc_hd__clkbuf_16)
                                                         clknet_0_HCLK (net)
                      0.108547    0.009308   10.320872 ^ clkbuf_2_1_0_HCLK/A (sky130_fd_sc_hd__clkbuf_8)
     2    0.035398    0.056328    0.122621   10.443494 ^ clkbuf_2_1_0_HCLK/X (sky130_fd_sc_hd__clkbuf_8)
                                                         clknet_2_1_0_HCLK (net)
                      0.056608    0.003110   10.446604 ^ clkbuf_3_2__f_HCLK/A (sky130_fd_sc_hd__clkbuf_16)
    10    0.035106    0.041785    0.101338   10.547941 ^ clkbuf_3_2__f_HCLK/X (sky130_fd_sc_hd__clkbuf_16)
                                                         clknet_3_2__leaf_HCLK (net)
                      0.041795    0.000909   10.548851 ^ _178_/CLK (sky130_fd_sc_hd__dfrtp_1)
                                 -0.250000   10.298851   clock uncertainty
                                  0.000000   10.298851   clock reconvergence pessimism
                                 -0.073145   10.225706   library setup time
                                             10.225706   data required time
---------------------------------------------------------------------------------------------
                                             10.225706   data required time
                                             -2.869486   data arrival time
---------------------------------------------------------------------------------------------
                                              7.356220   slack (MET)


Startpoint: HTRANS[1] (input port clocked by HCLK)
Endpoint: _189_ (rising edge-triggered flip-flop clocked by HCLK)
Path Group: HCLK
Path Type: max

Fanout         Cap        Slew       Delay        Time   Description
---------------------------------------------------------------------------------------------
                                  0.000000    0.000000   clock HCLK (rise edge)
                                  0.000000    0.000000   clock network delay (propagated)
                                  2.000000    2.000000 v input external delay
     1    0.002735    0.004637    0.002201    2.002201 v HTRANS[1] (in)
                                                         HTRANS[1] (net)
                      0.004637    0.000000    2.002201 v input35/A (sky130_fd_sc_hd__buf_1)
     2    0.013201    0.055715    0.078138    2.080339 v input35/X (sky130_fd_sc_hd__buf_1)
                                                         net35 (net)
                      0.055724    0.000711    2.081050 v _083_/A (sky130_fd_sc_hd__nand2_1)
     1    0.009568    0.075376    0.078896    2.159946 ^ _083_/Y (sky130_fd_sc_hd__nand2_1)
                                                         _071_ (net)
                      0.075376    0.000172    2.160118 ^ fanout183/A (sky130_fd_sc_hd__buf_8)
     6    0.129027    0.157464    0.148259    2.308377 ^ fanout183/X (sky130_fd_sc_hd__buf_8)
                                                         net183 (net)
                      0.165281    0.026769    2.335146 ^ fanout178/A (sky130_fd_sc_hd__buf_8)
     5    0.115346    0.143556    0.156073    2.491219 ^ fanout178/X (sky130_fd_sc_hd__buf_8)
                                                         net178 (net)
                      0.145704    0.013967    2.505186 ^ fanout177/A (sky130_fd_sc_hd__clkbuf_4)
    10    0.046979    0.112047    0.174805    2.679991 ^ fanout177/X (sky130_fd_sc_hd__clkbuf_4)
                                                         net177 (net)
                      0.112062    0.001346    2.681337 ^ _122_/S (sky130_fd_sc_hd__mux2_1)
     1    0.002405    0.036501    0.188037    2.869374 v _122_/X (sky130_fd_sc_hd__mux2_1)
                                                         _038_ (net)
                      0.036501    0.000021    2.869395 v _189_/D (sky130_fd_sc_hd__dfrtp_1)
                                              2.869395   data arrival time

                                 10.000000   10.000000   clock HCLK (rise edge)
                                  0.000000   10.000000   clock source latency
     1    0.055995    0.191291    0.137855   10.137856 ^ HCLK (in)
                                                         HCLK (net)
                      0.192114    0.000000   10.137856 ^ clkbuf_0_HCLK/A (sky130_fd_sc_hd__clkbuf_16)
     5    0.123293    0.107273    0.173709   10.311564 ^ clkbuf_0_HCLK/X (sky130_fd_sc_hd__clkbuf_16)
                                                         clknet_0_HCLK (net)
                      0.108547    0.009308   10.320872 ^ clkbuf_2_1_0_HCLK/A (sky130_fd_sc_hd__clkbuf_8)
     2    0.035398    0.056328    0.122621   10.443494 ^ clkbuf_2_1_0_HCLK/X (sky130_fd_sc_hd__clkbuf_8)
                                                         clknet_2_1_0_HCLK (net)
                      0.056608    0.003110   10.446604 ^ clkbuf_3_2__f_HCLK/A (sky130_fd_sc_hd__clkbuf_16)
    10    0.035106    0.041785    0.101338   10.547941 ^ clkbuf_3_2__f_HCLK/X (sky130_fd_sc_hd__clkbuf_16)
                                                         clknet_3_2__leaf_HCLK (net)
                      0.041800    0.000978   10.548920 ^ _189_/CLK (sky130_fd_sc_hd__dfrtp_1)
                                 -0.250000   10.298920   clock uncertainty
                                  0.000000   10.298920   clock reconvergence pessimism
                                 -0.073108   10.225811   library setup time
                                             10.225811   data required time
---------------------------------------------------------------------------------------------
                                             10.225811   data required time
                                             -2.869395   data arrival time
---------------------------------------------------------------------------------------------
                                              7.356416   slack (MET)


Startpoint: HTRANS[1] (input port clocked by HCLK)
Endpoint: _157_ (rising edge-triggered flip-flop clocked by HCLK)
Path Group: HCLK
Path Type: max

Fanout         Cap        Slew       Delay        Time   Description
---------------------------------------------------------------------------------------------
                                  0.000000    0.000000   clock HCLK (rise edge)
                                  0.000000    0.000000   clock network delay (propagated)
                                  2.000000    2.000000 v input external delay
     1    0.002735    0.004637    0.002201    2.002201 v HTRANS[1] (in)
                                                         HTRANS[1] (net)
                      0.004637    0.000000    2.002201 v input35/A (sky130_fd_sc_hd__buf_1)
     2    0.013201    0.055715    0.078138    2.080339 v input35/X (sky130_fd_sc_hd__buf_1)
                                                         net35 (net)
                      0.055724    0.000711    2.081050 v _083_/A (sky130_fd_sc_hd__nand2_1)
     1    0.009568    0.075376    0.078896    2.159946 ^ _083_/Y (sky130_fd_sc_hd__nand2_1)
                                                         _071_ (net)
                      0.075376    0.000172    2.160118 ^ fanout183/A (sky130_fd_sc_hd__buf_8)
     6    0.129027    0.157464    0.148259    2.308377 ^ fanout183/X (sky130_fd_sc_hd__buf_8)
                                                         net183 (net)
                      0.165281    0.026769    2.335146 ^ fanout178/A (sky130_fd_sc_hd__buf_8)
     5    0.115346    0.143556    0.156073    2.491219 ^ fanout178/X (sky130_fd_sc_hd__buf_8)
                                                         net178 (net)
                      0.145704    0.013967    2.505186 ^ fanout177/A (sky130_fd_sc_hd__clkbuf_4)
    10    0.046979    0.112047    0.174805    2.679991 ^ fanout177/X (sky130_fd_sc_hd__clkbuf_4)
                                                         net177 (net)
                      0.112054    0.001021    2.681011 ^ _090_/S (sky130_fd_sc_hd__mux2_1)
     1    0.002343    0.036271    0.187652    2.868663 v _090_/X (sky130_fd_sc_hd__mux2_1)
                                                         _006_ (net)
                      0.036271    0.000020    2.868683 v _157_/D (sky130_fd_sc_hd__dfrtp_1)
                                              2.868683   data arrival time

                                 10.000000   10.000000   clock HCLK (rise edge)
                                  0.000000   10.000000   clock source latency
     1    0.055995    0.191291    0.137855   10.137856 ^ HCLK (in)
                                                         HCLK (net)
                      0.192114    0.000000   10.137856 ^ clkbuf_0_HCLK/A (sky130_fd_sc_hd__clkbuf_16)
     5    0.123293    0.107273    0.173709   10.311564 ^ clkbuf_0_HCLK/X (sky130_fd_sc_hd__clkbuf_16)
                                                         clknet_0_HCLK (net)
                      0.108547    0.009308   10.320872 ^ clkbuf_2_1_0_HCLK/A (sky130_fd_sc_hd__clkbuf_8)
     2    0.035398    0.056328    0.122621   10.443494 ^ clkbuf_2_1_0_HCLK/X (sky130_fd_sc_hd__clkbuf_8)
                                                         clknet_2_1_0_HCLK (net)
                      0.056608    0.003110   10.446604 ^ clkbuf_3_2__f_HCLK/A (sky130_fd_sc_hd__clkbuf_16)
    10    0.035106    0.041785    0.101338   10.547941 ^ clkbuf_3_2__f_HCLK/X (sky130_fd_sc_hd__clkbuf_16)
                                                         clknet_3_2__leaf_HCLK (net)
                      0.041804    0.001041   10.548983 ^ _157_/CLK (sky130_fd_sc_hd__dfrtp_1)
                                 -0.250000   10.298983   clock uncertainty
                                  0.000000   10.298983   clock reconvergence pessimism
                                 -0.073026   10.225956   library setup time
                                             10.225956   data required time
---------------------------------------------------------------------------------------------
                                             10.225956   data required time
                                             -2.868683   data arrival time
---------------------------------------------------------------------------------------------
                                              7.357273   slack (MET)


Startpoint: HTRANS[1] (input port clocked by HCLK)
Endpoint: _184_ (rising edge-triggered flip-flop clocked by HCLK)
Path Group: HCLK
Path Type: max

Fanout         Cap        Slew       Delay        Time   Description
---------------------------------------------------------------------------------------------
                                  0.000000    0.000000   clock HCLK (rise edge)
                                  0.000000    0.000000   clock network delay (propagated)
                                  2.000000    2.000000 v input external delay
     1    0.002735    0.004637    0.002201    2.002201 v HTRANS[1] (in)
                                                         HTRANS[1] (net)
                      0.004637    0.000000    2.002201 v input35/A (sky130_fd_sc_hd__buf_1)
     2    0.013201    0.055715    0.078138    2.080339 v input35/X (sky130_fd_sc_hd__buf_1)
                                                         net35 (net)
                      0.055724    0.000711    2.081050 v _083_/A (sky130_fd_sc_hd__nand2_1)
     1    0.009568    0.075376    0.078896    2.159946 ^ _083_/Y (sky130_fd_sc_hd__nand2_1)
                                                         _071_ (net)
                      0.075376    0.000172    2.160118 ^ fanout183/A (sky130_fd_sc_hd__buf_8)
     6    0.129027    0.157464    0.148259    2.308377 ^ fanout183/X (sky130_fd_sc_hd__buf_8)
                                                         net183 (net)
                      0.165281    0.026769    2.335146 ^ fanout178/A (sky130_fd_sc_hd__buf_8)
     5    0.115346    0.143556    0.156073    2.491219 ^ fanout178/X (sky130_fd_sc_hd__buf_8)
                                                         net178 (net)
                      0.145704    0.013967    2.505186 ^ fanout177/A (sky130_fd_sc_hd__clkbuf_4)
    10    0.046979    0.112047    0.174805    2.679991 ^ fanout177/X (sky130_fd_sc_hd__clkbuf_4)
                                                         net177 (net)
                      0.112049    0.000665    2.680655 ^ _117_/S (sky130_fd_sc_hd__mux2_1)
     1    0.002358    0.036328    0.187746    2.868401 v _117_/X (sky130_fd_sc_hd__mux2_1)
                                                         _033_ (net)
                      0.036328    0.000021    2.868422 v _184_/D (sky130_fd_sc_hd__dfrtp_1)
                                              2.868422   data arrival time

                                 10.000000   10.000000   clock HCLK (rise edge)
                                  0.000000   10.000000   clock source latency
     1    0.055995    0.191291    0.137855   10.137856 ^ HCLK (in)
                                                         HCLK (net)
                      0.192114    0.000000   10.137856 ^ clkbuf_0_HCLK/A (sky130_fd_sc_hd__clkbuf_16)
     5    0.123293    0.107273    0.173709   10.311564 ^ clkbuf_0_HCLK/X (sky130_fd_sc_hd__clkbuf_16)
                                                         clknet_0_HCLK (net)
                      0.108547    0.009308   10.320872 ^ clkbuf_2_1_0_HCLK/A (sky130_fd_sc_hd__clkbuf_8)
     2    0.035398    0.056328    0.122621   10.443494 ^ clkbuf_2_1_0_HCLK/X (sky130_fd_sc_hd__clkbuf_8)
                                                         clknet_2_1_0_HCLK (net)
                      0.056608    0.003110   10.446604 ^ clkbuf_3_2__f_HCLK/A (sky130_fd_sc_hd__clkbuf_16)
    10    0.035106    0.041785    0.101338   10.547941 ^ clkbuf_3_2__f_HCLK/X (sky130_fd_sc_hd__clkbuf_16)
                                                         clknet_3_2__leaf_HCLK (net)
                      0.041820    0.001238   10.549180 ^ _184_/CLK (sky130_fd_sc_hd__dfrtp_1)
                                 -0.250000   10.299180   clock uncertainty
                                  0.000000   10.299180   clock reconvergence pessimism
                                 -0.073045   10.226135   library setup time
                                             10.226135   data required time
---------------------------------------------------------------------------------------------
                                             10.226135   data required time
                                             -2.868422   data arrival time
---------------------------------------------------------------------------------------------
                                              7.357713   slack (MET)


Startpoint: HTRANS[1] (input port clocked by HCLK)
Endpoint: _180_ (rising edge-triggered flip-flop clocked by HCLK)
Path Group: HCLK
Path Type: max

Fanout         Cap        Slew       Delay        Time   Description
---------------------------------------------------------------------------------------------
                                  0.000000    0.000000   clock HCLK (rise edge)
                                  0.000000    0.000000   clock network delay (propagated)
                                  2.000000    2.000000 v input external delay
     1    0.002735    0.004637    0.002201    2.002201 v HTRANS[1] (in)
                                                         HTRANS[1] (net)
                      0.004637    0.000000    2.002201 v input35/A (sky130_fd_sc_hd__buf_1)
     2    0.013201    0.055715    0.078138    2.080339 v input35/X (sky130_fd_sc_hd__buf_1)
                                                         net35 (net)
                      0.055724    0.000711    2.081050 v _083_/A (sky130_fd_sc_hd__nand2_1)
     1    0.009568    0.075376    0.078896    2.159946 ^ _083_/Y (sky130_fd_sc_hd__nand2_1)
                                                         _071_ (net)
                      0.075376    0.000172    2.160118 ^ fanout183/A (sky130_fd_sc_hd__buf_8)
     6    0.129027    0.157464    0.148259    2.308377 ^ fanout183/X (sky130_fd_sc_hd__buf_8)
                                                         net183 (net)
                      0.165281    0.026769    2.335146 ^ fanout178/A (sky130_fd_sc_hd__buf_8)
     5    0.115346    0.143556    0.156073    2.491219 ^ fanout178/X (sky130_fd_sc_hd__buf_8)
                                                         net178 (net)
                      0.145704    0.013967    2.505186 ^ fanout177/A (sky130_fd_sc_hd__clkbuf_4)
    10    0.046979    0.112047    0.174805    2.679991 ^ fanout177/X (sky130_fd_sc_hd__clkbuf_4)
                                                         net177 (net)
                      0.112048    0.000565    2.680555 ^ _113_/S (sky130_fd_sc_hd__mux2_1)
     1    0.002364    0.036349    0.187781    2.868336 v _113_/X (sky130_fd_sc_hd__mux2_1)
                                                         _029_ (net)
                      0.036349    0.000021    2.868356 v _180_/D (sky130_fd_sc_hd__dfrtp_1)
                                              2.868356   data arrival time

                                 10.000000   10.000000   clock HCLK (rise edge)
                                  0.000000   10.000000   clock source latency
     1    0.055995    0.191291    0.137855   10.137856 ^ HCLK (in)
                                                         HCLK (net)
                      0.192114    0.000000   10.137856 ^ clkbuf_0_HCLK/A (sky130_fd_sc_hd__clkbuf_16)
     5    0.123293    0.107273    0.173709   10.311564 ^ clkbuf_0_HCLK/X (sky130_fd_sc_hd__clkbuf_16)
                                                         clknet_0_HCLK (net)
                      0.108547    0.009308   10.320872 ^ clkbuf_2_1_0_HCLK/A (sky130_fd_sc_hd__clkbuf_8)
     2    0.035398    0.056328    0.122621   10.443494 ^ clkbuf_2_1_0_HCLK/X (sky130_fd_sc_hd__clkbuf_8)
                                                         clknet_2_1_0_HCLK (net)
                      0.056608    0.003110   10.446604 ^ clkbuf_3_2__f_HCLK/A (sky130_fd_sc_hd__clkbuf_16)
    10    0.035106    0.041785    0.101338   10.547941 ^ clkbuf_3_2__f_HCLK/X (sky130_fd_sc_hd__clkbuf_16)
                                                         clknet_3_2__leaf_HCLK (net)
                      0.041828    0.001329   10.549271 ^ _180_/CLK (sky130_fd_sc_hd__dfrtp_1)
                                 -0.250000   10.299271   clock uncertainty
                                  0.000000   10.299271   clock reconvergence pessimism
                                 -0.073051   10.226219   library setup time
                                             10.226219   data required time
---------------------------------------------------------------------------------------------
                                             10.226219   data required time
                                             -2.868356   data arrival time
---------------------------------------------------------------------------------------------
                                              7.357863   slack (MET)


Startpoint: HTRANS[1] (input port clocked by HCLK)
Endpoint: _175_ (rising edge-triggered flip-flop clocked by HCLK)
Path Group: HCLK
Path Type: max

Fanout         Cap        Slew       Delay        Time   Description
---------------------------------------------------------------------------------------------
                                  0.000000    0.000000   clock HCLK (rise edge)
                                  0.000000    0.000000   clock network delay (propagated)
                                  2.000000    2.000000 v input external delay
     1    0.002735    0.004637    0.002201    2.002201 v HTRANS[1] (in)
                                                         HTRANS[1] (net)
                      0.004637    0.000000    2.002201 v input35/A (sky130_fd_sc_hd__buf_1)
     2    0.013201    0.055715    0.078138    2.080339 v input35/X (sky130_fd_sc_hd__buf_1)
                                                         net35 (net)
                      0.055724    0.000711    2.081050 v _083_/A (sky130_fd_sc_hd__nand2_1)
     1    0.009568    0.075376    0.078896    2.159946 ^ _083_/Y (sky130_fd_sc_hd__nand2_1)
                                                         _071_ (net)
                      0.075376    0.000172    2.160118 ^ fanout183/A (sky130_fd_sc_hd__buf_8)
     6    0.129027    0.157464    0.148259    2.308377 ^ fanout183/X (sky130_fd_sc_hd__buf_8)
                                                         net183 (net)
                      0.165281    0.026769    2.335146 ^ fanout178/A (sky130_fd_sc_hd__buf_8)
     5    0.115346    0.143556    0.156073    2.491219 ^ fanout178/X (sky130_fd_sc_hd__buf_8)
                                                         net178 (net)
                      0.145704    0.013967    2.505186 ^ fanout177/A (sky130_fd_sc_hd__clkbuf_4)
    10    0.046979    0.112047    0.174805    2.679991 ^ fanout177/X (sky130_fd_sc_hd__clkbuf_4)
                                                         net177 (net)
                      0.112047    0.000405    2.680396 ^ _108_/S (sky130_fd_sc_hd__mux2_1)
     1    0.002354    0.036311    0.187717    2.868113 v _108_/X (sky130_fd_sc_hd__mux2_1)
                                                         _024_ (net)
                      0.036311    0.000020    2.868134 v _175_/D (sky130_fd_sc_hd__dfrtp_1)
                                              2.868134   data arrival time

                                 10.000000   10.000000   clock HCLK (rise edge)
                                  0.000000   10.000000   clock source latency
     1    0.055995    0.191291    0.137855   10.137856 ^ HCLK (in)
                                                         HCLK (net)
                      0.192114    0.000000   10.137856 ^ clkbuf_0_HCLK/A (sky130_fd_sc_hd__clkbuf_16)
     5    0.123293    0.107273    0.173709   10.311564 ^ clkbuf_0_HCLK/X (sky130_fd_sc_hd__clkbuf_16)
                                                         clknet_0_HCLK (net)
                      0.108547    0.009308   10.320872 ^ clkbuf_2_1_0_HCLK/A (sky130_fd_sc_hd__clkbuf_8)
     2    0.035398    0.056328    0.122621   10.443494 ^ clkbuf_2_1_0_HCLK/X (sky130_fd_sc_hd__clkbuf_8)
                                                         clknet_2_1_0_HCLK (net)
                      0.056608    0.003110   10.446604 ^ clkbuf_3_2__f_HCLK/A (sky130_fd_sc_hd__clkbuf_16)
    10    0.035106    0.041785    0.101338   10.547941 ^ clkbuf_3_2__f_HCLK/X (sky130_fd_sc_hd__clkbuf_16)
                                                         clknet_3_2__leaf_HCLK (net)
                      0.041833    0.001378   10.549319 ^ _175_/CLK (sky130_fd_sc_hd__dfrtp_1)
                                 -0.250000   10.299319   clock uncertainty
                                  0.000000   10.299319   clock reconvergence pessimism
                                 -0.073037   10.226281   library setup time
                                             10.226281   data required time
---------------------------------------------------------------------------------------------
                                             10.226281   data required time
                                             -2.868134   data arrival time
---------------------------------------------------------------------------------------------
                                              7.358148   slack (MET)


Startpoint: HTRANS[1] (input port clocked by HCLK)
Endpoint: _168_ (rising edge-triggered flip-flop clocked by HCLK)
Path Group: HCLK
Path Type: max

Fanout         Cap        Slew       Delay        Time   Description
---------------------------------------------------------------------------------------------
                                  0.000000    0.000000   clock HCLK (rise edge)
                                  0.000000    0.000000   clock network delay (propagated)
                                  2.000000    2.000000 v input external delay
     1    0.002735    0.004637    0.002201    2.002201 v HTRANS[1] (in)
                                                         HTRANS[1] (net)
                      0.004637    0.000000    2.002201 v input35/A (sky130_fd_sc_hd__buf_1)
     2    0.013201    0.055715    0.078138    2.080339 v input35/X (sky130_fd_sc_hd__buf_1)
                                                         net35 (net)
                      0.055724    0.000711    2.081050 v _083_/A (sky130_fd_sc_hd__nand2_1)
     1    0.009568    0.075376    0.078896    2.159946 ^ _083_/Y (sky130_fd_sc_hd__nand2_1)
                                                         _071_ (net)
                      0.075376    0.000172    2.160118 ^ fanout183/A (sky130_fd_sc_hd__buf_8)
     6    0.129027    0.157464    0.148259    2.308377 ^ fanout183/X (sky130_fd_sc_hd__buf_8)
                                                         net183 (net)
                      0.165281    0.026769    2.335146 ^ fanout178/A (sky130_fd_sc_hd__buf_8)
     5    0.115346    0.143556    0.156073    2.491219 ^ fanout178/X (sky130_fd_sc_hd__buf_8)
                                                         net178 (net)
                      0.145704    0.013967    2.505186 ^ fanout177/A (sky130_fd_sc_hd__clkbuf_4)
    10    0.046979    0.112047    0.174805    2.679991 ^ fanout177/X (sky130_fd_sc_hd__clkbuf_4)
                                                         net177 (net)
                      0.112047    0.000212    2.680202 ^ _101_/S (sky130_fd_sc_hd__mux2_1)
     1    0.002346    0.036283    0.187670    2.867872 v _101_/X (sky130_fd_sc_hd__mux2_1)
                                                         _017_ (net)
                      0.036283    0.000020    2.867893 v _168_/D (sky130_fd_sc_hd__dfrtp_1)
                                              2.867893   data arrival time

                                 10.000000   10.000000   clock HCLK (rise edge)
                                  0.000000   10.000000   clock source latency
     1    0.055995    0.191291    0.137855   10.137856 ^ HCLK (in)
                                                         HCLK (net)
                      0.192114    0.000000   10.137856 ^ clkbuf_0_HCLK/A (sky130_fd_sc_hd__clkbuf_16)
     5    0.123293    0.107273    0.173709   10.311564 ^ clkbuf_0_HCLK/X (sky130_fd_sc_hd__clkbuf_16)
                                                         clknet_0_HCLK (net)
                      0.108547    0.009308   10.320872 ^ clkbuf_2_1_0_HCLK/A (sky130_fd_sc_hd__clkbuf_8)
     2    0.035398    0.056328    0.122621   10.443494 ^ clkbuf_2_1_0_HCLK/X (sky130_fd_sc_hd__clkbuf_8)
                                                         clknet_2_1_0_HCLK (net)
                      0.056608    0.003110   10.446604 ^ clkbuf_3_2__f_HCLK/A (sky130_fd_sc_hd__clkbuf_16)
    10    0.035106    0.041785    0.101338   10.547941 ^ clkbuf_3_2__f_HCLK/X (sky130_fd_sc_hd__clkbuf_16)
                                                         clknet_3_2__leaf_HCLK (net)
                      0.041838    0.001435   10.549376 ^ _168_/CLK (sky130_fd_sc_hd__dfrtp_1)
                                 -0.250000   10.299376   clock uncertainty
                                  0.000000   10.299376   clock reconvergence pessimism
                                 -0.073027   10.226350   library setup time
                                             10.226350   data required time
---------------------------------------------------------------------------------------------
                                             10.226350   data required time
                                             -2.867893   data arrival time
---------------------------------------------------------------------------------------------
                                              7.358457   slack (MET)


Startpoint: HTRANS[1] (input port clocked by HCLK)
Endpoint: _187_ (rising edge-triggered flip-flop clocked by HCLK)
Path Group: HCLK
Path Type: max

Fanout         Cap        Slew       Delay        Time   Description
---------------------------------------------------------------------------------------------
                                  0.000000    0.000000   clock HCLK (rise edge)
                                  0.000000    0.000000   clock network delay (propagated)
                                  2.000000    2.000000 v input external delay
     1    0.002735    0.004637    0.002201    2.002201 v HTRANS[1] (in)
                                                         HTRANS[1] (net)
                      0.004637    0.000000    2.002201 v input35/A (sky130_fd_sc_hd__buf_1)
     2    0.013201    0.055715    0.078138    2.080339 v input35/X (sky130_fd_sc_hd__buf_1)
                                                         net35 (net)
                      0.055724    0.000711    2.081050 v _083_/A (sky130_fd_sc_hd__nand2_1)
     1    0.009568    0.075376    0.078896    2.159946 ^ _083_/Y (sky130_fd_sc_hd__nand2_1)
                                                         _071_ (net)
                      0.075376    0.000172    2.160118 ^ fanout183/A (sky130_fd_sc_hd__buf_8)
     6    0.129027    0.157464    0.148259    2.308377 ^ fanout183/X (sky130_fd_sc_hd__buf_8)
                                                         net183 (net)
                      0.165281    0.026769    2.335146 ^ fanout178/A (sky130_fd_sc_hd__buf_8)
     5    0.115346    0.143556    0.156073    2.491219 ^ fanout178/X (sky130_fd_sc_hd__buf_8)
                                                         net178 (net)
                      0.144472    0.009255    2.500474 ^ fanout176/A (sky130_fd_sc_hd__buf_8)
    12    0.122472    0.151054    0.153159    2.653633 ^ fanout176/X (sky130_fd_sc_hd__buf_8)
                                                         net176 (net)
                      0.151279    0.005163    2.658796 ^ _120_/S (sky130_fd_sc_hd__mux2_1)
     1    0.003524    0.041119    0.196118    2.854914 v _120_/X (sky130_fd_sc_hd__mux2_1)
                                                         _036_ (net)
                      0.041119    0.000046    2.854960 v _187_/D (sky130_fd_sc_hd__dfrtp_1)
                                              2.854960   data arrival time

                                 10.000000   10.000000   clock HCLK (rise edge)
                                  0.000000   10.000000   clock source latency
     1    0.055995    0.191291    0.137855   10.137856 ^ HCLK (in)
                                                         HCLK (net)
                      0.192114    0.000000   10.137856 ^ clkbuf_0_HCLK/A (sky130_fd_sc_hd__clkbuf_16)
     5    0.123293    0.107273    0.173709   10.311564 ^ clkbuf_0_HCLK/X (sky130_fd_sc_hd__clkbuf_16)
                                                         clknet_0_HCLK (net)
                      0.108450    0.008954   10.320518 ^ clkbuf_2_0_0_HCLK/A (sky130_fd_sc_hd__clkbuf_8)
     2    0.038403    0.059943    0.125842   10.446361 ^ clkbuf_2_0_0_HCLK/X (sky130_fd_sc_hd__clkbuf_8)
                                                         clknet_2_0_0_HCLK (net)
                      0.060132    0.002348   10.448709 ^ clkbuf_3_1__f_HCLK/A (sky130_fd_sc_hd__clkbuf_16)
     7    0.033698    0.040665    0.100963   10.549672 ^ clkbuf_3_1__f_HCLK/X (sky130_fd_sc_hd__clkbuf_16)
                                                         clknet_3_1__leaf_HCLK (net)
                      0.040974    0.002735   10.552406 ^ _187_/CLK (sky130_fd_sc_hd__dfrtp_1)
                                 -0.250000   10.302406   clock uncertainty
                                  0.000000   10.302406   clock reconvergence pessimism
                                 -0.074836   10.227571   library setup time
                                             10.227571   data required time
---------------------------------------------------------------------------------------------
                                             10.227571   data required time
                                             -2.854960   data arrival time
---------------------------------------------------------------------------------------------
                                              7.372610   slack (MET)


Startpoint: HTRANS[1] (input port clocked by HCLK)
Endpoint: _212_ (rising edge-triggered flip-flop clocked by HCLK)
Path Group: HCLK
Path Type: max

Fanout         Cap        Slew       Delay        Time   Description
---------------------------------------------------------------------------------------------
                                  0.000000    0.000000   clock HCLK (rise edge)
                                  0.000000    0.000000   clock network delay (propagated)
                                  2.000000    2.000000 v input external delay
     1    0.002735    0.004637    0.002201    2.002201 v HTRANS[1] (in)
                                                         HTRANS[1] (net)
                      0.004637    0.000000    2.002201 v input35/A (sky130_fd_sc_hd__buf_1)
     2    0.013201    0.055715    0.078138    2.080339 v input35/X (sky130_fd_sc_hd__buf_1)
                                                         net35 (net)
                      0.055724    0.000711    2.081050 v _083_/A (sky130_fd_sc_hd__nand2_1)
     1    0.009568    0.075376    0.078896    2.159946 ^ _083_/Y (sky130_fd_sc_hd__nand2_1)
                                                         _071_ (net)
                      0.075376    0.000172    2.160118 ^ fanout183/A (sky130_fd_sc_hd__buf_8)
     6    0.129027    0.157464    0.148259    2.308377 ^ fanout183/X (sky130_fd_sc_hd__buf_8)
                                                         net183 (net)
                      0.165281    0.026769    2.335146 ^ fanout178/A (sky130_fd_sc_hd__buf_8)
     5    0.115346    0.143556    0.156073    2.491219 ^ fanout178/X (sky130_fd_sc_hd__buf_8)
                                                         net178 (net)
                      0.144472    0.009255    2.500474 ^ fanout176/A (sky130_fd_sc_hd__buf_8)
    12    0.122472    0.151054    0.153159    2.653633 ^ fanout176/X (sky130_fd_sc_hd__buf_8)
                                                         net176 (net)
                      0.151316    0.005542    2.659175 ^ _145_/S (sky130_fd_sc_hd__mux2_1)
     1    0.003069    0.039068    0.193327    2.852502 v _145_/X (sky130_fd_sc_hd__mux2_1)
                                                         _061_ (net)
                      0.039068    0.000027    2.852529 v _212_/D (sky130_fd_sc_hd__dfrtp_1)
                                              2.852529   data arrival time

                                 10.000000   10.000000   clock HCLK (rise edge)
                                  0.000000   10.000000   clock source latency
     1    0.055995    0.191291    0.137855   10.137856 ^ HCLK (in)
                                                         HCLK (net)
                      0.192114    0.000000   10.137856 ^ clkbuf_0_HCLK/A (sky130_fd_sc_hd__clkbuf_16)
     5    0.123293    0.107273    0.173709   10.311564 ^ clkbuf_0_HCLK/X (sky130_fd_sc_hd__clkbuf_16)
                                                         clknet_0_HCLK (net)
                      0.108450    0.008954   10.320518 ^ clkbuf_2_0_0_HCLK/A (sky130_fd_sc_hd__clkbuf_8)
     2    0.038403    0.059943    0.125842   10.446361 ^ clkbuf_2_0_0_HCLK/X (sky130_fd_sc_hd__clkbuf_8)
                                                         clknet_2_0_0_HCLK (net)
                      0.060132    0.002348   10.448709 ^ clkbuf_3_1__f_HCLK/A (sky130_fd_sc_hd__clkbuf_16)
     7    0.033698    0.040665    0.100963   10.549672 ^ clkbuf_3_1__f_HCLK/X (sky130_fd_sc_hd__clkbuf_16)
                                                         clknet_3_1__leaf_HCLK (net)
                      0.040948    0.002588   10.552259 ^ _212_/CLK (sky130_fd_sc_hd__dfrtp_1)
                                 -0.250000   10.302259   clock uncertainty
                                  0.000000   10.302259   clock reconvergence pessimism
                                 -0.074107   10.228153   library setup time
                                             10.228153   data required time
---------------------------------------------------------------------------------------------
                                             10.228153   data required time
                                             -2.852529   data arrival time
---------------------------------------------------------------------------------------------
                                              7.375624   slack (MET)


Startpoint: HTRANS[1] (input port clocked by HCLK)
Endpoint: _160_ (rising edge-triggered flip-flop clocked by HCLK)
Path Group: HCLK
Path Type: max

Fanout         Cap        Slew       Delay        Time   Description
---------------------------------------------------------------------------------------------
                                  0.000000    0.000000   clock HCLK (rise edge)
                                  0.000000    0.000000   clock network delay (propagated)
                                  2.000000    2.000000 v input external delay
     1    0.002735    0.004637    0.002201    2.002201 v HTRANS[1] (in)
                                                         HTRANS[1] (net)
                      0.004637    0.000000    2.002201 v input35/A (sky130_fd_sc_hd__buf_1)
     2    0.013201    0.055715    0.078138    2.080339 v input35/X (sky130_fd_sc_hd__buf_1)
                                                         net35 (net)
                      0.055724    0.000711    2.081050 v _083_/A (sky130_fd_sc_hd__nand2_1)
     1    0.009568    0.075376    0.078896    2.159946 ^ _083_/Y (sky130_fd_sc_hd__nand2_1)
                                                         _071_ (net)
                      0.075376    0.000172    2.160118 ^ fanout183/A (sky130_fd_sc_hd__buf_8)
     6    0.129027    0.157464    0.148259    2.308377 ^ fanout183/X (sky130_fd_sc_hd__buf_8)
                                                         net183 (net)
                      0.165281    0.026769    2.335146 ^ fanout178/A (sky130_fd_sc_hd__buf_8)
     5    0.115346    0.143556    0.156073    2.491219 ^ fanout178/X (sky130_fd_sc_hd__buf_8)
                                                         net178 (net)
                      0.144472    0.009255    2.500474 ^ fanout176/A (sky130_fd_sc_hd__buf_8)
    12    0.122472    0.151054    0.153159    2.653633 ^ fanout176/X (sky130_fd_sc_hd__buf_8)
                                                         net176 (net)
                      0.151186    0.004020    2.657653 ^ _093_/S (sky130_fd_sc_hd__mux2_1)
     1    0.003006    0.038791    0.192933    2.850586 v _093_/X (sky130_fd_sc_hd__mux2_1)
                                                         _009_ (net)
                      0.038791    0.000034    2.850621 v _160_/D (sky130_fd_sc_hd__dfrtp_1)
                                              2.850621   data arrival time

                                 10.000000   10.000000   clock HCLK (rise edge)
                                  0.000000   10.000000   clock source latency
     1    0.055995    0.191291    0.137855   10.137856 ^ HCLK (in)
                                                         HCLK (net)
                      0.192114    0.000000   10.137856 ^ clkbuf_0_HCLK/A (sky130_fd_sc_hd__clkbuf_16)
     5    0.123293    0.107273    0.173709   10.311564 ^ clkbuf_0_HCLK/X (sky130_fd_sc_hd__clkbuf_16)
                                                         clknet_0_HCLK (net)
                      0.108450    0.008954   10.320518 ^ clkbuf_2_0_0_HCLK/A (sky130_fd_sc_hd__clkbuf_8)
     2    0.038403    0.059943    0.125842   10.446361 ^ clkbuf_2_0_0_HCLK/X (sky130_fd_sc_hd__clkbuf_8)
                                                         clknet_2_0_0_HCLK (net)
                      0.060132    0.002348   10.448709 ^ clkbuf_3_1__f_HCLK/A (sky130_fd_sc_hd__clkbuf_16)
     7    0.033698    0.040665    0.100963   10.549672 ^ clkbuf_3_1__f_HCLK/X (sky130_fd_sc_hd__clkbuf_16)
                                                         clknet_3_1__leaf_HCLK (net)
                      0.041005    0.002906   10.552578 ^ _160_/CLK (sky130_fd_sc_hd__dfrtp_1)
                                 -0.250000   10.302578   clock uncertainty
                                  0.000000   10.302578   clock reconvergence pessimism
                                 -0.074002   10.228576   library setup time
                                             10.228576   data required time
---------------------------------------------------------------------------------------------
                                             10.228576   data required time
                                             -2.850621   data arrival time
---------------------------------------------------------------------------------------------
                                              7.377955   slack (MET)


Startpoint: HTRANS[1] (input port clocked by HCLK)
Endpoint: _202_ (rising edge-triggered flip-flop clocked by HCLK)
Path Group: HCLK
Path Type: max

Fanout         Cap        Slew       Delay        Time   Description
---------------------------------------------------------------------------------------------
                                  0.000000    0.000000   clock HCLK (rise edge)
                                  0.000000    0.000000   clock network delay (propagated)
                                  2.000000    2.000000 v input external delay
     1    0.002735    0.004637    0.002201    2.002201 v HTRANS[1] (in)
                                                         HTRANS[1] (net)
                      0.004637    0.000000    2.002201 v input35/A (sky130_fd_sc_hd__buf_1)
     2    0.013201    0.055715    0.078138    2.080339 v input35/X (sky130_fd_sc_hd__buf_1)
                                                         net35 (net)
                      0.055724    0.000711    2.081050 v _083_/A (sky130_fd_sc_hd__nand2_1)
     1    0.009568    0.075376    0.078896    2.159946 ^ _083_/Y (sky130_fd_sc_hd__nand2_1)
                                                         _071_ (net)
                      0.075376    0.000172    2.160118 ^ fanout183/A (sky130_fd_sc_hd__buf_8)
     6    0.129027    0.157464    0.148259    2.308377 ^ fanout183/X (sky130_fd_sc_hd__buf_8)
                                                         net183 (net)
                      0.165281    0.026769    2.335146 ^ fanout178/A (sky130_fd_sc_hd__buf_8)
     5    0.115346    0.143556    0.156073    2.491219 ^ fanout178/X (sky130_fd_sc_hd__buf_8)
                                                         net178 (net)
                      0.144472    0.009255    2.500474 ^ fanout176/A (sky130_fd_sc_hd__buf_8)
    12    0.122472    0.151054    0.153159    2.653633 ^ fanout176/X (sky130_fd_sc_hd__buf_8)
                                                         net176 (net)
                      0.151104    0.002536    2.656169 ^ _135_/S (sky130_fd_sc_hd__mux2_1)
     1    0.003159    0.039466    0.193872    2.850041 v _135_/X (sky130_fd_sc_hd__mux2_1)
                                                         _051_ (net)
                      0.039466    0.000039    2.850080 v _202_/D (sky130_fd_sc_hd__dfrtp_1)
                                              2.850080   data arrival time

                                 10.000000   10.000000   clock HCLK (rise edge)
                                  0.000000   10.000000   clock source latency
     1    0.055995    0.191291    0.137855   10.137856 ^ HCLK (in)
                                                         HCLK (net)
                      0.192114    0.000000   10.137856 ^ clkbuf_0_HCLK/A (sky130_fd_sc_hd__clkbuf_16)
     5    0.123293    0.107273    0.173709   10.311564 ^ clkbuf_0_HCLK/X (sky130_fd_sc_hd__clkbuf_16)
                                                         clknet_0_HCLK (net)
                      0.108450    0.008954   10.320518 ^ clkbuf_2_0_0_HCLK/A (sky130_fd_sc_hd__clkbuf_8)
     2    0.038403    0.059943    0.125842   10.446361 ^ clkbuf_2_0_0_HCLK/X (sky130_fd_sc_hd__clkbuf_8)
                                                         clknet_2_0_0_HCLK (net)
                      0.060132    0.002348   10.448709 ^ clkbuf_3_1__f_HCLK/A (sky130_fd_sc_hd__clkbuf_16)
     7    0.033698    0.040665    0.100963   10.549672 ^ clkbuf_3_1__f_HCLK/X (sky130_fd_sc_hd__clkbuf_16)
                                                         clknet_3_1__leaf_HCLK (net)
                      0.041018    0.002979   10.552650 ^ _202_/CLK (sky130_fd_sc_hd__dfrtp_1)
                                 -0.250000   10.302650   clock uncertainty
                                  0.000000   10.302650   clock reconvergence pessimism
                                 -0.074242   10.228409   library setup time
                                             10.228409   data required time
---------------------------------------------------------------------------------------------
                                             10.228409   data required time
                                             -2.850080   data arrival time
---------------------------------------------------------------------------------------------
                                              7.378328   slack (MET)


Startpoint: HTRANS[1] (input port clocked by HCLK)
Endpoint: _161_ (rising edge-triggered flip-flop clocked by HCLK)
Path Group: HCLK
Path Type: max

Fanout         Cap        Slew       Delay        Time   Description
---------------------------------------------------------------------------------------------
                                  0.000000    0.000000   clock HCLK (rise edge)
                                  0.000000    0.000000   clock network delay (propagated)
                                  2.000000    2.000000 v input external delay
     1    0.002735    0.004637    0.002201    2.002201 v HTRANS[1] (in)
                                                         HTRANS[1] (net)
                      0.004637    0.000000    2.002201 v input35/A (sky130_fd_sc_hd__buf_1)
     2    0.013201    0.055715    0.078138    2.080339 v input35/X (sky130_fd_sc_hd__buf_1)
                                                         net35 (net)
                      0.055724    0.000711    2.081050 v _083_/A (sky130_fd_sc_hd__nand2_1)
     1    0.009568    0.075376    0.078896    2.159946 ^ _083_/Y (sky130_fd_sc_hd__nand2_1)
                                                         _071_ (net)
                      0.075376    0.000172    2.160118 ^ fanout183/A (sky130_fd_sc_hd__buf_8)
     6    0.129027    0.157464    0.148259    2.308377 ^ fanout183/X (sky130_fd_sc_hd__buf_8)
                                                         net183 (net)
                      0.165281    0.026769    2.335146 ^ fanout178/A (sky130_fd_sc_hd__buf_8)
     5    0.115346    0.143556    0.156073    2.491219 ^ fanout178/X (sky130_fd_sc_hd__buf_8)
                                                         net178 (net)
                      0.144472    0.009255    2.500474 ^ fanout176/A (sky130_fd_sc_hd__buf_8)
    12    0.122472    0.151054    0.153159    2.653633 ^ fanout176/X (sky130_fd_sc_hd__buf_8)
                                                         net176 (net)
                      0.151086    0.002058    2.655691 ^ _094_/S (sky130_fd_sc_hd__mux2_1)
     1    0.002517    0.036887    0.189927    2.845618 v _094_/X (sky130_fd_sc_hd__mux2_1)
                                                         _010_ (net)
                      0.036887    0.000023    2.845641 v _161_/D (sky130_fd_sc_hd__dfrtp_1)
                                              2.845641   data arrival time

                                 10.000000   10.000000   clock HCLK (rise edge)
                                  0.000000   10.000000   clock source latency
     1    0.055995    0.191291    0.137855   10.137856 ^ HCLK (in)
                                                         HCLK (net)
                      0.192114    0.000000   10.137856 ^ clkbuf_0_HCLK/A (sky130_fd_sc_hd__clkbuf_16)
     5    0.123293    0.107273    0.173709   10.311564 ^ clkbuf_0_HCLK/X (sky130_fd_sc_hd__clkbuf_16)
                                                         clknet_0_HCLK (net)
                      0.108450    0.008954   10.320518 ^ clkbuf_2_0_0_HCLK/A (sky130_fd_sc_hd__clkbuf_8)
     2    0.038403    0.059943    0.125842   10.446361 ^ clkbuf_2_0_0_HCLK/X (sky130_fd_sc_hd__clkbuf_8)
                                                         clknet_2_0_0_HCLK (net)
                      0.060132    0.002348   10.448709 ^ clkbuf_3_1__f_HCLK/A (sky130_fd_sc_hd__clkbuf_16)
     7    0.033698    0.040665    0.100963   10.549672 ^ clkbuf_3_1__f_HCLK/X (sky130_fd_sc_hd__clkbuf_16)
                                                         clknet_3_1__leaf_HCLK (net)
                      0.041032    0.003054   10.552725 ^ _161_/CLK (sky130_fd_sc_hd__dfrtp_1)
                                 -0.250000   10.302725   clock uncertainty
                                  0.000000   10.302725   clock reconvergence pessimism
                                 -0.073320   10.229405   library setup time
                                             10.229405   data required time
---------------------------------------------------------------------------------------------
                                             10.229405   data required time
                                             -2.845641   data arrival time
---------------------------------------------------------------------------------------------
                                              7.383764   slack (MET)


Startpoint: HTRANS[1] (input port clocked by HCLK)
Endpoint: _197_ (rising edge-triggered flip-flop clocked by HCLK)
Path Group: HCLK
Path Type: max

Fanout         Cap        Slew       Delay        Time   Description
---------------------------------------------------------------------------------------------
                                  0.000000    0.000000   clock HCLK (rise edge)
                                  0.000000    0.000000   clock network delay (propagated)
                                  2.000000    2.000000 v input external delay
     1    0.002735    0.004637    0.002201    2.002201 v HTRANS[1] (in)
                                                         HTRANS[1] (net)
                      0.004637    0.000000    2.002201 v input35/A (sky130_fd_sc_hd__buf_1)
     2    0.013201    0.055715    0.078138    2.080339 v input35/X (sky130_fd_sc_hd__buf_1)
                                                         net35 (net)
                      0.055724    0.000711    2.081050 v _083_/A (sky130_fd_sc_hd__nand2_1)
     1    0.009568    0.075376    0.078896    2.159946 ^ _083_/Y (sky130_fd_sc_hd__nand2_1)
                                                         _071_ (net)
                      0.075376    0.000172    2.160118 ^ fanout183/A (sky130_fd_sc_hd__buf_8)
     6    0.129027    0.157464    0.148259    2.308377 ^ fanout183/X (sky130_fd_sc_hd__buf_8)
                                                         net183 (net)
                      0.165281    0.026769    2.335146 ^ fanout178/A (sky130_fd_sc_hd__buf_8)
     5    0.115346    0.143556    0.156073    2.491219 ^ fanout178/X (sky130_fd_sc_hd__buf_8)
                                                         net178 (net)
                      0.144472    0.009255    2.500474 ^ fanout176/A (sky130_fd_sc_hd__buf_8)
    12    0.122472    0.151054    0.153159    2.653633 ^ fanout176/X (sky130_fd_sc_hd__buf_8)
                                                         net176 (net)
                      0.151060    0.000964    2.654598 ^ _130_/S (sky130_fd_sc_hd__mux2_1)
     1    0.002574    0.037097    0.190275    2.844873 v _130_/X (sky130_fd_sc_hd__mux2_1)
                                                         _046_ (net)
                      0.037097    0.000025    2.844898 v _197_/D (sky130_fd_sc_hd__dfrtp_1)
                                              2.844898   data arrival time

                                 10.000000   10.000000   clock HCLK (rise edge)
                                  0.000000   10.000000   clock source latency
     1    0.055995    0.191291    0.137855   10.137856 ^ HCLK (in)
                                                         HCLK (net)
                      0.192114    0.000000   10.137856 ^ clkbuf_0_HCLK/A (sky130_fd_sc_hd__clkbuf_16)
     5    0.123293    0.107273    0.173709   10.311564 ^ clkbuf_0_HCLK/X (sky130_fd_sc_hd__clkbuf_16)
                                                         clknet_0_HCLK (net)
                      0.108450    0.008954   10.320518 ^ clkbuf_2_0_0_HCLK/A (sky130_fd_sc_hd__clkbuf_8)
     2    0.038403    0.059943    0.125842   10.446361 ^ clkbuf_2_0_0_HCLK/X (sky130_fd_sc_hd__clkbuf_8)
                                                         clknet_2_0_0_HCLK (net)
                      0.060132    0.002348   10.448709 ^ clkbuf_3_1__f_HCLK/A (sky130_fd_sc_hd__clkbuf_16)
     7    0.033698    0.040665    0.100963   10.549672 ^ clkbuf_3_1__f_HCLK/X (sky130_fd_sc_hd__clkbuf_16)
                                                         clknet_3_1__leaf_HCLK (net)
                      0.041052    0.003155   10.552827 ^ _197_/CLK (sky130_fd_sc_hd__dfrtp_1)
                                 -0.250000   10.302827   clock uncertainty
                                  0.000000   10.302827   clock reconvergence pessimism
                                 -0.073393   10.229434   library setup time
                                             10.229434   data required time
---------------------------------------------------------------------------------------------
                                             10.229434   data required time
                                             -2.844898   data arrival time
---------------------------------------------------------------------------------------------
                                              7.384536   slack (MET)


Startpoint: HTRANS[1] (input port clocked by HCLK)
Endpoint: _203_ (rising edge-triggered flip-flop clocked by HCLK)
Path Group: HCLK
Path Type: max

Fanout         Cap        Slew       Delay        Time   Description
---------------------------------------------------------------------------------------------
                                  0.000000    0.000000   clock HCLK (rise edge)
                                  0.000000    0.000000   clock network delay (propagated)
                                  2.000000    2.000000 v input external delay
     1    0.002735    0.004637    0.002201    2.002201 v HTRANS[1] (in)
                                                         HTRANS[1] (net)
                      0.004637    0.000000    2.002201 v input35/A (sky130_fd_sc_hd__buf_1)
     2    0.013201    0.055715    0.078138    2.080339 v input35/X (sky130_fd_sc_hd__buf_1)
                                                         net35 (net)
                      0.055724    0.000711    2.081050 v _083_/A (sky130_fd_sc_hd__nand2_1)
     1    0.009568    0.075376    0.078896    2.159946 ^ _083_/Y (sky130_fd_sc_hd__nand2_1)
                                                         _071_ (net)
                      0.075376    0.000172    2.160118 ^ fanout183/A (sky130_fd_sc_hd__buf_8)
     6    0.129027    0.157464    0.148259    2.308377 ^ fanout183/X (sky130_fd_sc_hd__buf_8)
                                                         net183 (net)
                      0.165281    0.026769    2.335146 ^ fanout178/A (sky130_fd_sc_hd__buf_8)
     5    0.115346    0.143556    0.156073    2.491219 ^ fanout178/X (sky130_fd_sc_hd__buf_8)
                                                         net178 (net)
                      0.144472    0.009255    2.500474 ^ fanout176/A (sky130_fd_sc_hd__buf_8)
    12    0.122472    0.151054    0.153159    2.653633 ^ fanout176/X (sky130_fd_sc_hd__buf_8)
                                                         net176 (net)
                      0.151635    0.007971    2.661604 ^ _136_/S (sky130_fd_sc_hd__mux2_1)
     1    0.002570    0.037081    0.190257    2.851861 v _136_/X (sky130_fd_sc_hd__mux2_1)
                                                         _052_ (net)
                      0.037081    0.000025    2.851886 v _203_/D (sky130_fd_sc_hd__dfrtp_1)
                                              2.851886   data arrival time

                                 10.000000   10.000000   clock HCLK (rise edge)
                                  0.000000   10.000000   clock source latency
     1    0.055995    0.191291    0.137855   10.137856 ^ HCLK (in)
                                                         HCLK (net)
                      0.192114    0.000000   10.137856 ^ clkbuf_0_HCLK/A (sky130_fd_sc_hd__clkbuf_16)
     5    0.123293    0.107273    0.173709   10.311564 ^ clkbuf_0_HCLK/X (sky130_fd_sc_hd__clkbuf_16)
                                                         clknet_0_HCLK (net)
                      0.108450    0.008954   10.320518 ^ clkbuf_2_0_0_HCLK/A (sky130_fd_sc_hd__clkbuf_8)
     2    0.038403    0.059943    0.125842   10.446361 ^ clkbuf_2_0_0_HCLK/X (sky130_fd_sc_hd__clkbuf_8)
                                                         clknet_2_0_0_HCLK (net)
                      0.060024    0.001241   10.447601 ^ clkbuf_3_0__f_HCLK/A (sky130_fd_sc_hd__clkbuf_16)
     8    0.090009    0.081616    0.130518   10.578119 ^ clkbuf_3_0__f_HCLK/X (sky130_fd_sc_hd__clkbuf_16)
                                                         clknet_3_0__leaf_HCLK (net)
                      0.082229    0.005605   10.583724 ^ _203_/CLK (sky130_fd_sc_hd__dfrtp_1)
                                 -0.250000   10.333724   clock uncertainty
                                  0.000000   10.333724   clock reconvergence pessimism
                                 -0.069422   10.264302   library setup time
                                             10.264302   data required time
---------------------------------------------------------------------------------------------
                                             10.264302   data required time
                                             -2.851886   data arrival time
---------------------------------------------------------------------------------------------
                                              7.412416   slack (MET)


Startpoint: HTRANS[1] (input port clocked by HCLK)
Endpoint: _174_ (rising edge-triggered flip-flop clocked by HCLK)
Path Group: HCLK
Path Type: max

Fanout         Cap        Slew       Delay        Time   Description
---------------------------------------------------------------------------------------------
                                  0.000000    0.000000   clock HCLK (rise edge)
                                  0.000000    0.000000   clock network delay (propagated)
                                  2.000000    2.000000 v input external delay
     1    0.002735    0.004637    0.002201    2.002201 v HTRANS[1] (in)
                                                         HTRANS[1] (net)
                      0.004637    0.000000    2.002201 v input35/A (sky130_fd_sc_hd__buf_1)
     2    0.013201    0.055715    0.078138    2.080339 v input35/X (sky130_fd_sc_hd__buf_1)
                                                         net35 (net)
                      0.055724    0.000711    2.081050 v _083_/A (sky130_fd_sc_hd__nand2_1)
     1    0.009568    0.075376    0.078896    2.159946 ^ _083_/Y (sky130_fd_sc_hd__nand2_1)
                                                         _071_ (net)
                      0.075376    0.000172    2.160118 ^ fanout183/A (sky130_fd_sc_hd__buf_8)
     6    0.129027    0.157464    0.148259    2.308377 ^ fanout183/X (sky130_fd_sc_hd__buf_8)
                                                         net183 (net)
                      0.165281    0.026769    2.335146 ^ fanout178/A (sky130_fd_sc_hd__buf_8)
     5    0.115346    0.143556    0.156073    2.491219 ^ fanout178/X (sky130_fd_sc_hd__buf_8)
                                                         net178 (net)
                      0.144472    0.009255    2.500474 ^ fanout176/A (sky130_fd_sc_hd__buf_8)
    12    0.122472    0.151054    0.153159    2.653633 ^ fanout176/X (sky130_fd_sc_hd__buf_8)
                                                         net176 (net)
                      0.151632    0.007952    2.661585 ^ _107_/S (sky130_fd_sc_hd__mux2_1)
     1    0.002561    0.037046    0.190198    2.851783 v _107_/X (sky130_fd_sc_hd__mux2_1)
                                                         _023_ (net)
                      0.037046    0.000025    2.851808 v _174_/D (sky130_fd_sc_hd__dfrtp_1)
                                              2.851808   data arrival time

                                 10.000000   10.000000   clock HCLK (rise edge)
                                  0.000000   10.000000   clock source latency
     1    0.055995    0.191291    0.137855   10.137856 ^ HCLK (in)
                                                         HCLK (net)
                      0.192114    0.000000   10.137856 ^ clkbuf_0_HCLK/A (sky130_fd_sc_hd__clkbuf_16)
     5    0.123293    0.107273    0.173709   10.311564 ^ clkbuf_0_HCLK/X (sky130_fd_sc_hd__clkbuf_16)
                                                         clknet_0_HCLK (net)
                      0.108450    0.008954   10.320518 ^ clkbuf_2_0_0_HCLK/A (sky130_fd_sc_hd__clkbuf_8)
     2    0.038403    0.059943    0.125842   10.446361 ^ clkbuf_2_0_0_HCLK/X (sky130_fd_sc_hd__clkbuf_8)
                                                         clknet_2_0_0_HCLK (net)
                      0.060024    0.001241   10.447601 ^ clkbuf_3_0__f_HCLK/A (sky130_fd_sc_hd__clkbuf_16)
     8    0.090009    0.081616    0.130518   10.578119 ^ clkbuf_3_0__f_HCLK/X (sky130_fd_sc_hd__clkbuf_16)
                                                         clknet_3_0__leaf_HCLK (net)
                      0.082226    0.005594   10.583713 ^ _174_/CLK (sky130_fd_sc_hd__dfrtp_1)
                                 -0.250000   10.333713   clock uncertainty
                                  0.000000   10.333713   clock reconvergence pessimism
                                 -0.069410   10.264303   library setup time
                                             10.264303   data required time
---------------------------------------------------------------------------------------------
                                             10.264303   data required time
                                             -2.851808   data arrival time
---------------------------------------------------------------------------------------------
                                              7.412495   slack (MET)


Startpoint: HTRANS[1] (input port clocked by HCLK)
Endpoint: _167_ (rising edge-triggered flip-flop clocked by HCLK)
Path Group: HCLK
Path Type: max

Fanout         Cap        Slew       Delay        Time   Description
---------------------------------------------------------------------------------------------
                                  0.000000    0.000000   clock HCLK (rise edge)
                                  0.000000    0.000000   clock network delay (propagated)
                                  2.000000    2.000000 v input external delay
     1    0.002735    0.004637    0.002201    2.002201 v HTRANS[1] (in)
                                                         HTRANS[1] (net)
                      0.004637    0.000000    2.002201 v input35/A (sky130_fd_sc_hd__buf_1)
     2    0.013201    0.055715    0.078138    2.080339 v input35/X (sky130_fd_sc_hd__buf_1)
                                                         net35 (net)
                      0.055724    0.000711    2.081050 v _083_/A (sky130_fd_sc_hd__nand2_1)
     1    0.009568    0.075376    0.078896    2.159946 ^ _083_/Y (sky130_fd_sc_hd__nand2_1)
                                                         _071_ (net)
                      0.075376    0.000172    2.160118 ^ fanout183/A (sky130_fd_sc_hd__buf_8)
     6    0.129027    0.157464    0.148259    2.308377 ^ fanout183/X (sky130_fd_sc_hd__buf_8)
                                                         net183 (net)
                      0.157465    0.000300    2.308676 ^ fanout182/A (sky130_fd_sc_hd__buf_2)
     6    0.047914    0.176543    0.196620    2.505297 ^ fanout182/X (sky130_fd_sc_hd__buf_2)
                                                         net182 (net)
                      0.176563    0.001580    2.506876 ^ _100_/S (sky130_fd_sc_hd__mux2_1)
     1    0.003015    0.038801    0.193281    2.700158 v _100_/X (sky130_fd_sc_hd__mux2_1)
                                                         _016_ (net)
                      0.038801    0.000032    2.700190 v _167_/D (sky130_fd_sc_hd__dfrtp_1)
                                              2.700190   data arrival time

                                 10.000000   10.000000   clock HCLK (rise edge)
                                  0.000000   10.000000   clock source latency
     1    0.055995    0.191291    0.137855   10.137856 ^ HCLK (in)
                                                         HCLK (net)
                      0.192114    0.000000   10.137856 ^ clkbuf_0_HCLK/A (sky130_fd_sc_hd__clkbuf_16)
     5    0.123293    0.107273    0.173709   10.311564 ^ clkbuf_0_HCLK/X (sky130_fd_sc_hd__clkbuf_16)
                                                         clknet_0_HCLK (net)
                      0.108206    0.007999   10.319563 ^ clkbuf_2_2_0_HCLK/A (sky130_fd_sc_hd__clkbuf_8)
     2    0.034011    0.054612    0.121526   10.441090 ^ clkbuf_2_2_0_HCLK/X (sky130_fd_sc_hd__clkbuf_8)
                                                         clknet_2_2_0_HCLK (net)
                      0.054828    0.002355   10.443444 ^ clkbuf_3_4__f_HCLK/A (sky130_fd_sc_hd__clkbuf_16)
    11    0.038066    0.043854    0.102781   10.546226 ^ clkbuf_3_4__f_HCLK/X (sky130_fd_sc_hd__clkbuf_16)
                                                         clknet_3_4__leaf_HCLK (net)
                      0.043863    0.000527   10.546752 ^ _167_/CLK (sky130_fd_sc_hd__dfrtp_1)
                                 -0.250000   10.296752   clock uncertainty
                                  0.000000   10.296752   clock reconvergence pessimism
                                 -0.073731   10.223022   library setup time
                                             10.223022   data required time
---------------------------------------------------------------------------------------------
                                             10.223022   data required time
                                             -2.700190   data arrival time
---------------------------------------------------------------------------------------------
                                              7.522832   slack (MET)


Startpoint: HTRANS[1] (input port clocked by HCLK)
Endpoint: _162_ (rising edge-triggered flip-flop clocked by HCLK)
Path Group: HCLK
Path Type: max

Fanout         Cap        Slew       Delay        Time   Description
---------------------------------------------------------------------------------------------
                                  0.000000    0.000000   clock HCLK (rise edge)
                                  0.000000    0.000000   clock network delay (propagated)
                                  2.000000    2.000000 v input external delay
     1    0.002735    0.004637    0.002201    2.002201 v HTRANS[1] (in)
                                                         HTRANS[1] (net)
                      0.004637    0.000000    2.002201 v input35/A (sky130_fd_sc_hd__buf_1)
     2    0.013201    0.055715    0.078138    2.080339 v input35/X (sky130_fd_sc_hd__buf_1)
                                                         net35 (net)
                      0.055724    0.000711    2.081050 v _083_/A (sky130_fd_sc_hd__nand2_1)
     1    0.009568    0.075376    0.078896    2.159946 ^ _083_/Y (sky130_fd_sc_hd__nand2_1)
                                                         _071_ (net)
                      0.075376    0.000172    2.160118 ^ fanout183/A (sky130_fd_sc_hd__buf_8)
     6    0.129027    0.157464    0.148259    2.308377 ^ fanout183/X (sky130_fd_sc_hd__buf_8)
                                                         net183 (net)
                      0.157465    0.000300    2.308676 ^ fanout182/A (sky130_fd_sc_hd__buf_2)
     6    0.047914    0.176543    0.196620    2.505297 ^ fanout182/X (sky130_fd_sc_hd__buf_2)
                                                         net182 (net)
                      0.176567    0.001728    2.507025 ^ _095_/S (sky130_fd_sc_hd__mux2_1)
     1    0.002641    0.037310    0.190984    2.698009 v _095_/X (sky130_fd_sc_hd__mux2_1)
                                                         _011_ (net)
                      0.037310    0.000026    2.698035 v _162_/D (sky130_fd_sc_hd__dfrtp_1)
                                              2.698035   data arrival time

                                 10.000000   10.000000   clock HCLK (rise edge)
                                  0.000000   10.000000   clock source latency
     1    0.055995    0.191291    0.137855   10.137856 ^ HCLK (in)
                                                         HCLK (net)
                      0.192114    0.000000   10.137856 ^ clkbuf_0_HCLK/A (sky130_fd_sc_hd__clkbuf_16)
     5    0.123293    0.107273    0.173709   10.311564 ^ clkbuf_0_HCLK/X (sky130_fd_sc_hd__clkbuf_16)
                                                         clknet_0_HCLK (net)
                      0.108206    0.007999   10.319563 ^ clkbuf_2_2_0_HCLK/A (sky130_fd_sc_hd__clkbuf_8)
     2    0.034011    0.054612    0.121526   10.441090 ^ clkbuf_2_2_0_HCLK/X (sky130_fd_sc_hd__clkbuf_8)
                                                         clknet_2_2_0_HCLK (net)
                      0.054828    0.002355   10.443444 ^ clkbuf_3_4__f_HCLK/A (sky130_fd_sc_hd__clkbuf_16)
    11    0.038066    0.043854    0.102781   10.546226 ^ clkbuf_3_4__f_HCLK/X (sky130_fd_sc_hd__clkbuf_16)
                                                         clknet_3_4__leaf_HCLK (net)
                      0.043863    0.000516   10.546741 ^ _162_/CLK (sky130_fd_sc_hd__dfrtp_1)
                                 -0.250000   10.296741   clock uncertainty
                                  0.000000   10.296741   clock reconvergence pessimism
                                 -0.073199   10.223543   library setup time
                                             10.223543   data required time
---------------------------------------------------------------------------------------------
                                             10.223543   data required time
                                             -2.698035   data arrival time
---------------------------------------------------------------------------------------------
                                              7.525508   slack (MET)


Startpoint: HTRANS[1] (input port clocked by HCLK)
Endpoint: _186_ (rising edge-triggered flip-flop clocked by HCLK)
Path Group: HCLK
Path Type: max

Fanout         Cap        Slew       Delay        Time   Description
---------------------------------------------------------------------------------------------
                                  0.000000    0.000000   clock HCLK (rise edge)
                                  0.000000    0.000000   clock network delay (propagated)
                                  2.000000    2.000000 v input external delay
     1    0.002735    0.004637    0.002201    2.002201 v HTRANS[1] (in)
                                                         HTRANS[1] (net)
                      0.004637    0.000000    2.002201 v input35/A (sky130_fd_sc_hd__buf_1)
     2    0.013201    0.055715    0.078138    2.080339 v input35/X (sky130_fd_sc_hd__buf_1)
                                                         net35 (net)
                      0.055724    0.000711    2.081050 v _083_/A (sky130_fd_sc_hd__nand2_1)
     1    0.009568    0.075376    0.078896    2.159946 ^ _083_/Y (sky130_fd_sc_hd__nand2_1)
                                                         _071_ (net)
                      0.075376    0.000172    2.160118 ^ fanout183/A (sky130_fd_sc_hd__buf_8)
     6    0.129027    0.157464    0.148259    2.308377 ^ fanout183/X (sky130_fd_sc_hd__buf_8)
                                                         net183 (net)
                      0.157544    0.003214    2.311590 ^ fanout180/A (sky130_fd_sc_hd__buf_2)
     7    0.044912    0.165976    0.188066    2.499657 ^ fanout180/X (sky130_fd_sc_hd__buf_2)
                                                         net180 (net)
                      0.166107    0.003849    2.503506 ^ _119_/S (sky130_fd_sc_hd__mux2_1)
     1    0.002912    0.038363    0.192530    2.696036 v _119_/X (sky130_fd_sc_hd__mux2_1)
                                                         _035_ (net)
                      0.038363    0.000031    2.696066 v _186_/D (sky130_fd_sc_hd__dfrtp_1)
                                              2.696066   data arrival time

                                 10.000000   10.000000   clock HCLK (rise edge)
                                  0.000000   10.000000   clock source latency
     1    0.055995    0.191291    0.137855   10.137856 ^ HCLK (in)
                                                         HCLK (net)
                      0.192114    0.000000   10.137856 ^ clkbuf_0_HCLK/A (sky130_fd_sc_hd__clkbuf_16)
     5    0.123293    0.107273    0.173709   10.311564 ^ clkbuf_0_HCLK/X (sky130_fd_sc_hd__clkbuf_16)
                                                         clknet_0_HCLK (net)
                      0.108206    0.007999   10.319563 ^ clkbuf_2_2_0_HCLK/A (sky130_fd_sc_hd__clkbuf_8)
     2    0.034011    0.054612    0.121526   10.441090 ^ clkbuf_2_2_0_HCLK/X (sky130_fd_sc_hd__clkbuf_8)
                                                         clknet_2_2_0_HCLK (net)
                      0.054886    0.002741   10.443830 ^ clkbuf_3_5__f_HCLK/A (sky130_fd_sc_hd__clkbuf_16)
    11    0.033948    0.040931    0.100302   10.544132 ^ clkbuf_3_5__f_HCLK/X (sky130_fd_sc_hd__clkbuf_16)
                                                         clknet_3_5__leaf_HCLK (net)
                      0.040968    0.001357   10.545489 ^ _186_/CLK (sky130_fd_sc_hd__dfrtp_1)
                                 -0.250000   10.295489   clock uncertainty
                                  0.000000   10.295489   clock reconvergence pessimism
                                 -0.073853   10.221636   library setup time
                                             10.221636   data required time
---------------------------------------------------------------------------------------------
                                             10.221636   data required time
                                             -2.696066   data arrival time
---------------------------------------------------------------------------------------------
                                              7.525570   slack (MET)


Startpoint: HTRANS[1] (input port clocked by HCLK)
Endpoint: _198_ (rising edge-triggered flip-flop clocked by HCLK)
Path Group: HCLK
Path Type: max

Fanout         Cap        Slew       Delay        Time   Description
---------------------------------------------------------------------------------------------
                                  0.000000    0.000000   clock HCLK (rise edge)
                                  0.000000    0.000000   clock network delay (propagated)
                                  2.000000    2.000000 v input external delay
     1    0.002735    0.004637    0.002201    2.002201 v HTRANS[1] (in)
                                                         HTRANS[1] (net)
                      0.004637    0.000000    2.002201 v input35/A (sky130_fd_sc_hd__buf_1)
     2    0.013201    0.055715    0.078138    2.080339 v input35/X (sky130_fd_sc_hd__buf_1)
                                                         net35 (net)
                      0.055724    0.000711    2.081050 v _083_/A (sky130_fd_sc_hd__nand2_1)
     1    0.009568    0.075376    0.078896    2.159946 ^ _083_/Y (sky130_fd_sc_hd__nand2_1)
                                                         _071_ (net)
                      0.075376    0.000172    2.160118 ^ fanout183/A (sky130_fd_sc_hd__buf_8)
     6    0.129027    0.157464    0.148259    2.308377 ^ fanout183/X (sky130_fd_sc_hd__buf_8)
                                                         net183 (net)
                      0.157465    0.000300    2.308676 ^ fanout182/A (sky130_fd_sc_hd__buf_2)
     6    0.047914    0.176543    0.196620    2.505297 ^ fanout182/X (sky130_fd_sc_hd__buf_2)
                                                         net182 (net)
                      0.176572    0.001875    2.507172 ^ _131_/S (sky130_fd_sc_hd__mux2_1)
     1    0.002556    0.036994    0.190463    2.697635 v _131_/X (sky130_fd_sc_hd__mux2_1)
                                                         _047_ (net)
                      0.036994    0.000025    2.697659 v _198_/D (sky130_fd_sc_hd__dfrtp_1)
                                              2.697659   data arrival time

                                 10.000000   10.000000   clock HCLK (rise edge)
                                  0.000000   10.000000   clock source latency
     1    0.055995    0.191291    0.137855   10.137856 ^ HCLK (in)
                                                         HCLK (net)
                      0.192114    0.000000   10.137856 ^ clkbuf_0_HCLK/A (sky130_fd_sc_hd__clkbuf_16)
     5    0.123293    0.107273    0.173709   10.311564 ^ clkbuf_0_HCLK/X (sky130_fd_sc_hd__clkbuf_16)
                                                         clknet_0_HCLK (net)
                      0.108206    0.007999   10.319563 ^ clkbuf_2_2_0_HCLK/A (sky130_fd_sc_hd__clkbuf_8)
     2    0.034011    0.054612    0.121526   10.441090 ^ clkbuf_2_2_0_HCLK/X (sky130_fd_sc_hd__clkbuf_8)
                                                         clknet_2_2_0_HCLK (net)
                      0.054828    0.002355   10.443444 ^ clkbuf_3_4__f_HCLK/A (sky130_fd_sc_hd__clkbuf_16)
    11    0.038066    0.043854    0.102781   10.546226 ^ clkbuf_3_4__f_HCLK/X (sky130_fd_sc_hd__clkbuf_16)
                                                         clknet_3_4__leaf_HCLK (net)
                      0.043854    0.000223   10.546449 ^ _198_/CLK (sky130_fd_sc_hd__dfrtp_1)
                                 -0.250000   10.296449   clock uncertainty
                                  0.000000   10.296449   clock reconvergence pessimism
                                 -0.073087   10.223362   library setup time
                                             10.223362   data required time
---------------------------------------------------------------------------------------------
                                             10.223362   data required time
                                             -2.697659   data arrival time
---------------------------------------------------------------------------------------------
                                              7.525703   slack (MET)


Startpoint: HTRANS[1] (input port clocked by HCLK)
Endpoint: _152_ (rising edge-triggered flip-flop clocked by HCLK)
Path Group: HCLK
Path Type: max

Fanout         Cap        Slew       Delay        Time   Description
---------------------------------------------------------------------------------------------
                                  0.000000    0.000000   clock HCLK (rise edge)
                                  0.000000    0.000000   clock network delay (propagated)
                                  2.000000    2.000000 v input external delay
     1    0.002735    0.004637    0.002201    2.002201 v HTRANS[1] (in)
                                                         HTRANS[1] (net)
                      0.004637    0.000000    2.002201 v input35/A (sky130_fd_sc_hd__buf_1)
     2    0.013201    0.055715    0.078138    2.080339 v input35/X (sky130_fd_sc_hd__buf_1)
                                                         net35 (net)
                      0.055724    0.000711    2.081050 v _083_/A (sky130_fd_sc_hd__nand2_1)
     1    0.009568    0.075376    0.078896    2.159946 ^ _083_/Y (sky130_fd_sc_hd__nand2_1)
                                                         _071_ (net)
                      0.075376    0.000172    2.160118 ^ fanout183/A (sky130_fd_sc_hd__buf_8)
     6    0.129027    0.157464    0.148259    2.308377 ^ fanout183/X (sky130_fd_sc_hd__buf_8)
                                                         net183 (net)
                      0.157544    0.003214    2.311590 ^ fanout180/A (sky130_fd_sc_hd__buf_2)
     7    0.044912    0.165976    0.188066    2.499657 ^ fanout180/X (sky130_fd_sc_hd__buf_2)
                                                         net180 (net)
                      0.166104    0.003809    2.503466 ^ _085_/S (sky130_fd_sc_hd__mux2_1)
     1    0.002869    0.038175    0.192264    2.695730 v _085_/X (sky130_fd_sc_hd__mux2_1)
                                                         _001_ (net)
                      0.038175    0.000030    2.695759 v _152_/D (sky130_fd_sc_hd__dfrtp_1)
                                              2.695759   data arrival time

                                 10.000000   10.000000   clock HCLK (rise edge)
                                  0.000000   10.000000   clock source latency
     1    0.055995    0.191291    0.137855   10.137856 ^ HCLK (in)
                                                         HCLK (net)
                      0.192114    0.000000   10.137856 ^ clkbuf_0_HCLK/A (sky130_fd_sc_hd__clkbuf_16)
     5    0.123293    0.107273    0.173709   10.311564 ^ clkbuf_0_HCLK/X (sky130_fd_sc_hd__clkbuf_16)
                                                         clknet_0_HCLK (net)
                      0.108206    0.007999   10.319563 ^ clkbuf_2_2_0_HCLK/A (sky130_fd_sc_hd__clkbuf_8)
     2    0.034011    0.054612    0.121526   10.441090 ^ clkbuf_2_2_0_HCLK/X (sky130_fd_sc_hd__clkbuf_8)
                                                         clknet_2_2_0_HCLK (net)
                      0.054886    0.002741   10.443830 ^ clkbuf_3_5__f_HCLK/A (sky130_fd_sc_hd__clkbuf_16)
    11    0.033948    0.040931    0.100302   10.544132 ^ clkbuf_3_5__f_HCLK/X (sky130_fd_sc_hd__clkbuf_16)
                                                         clknet_3_5__leaf_HCLK (net)
                      0.040965    0.001313   10.545444 ^ _152_/CLK (sky130_fd_sc_hd__dfrtp_1)
                                 -0.250000   10.295444   clock uncertainty
                                  0.000000   10.295444   clock reconvergence pessimism
                                 -0.073786   10.221659   library setup time
                                             10.221659   data required time
---------------------------------------------------------------------------------------------
                                             10.221659   data required time
                                             -2.695759   data arrival time
---------------------------------------------------------------------------------------------
                                              7.525899   slack (MET)


Startpoint: HTRANS[1] (input port clocked by HCLK)
Endpoint: _196_ (rising edge-triggered flip-flop clocked by HCLK)
Path Group: HCLK
Path Type: max

Fanout         Cap        Slew       Delay        Time   Description
---------------------------------------------------------------------------------------------
                                  0.000000    0.000000   clock HCLK (rise edge)
                                  0.000000    0.000000   clock network delay (propagated)
                                  2.000000    2.000000 v input external delay
     1    0.002735    0.004637    0.002201    2.002201 v HTRANS[1] (in)
                                                         HTRANS[1] (net)
                      0.004637    0.000000    2.002201 v input35/A (sky130_fd_sc_hd__buf_1)
     2    0.013201    0.055715    0.078138    2.080339 v input35/X (sky130_fd_sc_hd__buf_1)
                                                         net35 (net)
                      0.055724    0.000711    2.081050 v _083_/A (sky130_fd_sc_hd__nand2_1)
     1    0.009568    0.075376    0.078896    2.159946 ^ _083_/Y (sky130_fd_sc_hd__nand2_1)
                                                         _071_ (net)
                      0.075376    0.000172    2.160118 ^ fanout183/A (sky130_fd_sc_hd__buf_8)
     6    0.129027    0.157464    0.148259    2.308377 ^ fanout183/X (sky130_fd_sc_hd__buf_8)
                                                         net183 (net)
                      0.157544    0.003214    2.311590 ^ fanout180/A (sky130_fd_sc_hd__buf_2)
     7    0.044912    0.165976    0.188066    2.499657 ^ fanout180/X (sky130_fd_sc_hd__buf_2)
                                                         net180 (net)
                      0.166092    0.003626    2.503283 ^ _129_/S (sky130_fd_sc_hd__mux2_1)
     1    0.002871    0.038185    0.192277    2.695560 v _129_/X (sky130_fd_sc_hd__mux2_1)
                                                         _045_ (net)
                      0.038185    0.000030    2.695590 v _196_/D (sky130_fd_sc_hd__dfrtp_1)
                                              2.695590   data arrival time

                                 10.000000   10.000000   clock HCLK (rise edge)
                                  0.000000   10.000000   clock source latency
     1    0.055995    0.191291    0.137855   10.137856 ^ HCLK (in)
                                                         HCLK (net)
                      0.192114    0.000000   10.137856 ^ clkbuf_0_HCLK/A (sky130_fd_sc_hd__clkbuf_16)
     5    0.123293    0.107273    0.173709   10.311564 ^ clkbuf_0_HCLK/X (sky130_fd_sc_hd__clkbuf_16)
                                                         clknet_0_HCLK (net)
                      0.108206    0.007999   10.319563 ^ clkbuf_2_2_0_HCLK/A (sky130_fd_sc_hd__clkbuf_8)
     2    0.034011    0.054612    0.121526   10.441090 ^ clkbuf_2_2_0_HCLK/X (sky130_fd_sc_hd__clkbuf_8)
                                                         clknet_2_2_0_HCLK (net)
                      0.054886    0.002741   10.443830 ^ clkbuf_3_5__f_HCLK/A (sky130_fd_sc_hd__clkbuf_16)
    11    0.033948    0.040931    0.100302   10.544132 ^ clkbuf_3_5__f_HCLK/X (sky130_fd_sc_hd__clkbuf_16)
                                                         clknet_3_5__leaf_HCLK (net)
                      0.040957    0.001208   10.545340 ^ _196_/CLK (sky130_fd_sc_hd__dfrtp_1)
                                 -0.250000   10.295340   clock uncertainty
                                  0.000000   10.295340   clock reconvergence pessimism
                                 -0.073791   10.221549   library setup time
                                             10.221549   data required time
---------------------------------------------------------------------------------------------
                                             10.221549   data required time
                                             -2.695590   data arrival time
---------------------------------------------------------------------------------------------
                                              7.525959   slack (MET)


Startpoint: HTRANS[1] (input port clocked by HCLK)
Endpoint: _154_ (rising edge-triggered flip-flop clocked by HCLK)
Path Group: HCLK
Path Type: max

Fanout         Cap        Slew       Delay        Time   Description
---------------------------------------------------------------------------------------------
                                  0.000000    0.000000   clock HCLK (rise edge)
                                  0.000000    0.000000   clock network delay (propagated)
                                  2.000000    2.000000 v input external delay
     1    0.002735    0.004637    0.002201    2.002201 v HTRANS[1] (in)
                                                         HTRANS[1] (net)
                      0.004637    0.000000    2.002201 v input35/A (sky130_fd_sc_hd__buf_1)
     2    0.013201    0.055715    0.078138    2.080339 v input35/X (sky130_fd_sc_hd__buf_1)
                                                         net35 (net)
                      0.055724    0.000711    2.081050 v _083_/A (sky130_fd_sc_hd__nand2_1)
     1    0.009568    0.075376    0.078896    2.159946 ^ _083_/Y (sky130_fd_sc_hd__nand2_1)
                                                         _071_ (net)
                      0.075376    0.000172    2.160118 ^ fanout183/A (sky130_fd_sc_hd__buf_8)
     6    0.129027    0.157464    0.148259    2.308377 ^ fanout183/X (sky130_fd_sc_hd__buf_8)
                                                         net183 (net)
                      0.157465    0.000300    2.308676 ^ fanout182/A (sky130_fd_sc_hd__buf_2)
     6    0.047914    0.176543    0.196620    2.505297 ^ fanout182/X (sky130_fd_sc_hd__buf_2)
                                                         net182 (net)
                      0.176571    0.001841    2.507138 ^ _087_/S (sky130_fd_sc_hd__mux2_1)
     1    0.002448    0.036591    0.189799    2.696937 v _087_/X (sky130_fd_sc_hd__mux2_1)
                                                         _003_ (net)
                      0.036591    0.000022    2.696959 v _154_/D (sky130_fd_sc_hd__dfrtp_1)
                                              2.696959   data arrival time

                                 10.000000   10.000000   clock HCLK (rise edge)
                                  0.000000   10.000000   clock source latency
     1    0.055995    0.191291    0.137855   10.137856 ^ HCLK (in)
                                                         HCLK (net)
                      0.192114    0.000000   10.137856 ^ clkbuf_0_HCLK/A (sky130_fd_sc_hd__clkbuf_16)
     5    0.123293    0.107273    0.173709   10.311564 ^ clkbuf_0_HCLK/X (sky130_fd_sc_hd__clkbuf_16)
                                                         clknet_0_HCLK (net)
                      0.108206    0.007999   10.319563 ^ clkbuf_2_2_0_HCLK/A (sky130_fd_sc_hd__clkbuf_8)
     2    0.034011    0.054612    0.121526   10.441090 ^ clkbuf_2_2_0_HCLK/X (sky130_fd_sc_hd__clkbuf_8)
                                                         clknet_2_2_0_HCLK (net)
                      0.054828    0.002355   10.443444 ^ clkbuf_3_4__f_HCLK/A (sky130_fd_sc_hd__clkbuf_16)
    11    0.038066    0.043854    0.102781   10.546226 ^ clkbuf_3_4__f_HCLK/X (sky130_fd_sc_hd__clkbuf_16)
                                                         clknet_3_4__leaf_HCLK (net)
                      0.043855    0.000307   10.546533 ^ _154_/CLK (sky130_fd_sc_hd__dfrtp_1)
                                 -0.250000   10.296533   clock uncertainty
                                  0.000000   10.296533   clock reconvergence pessimism
                                 -0.072943   10.223590   library setup time
                                             10.223590   data required time
---------------------------------------------------------------------------------------------
                                             10.223590   data required time
                                             -2.696959   data arrival time
---------------------------------------------------------------------------------------------
                                              7.526632   slack (MET)


Startpoint: HTRANS[1] (input port clocked by HCLK)
Endpoint: _169_ (rising edge-triggered flip-flop clocked by HCLK)
Path Group: HCLK
Path Type: max

Fanout         Cap        Slew       Delay        Time   Description
---------------------------------------------------------------------------------------------
                                  0.000000    0.000000   clock HCLK (rise edge)
                                  0.000000    0.000000   clock network delay (propagated)
                                  2.000000    2.000000 v input external delay
     1    0.002735    0.004637    0.002201    2.002201 v HTRANS[1] (in)
                                                         HTRANS[1] (net)
                      0.004637    0.000000    2.002201 v input35/A (sky130_fd_sc_hd__buf_1)
     2    0.013201    0.055715    0.078138    2.080339 v input35/X (sky130_fd_sc_hd__buf_1)
                                                         net35 (net)
                      0.055724    0.000711    2.081050 v _083_/A (sky130_fd_sc_hd__nand2_1)
     1    0.009568    0.075376    0.078896    2.159946 ^ _083_/Y (sky130_fd_sc_hd__nand2_1)
                                                         _071_ (net)
                      0.075376    0.000172    2.160118 ^ fanout183/A (sky130_fd_sc_hd__buf_8)
     6    0.129027    0.157464    0.148259    2.308377 ^ fanout183/X (sky130_fd_sc_hd__buf_8)
                                                         net183 (net)
                      0.157544    0.003214    2.311590 ^ fanout180/A (sky130_fd_sc_hd__buf_2)
     7    0.044912    0.165976    0.188066    2.499657 ^ fanout180/X (sky130_fd_sc_hd__buf_2)
                                                         net180 (net)
                      0.166111    0.003898    2.503555 ^ _102_/S (sky130_fd_sc_hd__mux2_1)
     1    0.002503    0.036811    0.190014    2.693569 v _102_/X (sky130_fd_sc_hd__mux2_1)
                                                         _018_ (net)
                      0.036811    0.000024    2.693592 v _169_/D (sky130_fd_sc_hd__dfrtp_1)
                                              2.693592   data arrival time

                                 10.000000   10.000000   clock HCLK (rise edge)
                                  0.000000   10.000000   clock source latency
     1    0.055995    0.191291    0.137855   10.137856 ^ HCLK (in)
                                                         HCLK (net)
                      0.192114    0.000000   10.137856 ^ clkbuf_0_HCLK/A (sky130_fd_sc_hd__clkbuf_16)
     5    0.123293    0.107273    0.173709   10.311564 ^ clkbuf_0_HCLK/X (sky130_fd_sc_hd__clkbuf_16)
                                                         clknet_0_HCLK (net)
                      0.108206    0.007999   10.319563 ^ clkbuf_2_2_0_HCLK/A (sky130_fd_sc_hd__clkbuf_8)
     2    0.034011    0.054612    0.121526   10.441090 ^ clkbuf_2_2_0_HCLK/X (sky130_fd_sc_hd__clkbuf_8)
                                                         clknet_2_2_0_HCLK (net)
                      0.054886    0.002741   10.443830 ^ clkbuf_3_5__f_HCLK/A (sky130_fd_sc_hd__clkbuf_16)
    11    0.033948    0.040931    0.100302   10.544132 ^ clkbuf_3_5__f_HCLK/X (sky130_fd_sc_hd__clkbuf_16)
                                                         clknet_3_5__leaf_HCLK (net)
                      0.040970    0.001378   10.545509 ^ _169_/CLK (sky130_fd_sc_hd__dfrtp_1)
                                 -0.250000   10.295509   clock uncertainty
                                  0.000000   10.295509   clock reconvergence pessimism
                                 -0.073299   10.222210   library setup time
                                             10.222210   data required time
---------------------------------------------------------------------------------------------
                                             10.222210   data required time
                                             -2.693592   data arrival time
---------------------------------------------------------------------------------------------
                                              7.528618   slack (MET)


Startpoint: HTRANS[1] (input port clocked by HCLK)
Endpoint: _159_ (rising edge-triggered flip-flop clocked by HCLK)
Path Group: HCLK
Path Type: max

Fanout         Cap        Slew       Delay        Time   Description
---------------------------------------------------------------------------------------------
                                  0.000000    0.000000   clock HCLK (rise edge)
                                  0.000000    0.000000   clock network delay (propagated)
                                  2.000000    2.000000 v input external delay
     1    0.002735    0.004637    0.002201    2.002201 v HTRANS[1] (in)
                                                         HTRANS[1] (net)
                      0.004637    0.000000    2.002201 v input35/A (sky130_fd_sc_hd__buf_1)
     2    0.013201    0.055715    0.078138    2.080339 v input35/X (sky130_fd_sc_hd__buf_1)
                                                         net35 (net)
                      0.055724    0.000711    2.081050 v _083_/A (sky130_fd_sc_hd__nand2_1)
     1    0.009568    0.075376    0.078896    2.159946 ^ _083_/Y (sky130_fd_sc_hd__nand2_1)
                                                         _071_ (net)
                      0.075376    0.000172    2.160118 ^ fanout183/A (sky130_fd_sc_hd__buf_8)
     6    0.129027    0.157464    0.148259    2.308377 ^ fanout183/X (sky130_fd_sc_hd__buf_8)
                                                         net183 (net)
                      0.165281    0.026769    2.335146 ^ fanout178/A (sky130_fd_sc_hd__buf_8)
     5    0.115346    0.143556    0.156073    2.491219 ^ fanout178/X (sky130_fd_sc_hd__buf_8)
                                                         net178 (net)
                      0.145693    0.013932    2.505151 ^ _092_/S (sky130_fd_sc_hd__mux2_1)
     1    0.002381    0.036390    0.189024    2.694175 v _092_/X (sky130_fd_sc_hd__mux2_1)
                                                         _008_ (net)
                      0.036390    0.000020    2.694195 v _159_/D (sky130_fd_sc_hd__dfrtp_1)
                                              2.694195   data arrival time

                                 10.000000   10.000000   clock HCLK (rise edge)
                                  0.000000   10.000000   clock source latency
     1    0.055995    0.191291    0.137855   10.137856 ^ HCLK (in)
                                                         HCLK (net)
                      0.192114    0.000000   10.137856 ^ clkbuf_0_HCLK/A (sky130_fd_sc_hd__clkbuf_16)
     5    0.123293    0.107273    0.173709   10.311564 ^ clkbuf_0_HCLK/X (sky130_fd_sc_hd__clkbuf_16)
                                                         clknet_0_HCLK (net)
                      0.108547    0.009308   10.320872 ^ clkbuf_2_1_0_HCLK/A (sky130_fd_sc_hd__clkbuf_8)
     2    0.035398    0.056328    0.122621   10.443494 ^ clkbuf_2_1_0_HCLK/X (sky130_fd_sc_hd__clkbuf_8)
                                                         clknet_2_1_0_HCLK (net)
                      0.056608    0.003110   10.446604 ^ clkbuf_3_2__f_HCLK/A (sky130_fd_sc_hd__clkbuf_16)
    10    0.035106    0.041785    0.101338   10.547941 ^ clkbuf_3_2__f_HCLK/X (sky130_fd_sc_hd__clkbuf_16)
                                                         clknet_3_2__leaf_HCLK (net)
                      0.041814    0.001165   10.549107 ^ _159_/CLK (sky130_fd_sc_hd__dfrtp_1)
                                 -0.250000   10.299107   clock uncertainty
                                  0.000000   10.299107   clock reconvergence pessimism
                                 -0.073067   10.226039   library setup time
                                             10.226039   data required time
---------------------------------------------------------------------------------------------
                                             10.226039   data required time
                                             -2.694195   data arrival time
---------------------------------------------------------------------------------------------
                                              7.531844   slack (MET)


Startpoint: HTRANS[1] (input port clocked by HCLK)
Endpoint: _182_ (rising edge-triggered flip-flop clocked by HCLK)
Path Group: HCLK
Path Type: max

Fanout         Cap        Slew       Delay        Time   Description
---------------------------------------------------------------------------------------------
                                  0.000000    0.000000   clock HCLK (rise edge)
                                  0.000000    0.000000   clock network delay (propagated)
                                  2.000000    2.000000 v input external delay
     1    0.002735    0.004637    0.002201    2.002201 v HTRANS[1] (in)
                                                         HTRANS[1] (net)
                      0.004637    0.000000    2.002201 v input35/A (sky130_fd_sc_hd__buf_1)
     2    0.013201    0.055715    0.078138    2.080339 v input35/X (sky130_fd_sc_hd__buf_1)
                                                         net35 (net)
                      0.055724    0.000711    2.081050 v _083_/A (sky130_fd_sc_hd__nand2_1)
     1    0.009568    0.075376    0.078896    2.159946 ^ _083_/Y (sky130_fd_sc_hd__nand2_1)
                                                         _071_ (net)
                      0.075376    0.000172    2.160118 ^ fanout183/A (sky130_fd_sc_hd__buf_8)
     6    0.129027    0.157464    0.148259    2.308377 ^ fanout183/X (sky130_fd_sc_hd__buf_8)
                                                         net183 (net)
                      0.165281    0.026769    2.335146 ^ fanout178/A (sky130_fd_sc_hd__buf_8)
     5    0.115346    0.143556    0.156073    2.491219 ^ fanout178/X (sky130_fd_sc_hd__buf_8)
                                                         net178 (net)
                      0.145770    0.014175    2.505394 ^ _115_/S (sky130_fd_sc_hd__mux2_1)
     1    0.002332    0.036207    0.188720    2.694114 v _115_/X (sky130_fd_sc_hd__mux2_1)
                                                         _031_ (net)
                      0.036207    0.000020    2.694134 v _182_/D (sky130_fd_sc_hd__dfrtp_1)
                                              2.694134   data arrival time

                                 10.000000   10.000000   clock HCLK (rise edge)
                                  0.000000   10.000000   clock source latency
     1    0.055995    0.191291    0.137855   10.137856 ^ HCLK (in)
                                                         HCLK (net)
                      0.192114    0.000000   10.137856 ^ clkbuf_0_HCLK/A (sky130_fd_sc_hd__clkbuf_16)
     5    0.123293    0.107273    0.173709   10.311564 ^ clkbuf_0_HCLK/X (sky130_fd_sc_hd__clkbuf_16)
                                                         clknet_0_HCLK (net)
                      0.108547    0.009308   10.320872 ^ clkbuf_2_1_0_HCLK/A (sky130_fd_sc_hd__clkbuf_8)
     2    0.035398    0.056328    0.122621   10.443494 ^ clkbuf_2_1_0_HCLK/X (sky130_fd_sc_hd__clkbuf_8)
                                                         clknet_2_1_0_HCLK (net)
                      0.056608    0.003110   10.446604 ^ clkbuf_3_2__f_HCLK/A (sky130_fd_sc_hd__clkbuf_16)
    10    0.035106    0.041785    0.101338   10.547941 ^ clkbuf_3_2__f_HCLK/X (sky130_fd_sc_hd__clkbuf_16)
                                                         clknet_3_2__leaf_HCLK (net)
                      0.041850    0.001569   10.549511 ^ _182_/CLK (sky130_fd_sc_hd__dfrtp_1)
                                 -0.250000   10.299511   clock uncertainty
                                  0.000000   10.299511   clock reconvergence pessimism
                                 -0.072999   10.226512   library setup time
                                             10.226512   data required time
---------------------------------------------------------------------------------------------
                                             10.226512   data required time
                                             -2.694134   data arrival time
---------------------------------------------------------------------------------------------
                                              7.532379   slack (MET)


Startpoint: HTRANS[1] (input port clocked by HCLK)
Endpoint: _176_ (rising edge-triggered flip-flop clocked by HCLK)
Path Group: HCLK
Path Type: max

Fanout         Cap        Slew       Delay        Time   Description
---------------------------------------------------------------------------------------------
                                  0.000000    0.000000   clock HCLK (rise edge)
                                  0.000000    0.000000   clock network delay (propagated)
                                  2.000000    2.000000 v input external delay
     1    0.002735    0.004637    0.002201    2.002201 v HTRANS[1] (in)
                                                         HTRANS[1] (net)
                      0.004637    0.000000    2.002201 v input35/A (sky130_fd_sc_hd__buf_1)
     2    0.013201    0.055715    0.078138    2.080339 v input35/X (sky130_fd_sc_hd__buf_1)
                                                         net35 (net)
                      0.055724    0.000711    2.081050 v _083_/A (sky130_fd_sc_hd__nand2_1)
     1    0.009568    0.075376    0.078896    2.159946 ^ _083_/Y (sky130_fd_sc_hd__nand2_1)
                                                         _071_ (net)
                      0.075376    0.000172    2.160118 ^ fanout183/A (sky130_fd_sc_hd__buf_8)
     6    0.129027    0.157464    0.148259    2.308377 ^ fanout183/X (sky130_fd_sc_hd__buf_8)
                                                         net183 (net)
                      0.157544    0.003214    2.311590 ^ fanout180/A (sky130_fd_sc_hd__buf_2)
     7    0.044912    0.165976    0.188066    2.499657 ^ fanout180/X (sky130_fd_sc_hd__buf_2)
                                                         net180 (net)
                      0.165987    0.001131    2.500788 ^ _109_/S (sky130_fd_sc_hd__mux2_1)
     1    0.002548    0.036980    0.190291    2.691079 v _109_/X (sky130_fd_sc_hd__mux2_1)
                                                         _025_ (net)
                      0.036980    0.000024    2.691104 v _176_/D (sky130_fd_sc_hd__dfrtp_1)
                                              2.691104   data arrival time

                                 10.000000   10.000000   clock HCLK (rise edge)
                                  0.000000   10.000000   clock source latency
     1    0.055995    0.191291    0.137855   10.137856 ^ HCLK (in)
                                                         HCLK (net)
                      0.192114    0.000000   10.137856 ^ clkbuf_0_HCLK/A (sky130_fd_sc_hd__clkbuf_16)
     5    0.123293    0.107273    0.173709   10.311564 ^ clkbuf_0_HCLK/X (sky130_fd_sc_hd__clkbuf_16)
                                                         clknet_0_HCLK (net)
                      0.108206    0.007999   10.319563 ^ clkbuf_2_2_0_HCLK/A (sky130_fd_sc_hd__clkbuf_8)
     2    0.034011    0.054612    0.121526   10.441090 ^ clkbuf_2_2_0_HCLK/X (sky130_fd_sc_hd__clkbuf_8)
                                                         clknet_2_2_0_HCLK (net)
                      0.054828    0.002355   10.443444 ^ clkbuf_3_4__f_HCLK/A (sky130_fd_sc_hd__clkbuf_16)
    11    0.038066    0.043854    0.102781   10.546226 ^ clkbuf_3_4__f_HCLK/X (sky130_fd_sc_hd__clkbuf_16)
                                                         clknet_3_4__leaf_HCLK (net)
                      0.043857    0.000375   10.546600 ^ _176_/CLK (sky130_fd_sc_hd__dfrtp_1)
                                 -0.250000   10.296600   clock uncertainty
                                  0.000000   10.296600   clock reconvergence pessimism
                                 -0.073081   10.223519   library setup time
                                             10.223519   data required time
---------------------------------------------------------------------------------------------
                                             10.223519   data required time
                                             -2.691104   data arrival time
---------------------------------------------------------------------------------------------
                                              7.532416   slack (MET)


Startpoint: HTRANS[1] (input port clocked by HCLK)
Endpoint: _170_ (rising edge-triggered flip-flop clocked by HCLK)
Path Group: HCLK
Path Type: max

Fanout         Cap        Slew       Delay        Time   Description
---------------------------------------------------------------------------------------------
                                  0.000000    0.000000   clock HCLK (rise edge)
                                  0.000000    0.000000   clock network delay (propagated)
                                  2.000000    2.000000 v input external delay
     1    0.002735    0.004637    0.002201    2.002201 v HTRANS[1] (in)
                                                         HTRANS[1] (net)
                      0.004637    0.000000    2.002201 v input35/A (sky130_fd_sc_hd__buf_1)
     2    0.013201    0.055715    0.078138    2.080339 v input35/X (sky130_fd_sc_hd__buf_1)
                                                         net35 (net)
                      0.055724    0.000711    2.081050 v _083_/A (sky130_fd_sc_hd__nand2_1)
     1    0.009568    0.075376    0.078896    2.159946 ^ _083_/Y (sky130_fd_sc_hd__nand2_1)
                                                         _071_ (net)
                      0.075376    0.000172    2.160118 ^ fanout183/A (sky130_fd_sc_hd__buf_8)
     6    0.129027    0.157464    0.148259    2.308377 ^ fanout183/X (sky130_fd_sc_hd__buf_8)
                                                         net183 (net)
                      0.157544    0.003214    2.311590 ^ fanout180/A (sky130_fd_sc_hd__buf_2)
     7    0.044912    0.165976    0.188066    2.499657 ^ fanout180/X (sky130_fd_sc_hd__buf_2)
                                                         net180 (net)
                      0.166016    0.002142    2.501799 ^ _103_/S (sky130_fd_sc_hd__mux2_1)
     1    0.002373    0.036330    0.189216    2.691015 v _103_/X (sky130_fd_sc_hd__mux2_1)
                                                         _019_ (net)
                      0.036330    0.000021    2.691036 v _170_/D (sky130_fd_sc_hd__dfrtp_1)
                                              2.691036   data arrival time

                                 10.000000   10.000000   clock HCLK (rise edge)
                                  0.000000   10.000000   clock source latency
     1    0.055995    0.191291    0.137855   10.137856 ^ HCLK (in)
                                                         HCLK (net)
                      0.192114    0.000000   10.137856 ^ clkbuf_0_HCLK/A (sky130_fd_sc_hd__clkbuf_16)
     5    0.123293    0.107273    0.173709   10.311564 ^ clkbuf_0_HCLK/X (sky130_fd_sc_hd__clkbuf_16)
                                                         clknet_0_HCLK (net)
                      0.108206    0.007999   10.319563 ^ clkbuf_2_2_0_HCLK/A (sky130_fd_sc_hd__clkbuf_8)
     2    0.034011    0.054612    0.121526   10.441090 ^ clkbuf_2_2_0_HCLK/X (sky130_fd_sc_hd__clkbuf_8)
                                                         clknet_2_2_0_HCLK (net)
                      0.054828    0.002355   10.443444 ^ clkbuf_3_4__f_HCLK/A (sky130_fd_sc_hd__clkbuf_16)
    11    0.038066    0.043854    0.102781   10.546226 ^ clkbuf_3_4__f_HCLK/X (sky130_fd_sc_hd__clkbuf_16)
                                                         clknet_3_4__leaf_HCLK (net)
                      0.043866    0.000592   10.546817 ^ _170_/CLK (sky130_fd_sc_hd__dfrtp_1)
                                 -0.250000   10.296817   clock uncertainty
                                  0.000000   10.296817   clock reconvergence pessimism
                                 -0.072849   10.223969   library setup time
                                             10.223969   data required time
---------------------------------------------------------------------------------------------
                                             10.223969   data required time
                                             -2.691036   data arrival time
---------------------------------------------------------------------------------------------
                                              7.532933   slack (MET)


Startpoint: HTRANS[1] (input port clocked by HCLK)
Endpoint: _164_ (rising edge-triggered flip-flop clocked by HCLK)
Path Group: HCLK
Path Type: max

Fanout         Cap        Slew       Delay        Time   Description
---------------------------------------------------------------------------------------------
                                  0.000000    0.000000   clock HCLK (rise edge)
                                  0.000000    0.000000   clock network delay (propagated)
                                  2.000000    2.000000 v input external delay
     1    0.002735    0.004637    0.002201    2.002201 v HTRANS[1] (in)
                                                         HTRANS[1] (net)
                      0.004637    0.000000    2.002201 v input35/A (sky130_fd_sc_hd__buf_1)
     2    0.013201    0.055715    0.078138    2.080339 v input35/X (sky130_fd_sc_hd__buf_1)
                                                         net35 (net)
                      0.055724    0.000711    2.081050 v _083_/A (sky130_fd_sc_hd__nand2_1)
     1    0.009568    0.075376    0.078896    2.159946 ^ _083_/Y (sky130_fd_sc_hd__nand2_1)
                                                         _071_ (net)
                      0.075376    0.000172    2.160118 ^ fanout183/A (sky130_fd_sc_hd__buf_8)
     6    0.129027    0.157464    0.148259    2.308377 ^ fanout183/X (sky130_fd_sc_hd__buf_8)
                                                         net183 (net)
                      0.157465    0.000300    2.308676 ^ fanout182/A (sky130_fd_sc_hd__buf_2)
     6    0.047914    0.176543    0.196620    2.505297 ^ fanout182/X (sky130_fd_sc_hd__buf_2)
                                                         net182 (net)
                      0.176549    0.000859    2.506156 ^ _097_/S (sky130_fd_sc_hd__mux2_1)
     1    0.002388    0.036368    0.189430    2.695586 v _097_/X (sky130_fd_sc_hd__mux2_1)
                                                         _013_ (net)
                      0.036368    0.000021    2.695607 v _164_/D (sky130_fd_sc_hd__dfrtp_4)
                                              2.695607   data arrival time

                                 10.000000   10.000000   clock HCLK (rise edge)
                                  0.000000   10.000000   clock source latency
     1    0.055995    0.191291    0.137855   10.137856 ^ HCLK (in)
                                                         HCLK (net)
                      0.192114    0.000000   10.137856 ^ clkbuf_0_HCLK/A (sky130_fd_sc_hd__clkbuf_16)
     5    0.123293    0.107273    0.173709   10.311564 ^ clkbuf_0_HCLK/X (sky130_fd_sc_hd__clkbuf_16)
                                                         clknet_0_HCLK (net)
                      0.108181    0.007892   10.319457 ^ clkbuf_2_3_0_HCLK/A (sky130_fd_sc_hd__clkbuf_8)
     2    0.037478    0.058645    0.125198   10.444654 ^ clkbuf_2_3_0_HCLK/X (sky130_fd_sc_hd__clkbuf_8)
                                                         clknet_2_3_0_HCLK (net)
                      0.058706    0.000713   10.445368 ^ clkbuf_3_7__f_HCLK/A (sky130_fd_sc_hd__clkbuf_16)
     7    0.047439    0.050226    0.107485   10.552853 ^ clkbuf_3_7__f_HCLK/X (sky130_fd_sc_hd__clkbuf_16)
                                                         clknet_3_7__leaf_HCLK (net)
                      0.050787    0.003885   10.556737 ^ _164_/CLK (sky130_fd_sc_hd__dfrtp_4)
                                 -0.250000   10.306737   clock uncertainty
                                  0.000000   10.306737   clock reconvergence pessimism
                                 -0.072292   10.234446   library setup time
                                             10.234446   data required time
---------------------------------------------------------------------------------------------
                                             10.234446   data required time
                                             -2.695607   data arrival time
---------------------------------------------------------------------------------------------
                                              7.538839   slack (MET)


Startpoint: HTRANS[1] (input port clocked by HCLK)
Endpoint: _163_ (rising edge-triggered flip-flop clocked by HCLK)
Path Group: HCLK
Path Type: max

Fanout         Cap        Slew       Delay        Time   Description
---------------------------------------------------------------------------------------------
                                  0.000000    0.000000   clock HCLK (rise edge)
                                  0.000000    0.000000   clock network delay (propagated)
                                  2.000000    2.000000 v input external delay
     1    0.002735    0.004637    0.002201    2.002201 v HTRANS[1] (in)
                                                         HTRANS[1] (net)
                      0.004637    0.000000    2.002201 v input35/A (sky130_fd_sc_hd__buf_1)
     2    0.013201    0.055715    0.078138    2.080339 v input35/X (sky130_fd_sc_hd__buf_1)
                                                         net35 (net)
                      0.055724    0.000711    2.081050 v _083_/A (sky130_fd_sc_hd__nand2_1)
     1    0.009568    0.075376    0.078896    2.159946 ^ _083_/Y (sky130_fd_sc_hd__nand2_1)
                                                         _071_ (net)
                      0.075376    0.000172    2.160118 ^ fanout183/A (sky130_fd_sc_hd__buf_8)
     6    0.129027    0.157464    0.148259    2.308377 ^ fanout183/X (sky130_fd_sc_hd__buf_8)
                                                         net183 (net)
                      0.157465    0.000300    2.308676 ^ fanout182/A (sky130_fd_sc_hd__buf_2)
     6    0.047914    0.176543    0.196620    2.505297 ^ fanout182/X (sky130_fd_sc_hd__buf_2)
                                                         net182 (net)
                      0.176543    0.000246    2.505543 ^ _096_/S (sky130_fd_sc_hd__mux2_1)
     1    0.002354    0.036242    0.189221    2.694763 v _096_/X (sky130_fd_sc_hd__mux2_1)
                                                         _012_ (net)
                      0.036242    0.000020    2.694783 v _163_/D (sky130_fd_sc_hd__dfrtp_1)
                                              2.694783   data arrival time

                                 10.000000   10.000000   clock HCLK (rise edge)
                                  0.000000   10.000000   clock source latency
     1    0.055995    0.191291    0.137855   10.137856 ^ HCLK (in)
                                                         HCLK (net)
                      0.192114    0.000000   10.137856 ^ clkbuf_0_HCLK/A (sky130_fd_sc_hd__clkbuf_16)
     5    0.123293    0.107273    0.173709   10.311564 ^ clkbuf_0_HCLK/X (sky130_fd_sc_hd__clkbuf_16)
                                                         clknet_0_HCLK (net)
                      0.108181    0.007892   10.319457 ^ clkbuf_2_3_0_HCLK/A (sky130_fd_sc_hd__clkbuf_8)
     2    0.037478    0.058645    0.125198   10.444654 ^ clkbuf_2_3_0_HCLK/X (sky130_fd_sc_hd__clkbuf_8)
                                                         clknet_2_3_0_HCLK (net)
                      0.058706    0.000713   10.445368 ^ clkbuf_3_7__f_HCLK/A (sky130_fd_sc_hd__clkbuf_16)
     7    0.047439    0.050226    0.107485   10.552853 ^ clkbuf_3_7__f_HCLK/X (sky130_fd_sc_hd__clkbuf_16)
                                                         clknet_3_7__leaf_HCLK (net)
                      0.051208    0.005390   10.558243 ^ _163_/CLK (sky130_fd_sc_hd__dfrtp_1)
                                 -0.250000   10.308243   clock uncertainty
                                  0.000000   10.308243   clock reconvergence pessimism
                                 -0.072110   10.236133   library setup time
                                             10.236133   data required time
---------------------------------------------------------------------------------------------
                                             10.236133   data required time
                                             -2.694783   data arrival time
---------------------------------------------------------------------------------------------
                                              7.541349   slack (MET)


Startpoint: HTRANS[1] (input port clocked by HCLK)
Endpoint: _156_ (rising edge-triggered flip-flop clocked by HCLK)
Path Group: HCLK
Path Type: max

Fanout         Cap        Slew       Delay        Time   Description
---------------------------------------------------------------------------------------------
                                  0.000000    0.000000   clock HCLK (rise edge)
                                  0.000000    0.000000   clock network delay (propagated)
                                  2.000000    2.000000 v input external delay
     1    0.002735    0.004637    0.002201    2.002201 v HTRANS[1] (in)
                                                         HTRANS[1] (net)
                      0.004637    0.000000    2.002201 v input35/A (sky130_fd_sc_hd__buf_1)
     2    0.013201    0.055715    0.078138    2.080339 v input35/X (sky130_fd_sc_hd__buf_1)
                                                         net35 (net)
                      0.055724    0.000711    2.081050 v _083_/A (sky130_fd_sc_hd__nand2_1)
     1    0.009568    0.075376    0.078896    2.159946 ^ _083_/Y (sky130_fd_sc_hd__nand2_1)
                                                         _071_ (net)
                      0.075376    0.000172    2.160118 ^ fanout183/A (sky130_fd_sc_hd__buf_8)
     6    0.129027    0.157464    0.148259    2.308377 ^ fanout183/X (sky130_fd_sc_hd__buf_8)
                                                         net183 (net)
                      0.157535    0.003038    2.311414 ^ fanout181/A (sky130_fd_sc_hd__buf_8)
    10    0.119719    0.147352    0.149975    2.461389 ^ fanout181/X (sky130_fd_sc_hd__buf_8)
                                                         net181 (net)
                      0.160406    0.033633    2.495022 ^ _089_/S (sky130_fd_sc_hd__mux2_1)
     1    0.002819    0.037993    0.191891    2.686913 v _089_/X (sky130_fd_sc_hd__mux2_1)
                                                         _005_ (net)
                      0.037993    0.000028    2.686941 v _156_/D (sky130_fd_sc_hd__dfrtp_1)
                                              2.686941   data arrival time

                                 10.000000   10.000000   clock HCLK (rise edge)
                                  0.000000   10.000000   clock source latency
     1    0.055995    0.191291    0.137855   10.137856 ^ HCLK (in)
                                                         HCLK (net)
                      0.192114    0.000000   10.137856 ^ clkbuf_0_HCLK/A (sky130_fd_sc_hd__clkbuf_16)
     5    0.123293    0.107273    0.173709   10.311564 ^ clkbuf_0_HCLK/X (sky130_fd_sc_hd__clkbuf_16)
                                                         clknet_0_HCLK (net)
                      0.108181    0.007892   10.319457 ^ clkbuf_2_3_0_HCLK/A (sky130_fd_sc_hd__clkbuf_8)
     2    0.037478    0.058645    0.125198   10.444654 ^ clkbuf_2_3_0_HCLK/X (sky130_fd_sc_hd__clkbuf_8)
                                                         clknet_2_3_0_HCLK (net)
                      0.058793    0.001902   10.446557 ^ clkbuf_3_6__f_HCLK/A (sky130_fd_sc_hd__clkbuf_16)
     8    0.068452    0.065687    0.118354   10.564911 ^ clkbuf_3_6__f_HCLK/X (sky130_fd_sc_hd__clkbuf_16)
                                                         clknet_3_6__leaf_HCLK (net)
                      0.066301    0.004970   10.569881 ^ _156_/CLK (sky130_fd_sc_hd__dfrtp_1)
                                 -0.250000   10.319881   clock uncertainty
                                  0.000000   10.319881   clock reconvergence pessimism
                                 -0.071281   10.248600   library setup time
                                             10.248600   data required time
---------------------------------------------------------------------------------------------
                                             10.248600   data required time
                                             -2.686941   data arrival time
---------------------------------------------------------------------------------------------
                                              7.561659   slack (MET)


Startpoint: HTRANS[1] (input port clocked by HCLK)
Endpoint: _200_ (rising edge-triggered flip-flop clocked by HCLK)
Path Group: HCLK
Path Type: max

Fanout         Cap        Slew       Delay        Time   Description
---------------------------------------------------------------------------------------------
                                  0.000000    0.000000   clock HCLK (rise edge)
                                  0.000000    0.000000   clock network delay (propagated)
                                  2.000000    2.000000 v input external delay
     1    0.002735    0.004637    0.002201    2.002201 v HTRANS[1] (in)
                                                         HTRANS[1] (net)
                      0.004637    0.000000    2.002201 v input35/A (sky130_fd_sc_hd__buf_1)
     2    0.013201    0.055715    0.078138    2.080339 v input35/X (sky130_fd_sc_hd__buf_1)
                                                         net35 (net)
                      0.055724    0.000711    2.081050 v _083_/A (sky130_fd_sc_hd__nand2_1)
     1    0.009568    0.075376    0.078896    2.159946 ^ _083_/Y (sky130_fd_sc_hd__nand2_1)
                                                         _071_ (net)
                      0.075376    0.000172    2.160118 ^ fanout183/A (sky130_fd_sc_hd__buf_8)
     6    0.129027    0.157464    0.148259    2.308377 ^ fanout183/X (sky130_fd_sc_hd__buf_8)
                                                         net183 (net)
                      0.157535    0.003038    2.311414 ^ fanout181/A (sky130_fd_sc_hd__buf_8)
    10    0.119719    0.147352    0.149975    2.461389 ^ fanout181/X (sky130_fd_sc_hd__buf_8)
                                                         net181 (net)
                      0.160564    0.033842    2.495231 ^ _133_/S (sky130_fd_sc_hd__mux2_1)
     1    0.002598    0.037172    0.190533    2.685764 v _133_/X (sky130_fd_sc_hd__mux2_1)
                                                         _049_ (net)
                      0.037172    0.000024    2.685789 v _200_/D (sky130_fd_sc_hd__dfrtp_1)
                                              2.685789   data arrival time

                                 10.000000   10.000000   clock HCLK (rise edge)
                                  0.000000   10.000000   clock source latency
     1    0.055995    0.191291    0.137855   10.137856 ^ HCLK (in)
                                                         HCLK (net)
                      0.192114    0.000000   10.137856 ^ clkbuf_0_HCLK/A (sky130_fd_sc_hd__clkbuf_16)
     5    0.123293    0.107273    0.173709   10.311564 ^ clkbuf_0_HCLK/X (sky130_fd_sc_hd__clkbuf_16)
                                                         clknet_0_HCLK (net)
                      0.108181    0.007892   10.319457 ^ clkbuf_2_3_0_HCLK/A (sky130_fd_sc_hd__clkbuf_8)
     2    0.037478    0.058645    0.125198   10.444654 ^ clkbuf_2_3_0_HCLK/X (sky130_fd_sc_hd__clkbuf_8)
                                                         clknet_2_3_0_HCLK (net)
                      0.058793    0.001902   10.446557 ^ clkbuf_3_6__f_HCLK/A (sky130_fd_sc_hd__clkbuf_16)
     8    0.068452    0.065687    0.118354   10.564911 ^ clkbuf_3_6__f_HCLK/X (sky130_fd_sc_hd__clkbuf_16)
                                                         clknet_3_6__leaf_HCLK (net)
                      0.066315    0.005024   10.569935 ^ _200_/CLK (sky130_fd_sc_hd__dfrtp_1)
                                 -0.250000   10.319935   clock uncertainty
                                  0.000000   10.319935   clock reconvergence pessimism
                                 -0.070987   10.248948   library setup time
                                             10.248948   data required time
---------------------------------------------------------------------------------------------
                                             10.248948   data required time
                                             -2.685789   data arrival time
---------------------------------------------------------------------------------------------
                                              7.563159   slack (MET)


Startpoint: HTRANS[1] (input port clocked by HCLK)
Endpoint: _209_ (rising edge-triggered flip-flop clocked by HCLK)
Path Group: HCLK
Path Type: max

Fanout         Cap        Slew       Delay        Time   Description
---------------------------------------------------------------------------------------------
                                  0.000000    0.000000   clock HCLK (rise edge)
                                  0.000000    0.000000   clock network delay (propagated)
                                  2.000000    2.000000 v input external delay
     1    0.002735    0.004637    0.002201    2.002201 v HTRANS[1] (in)
                                                         HTRANS[1] (net)
                      0.004637    0.000000    2.002201 v input35/A (sky130_fd_sc_hd__buf_1)
     2    0.013201    0.055715    0.078138    2.080339 v input35/X (sky130_fd_sc_hd__buf_1)
                                                         net35 (net)
                      0.055724    0.000711    2.081050 v _083_/A (sky130_fd_sc_hd__nand2_1)
     1    0.009568    0.075376    0.078896    2.159946 ^ _083_/Y (sky130_fd_sc_hd__nand2_1)
                                                         _071_ (net)
                      0.075376    0.000172    2.160118 ^ fanout183/A (sky130_fd_sc_hd__buf_8)
     6    0.129027    0.157464    0.148259    2.308377 ^ fanout183/X (sky130_fd_sc_hd__buf_8)
                                                         net183 (net)
                      0.157535    0.003038    2.311414 ^ fanout181/A (sky130_fd_sc_hd__buf_8)
    10    0.119719    0.147352    0.149975    2.461389 ^ fanout181/X (sky130_fd_sc_hd__buf_8)
                                                         net181 (net)
                      0.159904    0.032960    2.494350 ^ _142_/S (sky130_fd_sc_hd__mux2_1)
     1    0.002592    0.037150    0.190488    2.684838 v _142_/X (sky130_fd_sc_hd__mux2_1)
                                                         _058_ (net)
                      0.037150    0.000024    2.684861 v _209_/D (sky130_fd_sc_hd__dfrtp_1)
                                              2.684861   data arrival time

                                 10.000000   10.000000   clock HCLK (rise edge)
                                  0.000000   10.000000   clock source latency
     1    0.055995    0.191291    0.137855   10.137856 ^ HCLK (in)
                                                         HCLK (net)
                      0.192114    0.000000   10.137856 ^ clkbuf_0_HCLK/A (sky130_fd_sc_hd__clkbuf_16)
     5    0.123293    0.107273    0.173709   10.311564 ^ clkbuf_0_HCLK/X (sky130_fd_sc_hd__clkbuf_16)
                                                         clknet_0_HCLK (net)
                      0.108181    0.007892   10.319457 ^ clkbuf_2_3_0_HCLK/A (sky130_fd_sc_hd__clkbuf_8)
     2    0.037478    0.058645    0.125198   10.444654 ^ clkbuf_2_3_0_HCLK/X (sky130_fd_sc_hd__clkbuf_8)
                                                         clknet_2_3_0_HCLK (net)
                      0.058793    0.001902   10.446557 ^ clkbuf_3_6__f_HCLK/A (sky130_fd_sc_hd__clkbuf_16)
     8    0.068452    0.065687    0.118354   10.564911 ^ clkbuf_3_6__f_HCLK/X (sky130_fd_sc_hd__clkbuf_16)
                                                         clknet_3_6__leaf_HCLK (net)
                      0.066162    0.004372   10.569283 ^ _209_/CLK (sky130_fd_sc_hd__dfrtp_1)
                                 -0.250000   10.319283   clock uncertainty
                                  0.000000   10.319283   clock reconvergence pessimism
                                 -0.070994   10.248289   library setup time
                                             10.248289   data required time
---------------------------------------------------------------------------------------------
                                             10.248289   data required time
                                             -2.684861   data arrival time
---------------------------------------------------------------------------------------------
                                              7.563427   slack (MET)


Startpoint: HTRANS[1] (input port clocked by HCLK)
Endpoint: _171_ (rising edge-triggered flip-flop clocked by HCLK)
Path Group: HCLK
Path Type: max

Fanout         Cap        Slew       Delay        Time   Description
---------------------------------------------------------------------------------------------
                                  0.000000    0.000000   clock HCLK (rise edge)
                                  0.000000    0.000000   clock network delay (propagated)
                                  2.000000    2.000000 v input external delay
     1    0.002735    0.004637    0.002201    2.002201 v HTRANS[1] (in)
                                                         HTRANS[1] (net)
                      0.004637    0.000000    2.002201 v input35/A (sky130_fd_sc_hd__buf_1)
     2    0.013201    0.055715    0.078138    2.080339 v input35/X (sky130_fd_sc_hd__buf_1)
                                                         net35 (net)
                      0.055724    0.000711    2.081050 v _083_/A (sky130_fd_sc_hd__nand2_1)
     1    0.009568    0.075376    0.078896    2.159946 ^ _083_/Y (sky130_fd_sc_hd__nand2_1)
                                                         _071_ (net)
                      0.075376    0.000172    2.160118 ^ fanout183/A (sky130_fd_sc_hd__buf_8)
     6    0.129027    0.157464    0.148259    2.308377 ^ fanout183/X (sky130_fd_sc_hd__buf_8)
                                                         net183 (net)
                      0.157535    0.003038    2.311414 ^ fanout181/A (sky130_fd_sc_hd__buf_8)
    10    0.119719    0.147352    0.149975    2.461389 ^ fanout181/X (sky130_fd_sc_hd__buf_8)
                                                         net181 (net)
                      0.160591    0.033878    2.495267 ^ _104_/S (sky130_fd_sc_hd__mux2_1)
     1    0.002489    0.036767    0.189864    2.685131 v _104_/X (sky130_fd_sc_hd__mux2_1)
                                                         _020_ (net)
                      0.036767    0.000022    2.685153 v _171_/D (sky130_fd_sc_hd__dfrtp_1)
                                              2.685153   data arrival time

                                 10.000000   10.000000   clock HCLK (rise edge)
                                  0.000000   10.000000   clock source latency
     1    0.055995    0.191291    0.137855   10.137856 ^ HCLK (in)
                                                         HCLK (net)
                      0.192114    0.000000   10.137856 ^ clkbuf_0_HCLK/A (sky130_fd_sc_hd__clkbuf_16)
     5    0.123293    0.107273    0.173709   10.311564 ^ clkbuf_0_HCLK/X (sky130_fd_sc_hd__clkbuf_16)
                                                         clknet_0_HCLK (net)
                      0.108181    0.007892   10.319457 ^ clkbuf_2_3_0_HCLK/A (sky130_fd_sc_hd__clkbuf_8)
     2    0.037478    0.058645    0.125198   10.444654 ^ clkbuf_2_3_0_HCLK/X (sky130_fd_sc_hd__clkbuf_8)
                                                         clknet_2_3_0_HCLK (net)
                      0.058793    0.001902   10.446557 ^ clkbuf_3_6__f_HCLK/A (sky130_fd_sc_hd__clkbuf_16)
     8    0.068452    0.065687    0.118354   10.564911 ^ clkbuf_3_6__f_HCLK/X (sky130_fd_sc_hd__clkbuf_16)
                                                         clknet_3_6__leaf_HCLK (net)
                      0.066321    0.005050   10.569962 ^ _171_/CLK (sky130_fd_sc_hd__dfrtp_1)
                                 -0.250000   10.319962   clock uncertainty
                                  0.000000   10.319962   clock reconvergence pessimism
                                 -0.070842   10.249119   library setup time
                                             10.249119   data required time
---------------------------------------------------------------------------------------------
                                             10.249119   data required time
                                             -2.685153   data arrival time
---------------------------------------------------------------------------------------------
                                              7.563966   slack (MET)


Startpoint: HTRANS[1] (input port clocked by HCLK)
Endpoint: _190_ (rising edge-triggered flip-flop clocked by HCLK)
Path Group: HCLK
Path Type: max

Fanout         Cap        Slew       Delay        Time   Description
---------------------------------------------------------------------------------------------
                                  0.000000    0.000000   clock HCLK (rise edge)
                                  0.000000    0.000000   clock network delay (propagated)
                                  2.000000    2.000000 v input external delay
     1    0.002735    0.004637    0.002201    2.002201 v HTRANS[1] (in)
                                                         HTRANS[1] (net)
                      0.004637    0.000000    2.002201 v input35/A (sky130_fd_sc_hd__buf_1)
     2    0.013201    0.055715    0.078138    2.080339 v input35/X (sky130_fd_sc_hd__buf_1)
                                                         net35 (net)
                      0.055724    0.000711    2.081050 v _083_/A (sky130_fd_sc_hd__nand2_1)
     1    0.009568    0.075376    0.078896    2.159946 ^ _083_/Y (sky130_fd_sc_hd__nand2_1)
                                                         _071_ (net)
                      0.075376    0.000172    2.160118 ^ fanout183/A (sky130_fd_sc_hd__buf_8)
     6    0.129027    0.157464    0.148259    2.308377 ^ fanout183/X (sky130_fd_sc_hd__buf_8)
                                                         net183 (net)
                      0.157535    0.003038    2.311414 ^ fanout181/A (sky130_fd_sc_hd__buf_8)
    10    0.119719    0.147352    0.149975    2.461389 ^ fanout181/X (sky130_fd_sc_hd__buf_8)
                                                         net181 (net)
                      0.160266    0.033446    2.494835 ^ _123_/S (sky130_fd_sc_hd__mux2_1)
     1    0.002508    0.036839    0.189977    2.684813 v _123_/X (sky130_fd_sc_hd__mux2_1)
                                                         _039_ (net)
                      0.036839    0.000023    2.684835 v _190_/D (sky130_fd_sc_hd__dfrtp_1)
                                              2.684835   data arrival time

                                 10.000000   10.000000   clock HCLK (rise edge)
                                  0.000000   10.000000   clock source latency
     1    0.055995    0.191291    0.137855   10.137856 ^ HCLK (in)
                                                         HCLK (net)
                      0.192114    0.000000   10.137856 ^ clkbuf_0_HCLK/A (sky130_fd_sc_hd__clkbuf_16)
     5    0.123293    0.107273    0.173709   10.311564 ^ clkbuf_0_HCLK/X (sky130_fd_sc_hd__clkbuf_16)
                                                         clknet_0_HCLK (net)
                      0.108181    0.007892   10.319457 ^ clkbuf_2_3_0_HCLK/A (sky130_fd_sc_hd__clkbuf_8)
     2    0.037478    0.058645    0.125198   10.444654 ^ clkbuf_2_3_0_HCLK/X (sky130_fd_sc_hd__clkbuf_8)
                                                         clknet_2_3_0_HCLK (net)
                      0.058793    0.001902   10.446557 ^ clkbuf_3_6__f_HCLK/A (sky130_fd_sc_hd__clkbuf_16)
     8    0.068452    0.065687    0.118354   10.564911 ^ clkbuf_3_6__f_HCLK/X (sky130_fd_sc_hd__clkbuf_16)
                                                         clknet_3_6__leaf_HCLK (net)
                      0.066271    0.004845   10.569757 ^ _190_/CLK (sky130_fd_sc_hd__dfrtp_1)
                                 -0.250000   10.319756   clock uncertainty
                                  0.000000   10.319756   clock reconvergence pessimism
                                 -0.070872   10.248884   library setup time
                                             10.248884   data required time
---------------------------------------------------------------------------------------------
                                             10.248884   data required time
                                             -2.684835   data arrival time
---------------------------------------------------------------------------------------------
                                              7.564048   slack (MET)


Startpoint: HTRANS[1] (input port clocked by HCLK)
Endpoint: _206_ (rising edge-triggered flip-flop clocked by HCLK)
Path Group: HCLK
Path Type: max

Fanout         Cap        Slew       Delay        Time   Description
---------------------------------------------------------------------------------------------
                                  0.000000    0.000000   clock HCLK (rise edge)
                                  0.000000    0.000000   clock network delay (propagated)
                                  2.000000    2.000000 v input external delay
     1    0.002735    0.004637    0.002201    2.002201 v HTRANS[1] (in)
                                                         HTRANS[1] (net)
                      0.004637    0.000000    2.002201 v input35/A (sky130_fd_sc_hd__buf_1)
     2    0.013201    0.055715    0.078138    2.080339 v input35/X (sky130_fd_sc_hd__buf_1)
                                                         net35 (net)
                      0.055724    0.000711    2.081050 v _083_/A (sky130_fd_sc_hd__nand2_1)
     1    0.009568    0.075376    0.078896    2.159946 ^ _083_/Y (sky130_fd_sc_hd__nand2_1)
                                                         _071_ (net)
                      0.075376    0.000172    2.160118 ^ fanout183/A (sky130_fd_sc_hd__buf_8)
     6    0.129027    0.157464    0.148259    2.308377 ^ fanout183/X (sky130_fd_sc_hd__buf_8)
                                                         net183 (net)
                      0.157535    0.003038    2.311414 ^ fanout181/A (sky130_fd_sc_hd__buf_8)
    10    0.119719    0.147352    0.149975    2.461389 ^ fanout181/X (sky130_fd_sc_hd__buf_8)
                                                         net181 (net)
                      0.160503    0.033761    2.495150 ^ _139_/S (sky130_fd_sc_hd__mux2_1)
     1    0.002405    0.036455    0.189343    2.684494 v _139_/X (sky130_fd_sc_hd__mux2_1)
                                                         _055_ (net)
                      0.036455    0.000021    2.684515 v _206_/D (sky130_fd_sc_hd__dfrtp_1)
                                              2.684515   data arrival time

                                 10.000000   10.000000   clock HCLK (rise edge)
                                  0.000000   10.000000   clock source latency
     1    0.055995    0.191291    0.137855   10.137856 ^ HCLK (in)
                                                         HCLK (net)
                      0.192114    0.000000   10.137856 ^ clkbuf_0_HCLK/A (sky130_fd_sc_hd__clkbuf_16)
     5    0.123293    0.107273    0.173709   10.311564 ^ clkbuf_0_HCLK/X (sky130_fd_sc_hd__clkbuf_16)
                                                         clknet_0_HCLK (net)
                      0.108181    0.007892   10.319457 ^ clkbuf_2_3_0_HCLK/A (sky130_fd_sc_hd__clkbuf_8)
     2    0.037478    0.058645    0.125198   10.444654 ^ clkbuf_2_3_0_HCLK/X (sky130_fd_sc_hd__clkbuf_8)
                                                         clknet_2_3_0_HCLK (net)
                      0.058793    0.001902   10.446557 ^ clkbuf_3_6__f_HCLK/A (sky130_fd_sc_hd__clkbuf_16)
     8    0.068452    0.065687    0.118354   10.564911 ^ clkbuf_3_6__f_HCLK/X (sky130_fd_sc_hd__clkbuf_16)
                                                         clknet_3_6__leaf_HCLK (net)
                      0.066304    0.004982   10.569893 ^ _206_/CLK (sky130_fd_sc_hd__dfrtp_1)
                                 -0.250000   10.319893   clock uncertainty
                                  0.000000   10.319893   clock reconvergence pessimism
                                 -0.070732   10.249161   library setup time
                                             10.249161   data required time
---------------------------------------------------------------------------------------------
                                             10.249161   data required time
                                             -2.684515   data arrival time
---------------------------------------------------------------------------------------------
                                              7.564646   slack (MET)


Startpoint: HTRANS[1] (input port clocked by HCLK)
Endpoint: _199_ (rising edge-triggered flip-flop clocked by HCLK)
Path Group: HCLK
Path Type: max

Fanout         Cap        Slew       Delay        Time   Description
---------------------------------------------------------------------------------------------
                                  0.000000    0.000000   clock HCLK (rise edge)
                                  0.000000    0.000000   clock network delay (propagated)
                                  2.000000    2.000000 v input external delay
     1    0.002735    0.004637    0.002201    2.002201 v HTRANS[1] (in)
                                                         HTRANS[1] (net)
                      0.004637    0.000000    2.002201 v input35/A (sky130_fd_sc_hd__buf_1)
     2    0.013201    0.055715    0.078138    2.080339 v input35/X (sky130_fd_sc_hd__buf_1)
                                                         net35 (net)
                      0.055724    0.000711    2.081050 v _083_/A (sky130_fd_sc_hd__nand2_1)
     1    0.009568    0.075376    0.078896    2.159946 ^ _083_/Y (sky130_fd_sc_hd__nand2_1)
                                                         _071_ (net)
                      0.075376    0.000172    2.160118 ^ fanout183/A (sky130_fd_sc_hd__buf_8)
     6    0.129027    0.157464    0.148259    2.308377 ^ fanout183/X (sky130_fd_sc_hd__buf_8)
                                                         net183 (net)
                      0.157535    0.003038    2.311414 ^ fanout181/A (sky130_fd_sc_hd__buf_8)
    10    0.119719    0.147352    0.149975    2.461389 ^ fanout181/X (sky130_fd_sc_hd__buf_8)
                                                         net181 (net)
                      0.160130    0.033265    2.494654 ^ _132_/S (sky130_fd_sc_hd__mux2_1)
     1    0.002220    0.035771    0.188203    2.682858 v _132_/X (sky130_fd_sc_hd__mux2_1)
                                                         _048_ (net)
                      0.035771    0.000018    2.682876 v _199_/D (sky130_fd_sc_hd__dfrtp_1)
                                              2.682876   data arrival time

                                 10.000000   10.000000   clock HCLK (rise edge)
                                  0.000000   10.000000   clock source latency
     1    0.055995    0.191291    0.137855   10.137856 ^ HCLK (in)
                                                         HCLK (net)
                      0.192114    0.000000   10.137856 ^ clkbuf_0_HCLK/A (sky130_fd_sc_hd__clkbuf_16)
     5    0.123293    0.107273    0.173709   10.311564 ^ clkbuf_0_HCLK/X (sky130_fd_sc_hd__clkbuf_16)
                                                         clknet_0_HCLK (net)
                      0.108181    0.007892   10.319457 ^ clkbuf_2_3_0_HCLK/A (sky130_fd_sc_hd__clkbuf_8)
     2    0.037478    0.058645    0.125198   10.444654 ^ clkbuf_2_3_0_HCLK/X (sky130_fd_sc_hd__clkbuf_8)
                                                         clknet_2_3_0_HCLK (net)
                      0.058793    0.001902   10.446557 ^ clkbuf_3_6__f_HCLK/A (sky130_fd_sc_hd__clkbuf_16)
     8    0.068452    0.065687    0.118354   10.564911 ^ clkbuf_3_6__f_HCLK/X (sky130_fd_sc_hd__clkbuf_16)
                                                         clknet_3_6__leaf_HCLK (net)
                      0.066218    0.004620   10.569531 ^ _199_/CLK (sky130_fd_sc_hd__dfrtp_1)
                                 -0.250000   10.319531   clock uncertainty
                                  0.000000   10.319531   clock reconvergence pessimism
                                 -0.070497   10.249035   library setup time
                                             10.249035   data required time
---------------------------------------------------------------------------------------------
                                             10.249035   data required time
                                             -2.682876   data arrival time
---------------------------------------------------------------------------------------------
                                              7.566159   slack (MET)


Startpoint: HTRANS[1] (input port clocked by HCLK)
Endpoint: _195_ (rising edge-triggered flip-flop clocked by HCLK)
Path Group: HCLK
Path Type: max

Fanout         Cap        Slew       Delay        Time   Description
---------------------------------------------------------------------------------------------
                                  0.000000    0.000000   clock HCLK (rise edge)
                                  0.000000    0.000000   clock network delay (propagated)
                                  2.000000    2.000000 v input external delay
     1    0.002735    0.004637    0.002201    2.002201 v HTRANS[1] (in)
                                                         HTRANS[1] (net)
                      0.004637    0.000000    2.002201 v input35/A (sky130_fd_sc_hd__buf_1)
     2    0.013201    0.055715    0.078138    2.080339 v input35/X (sky130_fd_sc_hd__buf_1)
                                                         net35 (net)
                      0.055724    0.000711    2.081050 v _083_/A (sky130_fd_sc_hd__nand2_1)
     1    0.009568    0.075376    0.078896    2.159946 ^ _083_/Y (sky130_fd_sc_hd__nand2_1)
                                                         _071_ (net)
                      0.075376    0.000172    2.160118 ^ fanout183/A (sky130_fd_sc_hd__buf_8)
     6    0.129027    0.157464    0.148259    2.308377 ^ fanout183/X (sky130_fd_sc_hd__buf_8)
                                                         net183 (net)
                      0.165281    0.026769    2.335146 ^ fanout178/A (sky130_fd_sc_hd__buf_8)
     5    0.115346    0.143556    0.156073    2.491219 ^ fanout178/X (sky130_fd_sc_hd__buf_8)
                                                         net178 (net)
                      0.143557    0.000361    2.491580 ^ _128_/S (sky130_fd_sc_hd__mux2_1)
     1    0.002334    0.036219    0.188709    2.680289 v _128_/X (sky130_fd_sc_hd__mux2_1)
                                                         _044_ (net)
                      0.036219    0.000020    2.680309 v _195_/D (sky130_fd_sc_hd__dfrtp_4)
                                              2.680309   data arrival time

                                 10.000000   10.000000   clock HCLK (rise edge)
                                  0.000000   10.000000   clock source latency
     1    0.055995    0.191291    0.137855   10.137856 ^ HCLK (in)
                                                         HCLK (net)
                      0.192114    0.000000   10.137856 ^ clkbuf_0_HCLK/A (sky130_fd_sc_hd__clkbuf_16)
     5    0.123293    0.107273    0.173709   10.311564 ^ clkbuf_0_HCLK/X (sky130_fd_sc_hd__clkbuf_16)
                                                         clknet_0_HCLK (net)
                      0.108181    0.007892   10.319457 ^ clkbuf_2_3_0_HCLK/A (sky130_fd_sc_hd__clkbuf_8)
     2    0.037478    0.058645    0.125198   10.444654 ^ clkbuf_2_3_0_HCLK/X (sky130_fd_sc_hd__clkbuf_8)
                                                         clknet_2_3_0_HCLK (net)
                      0.058793    0.001902   10.446557 ^ clkbuf_3_6__f_HCLK/A (sky130_fd_sc_hd__clkbuf_16)
     8    0.068452    0.065687    0.118354   10.564911 ^ clkbuf_3_6__f_HCLK/X (sky130_fd_sc_hd__clkbuf_16)
                                                         clknet_3_6__leaf_HCLK (net)
                      0.066631    0.006187   10.571098 ^ _195_/CLK (sky130_fd_sc_hd__dfrtp_4)
                                 -0.250000   10.321098   clock uncertainty
                                  0.000000   10.321098   clock reconvergence pessimism
                                 -0.070750   10.250347   library setup time
                                             10.250347   data required time
---------------------------------------------------------------------------------------------
                                             10.250347   data required time
                                             -2.680309   data arrival time
---------------------------------------------------------------------------------------------
                                              7.570038   slack (MET)


Startpoint: HTRANS[1] (input port clocked by HCLK)
Endpoint: _155_ (rising edge-triggered flip-flop clocked by HCLK)
Path Group: HCLK
Path Type: max

Fanout         Cap        Slew       Delay        Time   Description
---------------------------------------------------------------------------------------------
                                  0.000000    0.000000   clock HCLK (rise edge)
                                  0.000000    0.000000   clock network delay (propagated)
                                  2.000000    2.000000 v input external delay
     1    0.002735    0.004637    0.002201    2.002201 v HTRANS[1] (in)
                                                         HTRANS[1] (net)
                      0.004637    0.000000    2.002201 v input35/A (sky130_fd_sc_hd__buf_1)
     2    0.013201    0.055715    0.078138    2.080339 v input35/X (sky130_fd_sc_hd__buf_1)
                                                         net35 (net)
                      0.055724    0.000711    2.081050 v _083_/A (sky130_fd_sc_hd__nand2_1)
     1    0.009568    0.075376    0.078896    2.159946 ^ _083_/Y (sky130_fd_sc_hd__nand2_1)
                                                         _071_ (net)
                      0.075376    0.000172    2.160118 ^ fanout183/A (sky130_fd_sc_hd__buf_8)
     6    0.129027    0.157464    0.148259    2.308377 ^ fanout183/X (sky130_fd_sc_hd__buf_8)
                                                         net183 (net)
                      0.157535    0.003038    2.311414 ^ fanout181/A (sky130_fd_sc_hd__buf_8)
    10    0.119719    0.147352    0.149975    2.461389 ^ fanout181/X (sky130_fd_sc_hd__buf_8)
                                                         net181 (net)
                      0.147385    0.000674    2.462063 ^ _088_/S (sky130_fd_sc_hd__mux2_1)
     1    0.002444    0.036621    0.189433    2.651497 v _088_/X (sky130_fd_sc_hd__mux2_1)
                                                         _004_ (net)
                      0.036621    0.000022    2.651518 v _155_/D (sky130_fd_sc_hd__dfrtp_1)
                                              2.651518   data arrival time

                                 10.000000   10.000000   clock HCLK (rise edge)
                                  0.000000   10.000000   clock source latency
     1    0.055995    0.191291    0.137855   10.137856 ^ HCLK (in)
                                                         HCLK (net)
                      0.192114    0.000000   10.137856 ^ clkbuf_0_HCLK/A (sky130_fd_sc_hd__clkbuf_16)
     5    0.123293    0.107273    0.173709   10.311564 ^ clkbuf_0_HCLK/X (sky130_fd_sc_hd__clkbuf_16)
                                                         clknet_0_HCLK (net)
                      0.108206    0.007999   10.319563 ^ clkbuf_2_2_0_HCLK/A (sky130_fd_sc_hd__clkbuf_8)
     2    0.034011    0.054612    0.121526   10.441090 ^ clkbuf_2_2_0_HCLK/X (sky130_fd_sc_hd__clkbuf_8)
                                                         clknet_2_2_0_HCLK (net)
                      0.054828    0.002355   10.443444 ^ clkbuf_3_4__f_HCLK/A (sky130_fd_sc_hd__clkbuf_16)
    11    0.038066    0.043854    0.102781   10.546226 ^ clkbuf_3_4__f_HCLK/X (sky130_fd_sc_hd__clkbuf_16)
                                                         clknet_3_4__leaf_HCLK (net)
                      0.043854    0.000192   10.546417 ^ _155_/CLK (sky130_fd_sc_hd__dfrtp_1)
                                 -0.250000   10.296417   clock uncertainty
                                  0.000000   10.296417   clock reconvergence pessimism
                                 -0.072954   10.223464   library setup time
                                             10.223464   data required time
---------------------------------------------------------------------------------------------
                                             10.223464   data required time
                                             -2.651518   data arrival time
---------------------------------------------------------------------------------------------
                                              7.571946   slack (MET)


Startpoint: HTRANS[1] (input port clocked by HCLK)
Endpoint: _193_ (rising edge-triggered flip-flop clocked by HCLK)
Path Group: HCLK
Path Type: max

Fanout         Cap        Slew       Delay        Time   Description
---------------------------------------------------------------------------------------------
                                  0.000000    0.000000   clock HCLK (rise edge)
                                  0.000000    0.000000   clock network delay (propagated)
                                  2.000000    2.000000 v input external delay
     1    0.002735    0.004637    0.002201    2.002201 v HTRANS[1] (in)
                                                         HTRANS[1] (net)
                      0.004637    0.000000    2.002201 v input35/A (sky130_fd_sc_hd__buf_1)
     2    0.013201    0.055715    0.078138    2.080339 v input35/X (sky130_fd_sc_hd__buf_1)
                                                         net35 (net)
                      0.055724    0.000711    2.081050 v _083_/A (sky130_fd_sc_hd__nand2_1)
     1    0.009568    0.075376    0.078896    2.159946 ^ _083_/Y (sky130_fd_sc_hd__nand2_1)
                                                         _071_ (net)
                      0.075376    0.000172    2.160118 ^ fanout183/A (sky130_fd_sc_hd__buf_8)
     6    0.129027    0.157464    0.148259    2.308377 ^ fanout183/X (sky130_fd_sc_hd__buf_8)
                                                         net183 (net)
                      0.157535    0.003038    2.311414 ^ fanout181/A (sky130_fd_sc_hd__buf_8)
    10    0.119719    0.147352    0.149975    2.461389 ^ fanout181/X (sky130_fd_sc_hd__buf_8)
                                                         net181 (net)
                      0.147383    0.000445    2.461835 ^ _126_/S (sky130_fd_sc_hd__mux2_1)
     1    0.002370    0.036347    0.188977    2.650812 v _126_/X (sky130_fd_sc_hd__mux2_1)
                                                         _042_ (net)
                      0.036347    0.000020    2.650832 v _193_/D (sky130_fd_sc_hd__dfrtp_1)
                                              2.650832   data arrival time

                                 10.000000   10.000000   clock HCLK (rise edge)
                                  0.000000   10.000000   clock source latency
     1    0.055995    0.191291    0.137855   10.137856 ^ HCLK (in)
                                                         HCLK (net)
                      0.192114    0.000000   10.137856 ^ clkbuf_0_HCLK/A (sky130_fd_sc_hd__clkbuf_16)
     5    0.123293    0.107273    0.173709   10.311564 ^ clkbuf_0_HCLK/X (sky130_fd_sc_hd__clkbuf_16)
                                                         clknet_0_HCLK (net)
                      0.108206    0.007999   10.319563 ^ clkbuf_2_2_0_HCLK/A (sky130_fd_sc_hd__clkbuf_8)
     2    0.034011    0.054612    0.121526   10.441090 ^ clkbuf_2_2_0_HCLK/X (sky130_fd_sc_hd__clkbuf_8)
                                                         clknet_2_2_0_HCLK (net)
                      0.054828    0.002355   10.443444 ^ clkbuf_3_4__f_HCLK/A (sky130_fd_sc_hd__clkbuf_16)
    11    0.038066    0.043854    0.102781   10.546226 ^ clkbuf_3_4__f_HCLK/X (sky130_fd_sc_hd__clkbuf_16)
                                                         clknet_3_4__leaf_HCLK (net)
                      0.043860    0.000449   10.546675 ^ _193_/CLK (sky130_fd_sc_hd__dfrtp_1)
                                 -0.250000   10.296675   clock uncertainty
                                  0.000000   10.296675   clock reconvergence pessimism
                                 -0.072855   10.223820   library setup time
                                             10.223820   data required time
---------------------------------------------------------------------------------------------
                                             10.223820   data required time
                                             -2.650832   data arrival time
---------------------------------------------------------------------------------------------
                                              7.572987   slack (MET)


Startpoint: HRESETn (input port clocked by HCLK)
Endpoint: _158_ (recovery check against rising-edge clock HCLK)
Path Group: asynchronous
Path Type: max

Fanout         Cap        Slew       Delay        Time   Description
---------------------------------------------------------------------------------------------
                                  0.000000    0.000000   clock HCLK (rise edge)
                                  0.000000    0.000000   clock network delay (propagated)
                                  2.000000    2.000000 ^ input external delay
     1    0.002959    0.014484    0.007637    2.007637 ^ HRESETn (in)
                                                         HRESETn (net)
                      0.014484    0.000000    2.007637 ^ input34/A (sky130_fd_sc_hd__buf_1)
     1    0.010831    0.099617    0.094873    2.102510 ^ input34/X (sky130_fd_sc_hd__buf_1)
                                                         net34 (net)
                      0.099618    0.000275    2.102786 ^ fanout192/A (sky130_fd_sc_hd__buf_8)
     6    0.126081    0.154012    0.147687    2.250473 ^ fanout192/X (sky130_fd_sc_hd__buf_8)
                                                         net192 (net)
                      0.162100    0.026859    2.277332 ^ fanout187/A (sky130_fd_sc_hd__buf_8)
     6    0.140986    0.173558    0.169910    2.447242 ^ fanout187/X (sky130_fd_sc_hd__buf_8)
                                                         net187 (net)
                      0.179484    0.025222    2.472465 ^ fanout185/A (sky130_fd_sc_hd__buf_8)
    11    0.126658    0.156091    0.158483    2.630948 ^ fanout185/X (sky130_fd_sc_hd__buf_8)
                                                         net185 (net)
                      0.167680    0.032973    2.663920 ^ fanout184/A (sky130_fd_sc_hd__clkbuf_4)
    10    0.045083    0.108313    0.175558    2.839478 ^ fanout184/X (sky130_fd_sc_hd__clkbuf_4)
                                                         net184 (net)
                      0.108327    0.001281    2.840760 ^ _158_/RESET_B (sky130_fd_sc_hd__dfrtp_1)
                                              2.840760   data arrival time

                                 10.000000   10.000000   clock HCLK (rise edge)
                                  0.000000   10.000000   clock source latency
     1    0.055995    0.191291    0.137855   10.137856 ^ HCLK (in)
                                                         HCLK (net)
                      0.192114    0.000000   10.137856 ^ clkbuf_0_HCLK/A (sky130_fd_sc_hd__clkbuf_16)
     5    0.123293    0.107273    0.173709   10.311564 ^ clkbuf_0_HCLK/X (sky130_fd_sc_hd__clkbuf_16)
                                                         clknet_0_HCLK (net)
                      0.108547    0.009308   10.320872 ^ clkbuf_2_1_0_HCLK/A (sky130_fd_sc_hd__clkbuf_8)
     2    0.035398    0.056328    0.122621   10.443494 ^ clkbuf_2_1_0_HCLK/X (sky130_fd_sc_hd__clkbuf_8)
                                                         clknet_2_1_0_HCLK (net)
                      0.056586    0.002984   10.446478 ^ clkbuf_3_3__f_HCLK/A (sky130_fd_sc_hd__clkbuf_16)
    10    0.027240    0.036222    0.096776   10.543254 ^ clkbuf_3_3__f_HCLK/X (sky130_fd_sc_hd__clkbuf_16)
                                                         clknet_3_3__leaf_HCLK (net)
                      0.036223    0.000270   10.543524 ^ _158_/CLK (sky130_fd_sc_hd__dfrtp_1)
                                 -0.250000   10.293524   clock uncertainty
                                  0.000000   10.293524   clock reconvergence pessimism
                                  0.129997   10.423520   library recovery time
                                             10.423520   data required time
---------------------------------------------------------------------------------------------
                                             10.423520   data required time
                                             -2.840760   data arrival time
---------------------------------------------------------------------------------------------
                                              7.582760   slack (MET)


Startpoint: HRESETn (input port clocked by HCLK)
Endpoint: _201_ (recovery check against rising-edge clock HCLK)
Path Group: asynchronous
Path Type: max

Fanout         Cap        Slew       Delay        Time   Description
---------------------------------------------------------------------------------------------
                                  0.000000    0.000000   clock HCLK (rise edge)
                                  0.000000    0.000000   clock network delay (propagated)
                                  2.000000    2.000000 ^ input external delay
     1    0.002959    0.014484    0.007637    2.007637 ^ HRESETn (in)
                                                         HRESETn (net)
                      0.014484    0.000000    2.007637 ^ input34/A (sky130_fd_sc_hd__buf_1)
     1    0.010831    0.099617    0.094873    2.102510 ^ input34/X (sky130_fd_sc_hd__buf_1)
                                                         net34 (net)
                      0.099618    0.000275    2.102786 ^ fanout192/A (sky130_fd_sc_hd__buf_8)
     6    0.126081    0.154012    0.147687    2.250473 ^ fanout192/X (sky130_fd_sc_hd__buf_8)
                                                         net192 (net)
                      0.162100    0.026859    2.277332 ^ fanout187/A (sky130_fd_sc_hd__buf_8)
     6    0.140986    0.173558    0.169910    2.447242 ^ fanout187/X (sky130_fd_sc_hd__buf_8)
                                                         net187 (net)
                      0.179484    0.025222    2.472465 ^ fanout185/A (sky130_fd_sc_hd__buf_8)
    11    0.126658    0.156091    0.158483    2.630948 ^ fanout185/X (sky130_fd_sc_hd__buf_8)
                                                         net185 (net)
                      0.167680    0.032973    2.663920 ^ fanout184/A (sky130_fd_sc_hd__clkbuf_4)
    10    0.045083    0.108313    0.175558    2.839478 ^ fanout184/X (sky130_fd_sc_hd__clkbuf_4)
                                                         net184 (net)
                      0.108323    0.001138    2.840617 ^ _201_/RESET_B (sky130_fd_sc_hd__dfrtp_1)
                                              2.840617   data arrival time

                                 10.000000   10.000000   clock HCLK (rise edge)
                                  0.000000   10.000000   clock source latency
     1    0.055995    0.191291    0.137855   10.137856 ^ HCLK (in)
                                                         HCLK (net)
                      0.192114    0.000000   10.137856 ^ clkbuf_0_HCLK/A (sky130_fd_sc_hd__clkbuf_16)
     5    0.123293    0.107273    0.173709   10.311564 ^ clkbuf_0_HCLK/X (sky130_fd_sc_hd__clkbuf_16)
                                                         clknet_0_HCLK (net)
                      0.108547    0.009308   10.320872 ^ clkbuf_2_1_0_HCLK/A (sky130_fd_sc_hd__clkbuf_8)
     2    0.035398    0.056328    0.122621   10.443494 ^ clkbuf_2_1_0_HCLK/X (sky130_fd_sc_hd__clkbuf_8)
                                                         clknet_2_1_0_HCLK (net)
                      0.056586    0.002984   10.446478 ^ clkbuf_3_3__f_HCLK/A (sky130_fd_sc_hd__clkbuf_16)
    10    0.027240    0.036222    0.096776   10.543254 ^ clkbuf_3_3__f_HCLK/X (sky130_fd_sc_hd__clkbuf_16)
                                                         clknet_3_3__leaf_HCLK (net)
                      0.036223    0.000253   10.543507 ^ _201_/CLK (sky130_fd_sc_hd__dfrtp_1)
                                 -0.250000   10.293507   clock uncertainty
                                  0.000000   10.293507   clock reconvergence pessimism
                                  0.129997   10.423504   library recovery time
                                             10.423504   data required time
---------------------------------------------------------------------------------------------
                                             10.423504   data required time
                                             -2.840617   data arrival time
---------------------------------------------------------------------------------------------
                                              7.582888   slack (MET)


Startpoint: HRESETn (input port clocked by HCLK)
Endpoint: _179_ (recovery check against rising-edge clock HCLK)
Path Group: asynchronous
Path Type: max

Fanout         Cap        Slew       Delay        Time   Description
---------------------------------------------------------------------------------------------
                                  0.000000    0.000000   clock HCLK (rise edge)
                                  0.000000    0.000000   clock network delay (propagated)
                                  2.000000    2.000000 ^ input external delay
     1    0.002959    0.014484    0.007637    2.007637 ^ HRESETn (in)
                                                         HRESETn (net)
                      0.014484    0.000000    2.007637 ^ input34/A (sky130_fd_sc_hd__buf_1)
     1    0.010831    0.099617    0.094873    2.102510 ^ input34/X (sky130_fd_sc_hd__buf_1)
                                                         net34 (net)
                      0.099618    0.000275    2.102786 ^ fanout192/A (sky130_fd_sc_hd__buf_8)
     6    0.126081    0.154012    0.147687    2.250473 ^ fanout192/X (sky130_fd_sc_hd__buf_8)
                                                         net192 (net)
                      0.162100    0.026859    2.277332 ^ fanout187/A (sky130_fd_sc_hd__buf_8)
     6    0.140986    0.173558    0.169910    2.447242 ^ fanout187/X (sky130_fd_sc_hd__buf_8)
                                                         net187 (net)
                      0.179484    0.025222    2.472465 ^ fanout185/A (sky130_fd_sc_hd__buf_8)
    11    0.126658    0.156091    0.158483    2.630948 ^ fanout185/X (sky130_fd_sc_hd__buf_8)
                                                         net185 (net)
                      0.167680    0.032973    2.663920 ^ fanout184/A (sky130_fd_sc_hd__clkbuf_4)
    10    0.045083    0.108313    0.175558    2.839478 ^ fanout184/X (sky130_fd_sc_hd__clkbuf_4)
                                                         net184 (net)
                      0.108320    0.000980    2.840458 ^ _179_/RESET_B (sky130_fd_sc_hd__dfrtp_1)
                                              2.840458   data arrival time

                                 10.000000   10.000000   clock HCLK (rise edge)
                                  0.000000   10.000000   clock source latency
     1    0.055995    0.191291    0.137855   10.137856 ^ HCLK (in)
                                                         HCLK (net)
                      0.192114    0.000000   10.137856 ^ clkbuf_0_HCLK/A (sky130_fd_sc_hd__clkbuf_16)
     5    0.123293    0.107273    0.173709   10.311564 ^ clkbuf_0_HCLK/X (sky130_fd_sc_hd__clkbuf_16)
                                                         clknet_0_HCLK (net)
                      0.108547    0.009308   10.320872 ^ clkbuf_2_1_0_HCLK/A (sky130_fd_sc_hd__clkbuf_8)
     2    0.035398    0.056328    0.122621   10.443494 ^ clkbuf_2_1_0_HCLK/X (sky130_fd_sc_hd__clkbuf_8)
                                                         clknet_2_1_0_HCLK (net)
                      0.056586    0.002984   10.446478 ^ clkbuf_3_3__f_HCLK/A (sky130_fd_sc_hd__clkbuf_16)
    10    0.027240    0.036222    0.096776   10.543254 ^ clkbuf_3_3__f_HCLK/X (sky130_fd_sc_hd__clkbuf_16)
                                                         clknet_3_3__leaf_HCLK (net)
                      0.036223    0.000218   10.543471 ^ _179_/CLK (sky130_fd_sc_hd__dfrtp_1)
                                 -0.250000   10.293471   clock uncertainty
                                  0.000000   10.293471   clock reconvergence pessimism
                                  0.129998   10.423469   library recovery time
                                             10.423469   data required time
---------------------------------------------------------------------------------------------
                                             10.423469   data required time
                                             -2.840458   data arrival time
---------------------------------------------------------------------------------------------
                                              7.583010   slack (MET)


Startpoint: HRESETn (input port clocked by HCLK)
Endpoint: _210_ (recovery check against rising-edge clock HCLK)
Path Group: asynchronous
Path Type: max

Fanout         Cap        Slew       Delay        Time   Description
---------------------------------------------------------------------------------------------
                                  0.000000    0.000000   clock HCLK (rise edge)
                                  0.000000    0.000000   clock network delay (propagated)
                                  2.000000    2.000000 ^ input external delay
     1    0.002959    0.014484    0.007637    2.007637 ^ HRESETn (in)
                                                         HRESETn (net)
                      0.014484    0.000000    2.007637 ^ input34/A (sky130_fd_sc_hd__buf_1)
     1    0.010831    0.099617    0.094873    2.102510 ^ input34/X (sky130_fd_sc_hd__buf_1)
                                                         net34 (net)
                      0.099618    0.000275    2.102786 ^ fanout192/A (sky130_fd_sc_hd__buf_8)
     6    0.126081    0.154012    0.147687    2.250473 ^ fanout192/X (sky130_fd_sc_hd__buf_8)
                                                         net192 (net)
                      0.162100    0.026859    2.277332 ^ fanout187/A (sky130_fd_sc_hd__buf_8)
     6    0.140986    0.173558    0.169910    2.447242 ^ fanout187/X (sky130_fd_sc_hd__buf_8)
                                                         net187 (net)
                      0.179484    0.025222    2.472465 ^ fanout185/A (sky130_fd_sc_hd__buf_8)
    11    0.126658    0.156091    0.158483    2.630948 ^ fanout185/X (sky130_fd_sc_hd__buf_8)
                                                         net185 (net)
                      0.167680    0.032973    2.663920 ^ fanout184/A (sky130_fd_sc_hd__clkbuf_4)
    10    0.045083    0.108313    0.175558    2.839478 ^ fanout184/X (sky130_fd_sc_hd__clkbuf_4)
                                                         net184 (net)
                      0.108315    0.000683    2.840162 ^ _210_/RESET_B (sky130_fd_sc_hd__dfrtp_1)
                                              2.840162   data arrival time

                                 10.000000   10.000000   clock HCLK (rise edge)
                                  0.000000   10.000000   clock source latency
     1    0.055995    0.191291    0.137855   10.137856 ^ HCLK (in)
                                                         HCLK (net)
                      0.192114    0.000000   10.137856 ^ clkbuf_0_HCLK/A (sky130_fd_sc_hd__clkbuf_16)
     5    0.123293    0.107273    0.173709   10.311564 ^ clkbuf_0_HCLK/X (sky130_fd_sc_hd__clkbuf_16)
                                                         clknet_0_HCLK (net)
                      0.108547    0.009308   10.320872 ^ clkbuf_2_1_0_HCLK/A (sky130_fd_sc_hd__clkbuf_8)
     2    0.035398    0.056328    0.122621   10.443494 ^ clkbuf_2_1_0_HCLK/X (sky130_fd_sc_hd__clkbuf_8)
                                                         clknet_2_1_0_HCLK (net)
                      0.056586    0.002984   10.446478 ^ clkbuf_3_3__f_HCLK/A (sky130_fd_sc_hd__clkbuf_16)
    10    0.027240    0.036222    0.096776   10.543254 ^ clkbuf_3_3__f_HCLK/X (sky130_fd_sc_hd__clkbuf_16)
                                                         clknet_3_3__leaf_HCLK (net)
                      0.036222    0.000138   10.543391 ^ _210_/CLK (sky130_fd_sc_hd__dfrtp_1)
                                 -0.250000   10.293391   clock uncertainty
                                  0.000000   10.293391   clock reconvergence pessimism
                                  0.129999   10.423389   library recovery time
                                             10.423389   data required time
---------------------------------------------------------------------------------------------
                                             10.423389   data required time
                                             -2.840162   data arrival time
---------------------------------------------------------------------------------------------
                                              7.583228   slack (MET)


Startpoint: HRESETn (input port clocked by HCLK)
Endpoint: _205_ (recovery check against rising-edge clock HCLK)
Path Group: asynchronous
Path Type: max

Fanout         Cap        Slew       Delay        Time   Description
---------------------------------------------------------------------------------------------
                                  0.000000    0.000000   clock HCLK (rise edge)
                                  0.000000    0.000000   clock network delay (propagated)
                                  2.000000    2.000000 ^ input external delay
     1    0.002959    0.014484    0.007637    2.007637 ^ HRESETn (in)
                                                         HRESETn (net)
                      0.014484    0.000000    2.007637 ^ input34/A (sky130_fd_sc_hd__buf_1)
     1    0.010831    0.099617    0.094873    2.102510 ^ input34/X (sky130_fd_sc_hd__buf_1)
                                                         net34 (net)
                      0.099618    0.000275    2.102786 ^ fanout192/A (sky130_fd_sc_hd__buf_8)
     6    0.126081    0.154012    0.147687    2.250473 ^ fanout192/X (sky130_fd_sc_hd__buf_8)
                                                         net192 (net)
                      0.162100    0.026859    2.277332 ^ fanout187/A (sky130_fd_sc_hd__buf_8)
     6    0.140986    0.173558    0.169910    2.447242 ^ fanout187/X (sky130_fd_sc_hd__buf_8)
                                                         net187 (net)
                      0.179484    0.025222    2.472465 ^ fanout185/A (sky130_fd_sc_hd__buf_8)
    11    0.126658    0.156091    0.158483    2.630948 ^ fanout185/X (sky130_fd_sc_hd__buf_8)
                                                         net185 (net)
                      0.167680    0.032973    2.663920 ^ fanout184/A (sky130_fd_sc_hd__clkbuf_4)
    10    0.045083    0.108313    0.175558    2.839478 ^ fanout184/X (sky130_fd_sc_hd__clkbuf_4)
                                                         net184 (net)
                      0.108313    0.000532    2.840010 ^ _205_/RESET_B (sky130_fd_sc_hd__dfrtp_1)
                                              2.840010   data arrival time

                                 10.000000   10.000000   clock HCLK (rise edge)
                                  0.000000   10.000000   clock source latency
     1    0.055995    0.191291    0.137855   10.137856 ^ HCLK (in)
                                                         HCLK (net)
                      0.192114    0.000000   10.137856 ^ clkbuf_0_HCLK/A (sky130_fd_sc_hd__clkbuf_16)
     5    0.123293    0.107273    0.173709   10.311564 ^ clkbuf_0_HCLK/X (sky130_fd_sc_hd__clkbuf_16)
                                                         clknet_0_HCLK (net)
                      0.108547    0.009308   10.320872 ^ clkbuf_2_1_0_HCLK/A (sky130_fd_sc_hd__clkbuf_8)
     2    0.035398    0.056328    0.122621   10.443494 ^ clkbuf_2_1_0_HCLK/X (sky130_fd_sc_hd__clkbuf_8)
                                                         clknet_2_1_0_HCLK (net)
                      0.056586    0.002984   10.446478 ^ clkbuf_3_3__f_HCLK/A (sky130_fd_sc_hd__clkbuf_16)
    10    0.027240    0.036222    0.096776   10.543254 ^ clkbuf_3_3__f_HCLK/X (sky130_fd_sc_hd__clkbuf_16)
                                                         clknet_3_3__leaf_HCLK (net)
                      0.036222    0.000131   10.543385 ^ _205_/CLK (sky130_fd_sc_hd__dfrtp_1)
                                 -0.250000   10.293385   clock uncertainty
                                  0.000000   10.293385   clock reconvergence pessimism
                                  0.129999   10.423384   library recovery time
                                             10.423384   data required time
---------------------------------------------------------------------------------------------
                                             10.423384   data required time
                                             -2.840010   data arrival time
---------------------------------------------------------------------------------------------
                                              7.583373   slack (MET)


Startpoint: HRESETn (input port clocked by HCLK)
Endpoint: _151_ (recovery check against rising-edge clock HCLK)
Path Group: asynchronous
Path Type: max

Fanout         Cap        Slew       Delay        Time   Description
---------------------------------------------------------------------------------------------
                                  0.000000    0.000000   clock HCLK (rise edge)
                                  0.000000    0.000000   clock network delay (propagated)
                                  2.000000    2.000000 ^ input external delay
     1    0.002959    0.014484    0.007637    2.007637 ^ HRESETn (in)
                                                         HRESETn (net)
                      0.014484    0.000000    2.007637 ^ input34/A (sky130_fd_sc_hd__buf_1)
     1    0.010831    0.099617    0.094873    2.102510 ^ input34/X (sky130_fd_sc_hd__buf_1)
                                                         net34 (net)
                      0.099618    0.000275    2.102786 ^ fanout192/A (sky130_fd_sc_hd__buf_8)
     6    0.126081    0.154012    0.147687    2.250473 ^ fanout192/X (sky130_fd_sc_hd__buf_8)
                                                         net192 (net)
                      0.162100    0.026859    2.277332 ^ fanout187/A (sky130_fd_sc_hd__buf_8)
     6    0.140986    0.173558    0.169910    2.447242 ^ fanout187/X (sky130_fd_sc_hd__buf_8)
                                                         net187 (net)
                      0.179484    0.025222    2.472465 ^ fanout185/A (sky130_fd_sc_hd__buf_8)
    11    0.126658    0.156091    0.158483    2.630948 ^ fanout185/X (sky130_fd_sc_hd__buf_8)
                                                         net185 (net)
                      0.167680    0.032973    2.663920 ^ fanout184/A (sky130_fd_sc_hd__clkbuf_4)
    10    0.045083    0.108313    0.175558    2.839478 ^ fanout184/X (sky130_fd_sc_hd__clkbuf_4)
                                                         net184 (net)
                      0.108313    0.000267    2.839746 ^ _151_/RESET_B (sky130_fd_sc_hd__dfrtp_1)
                                              2.839746   data arrival time

                                 10.000000   10.000000   clock HCLK (rise edge)
                                  0.000000   10.000000   clock source latency
     1    0.055995    0.191291    0.137855   10.137856 ^ HCLK (in)
                                                         HCLK (net)
                      0.192114    0.000000   10.137856 ^ clkbuf_0_HCLK/A (sky130_fd_sc_hd__clkbuf_16)
     5    0.123293    0.107273    0.173709   10.311564 ^ clkbuf_0_HCLK/X (sky130_fd_sc_hd__clkbuf_16)
                                                         clknet_0_HCLK (net)
                      0.108547    0.009308   10.320872 ^ clkbuf_2_1_0_HCLK/A (sky130_fd_sc_hd__clkbuf_8)
     2    0.035398    0.056328    0.122621   10.443494 ^ clkbuf_2_1_0_HCLK/X (sky130_fd_sc_hd__clkbuf_8)
                                                         clknet_2_1_0_HCLK (net)
                      0.056586    0.002984   10.446478 ^ clkbuf_3_3__f_HCLK/A (sky130_fd_sc_hd__clkbuf_16)
    10    0.027240    0.036222    0.096776   10.543254 ^ clkbuf_3_3__f_HCLK/X (sky130_fd_sc_hd__clkbuf_16)
                                                         clknet_3_3__leaf_HCLK (net)
                      0.036222    0.000201   10.543454 ^ _151_/CLK (sky130_fd_sc_hd__dfrtp_1)
                                 -0.250000   10.293454   clock uncertainty
                                  0.000000   10.293454   clock reconvergence pessimism
                                  0.129999   10.423453   library recovery time
                                             10.423453   data required time
---------------------------------------------------------------------------------------------
                                             10.423453   data required time
                                             -2.839746   data arrival time
---------------------------------------------------------------------------------------------
                                              7.583708   slack (MET)


Startpoint: HTRANS[1] (input port clocked by HCLK)
Endpoint: _215_ (rising edge-triggered flip-flop clocked by HCLK)
Path Group: HCLK
Path Type: max

Fanout         Cap        Slew       Delay        Time   Description
---------------------------------------------------------------------------------------------
                                  0.000000    0.000000   clock HCLK (rise edge)
                                  0.000000    0.000000   clock network delay (propagated)
                                  2.000000    2.000000 v input external delay
     1    0.002735    0.004637    0.002201    2.002201 v HTRANS[1] (in)
                                                         HTRANS[1] (net)
                      0.004637    0.000000    2.002201 v input35/A (sky130_fd_sc_hd__buf_1)
     2    0.013201    0.055715    0.078138    2.080339 v input35/X (sky130_fd_sc_hd__buf_1)
                                                         net35 (net)
                      0.055724    0.000711    2.081050 v _083_/A (sky130_fd_sc_hd__nand2_1)
     1    0.009568    0.075376    0.078896    2.159946 ^ _083_/Y (sky130_fd_sc_hd__nand2_1)
                                                         _071_ (net)
                      0.075376    0.000172    2.160118 ^ fanout183/A (sky130_fd_sc_hd__buf_8)
     6    0.129027    0.157464    0.148259    2.308377 ^ fanout183/X (sky130_fd_sc_hd__buf_8)
                                                         net183 (net)
                      0.157535    0.003038    2.311414 ^ fanout181/A (sky130_fd_sc_hd__buf_8)
    10    0.119719    0.147352    0.149975    2.461389 ^ fanout181/X (sky130_fd_sc_hd__buf_8)
                                                         net181 (net)
                      0.147383    0.000331    2.461720 ^ _148_/S (sky130_fd_sc_hd__mux2_1)
     1    0.002613    0.037247    0.190473    2.652193 v _148_/X (sky130_fd_sc_hd__mux2_1)
                                                         _064_ (net)
                      0.037247    0.000025    2.652218 v _215_/D (sky130_fd_sc_hd__dfrtp_1)
                                              2.652218   data arrival time

                                 10.000000   10.000000   clock HCLK (rise edge)
                                  0.000000   10.000000   clock source latency
     1    0.055995    0.191291    0.137855   10.137856 ^ HCLK (in)
                                                         HCLK (net)
                      0.192114    0.000000   10.137856 ^ clkbuf_0_HCLK/A (sky130_fd_sc_hd__clkbuf_16)
     5    0.123293    0.107273    0.173709   10.311564 ^ clkbuf_0_HCLK/X (sky130_fd_sc_hd__clkbuf_16)
                                                         clknet_0_HCLK (net)
                      0.108181    0.007892   10.319457 ^ clkbuf_2_3_0_HCLK/A (sky130_fd_sc_hd__clkbuf_8)
     2    0.037478    0.058645    0.125198   10.444654 ^ clkbuf_2_3_0_HCLK/X (sky130_fd_sc_hd__clkbuf_8)
                                                         clknet_2_3_0_HCLK (net)
                      0.058706    0.000713   10.445368 ^ clkbuf_3_7__f_HCLK/A (sky130_fd_sc_hd__clkbuf_16)
     7    0.047439    0.050226    0.107485   10.552853 ^ clkbuf_3_7__f_HCLK/X (sky130_fd_sc_hd__clkbuf_16)
                                                         clknet_3_7__leaf_HCLK (net)
                      0.051271    0.005588   10.558440 ^ _215_/CLK (sky130_fd_sc_hd__dfrtp_1)
                                 -0.250000   10.308440   clock uncertainty
                                  0.000000   10.308440   clock reconvergence pessimism
                                 -0.072463   10.235978   library setup time
                                             10.235978   data required time
---------------------------------------------------------------------------------------------
                                             10.235978   data required time
                                             -2.652218   data arrival time
---------------------------------------------------------------------------------------------
                                              7.583760   slack (MET)


Startpoint: HRESETn (input port clocked by HCLK)
Endpoint: _214_ (recovery check against rising-edge clock HCLK)
Path Group: asynchronous
Path Type: max

Fanout         Cap        Slew       Delay        Time   Description
---------------------------------------------------------------------------------------------
                                  0.000000    0.000000   clock HCLK (rise edge)
                                  0.000000    0.000000   clock network delay (propagated)
                                  2.000000    2.000000 ^ input external delay
     1    0.002959    0.014484    0.007637    2.007637 ^ HRESETn (in)
                                                         HRESETn (net)
                      0.014484    0.000000    2.007637 ^ input34/A (sky130_fd_sc_hd__buf_1)
     1    0.010831    0.099617    0.094873    2.102510 ^ input34/X (sky130_fd_sc_hd__buf_1)
                                                         net34 (net)
                      0.099618    0.000275    2.102786 ^ fanout192/A (sky130_fd_sc_hd__buf_8)
     6    0.126081    0.154012    0.147687    2.250473 ^ fanout192/X (sky130_fd_sc_hd__buf_8)
                                                         net192 (net)
                      0.162100    0.026859    2.277332 ^ fanout187/A (sky130_fd_sc_hd__buf_8)
     6    0.140986    0.173558    0.169910    2.447242 ^ fanout187/X (sky130_fd_sc_hd__buf_8)
                                                         net187 (net)
                      0.179484    0.025222    2.472465 ^ fanout185/A (sky130_fd_sc_hd__buf_8)
    11    0.126658    0.156091    0.158483    2.630948 ^ fanout185/X (sky130_fd_sc_hd__buf_8)
                                                         net185 (net)
                      0.167680    0.032973    2.663920 ^ fanout184/A (sky130_fd_sc_hd__clkbuf_4)
    10    0.045083    0.108313    0.175558    2.839478 ^ fanout184/X (sky130_fd_sc_hd__clkbuf_4)
                                                         net184 (net)
                      0.108336    0.001569    2.841048 ^ _214_/RESET_B (sky130_fd_sc_hd__dfrtp_1)
                                              2.841048   data arrival time

                                 10.000000   10.000000   clock HCLK (rise edge)
                                  0.000000   10.000000   clock source latency
     1    0.055995    0.191291    0.137855   10.137856 ^ HCLK (in)
                                                         HCLK (net)
                      0.192114    0.000000   10.137856 ^ clkbuf_0_HCLK/A (sky130_fd_sc_hd__clkbuf_16)
     5    0.123293    0.107273    0.173709   10.311564 ^ clkbuf_0_HCLK/X (sky130_fd_sc_hd__clkbuf_16)
                                                         clknet_0_HCLK (net)
                      0.108450    0.008954   10.320518 ^ clkbuf_2_0_0_HCLK/A (sky130_fd_sc_hd__clkbuf_8)
     2    0.038403    0.059943    0.125842   10.446361 ^ clkbuf_2_0_0_HCLK/X (sky130_fd_sc_hd__clkbuf_8)
                                                         clknet_2_0_0_HCLK (net)
                      0.060024    0.001241   10.447601 ^ clkbuf_3_0__f_HCLK/A (sky130_fd_sc_hd__clkbuf_16)
     8    0.090009    0.081616    0.130518   10.578119 ^ clkbuf_3_0__f_HCLK/X (sky130_fd_sc_hd__clkbuf_16)
                                                         clknet_3_0__leaf_HCLK (net)
                      0.082600    0.007097   10.585216 ^ _214_/CLK (sky130_fd_sc_hd__dfrtp_1)
                                 -0.250000   10.335216   clock uncertainty
                                  0.000000   10.335216   clock reconvergence pessimism
                                  0.137077   10.472293   library recovery time
                                             10.472293   data required time
---------------------------------------------------------------------------------------------
                                             10.472293   data required time
                                             -2.841048   data arrival time
---------------------------------------------------------------------------------------------
                                              7.631245   slack (MET)


Startpoint: HRESETn (input port clocked by HCLK)
Endpoint: _177_ (recovery check against rising-edge clock HCLK)
Path Group: asynchronous
Path Type: max

Fanout         Cap        Slew       Delay        Time   Description
---------------------------------------------------------------------------------------------
                                  0.000000    0.000000   clock HCLK (rise edge)
                                  0.000000    0.000000   clock network delay (propagated)
                                  2.000000    2.000000 ^ input external delay
     1    0.002959    0.014484    0.007637    2.007637 ^ HRESETn (in)
                                                         HRESETn (net)
                      0.014484    0.000000    2.007637 ^ input34/A (sky130_fd_sc_hd__buf_1)
     1    0.010831    0.099617    0.094873    2.102510 ^ input34/X (sky130_fd_sc_hd__buf_1)
                                                         net34 (net)
                      0.099618    0.000275    2.102786 ^ fanout192/A (sky130_fd_sc_hd__buf_8)
     6    0.126081    0.154012    0.147687    2.250473 ^ fanout192/X (sky130_fd_sc_hd__buf_8)
                                                         net192 (net)
                      0.162100    0.026859    2.277332 ^ fanout187/A (sky130_fd_sc_hd__buf_8)
     6    0.140986    0.173558    0.169910    2.447242 ^ fanout187/X (sky130_fd_sc_hd__buf_8)
                                                         net187 (net)
                      0.179484    0.025222    2.472465 ^ fanout185/A (sky130_fd_sc_hd__buf_8)
    11    0.126658    0.156091    0.158483    2.630948 ^ fanout185/X (sky130_fd_sc_hd__buf_8)
                                                         net185 (net)
                      0.167680    0.032973    2.663920 ^ fanout184/A (sky130_fd_sc_hd__clkbuf_4)
    10    0.045083    0.108313    0.175558    2.839478 ^ fanout184/X (sky130_fd_sc_hd__clkbuf_4)
                                                         net184 (net)
                      0.108336    0.001552    2.841031 ^ _177_/RESET_B (sky130_fd_sc_hd__dfrtp_1)
                                              2.841031   data arrival time

                                 10.000000   10.000000   clock HCLK (rise edge)
                                  0.000000   10.000000   clock source latency
     1    0.055995    0.191291    0.137855   10.137856 ^ HCLK (in)
                                                         HCLK (net)
                      0.192114    0.000000   10.137856 ^ clkbuf_0_HCLK/A (sky130_fd_sc_hd__clkbuf_16)
     5    0.123293    0.107273    0.173709   10.311564 ^ clkbuf_0_HCLK/X (sky130_fd_sc_hd__clkbuf_16)
                                                         clknet_0_HCLK (net)
                      0.108450    0.008954   10.320518 ^ clkbuf_2_0_0_HCLK/A (sky130_fd_sc_hd__clkbuf_8)
     2    0.038403    0.059943    0.125842   10.446361 ^ clkbuf_2_0_0_HCLK/X (sky130_fd_sc_hd__clkbuf_8)
                                                         clknet_2_0_0_HCLK (net)
                      0.060024    0.001241   10.447601 ^ clkbuf_3_0__f_HCLK/A (sky130_fd_sc_hd__clkbuf_16)
     8    0.090009    0.081616    0.130518   10.578119 ^ clkbuf_3_0__f_HCLK/X (sky130_fd_sc_hd__clkbuf_16)
                                                         clknet_3_0__leaf_HCLK (net)
                      0.082614    0.007147   10.585266 ^ _177_/CLK (sky130_fd_sc_hd__dfrtp_1)
                                 -0.250000   10.335266   clock uncertainty
                                  0.000000   10.335266   clock reconvergence pessimism
                                  0.137079   10.472346   library recovery time
                                             10.472346   data required time
---------------------------------------------------------------------------------------------
                                             10.472346   data required time
                                             -2.841031   data arrival time
---------------------------------------------------------------------------------------------
                                              7.631315   slack (MET)


Startpoint: HRESETn (input port clocked by HCLK)
Endpoint: _172_ (recovery check against rising-edge clock HCLK)
Path Group: asynchronous
Path Type: max

Fanout         Cap        Slew       Delay        Time   Description
---------------------------------------------------------------------------------------------
                                  0.000000    0.000000   clock HCLK (rise edge)
                                  0.000000    0.000000   clock network delay (propagated)
                                  2.000000    2.000000 ^ input external delay
     1    0.002959    0.014484    0.007637    2.007637 ^ HRESETn (in)
                                                         HRESETn (net)
                      0.014484    0.000000    2.007637 ^ input34/A (sky130_fd_sc_hd__buf_1)
     1    0.010831    0.099617    0.094873    2.102510 ^ input34/X (sky130_fd_sc_hd__buf_1)
                                                         net34 (net)
                      0.099618    0.000275    2.102786 ^ fanout192/A (sky130_fd_sc_hd__buf_8)
     6    0.126081    0.154012    0.147687    2.250473 ^ fanout192/X (sky130_fd_sc_hd__buf_8)
                                                         net192 (net)
                      0.162100    0.026859    2.277332 ^ fanout187/A (sky130_fd_sc_hd__buf_8)
     6    0.140986    0.173558    0.169910    2.447242 ^ fanout187/X (sky130_fd_sc_hd__buf_8)
                                                         net187 (net)
                      0.179484    0.025222    2.472465 ^ fanout185/A (sky130_fd_sc_hd__buf_8)
    11    0.126658    0.156091    0.158483    2.630948 ^ fanout185/X (sky130_fd_sc_hd__buf_8)
                                                         net185 (net)
                      0.167680    0.032973    2.663920 ^ fanout184/A (sky130_fd_sc_hd__clkbuf_4)
    10    0.045083    0.108313    0.175558    2.839478 ^ fanout184/X (sky130_fd_sc_hd__clkbuf_4)
                                                         net184 (net)
                      0.108334    0.001499    2.840977 ^ _172_/RESET_B (sky130_fd_sc_hd__dfrtp_1)
                                              2.840977   data arrival time

                                 10.000000   10.000000   clock HCLK (rise edge)
                                  0.000000   10.000000   clock source latency
     1    0.055995    0.191291    0.137855   10.137856 ^ HCLK (in)
                                                         HCLK (net)
                      0.192114    0.000000   10.137856 ^ clkbuf_0_HCLK/A (sky130_fd_sc_hd__clkbuf_16)
     5    0.123293    0.107273    0.173709   10.311564 ^ clkbuf_0_HCLK/X (sky130_fd_sc_hd__clkbuf_16)
                                                         clknet_0_HCLK (net)
                      0.108450    0.008954   10.320518 ^ clkbuf_2_0_0_HCLK/A (sky130_fd_sc_hd__clkbuf_8)
     2    0.038403    0.059943    0.125842   10.446361 ^ clkbuf_2_0_0_HCLK/X (sky130_fd_sc_hd__clkbuf_8)
                                                         clknet_2_0_0_HCLK (net)
                      0.060024    0.001241   10.447601 ^ clkbuf_3_0__f_HCLK/A (sky130_fd_sc_hd__clkbuf_16)
     8    0.090009    0.081616    0.130518   10.578119 ^ clkbuf_3_0__f_HCLK/X (sky130_fd_sc_hd__clkbuf_16)
                                                         clknet_3_0__leaf_HCLK (net)
                      0.082623    0.007178   10.585298 ^ _172_/CLK (sky130_fd_sc_hd__dfrtp_1)
                                 -0.250000   10.335298   clock uncertainty
                                  0.000000   10.335298   clock reconvergence pessimism
                                  0.137081   10.472378   library recovery time
                                             10.472378   data required time
---------------------------------------------------------------------------------------------
                                             10.472378   data required time
                                             -2.840977   data arrival time
---------------------------------------------------------------------------------------------
                                              7.631401   slack (MET)


Startpoint: HRESETn (input port clocked by HCLK)
Endpoint: _207_ (recovery check against rising-edge clock HCLK)
Path Group: asynchronous
Path Type: max

Fanout         Cap        Slew       Delay        Time   Description
---------------------------------------------------------------------------------------------
                                  0.000000    0.000000   clock HCLK (rise edge)
                                  0.000000    0.000000   clock network delay (propagated)
                                  2.000000    2.000000 ^ input external delay
     1    0.002959    0.014484    0.007637    2.007637 ^ HRESETn (in)
                                                         HRESETn (net)
                      0.014484    0.000000    2.007637 ^ input34/A (sky130_fd_sc_hd__buf_1)
     1    0.010831    0.099617    0.094873    2.102510 ^ input34/X (sky130_fd_sc_hd__buf_1)
                                                         net34 (net)
                      0.099618    0.000275    2.102786 ^ fanout192/A (sky130_fd_sc_hd__buf_8)
     6    0.126081    0.154012    0.147687    2.250473 ^ fanout192/X (sky130_fd_sc_hd__buf_8)
                                                         net192 (net)
                      0.162100    0.026859    2.277332 ^ fanout187/A (sky130_fd_sc_hd__buf_8)
     6    0.140986    0.173558    0.169910    2.447242 ^ fanout187/X (sky130_fd_sc_hd__buf_8)
                                                         net187 (net)
                      0.179484    0.025222    2.472465 ^ fanout185/A (sky130_fd_sc_hd__buf_8)
    11    0.126658    0.156091    0.158483    2.630948 ^ fanout185/X (sky130_fd_sc_hd__buf_8)
                                                         net185 (net)
                      0.167680    0.032973    2.663920 ^ fanout184/A (sky130_fd_sc_hd__clkbuf_4)
    10    0.045083    0.108313    0.175558    2.839478 ^ fanout184/X (sky130_fd_sc_hd__clkbuf_4)
                                                         net184 (net)
                      0.108331    0.001424    2.840903 ^ _207_/RESET_B (sky130_fd_sc_hd__dfrtp_1)
                                              2.840903   data arrival time

                                 10.000000   10.000000   clock HCLK (rise edge)
                                  0.000000   10.000000   clock source latency
     1    0.055995    0.191291    0.137855   10.137856 ^ HCLK (in)
                                                         HCLK (net)
                      0.192114    0.000000   10.137856 ^ clkbuf_0_HCLK/A (sky130_fd_sc_hd__clkbuf_16)
     5    0.123293    0.107273    0.173709   10.311564 ^ clkbuf_0_HCLK/X (sky130_fd_sc_hd__clkbuf_16)
                                                         clknet_0_HCLK (net)
                      0.108450    0.008954   10.320518 ^ clkbuf_2_0_0_HCLK/A (sky130_fd_sc_hd__clkbuf_8)
     2    0.038403    0.059943    0.125842   10.446361 ^ clkbuf_2_0_0_HCLK/X (sky130_fd_sc_hd__clkbuf_8)
                                                         clknet_2_0_0_HCLK (net)
                      0.060024    0.001241   10.447601 ^ clkbuf_3_0__f_HCLK/A (sky130_fd_sc_hd__clkbuf_16)
     8    0.090009    0.081616    0.130518   10.578119 ^ clkbuf_3_0__f_HCLK/X (sky130_fd_sc_hd__clkbuf_16)
                                                         clknet_3_0__leaf_HCLK (net)
                      0.082627    0.007193   10.585313 ^ _207_/CLK (sky130_fd_sc_hd__dfrtp_1)
                                 -0.250000   10.335313   clock uncertainty
                                  0.000000   10.335313   clock reconvergence pessimism
                                  0.137082   10.472395   library recovery time
                                             10.472395   data required time
---------------------------------------------------------------------------------------------
                                             10.472395   data required time
                                             -2.840903   data arrival time
---------------------------------------------------------------------------------------------
                                              7.631492   slack (MET)


Startpoint: HTRANS[1] (input port clocked by HCLK)
Endpoint: _165_ (rising edge-triggered flip-flop clocked by HCLK)
Path Group: HCLK
Path Type: max

Fanout         Cap        Slew       Delay        Time   Description
---------------------------------------------------------------------------------------------
                                  0.000000    0.000000   clock HCLK (rise edge)
                                  0.000000    0.000000   clock network delay (propagated)
                                  2.000000    2.000000 ^ input external delay
     1    0.002923    0.014356    0.007542    2.007542 ^ HTRANS[1] (in)
                                                         HTRANS[1] (net)
                      0.014356    0.000000    2.007542 ^ input35/A (sky130_fd_sc_hd__buf_1)
     2    0.013516    0.122505    0.110264    2.117806 ^ input35/X (sky130_fd_sc_hd__buf_1)
                                                         net35 (net)
                      0.122512    0.000735    2.118541 ^ _083_/A (sky130_fd_sc_hd__nand2_1)
     1    0.008901    0.060416    0.062784    2.181325 v _083_/Y (sky130_fd_sc_hd__nand2_1)
                                                         _071_ (net)
                      0.060431    0.000159    2.181484 v fanout183/A (sky130_fd_sc_hd__buf_8)
     6    0.127096    0.066429    0.122636    2.304120 v fanout183/X (sky130_fd_sc_hd__buf_8)
                                                         net183 (net)
                      0.101592    0.038160    2.342280 v _098_/S (sky130_fd_sc_hd__mux2_1)
     1    0.002459    0.036634    0.198222    2.540502 v _098_/X (sky130_fd_sc_hd__mux2_1)
                                                         _014_ (net)
                      0.036634    0.000023    2.540525 v _165_/D (sky130_fd_sc_hd__dfrtp_1)
                                              2.540525   data arrival time

                                 10.000000   10.000000   clock HCLK (rise edge)
                                  0.000000   10.000000   clock source latency
     1    0.055995    0.191291    0.137855   10.137856 ^ HCLK (in)
                                                         HCLK (net)
                      0.192114    0.000000   10.137856 ^ clkbuf_0_HCLK/A (sky130_fd_sc_hd__clkbuf_16)
     5    0.123293    0.107273    0.173709   10.311564 ^ clkbuf_0_HCLK/X (sky130_fd_sc_hd__clkbuf_16)
                                                         clknet_0_HCLK (net)
                      0.108450    0.008954   10.320518 ^ clkbuf_2_0_0_HCLK/A (sky130_fd_sc_hd__clkbuf_8)
     2    0.038403    0.059943    0.125842   10.446361 ^ clkbuf_2_0_0_HCLK/X (sky130_fd_sc_hd__clkbuf_8)
                                                         clknet_2_0_0_HCLK (net)
                      0.060132    0.002348   10.448709 ^ clkbuf_3_1__f_HCLK/A (sky130_fd_sc_hd__clkbuf_16)
     7    0.033698    0.040665    0.100963   10.549672 ^ clkbuf_3_1__f_HCLK/X (sky130_fd_sc_hd__clkbuf_16)
                                                         clknet_3_1__leaf_HCLK (net)
                      0.041049    0.003138   10.552810 ^ _165_/CLK (sky130_fd_sc_hd__dfrtp_1)
                                 -0.250000   10.302810   clock uncertainty
                                  0.000000   10.302810   clock reconvergence pessimism
                                 -0.073228   10.229581   library setup time
                                             10.229581   data required time
---------------------------------------------------------------------------------------------
                                             10.229581   data required time
                                             -2.540525   data arrival time
---------------------------------------------------------------------------------------------
                                              7.689057   slack (MET)


Startpoint: HRESETn (input port clocked by HCLK)
Endpoint: _213_ (recovery check against rising-edge clock HCLK)
Path Group: asynchronous
Path Type: max

Fanout         Cap        Slew       Delay        Time   Description
---------------------------------------------------------------------------------------------
                                  0.000000    0.000000   clock HCLK (rise edge)
                                  0.000000    0.000000   clock network delay (propagated)
                                  2.000000    2.000000 ^ input external delay
     1    0.002959    0.014484    0.007637    2.007637 ^ HRESETn (in)
                                                         HRESETn (net)
                      0.014484    0.000000    2.007637 ^ input34/A (sky130_fd_sc_hd__buf_1)
     1    0.010831    0.099617    0.094873    2.102510 ^ input34/X (sky130_fd_sc_hd__buf_1)
                                                         net34 (net)
                      0.099618    0.000275    2.102786 ^ fanout192/A (sky130_fd_sc_hd__buf_8)
     6    0.126081    0.154012    0.147687    2.250473 ^ fanout192/X (sky130_fd_sc_hd__buf_8)
                                                         net192 (net)
                      0.162100    0.026859    2.277332 ^ fanout187/A (sky130_fd_sc_hd__buf_8)
     6    0.140986    0.173558    0.169910    2.447242 ^ fanout187/X (sky130_fd_sc_hd__buf_8)
                                                         net187 (net)
                      0.179484    0.025222    2.472465 ^ fanout185/A (sky130_fd_sc_hd__buf_8)
    11    0.126658    0.156091    0.158483    2.630948 ^ fanout185/X (sky130_fd_sc_hd__buf_8)
                                                         net185 (net)
                      0.167625    0.032894    2.663842 ^ _213_/RESET_B (sky130_fd_sc_hd__dfrtp_1)
                                              2.663842   data arrival time

                                 10.000000   10.000000   clock HCLK (rise edge)
                                  0.000000   10.000000   clock source latency
     1    0.055995    0.191291    0.137855   10.137856 ^ HCLK (in)
                                                         HCLK (net)
                      0.192114    0.000000   10.137856 ^ clkbuf_0_HCLK/A (sky130_fd_sc_hd__clkbuf_16)
     5    0.123293    0.107273    0.173709   10.311564 ^ clkbuf_0_HCLK/X (sky130_fd_sc_hd__clkbuf_16)
                                                         clknet_0_HCLK (net)
                      0.108547    0.009308   10.320872 ^ clkbuf_2_1_0_HCLK/A (sky130_fd_sc_hd__clkbuf_8)
     2    0.035398    0.056328    0.122621   10.443494 ^ clkbuf_2_1_0_HCLK/X (sky130_fd_sc_hd__clkbuf_8)
                                                         clknet_2_1_0_HCLK (net)
                      0.056586    0.002984   10.446478 ^ clkbuf_3_3__f_HCLK/A (sky130_fd_sc_hd__clkbuf_16)
    10    0.027240    0.036222    0.096776   10.543254 ^ clkbuf_3_3__f_HCLK/X (sky130_fd_sc_hd__clkbuf_16)
                                                         clknet_3_3__leaf_HCLK (net)
                      0.036222    0.000162   10.543415 ^ _213_/CLK (sky130_fd_sc_hd__dfrtp_1)
                                 -0.250000   10.293415   clock uncertainty
                                  0.000000   10.293415   clock reconvergence pessimism
                                  0.118915   10.412331   library recovery time
                                             10.412331   data required time
---------------------------------------------------------------------------------------------
                                             10.412331   data required time
                                             -2.663842   data arrival time
---------------------------------------------------------------------------------------------
                                              7.748489   slack (MET)


Startpoint: HRESETn (input port clocked by HCLK)
Endpoint: _204_ (recovery check against rising-edge clock HCLK)
Path Group: asynchronous
Path Type: max

Fanout         Cap        Slew       Delay        Time   Description
---------------------------------------------------------------------------------------------
                                  0.000000    0.000000   clock HCLK (rise edge)
                                  0.000000    0.000000   clock network delay (propagated)
                                  2.000000    2.000000 ^ input external delay
     1    0.002959    0.014484    0.007637    2.007637 ^ HRESETn (in)
                                                         HRESETn (net)
                      0.014484    0.000000    2.007637 ^ input34/A (sky130_fd_sc_hd__buf_1)
     1    0.010831    0.099617    0.094873    2.102510 ^ input34/X (sky130_fd_sc_hd__buf_1)
                                                         net34 (net)
                      0.099618    0.000275    2.102786 ^ fanout192/A (sky130_fd_sc_hd__buf_8)
     6    0.126081    0.154012    0.147687    2.250473 ^ fanout192/X (sky130_fd_sc_hd__buf_8)
                                                         net192 (net)
                      0.162100    0.026859    2.277332 ^ fanout187/A (sky130_fd_sc_hd__buf_8)
     6    0.140986    0.173558    0.169910    2.447242 ^ fanout187/X (sky130_fd_sc_hd__buf_8)
                                                         net187 (net)
                      0.175272    0.013987    2.461229 ^ fanout186/A (sky130_fd_sc_hd__clkbuf_4)
    10    0.044339    0.106835    0.175726    2.636955 ^ fanout186/X (sky130_fd_sc_hd__clkbuf_4)
                                                         net186 (net)
                      0.106856    0.001494    2.638449 ^ _204_/RESET_B (sky130_fd_sc_hd__dfrtp_1)
                                              2.638449   data arrival time

                                 10.000000   10.000000   clock HCLK (rise edge)
                                  0.000000   10.000000   clock source latency
     1    0.055995    0.191291    0.137855   10.137856 ^ HCLK (in)
                                                         HCLK (net)
                      0.192114    0.000000   10.137856 ^ clkbuf_0_HCLK/A (sky130_fd_sc_hd__clkbuf_16)
     5    0.123293    0.107273    0.173709   10.311564 ^ clkbuf_0_HCLK/X (sky130_fd_sc_hd__clkbuf_16)
                                                         clknet_0_HCLK (net)
                      0.108547    0.009308   10.320872 ^ clkbuf_2_1_0_HCLK/A (sky130_fd_sc_hd__clkbuf_8)
     2    0.035398    0.056328    0.122621   10.443494 ^ clkbuf_2_1_0_HCLK/X (sky130_fd_sc_hd__clkbuf_8)
                                                         clknet_2_1_0_HCLK (net)
                      0.056586    0.002984   10.446478 ^ clkbuf_3_3__f_HCLK/A (sky130_fd_sc_hd__clkbuf_16)
    10    0.027240    0.036222    0.096776   10.543254 ^ clkbuf_3_3__f_HCLK/X (sky130_fd_sc_hd__clkbuf_16)
                                                         clknet_3_3__leaf_HCLK (net)
                      0.036223    0.000234   10.543488 ^ _204_/CLK (sky130_fd_sc_hd__dfrtp_1)
                                 -0.250000   10.293488   clock uncertainty
                                  0.000000   10.293488   clock reconvergence pessimism
                                  0.130271   10.423759   library recovery time
                                             10.423759   data required time
---------------------------------------------------------------------------------------------
                                             10.423759   data required time
                                             -2.638449   data arrival time
---------------------------------------------------------------------------------------------
                                              7.785309   slack (MET)


Startpoint: HRESETn (input port clocked by HCLK)
Endpoint: _166_ (recovery check against rising-edge clock HCLK)
Path Group: asynchronous
Path Type: max

Fanout         Cap        Slew       Delay        Time   Description
---------------------------------------------------------------------------------------------
                                  0.000000    0.000000   clock HCLK (rise edge)
                                  0.000000    0.000000   clock network delay (propagated)
                                  2.000000    2.000000 ^ input external delay
     1    0.002959    0.014484    0.007637    2.007637 ^ HRESETn (in)
                                                         HRESETn (net)
                      0.014484    0.000000    2.007637 ^ input34/A (sky130_fd_sc_hd__buf_1)
     1    0.010831    0.099617    0.094873    2.102510 ^ input34/X (sky130_fd_sc_hd__buf_1)
                                                         net34 (net)
                      0.099618    0.000275    2.102786 ^ fanout192/A (sky130_fd_sc_hd__buf_8)
     6    0.126081    0.154012    0.147687    2.250473 ^ fanout192/X (sky130_fd_sc_hd__buf_8)
                                                         net192 (net)
                      0.162100    0.026859    2.277332 ^ fanout187/A (sky130_fd_sc_hd__buf_8)
     6    0.140986    0.173558    0.169910    2.447242 ^ fanout187/X (sky130_fd_sc_hd__buf_8)
                                                         net187 (net)
                      0.175272    0.013987    2.461229 ^ fanout186/A (sky130_fd_sc_hd__clkbuf_4)
    10    0.044339    0.106835    0.175726    2.636955 ^ fanout186/X (sky130_fd_sc_hd__clkbuf_4)
                                                         net186 (net)
                      0.106855    0.001469    2.638423 ^ _166_/RESET_B (sky130_fd_sc_hd__dfrtp_1)
                                              2.638423   data arrival time

                                 10.000000   10.000000   clock HCLK (rise edge)
                                  0.000000   10.000000   clock source latency
     1    0.055995    0.191291    0.137855   10.137856 ^ HCLK (in)
                                                         HCLK (net)
                      0.192114    0.000000   10.137856 ^ clkbuf_0_HCLK/A (sky130_fd_sc_hd__clkbuf_16)
     5    0.123293    0.107273    0.173709   10.311564 ^ clkbuf_0_HCLK/X (sky130_fd_sc_hd__clkbuf_16)
                                                         clknet_0_HCLK (net)
                      0.108547    0.009308   10.320872 ^ clkbuf_2_1_0_HCLK/A (sky130_fd_sc_hd__clkbuf_8)
     2    0.035398    0.056328    0.122621   10.443494 ^ clkbuf_2_1_0_HCLK/X (sky130_fd_sc_hd__clkbuf_8)
                                                         clknet_2_1_0_HCLK (net)
                      0.056586    0.002984   10.446478 ^ clkbuf_3_3__f_HCLK/A (sky130_fd_sc_hd__clkbuf_16)
    10    0.027240    0.036222    0.096776   10.543254 ^ clkbuf_3_3__f_HCLK/X (sky130_fd_sc_hd__clkbuf_16)
                                                         clknet_3_3__leaf_HCLK (net)
                      0.036223    0.000267   10.543521 ^ _166_/CLK (sky130_fd_sc_hd__dfrtp_1)
                                 -0.250000   10.293521   clock uncertainty
                                  0.000000   10.293521   clock reconvergence pessimism
                                  0.130272   10.423793   library recovery time
                                             10.423793   data required time
---------------------------------------------------------------------------------------------
                                             10.423793   data required time
                                             -2.638423   data arrival time
---------------------------------------------------------------------------------------------
                                              7.785369   slack (MET)


Startpoint: HRESETn (input port clocked by HCLK)
Endpoint: _211_ (recovery check against rising-edge clock HCLK)
Path Group: asynchronous
Path Type: max

Fanout         Cap        Slew       Delay        Time   Description
---------------------------------------------------------------------------------------------
                                  0.000000    0.000000   clock HCLK (rise edge)
                                  0.000000    0.000000   clock network delay (propagated)
                                  2.000000    2.000000 ^ input external delay
     1    0.002959    0.014484    0.007637    2.007637 ^ HRESETn (in)
                                                         HRESETn (net)
                      0.014484    0.000000    2.007637 ^ input34/A (sky130_fd_sc_hd__buf_1)
     1    0.010831    0.099617    0.094873    2.102510 ^ input34/X (sky130_fd_sc_hd__buf_1)
                                                         net34 (net)
                      0.099618    0.000275    2.102786 ^ fanout192/A (sky130_fd_sc_hd__buf_8)
     6    0.126081    0.154012    0.147687    2.250473 ^ fanout192/X (sky130_fd_sc_hd__buf_8)
                                                         net192 (net)
                      0.162100    0.026859    2.277332 ^ fanout187/A (sky130_fd_sc_hd__buf_8)
     6    0.140986    0.173558    0.169910    2.447242 ^ fanout187/X (sky130_fd_sc_hd__buf_8)
                                                         net187 (net)
                      0.175272    0.013987    2.461229 ^ fanout186/A (sky130_fd_sc_hd__clkbuf_4)
    10    0.044339    0.106835    0.175726    2.636955 ^ fanout186/X (sky130_fd_sc_hd__clkbuf_4)
                                                         net186 (net)
                      0.106853    0.001397    2.638352 ^ _211_/RESET_B (sky130_fd_sc_hd__dfrtp_1)
                                              2.638352   data arrival time

                                 10.000000   10.000000   clock HCLK (rise edge)
                                  0.000000   10.000000   clock source latency
     1    0.055995    0.191291    0.137855   10.137856 ^ HCLK (in)
                                                         HCLK (net)
                      0.192114    0.000000   10.137856 ^ clkbuf_0_HCLK/A (sky130_fd_sc_hd__clkbuf_16)
     5    0.123293    0.107273    0.173709   10.311564 ^ clkbuf_0_HCLK/X (sky130_fd_sc_hd__clkbuf_16)
                                                         clknet_0_HCLK (net)
                      0.108547    0.009308   10.320872 ^ clkbuf_2_1_0_HCLK/A (sky130_fd_sc_hd__clkbuf_8)
     2    0.035398    0.056328    0.122621   10.443494 ^ clkbuf_2_1_0_HCLK/X (sky130_fd_sc_hd__clkbuf_8)
                                                         clknet_2_1_0_HCLK (net)
                      0.056586    0.002984   10.446478 ^ clkbuf_3_3__f_HCLK/A (sky130_fd_sc_hd__clkbuf_16)
    10    0.027240    0.036222    0.096776   10.543254 ^ clkbuf_3_3__f_HCLK/X (sky130_fd_sc_hd__clkbuf_16)
                                                         clknet_3_3__leaf_HCLK (net)
                      0.036224    0.000290   10.543543 ^ _211_/CLK (sky130_fd_sc_hd__dfrtp_1)
                                 -0.250000   10.293543   clock uncertainty
                                  0.000000   10.293543   clock reconvergence pessimism
                                  0.130272   10.423815   library recovery time
                                             10.423815   data required time
---------------------------------------------------------------------------------------------
                                             10.423815   data required time
                                             -2.638352   data arrival time
---------------------------------------------------------------------------------------------
                                              7.785463   slack (MET)


Startpoint: HRESETn (input port clocked by HCLK)
Endpoint: _212_ (recovery check against rising-edge clock HCLK)
Path Group: asynchronous
Path Type: max

Fanout         Cap        Slew       Delay        Time   Description
---------------------------------------------------------------------------------------------
                                  0.000000    0.000000   clock HCLK (rise edge)
                                  0.000000    0.000000   clock network delay (propagated)
                                  2.000000    2.000000 ^ input external delay
     1    0.002959    0.014484    0.007637    2.007637 ^ HRESETn (in)
                                                         HRESETn (net)
                      0.014484    0.000000    2.007637 ^ input34/A (sky130_fd_sc_hd__buf_1)
     1    0.010831    0.099617    0.094873    2.102510 ^ input34/X (sky130_fd_sc_hd__buf_1)
                                                         net34 (net)
                      0.099618    0.000275    2.102786 ^ fanout192/A (sky130_fd_sc_hd__buf_8)
     6    0.126081    0.154012    0.147687    2.250473 ^ fanout192/X (sky130_fd_sc_hd__buf_8)
                                                         net192 (net)
                      0.162100    0.026859    2.277332 ^ fanout187/A (sky130_fd_sc_hd__buf_8)
     6    0.140986    0.173558    0.169910    2.447242 ^ fanout187/X (sky130_fd_sc_hd__buf_8)
                                                         net187 (net)
                      0.179484    0.025222    2.472465 ^ fanout185/A (sky130_fd_sc_hd__buf_8)
    11    0.126658    0.156091    0.158483    2.630948 ^ fanout185/X (sky130_fd_sc_hd__buf_8)
                                                         net185 (net)
                      0.156496    0.006894    2.637842 ^ _212_/RESET_B (sky130_fd_sc_hd__dfrtp_1)
                                              2.637842   data arrival time

                                 10.000000   10.000000   clock HCLK (rise edge)
                                  0.000000   10.000000   clock source latency
     1    0.055995    0.191291    0.137855   10.137856 ^ HCLK (in)
                                                         HCLK (net)
                      0.192114    0.000000   10.137856 ^ clkbuf_0_HCLK/A (sky130_fd_sc_hd__clkbuf_16)
     5    0.123293    0.107273    0.173709   10.311564 ^ clkbuf_0_HCLK/X (sky130_fd_sc_hd__clkbuf_16)
                                                         clknet_0_HCLK (net)
                      0.108450    0.008954   10.320518 ^ clkbuf_2_0_0_HCLK/A (sky130_fd_sc_hd__clkbuf_8)
     2    0.038403    0.059943    0.125842   10.446361 ^ clkbuf_2_0_0_HCLK/X (sky130_fd_sc_hd__clkbuf_8)
                                                         clknet_2_0_0_HCLK (net)
                      0.060132    0.002348   10.448709 ^ clkbuf_3_1__f_HCLK/A (sky130_fd_sc_hd__clkbuf_16)
     7    0.033698    0.040665    0.100963   10.549672 ^ clkbuf_3_1__f_HCLK/X (sky130_fd_sc_hd__clkbuf_16)
                                                         clknet_3_1__leaf_HCLK (net)
                      0.040948    0.002588   10.552259 ^ _212_/CLK (sky130_fd_sc_hd__dfrtp_1)
                                 -0.250000   10.302259   clock uncertainty
                                  0.000000   10.302259   clock reconvergence pessimism
                                  0.121727   10.423986   library recovery time
                                             10.423986   data required time
---------------------------------------------------------------------------------------------
                                             10.423986   data required time
                                             -2.637842   data arrival time
---------------------------------------------------------------------------------------------
                                              7.786144   slack (MET)


Startpoint: HRESETn (input port clocked by HCLK)
Endpoint: _187_ (recovery check against rising-edge clock HCLK)
Path Group: asynchronous
Path Type: max

Fanout         Cap        Slew       Delay        Time   Description
---------------------------------------------------------------------------------------------
                                  0.000000    0.000000   clock HCLK (rise edge)
                                  0.000000    0.000000   clock network delay (propagated)
                                  2.000000    2.000000 ^ input external delay
     1    0.002959    0.014484    0.007637    2.007637 ^ HRESETn (in)
                                                         HRESETn (net)
                      0.014484    0.000000    2.007637 ^ input34/A (sky130_fd_sc_hd__buf_1)
     1    0.010831    0.099617    0.094873    2.102510 ^ input34/X (sky130_fd_sc_hd__buf_1)
                                                         net34 (net)
                      0.099618    0.000275    2.102786 ^ fanout192/A (sky130_fd_sc_hd__buf_8)
     6    0.126081    0.154012    0.147687    2.250473 ^ fanout192/X (sky130_fd_sc_hd__buf_8)
                                                         net192 (net)
                      0.162100    0.026859    2.277332 ^ fanout187/A (sky130_fd_sc_hd__buf_8)
     6    0.140986    0.173558    0.169910    2.447242 ^ fanout187/X (sky130_fd_sc_hd__buf_8)
                                                         net187 (net)
                      0.179484    0.025222    2.472465 ^ fanout185/A (sky130_fd_sc_hd__buf_8)
    11    0.126658    0.156091    0.158483    2.630948 ^ fanout185/X (sky130_fd_sc_hd__buf_8)
                                                         net185 (net)
                      0.156347    0.005580    2.636527 ^ _187_/RESET_B (sky130_fd_sc_hd__dfrtp_1)
                                              2.636527   data arrival time

                                 10.000000   10.000000   clock HCLK (rise edge)
                                  0.000000   10.000000   clock source latency
     1    0.055995    0.191291    0.137855   10.137856 ^ HCLK (in)
                                                         HCLK (net)
                      0.192114    0.000000   10.137856 ^ clkbuf_0_HCLK/A (sky130_fd_sc_hd__clkbuf_16)
     5    0.123293    0.107273    0.173709   10.311564 ^ clkbuf_0_HCLK/X (sky130_fd_sc_hd__clkbuf_16)
                                                         clknet_0_HCLK (net)
                      0.108450    0.008954   10.320518 ^ clkbuf_2_0_0_HCLK/A (sky130_fd_sc_hd__clkbuf_8)
     2    0.038403    0.059943    0.125842   10.446361 ^ clkbuf_2_0_0_HCLK/X (sky130_fd_sc_hd__clkbuf_8)
                                                         clknet_2_0_0_HCLK (net)
                      0.060132    0.002348   10.448709 ^ clkbuf_3_1__f_HCLK/A (sky130_fd_sc_hd__clkbuf_16)
     7    0.033698    0.040665    0.100963   10.549672 ^ clkbuf_3_1__f_HCLK/X (sky130_fd_sc_hd__clkbuf_16)
                                                         clknet_3_1__leaf_HCLK (net)
                      0.040974    0.002735   10.552406 ^ _187_/CLK (sky130_fd_sc_hd__dfrtp_1)
                                 -0.250000   10.302406   clock uncertainty
                                  0.000000   10.302406   clock reconvergence pessimism
                                  0.121759   10.424165   library recovery time
                                             10.424165   data required time
---------------------------------------------------------------------------------------------
                                             10.424165   data required time
                                             -2.636527   data arrival time
---------------------------------------------------------------------------------------------
                                              7.787637   slack (MET)


Startpoint: HRESETn (input port clocked by HCLK)
Endpoint: _160_ (recovery check against rising-edge clock HCLK)
Path Group: asynchronous
Path Type: max

Fanout         Cap        Slew       Delay        Time   Description
---------------------------------------------------------------------------------------------
                                  0.000000    0.000000   clock HCLK (rise edge)
                                  0.000000    0.000000   clock network delay (propagated)
                                  2.000000    2.000000 ^ input external delay
     1    0.002959    0.014484    0.007637    2.007637 ^ HRESETn (in)
                                                         HRESETn (net)
                      0.014484    0.000000    2.007637 ^ input34/A (sky130_fd_sc_hd__buf_1)
     1    0.010831    0.099617    0.094873    2.102510 ^ input34/X (sky130_fd_sc_hd__buf_1)
                                                         net34 (net)
                      0.099618    0.000275    2.102786 ^ fanout192/A (sky130_fd_sc_hd__buf_8)
     6    0.126081    0.154012    0.147687    2.250473 ^ fanout192/X (sky130_fd_sc_hd__buf_8)
                                                         net192 (net)
                      0.162100    0.026859    2.277332 ^ fanout187/A (sky130_fd_sc_hd__buf_8)
     6    0.140986    0.173558    0.169910    2.447242 ^ fanout187/X (sky130_fd_sc_hd__buf_8)
                                                         net187 (net)
                      0.179484    0.025222    2.472465 ^ fanout185/A (sky130_fd_sc_hd__buf_8)
    11    0.126658    0.156091    0.158483    2.630948 ^ fanout185/X (sky130_fd_sc_hd__buf_8)
                                                         net185 (net)
                      0.156178    0.003349    2.634296 ^ _160_/RESET_B (sky130_fd_sc_hd__dfrtp_1)
                                              2.634296   data arrival time

                                 10.000000   10.000000   clock HCLK (rise edge)
                                  0.000000   10.000000   clock source latency
     1    0.055995    0.191291    0.137855   10.137856 ^ HCLK (in)
                                                         HCLK (net)
                      0.192114    0.000000   10.137856 ^ clkbuf_0_HCLK/A (sky130_fd_sc_hd__clkbuf_16)
     5    0.123293    0.107273    0.173709   10.311564 ^ clkbuf_0_HCLK/X (sky130_fd_sc_hd__clkbuf_16)
                                                         clknet_0_HCLK (net)
                      0.108450    0.008954   10.320518 ^ clkbuf_2_0_0_HCLK/A (sky130_fd_sc_hd__clkbuf_8)
     2    0.038403    0.059943    0.125842   10.446361 ^ clkbuf_2_0_0_HCLK/X (sky130_fd_sc_hd__clkbuf_8)
                                                         clknet_2_0_0_HCLK (net)
                      0.060132    0.002348   10.448709 ^ clkbuf_3_1__f_HCLK/A (sky130_fd_sc_hd__clkbuf_16)
     7    0.033698    0.040665    0.100963   10.549672 ^ clkbuf_3_1__f_HCLK/X (sky130_fd_sc_hd__clkbuf_16)
                                                         clknet_3_1__leaf_HCLK (net)
                      0.041005    0.002906   10.552578 ^ _160_/CLK (sky130_fd_sc_hd__dfrtp_1)
                                 -0.250000   10.302578   clock uncertainty
                                  0.000000   10.302578   clock reconvergence pessimism
                                  0.121795   10.424373   library recovery time
                                             10.424373   data required time
---------------------------------------------------------------------------------------------
                                             10.424373   data required time
                                             -2.634296   data arrival time
---------------------------------------------------------------------------------------------
                                              7.790076   slack (MET)


Startpoint: HRESETn (input port clocked by HCLK)
Endpoint: _202_ (recovery check against rising-edge clock HCLK)
Path Group: asynchronous
Path Type: max

Fanout         Cap        Slew       Delay        Time   Description
---------------------------------------------------------------------------------------------
                                  0.000000    0.000000   clock HCLK (rise edge)
                                  0.000000    0.000000   clock network delay (propagated)
                                  2.000000    2.000000 ^ input external delay
     1    0.002959    0.014484    0.007637    2.007637 ^ HRESETn (in)
                                                         HRESETn (net)
                      0.014484    0.000000    2.007637 ^ input34/A (sky130_fd_sc_hd__buf_1)
     1    0.010831    0.099617    0.094873    2.102510 ^ input34/X (sky130_fd_sc_hd__buf_1)
                                                         net34 (net)
                      0.099618    0.000275    2.102786 ^ fanout192/A (sky130_fd_sc_hd__buf_8)
     6    0.126081    0.154012    0.147687    2.250473 ^ fanout192/X (sky130_fd_sc_hd__buf_8)
                                                         net192 (net)
                      0.162100    0.026859    2.277332 ^ fanout187/A (sky130_fd_sc_hd__buf_8)
     6    0.140986    0.173558    0.169910    2.447242 ^ fanout187/X (sky130_fd_sc_hd__buf_8)
                                                         net187 (net)
                      0.179484    0.025222    2.472465 ^ fanout185/A (sky130_fd_sc_hd__buf_8)
    11    0.126658    0.156091    0.158483    2.630948 ^ fanout185/X (sky130_fd_sc_hd__buf_8)
                                                         net185 (net)
                      0.156149    0.002755    2.633703 ^ _202_/RESET_B (sky130_fd_sc_hd__dfrtp_1)
                                              2.633703   data arrival time

                                 10.000000   10.000000   clock HCLK (rise edge)
                                  0.000000   10.000000   clock source latency
     1    0.055995    0.191291    0.137855   10.137856 ^ HCLK (in)
                                                         HCLK (net)
                      0.192114    0.000000   10.137856 ^ clkbuf_0_HCLK/A (sky130_fd_sc_hd__clkbuf_16)
     5    0.123293    0.107273    0.173709   10.311564 ^ clkbuf_0_HCLK/X (sky130_fd_sc_hd__clkbuf_16)
                                                         clknet_0_HCLK (net)
                      0.108450    0.008954   10.320518 ^ clkbuf_2_0_0_HCLK/A (sky130_fd_sc_hd__clkbuf_8)
     2    0.038403    0.059943    0.125842   10.446361 ^ clkbuf_2_0_0_HCLK/X (sky130_fd_sc_hd__clkbuf_8)
                                                         clknet_2_0_0_HCLK (net)
                      0.060132    0.002348   10.448709 ^ clkbuf_3_1__f_HCLK/A (sky130_fd_sc_hd__clkbuf_16)
     7    0.033698    0.040665    0.100963   10.549672 ^ clkbuf_3_1__f_HCLK/X (sky130_fd_sc_hd__clkbuf_16)
                                                         clknet_3_1__leaf_HCLK (net)
                      0.041018    0.002979   10.552650 ^ _202_/CLK (sky130_fd_sc_hd__dfrtp_1)
                                 -0.250000   10.302650   clock uncertainty
                                  0.000000   10.302650   clock reconvergence pessimism
                                  0.121803   10.424454   library recovery time
                                             10.424454   data required time
---------------------------------------------------------------------------------------------
                                             10.424454   data required time
                                             -2.633703   data arrival time
---------------------------------------------------------------------------------------------
                                              7.790751   slack (MET)


Startpoint: HRESETn (input port clocked by HCLK)
Endpoint: _161_ (recovery check against rising-edge clock HCLK)
Path Group: asynchronous
Path Type: max

Fanout         Cap        Slew       Delay        Time   Description
---------------------------------------------------------------------------------------------
                                  0.000000    0.000000   clock HCLK (rise edge)
                                  0.000000    0.000000   clock network delay (propagated)
                                  2.000000    2.000000 ^ input external delay
     1    0.002959    0.014484    0.007637    2.007637 ^ HRESETn (in)
                                                         HRESETn (net)
                      0.014484    0.000000    2.007637 ^ input34/A (sky130_fd_sc_hd__buf_1)
     1    0.010831    0.099617    0.094873    2.102510 ^ input34/X (sky130_fd_sc_hd__buf_1)
                                                         net34 (net)
                      0.099618    0.000275    2.102786 ^ fanout192/A (sky130_fd_sc_hd__buf_8)
     6    0.126081    0.154012    0.147687    2.250473 ^ fanout192/X (sky130_fd_sc_hd__buf_8)
                                                         net192 (net)
                      0.162100    0.026859    2.277332 ^ fanout187/A (sky130_fd_sc_hd__buf_8)
     6    0.140986    0.173558    0.169910    2.447242 ^ fanout187/X (sky130_fd_sc_hd__buf_8)
                                                         net187 (net)
                      0.179484    0.025222    2.472465 ^ fanout185/A (sky130_fd_sc_hd__buf_8)
    11    0.126658    0.156091    0.158483    2.630948 ^ fanout185/X (sky130_fd_sc_hd__buf_8)
                                                         net185 (net)
                      0.156120    0.001976    2.632924 ^ _161_/RESET_B (sky130_fd_sc_hd__dfrtp_1)
                                              2.632924   data arrival time

                                 10.000000   10.000000   clock HCLK (rise edge)
                                  0.000000   10.000000   clock source latency
     1    0.055995    0.191291    0.137855   10.137856 ^ HCLK (in)
                                                         HCLK (net)
                      0.192114    0.000000   10.137856 ^ clkbuf_0_HCLK/A (sky130_fd_sc_hd__clkbuf_16)
     5    0.123293    0.107273    0.173709   10.311564 ^ clkbuf_0_HCLK/X (sky130_fd_sc_hd__clkbuf_16)
                                                         clknet_0_HCLK (net)
                      0.108450    0.008954   10.320518 ^ clkbuf_2_0_0_HCLK/A (sky130_fd_sc_hd__clkbuf_8)
     2    0.038403    0.059943    0.125842   10.446361 ^ clkbuf_2_0_0_HCLK/X (sky130_fd_sc_hd__clkbuf_8)
                                                         clknet_2_0_0_HCLK (net)
                      0.060132    0.002348   10.448709 ^ clkbuf_3_1__f_HCLK/A (sky130_fd_sc_hd__clkbuf_16)
     7    0.033698    0.040665    0.100963   10.549672 ^ clkbuf_3_1__f_HCLK/X (sky130_fd_sc_hd__clkbuf_16)
                                                         clknet_3_1__leaf_HCLK (net)
                      0.041032    0.003054   10.552725 ^ _161_/CLK (sky130_fd_sc_hd__dfrtp_1)
                                 -0.250000   10.302725   clock uncertainty
                                  0.000000   10.302725   clock reconvergence pessimism
                                  0.121810   10.424536   library recovery time
                                             10.424536   data required time
---------------------------------------------------------------------------------------------
                                             10.424536   data required time
                                             -2.632924   data arrival time
---------------------------------------------------------------------------------------------
                                              7.791611   slack (MET)


Startpoint: HRESETn (input port clocked by HCLK)
Endpoint: _178_ (recovery check against rising-edge clock HCLK)
Path Group: asynchronous
Path Type: max

Fanout         Cap        Slew       Delay        Time   Description
---------------------------------------------------------------------------------------------
                                  0.000000    0.000000   clock HCLK (rise edge)
                                  0.000000    0.000000   clock network delay (propagated)
                                  2.000000    2.000000 ^ input external delay
     1    0.002959    0.014484    0.007637    2.007637 ^ HRESETn (in)
                                                         HRESETn (net)
                      0.014484    0.000000    2.007637 ^ input34/A (sky130_fd_sc_hd__buf_1)
     1    0.010831    0.099617    0.094873    2.102510 ^ input34/X (sky130_fd_sc_hd__buf_1)
                                                         net34 (net)
                      0.099618    0.000275    2.102786 ^ fanout192/A (sky130_fd_sc_hd__buf_8)
     6    0.126081    0.154012    0.147687    2.250473 ^ fanout192/X (sky130_fd_sc_hd__buf_8)
                                                         net192 (net)
                      0.162100    0.026859    2.277332 ^ fanout187/A (sky130_fd_sc_hd__buf_8)
     6    0.140986    0.173558    0.169910    2.447242 ^ fanout187/X (sky130_fd_sc_hd__buf_8)
                                                         net187 (net)
                      0.175272    0.013987    2.461229 ^ fanout186/A (sky130_fd_sc_hd__clkbuf_4)
    10    0.044339    0.106835    0.175726    2.636955 ^ fanout186/X (sky130_fd_sc_hd__clkbuf_4)
                                                         net186 (net)
                      0.106848    0.001239    2.638194 ^ _178_/RESET_B (sky130_fd_sc_hd__dfrtp_1)
                                              2.638194   data arrival time

                                 10.000000   10.000000   clock HCLK (rise edge)
                                  0.000000   10.000000   clock source latency
     1    0.055995    0.191291    0.137855   10.137856 ^ HCLK (in)
                                                         HCLK (net)
                      0.192114    0.000000   10.137856 ^ clkbuf_0_HCLK/A (sky130_fd_sc_hd__clkbuf_16)
     5    0.123293    0.107273    0.173709   10.311564 ^ clkbuf_0_HCLK/X (sky130_fd_sc_hd__clkbuf_16)
                                                         clknet_0_HCLK (net)
                      0.108547    0.009308   10.320872 ^ clkbuf_2_1_0_HCLK/A (sky130_fd_sc_hd__clkbuf_8)
     2    0.035398    0.056328    0.122621   10.443494 ^ clkbuf_2_1_0_HCLK/X (sky130_fd_sc_hd__clkbuf_8)
                                                         clknet_2_1_0_HCLK (net)
                      0.056608    0.003110   10.446604 ^ clkbuf_3_2__f_HCLK/A (sky130_fd_sc_hd__clkbuf_16)
    10    0.035106    0.041785    0.101338   10.547941 ^ clkbuf_3_2__f_HCLK/X (sky130_fd_sc_hd__clkbuf_16)
                                                         clknet_3_2__leaf_HCLK (net)
                      0.041795    0.000909   10.548851 ^ _178_/CLK (sky130_fd_sc_hd__dfrtp_1)
                                 -0.250000   10.298851   clock uncertainty
                                  0.000000   10.298851   clock reconvergence pessimism
                                  0.131123   10.429975   library recovery time
                                             10.429975   data required time
---------------------------------------------------------------------------------------------
                                             10.429975   data required time
                                             -2.638194   data arrival time
---------------------------------------------------------------------------------------------
                                              7.791780   slack (MET)


Startpoint: HRESETn (input port clocked by HCLK)
Endpoint: _189_ (recovery check against rising-edge clock HCLK)
Path Group: asynchronous
Path Type: max

Fanout         Cap        Slew       Delay        Time   Description
---------------------------------------------------------------------------------------------
                                  0.000000    0.000000   clock HCLK (rise edge)
                                  0.000000    0.000000   clock network delay (propagated)
                                  2.000000    2.000000 ^ input external delay
     1    0.002959    0.014484    0.007637    2.007637 ^ HRESETn (in)
                                                         HRESETn (net)
                      0.014484    0.000000    2.007637 ^ input34/A (sky130_fd_sc_hd__buf_1)
     1    0.010831    0.099617    0.094873    2.102510 ^ input34/X (sky130_fd_sc_hd__buf_1)
                                                         net34 (net)
                      0.099618    0.000275    2.102786 ^ fanout192/A (sky130_fd_sc_hd__buf_8)
     6    0.126081    0.154012    0.147687    2.250473 ^ fanout192/X (sky130_fd_sc_hd__buf_8)
                                                         net192 (net)
                      0.162100    0.026859    2.277332 ^ fanout187/A (sky130_fd_sc_hd__buf_8)
     6    0.140986    0.173558    0.169910    2.447242 ^ fanout187/X (sky130_fd_sc_hd__buf_8)
                                                         net187 (net)
                      0.175272    0.013987    2.461229 ^ fanout186/A (sky130_fd_sc_hd__clkbuf_4)
    10    0.044339    0.106835    0.175726    2.636955 ^ fanout186/X (sky130_fd_sc_hd__clkbuf_4)
                                                         net186 (net)
                      0.106850    0.001312    2.638267 ^ _189_/RESET_B (sky130_fd_sc_hd__dfrtp_1)
                                              2.638267   data arrival time

                                 10.000000   10.000000   clock HCLK (rise edge)
                                  0.000000   10.000000   clock source latency
     1    0.055995    0.191291    0.137855   10.137856 ^ HCLK (in)
                                                         HCLK (net)
                      0.192114    0.000000   10.137856 ^ clkbuf_0_HCLK/A (sky130_fd_sc_hd__clkbuf_16)
     5    0.123293    0.107273    0.173709   10.311564 ^ clkbuf_0_HCLK/X (sky130_fd_sc_hd__clkbuf_16)
                                                         clknet_0_HCLK (net)
                      0.108547    0.009308   10.320872 ^ clkbuf_2_1_0_HCLK/A (sky130_fd_sc_hd__clkbuf_8)
     2    0.035398    0.056328    0.122621   10.443494 ^ clkbuf_2_1_0_HCLK/X (sky130_fd_sc_hd__clkbuf_8)
                                                         clknet_2_1_0_HCLK (net)
                      0.056608    0.003110   10.446604 ^ clkbuf_3_2__f_HCLK/A (sky130_fd_sc_hd__clkbuf_16)
    10    0.035106    0.041785    0.101338   10.547941 ^ clkbuf_3_2__f_HCLK/X (sky130_fd_sc_hd__clkbuf_16)
                                                         clknet_3_2__leaf_HCLK (net)
                      0.041800    0.000978   10.548920 ^ _189_/CLK (sky130_fd_sc_hd__dfrtp_1)
                                 -0.250000   10.298920   clock uncertainty
                                  0.000000   10.298920   clock reconvergence pessimism
                                  0.131124   10.430043   library recovery time
                                             10.430043   data required time
---------------------------------------------------------------------------------------------
                                             10.430043   data required time
                                             -2.638267   data arrival time
---------------------------------------------------------------------------------------------
                                              7.791776   slack (MET)


Startpoint: HRESETn (input port clocked by HCLK)
Endpoint: _157_ (recovery check against rising-edge clock HCLK)
Path Group: asynchronous
Path Type: max

Fanout         Cap        Slew       Delay        Time   Description
---------------------------------------------------------------------------------------------
                                  0.000000    0.000000   clock HCLK (rise edge)
                                  0.000000    0.000000   clock network delay (propagated)
                                  2.000000    2.000000 ^ input external delay
     1    0.002959    0.014484    0.007637    2.007637 ^ HRESETn (in)
                                                         HRESETn (net)
                      0.014484    0.000000    2.007637 ^ input34/A (sky130_fd_sc_hd__buf_1)
     1    0.010831    0.099617    0.094873    2.102510 ^ input34/X (sky130_fd_sc_hd__buf_1)
                                                         net34 (net)
                      0.099618    0.000275    2.102786 ^ fanout192/A (sky130_fd_sc_hd__buf_8)
     6    0.126081    0.154012    0.147687    2.250473 ^ fanout192/X (sky130_fd_sc_hd__buf_8)
                                                         net192 (net)
                      0.162100    0.026859    2.277332 ^ fanout187/A (sky130_fd_sc_hd__buf_8)
     6    0.140986    0.173558    0.169910    2.447242 ^ fanout187/X (sky130_fd_sc_hd__buf_8)
                                                         net187 (net)
                      0.175272    0.013987    2.461229 ^ fanout186/A (sky130_fd_sc_hd__clkbuf_4)
    10    0.044339    0.106835    0.175726    2.636955 ^ fanout186/X (sky130_fd_sc_hd__clkbuf_4)
                                                         net186 (net)
                      0.106845    0.001148    2.638103 ^ _157_/RESET_B (sky130_fd_sc_hd__dfrtp_1)
                                              2.638103   data arrival time

                                 10.000000   10.000000   clock HCLK (rise edge)
                                  0.000000   10.000000   clock source latency
     1    0.055995    0.191291    0.137855   10.137856 ^ HCLK (in)
                                                         HCLK (net)
                      0.192114    0.000000   10.137856 ^ clkbuf_0_HCLK/A (sky130_fd_sc_hd__clkbuf_16)
     5    0.123293    0.107273    0.173709   10.311564 ^ clkbuf_0_HCLK/X (sky130_fd_sc_hd__clkbuf_16)
                                                         clknet_0_HCLK (net)
                      0.108547    0.009308   10.320872 ^ clkbuf_2_1_0_HCLK/A (sky130_fd_sc_hd__clkbuf_8)
     2    0.035398    0.056328    0.122621   10.443494 ^ clkbuf_2_1_0_HCLK/X (sky130_fd_sc_hd__clkbuf_8)
                                                         clknet_2_1_0_HCLK (net)
                      0.056608    0.003110   10.446604 ^ clkbuf_3_2__f_HCLK/A (sky130_fd_sc_hd__clkbuf_16)
    10    0.035106    0.041785    0.101338   10.547941 ^ clkbuf_3_2__f_HCLK/X (sky130_fd_sc_hd__clkbuf_16)
                                                         clknet_3_2__leaf_HCLK (net)
                      0.041804    0.001041   10.548983 ^ _157_/CLK (sky130_fd_sc_hd__dfrtp_1)
                                 -0.250000   10.298983   clock uncertainty
                                  0.000000   10.298983   clock reconvergence pessimism
                                  0.131125   10.430108   library recovery time
                                             10.430108   data required time
---------------------------------------------------------------------------------------------
                                             10.430108   data required time
                                             -2.638103   data arrival time
---------------------------------------------------------------------------------------------
                                              7.792005   slack (MET)


Startpoint: HRESETn (input port clocked by HCLK)
Endpoint: _159_ (recovery check against rising-edge clock HCLK)
Path Group: asynchronous
Path Type: max

Fanout         Cap        Slew       Delay        Time   Description
---------------------------------------------------------------------------------------------
                                  0.000000    0.000000   clock HCLK (rise edge)
                                  0.000000    0.000000   clock network delay (propagated)
                                  2.000000    2.000000 ^ input external delay
     1    0.002959    0.014484    0.007637    2.007637 ^ HRESETn (in)
                                                         HRESETn (net)
                      0.014484    0.000000    2.007637 ^ input34/A (sky130_fd_sc_hd__buf_1)
     1    0.010831    0.099617    0.094873    2.102510 ^ input34/X (sky130_fd_sc_hd__buf_1)
                                                         net34 (net)
                      0.099618    0.000275    2.102786 ^ fanout192/A (sky130_fd_sc_hd__buf_8)
     6    0.126081    0.154012    0.147687    2.250473 ^ fanout192/X (sky130_fd_sc_hd__buf_8)
                                                         net192 (net)
                      0.162100    0.026859    2.277332 ^ fanout187/A (sky130_fd_sc_hd__buf_8)
     6    0.140986    0.173558    0.169910    2.447242 ^ fanout187/X (sky130_fd_sc_hd__buf_8)
                                                         net187 (net)
                      0.175272    0.013987    2.461229 ^ fanout186/A (sky130_fd_sc_hd__clkbuf_4)
    10    0.044339    0.106835    0.175726    2.636955 ^ fanout186/X (sky130_fd_sc_hd__clkbuf_4)
                                                         net186 (net)
                      0.106842    0.000992    2.637947 ^ _159_/RESET_B (sky130_fd_sc_hd__dfrtp_1)
                                              2.637947   data arrival time

                                 10.000000   10.000000   clock HCLK (rise edge)
                                  0.000000   10.000000   clock source latency
     1    0.055995    0.191291    0.137855   10.137856 ^ HCLK (in)
                                                         HCLK (net)
                      0.192114    0.000000   10.137856 ^ clkbuf_0_HCLK/A (sky130_fd_sc_hd__clkbuf_16)
     5    0.123293    0.107273    0.173709   10.311564 ^ clkbuf_0_HCLK/X (sky130_fd_sc_hd__clkbuf_16)
                                                         clknet_0_HCLK (net)
                      0.108547    0.009308   10.320872 ^ clkbuf_2_1_0_HCLK/A (sky130_fd_sc_hd__clkbuf_8)
     2    0.035398    0.056328    0.122621   10.443494 ^ clkbuf_2_1_0_HCLK/X (sky130_fd_sc_hd__clkbuf_8)
                                                         clknet_2_1_0_HCLK (net)
                      0.056608    0.003110   10.446604 ^ clkbuf_3_2__f_HCLK/A (sky130_fd_sc_hd__clkbuf_16)
    10    0.035106    0.041785    0.101338   10.547941 ^ clkbuf_3_2__f_HCLK/X (sky130_fd_sc_hd__clkbuf_16)
                                                         clknet_3_2__leaf_HCLK (net)
                      0.041814    0.001165   10.549107 ^ _159_/CLK (sky130_fd_sc_hd__dfrtp_1)
                                 -0.250000   10.299107   clock uncertainty
                                  0.000000   10.299107   clock reconvergence pessimism
                                  0.131127   10.430234   library recovery time
                                             10.430234   data required time
---------------------------------------------------------------------------------------------
                                             10.430234   data required time
                                             -2.637947   data arrival time
---------------------------------------------------------------------------------------------
                                              7.792287   slack (MET)


Startpoint: HRESETn (input port clocked by HCLK)
Endpoint: _180_ (recovery check against rising-edge clock HCLK)
Path Group: asynchronous
Path Type: max

Fanout         Cap        Slew       Delay        Time   Description
---------------------------------------------------------------------------------------------
                                  0.000000    0.000000   clock HCLK (rise edge)
                                  0.000000    0.000000   clock network delay (propagated)
                                  2.000000    2.000000 ^ input external delay
     1    0.002959    0.014484    0.007637    2.007637 ^ HRESETn (in)
                                                         HRESETn (net)
                      0.014484    0.000000    2.007637 ^ input34/A (sky130_fd_sc_hd__buf_1)
     1    0.010831    0.099617    0.094873    2.102510 ^ input34/X (sky130_fd_sc_hd__buf_1)
                                                         net34 (net)
                      0.099618    0.000275    2.102786 ^ fanout192/A (sky130_fd_sc_hd__buf_8)
     6    0.126081    0.154012    0.147687    2.250473 ^ fanout192/X (sky130_fd_sc_hd__buf_8)
                                                         net192 (net)
                      0.162100    0.026859    2.277332 ^ fanout187/A (sky130_fd_sc_hd__buf_8)
     6    0.140986    0.173558    0.169910    2.447242 ^ fanout187/X (sky130_fd_sc_hd__buf_8)
                                                         net187 (net)
                      0.175272    0.013987    2.461229 ^ fanout186/A (sky130_fd_sc_hd__clkbuf_4)
    10    0.044339    0.106835    0.175726    2.636955 ^ fanout186/X (sky130_fd_sc_hd__clkbuf_4)
                                                         net186 (net)
                      0.106836    0.000662    2.637617 ^ _180_/RESET_B (sky130_fd_sc_hd__dfrtp_1)
                                              2.637617   data arrival time

                                 10.000000   10.000000   clock HCLK (rise edge)
                                  0.000000   10.000000   clock source latency
     1    0.055995    0.191291    0.137855   10.137856 ^ HCLK (in)
                                                         HCLK (net)
                      0.192114    0.000000   10.137856 ^ clkbuf_0_HCLK/A (sky130_fd_sc_hd__clkbuf_16)
     5    0.123293    0.107273    0.173709   10.311564 ^ clkbuf_0_HCLK/X (sky130_fd_sc_hd__clkbuf_16)
                                                         clknet_0_HCLK (net)
                      0.108547    0.009308   10.320872 ^ clkbuf_2_1_0_HCLK/A (sky130_fd_sc_hd__clkbuf_8)
     2    0.035398    0.056328    0.122621   10.443494 ^ clkbuf_2_1_0_HCLK/X (sky130_fd_sc_hd__clkbuf_8)
                                                         clknet_2_1_0_HCLK (net)
                      0.056608    0.003110   10.446604 ^ clkbuf_3_2__f_HCLK/A (sky130_fd_sc_hd__clkbuf_16)
    10    0.035106    0.041785    0.101338   10.547941 ^ clkbuf_3_2__f_HCLK/X (sky130_fd_sc_hd__clkbuf_16)
                                                         clknet_3_2__leaf_HCLK (net)
                      0.041828    0.001329   10.549271 ^ _180_/CLK (sky130_fd_sc_hd__dfrtp_1)
                                 -0.250000   10.299271   clock uncertainty
                                  0.000000   10.299271   clock reconvergence pessimism
                                  0.131131   10.430401   library recovery time
                                             10.430401   data required time
---------------------------------------------------------------------------------------------
                                             10.430401   data required time
                                             -2.637617   data arrival time
---------------------------------------------------------------------------------------------
                                              7.792784   slack (MET)


Startpoint: HRESETn (input port clocked by HCLK)
Endpoint: _175_ (recovery check against rising-edge clock HCLK)
Path Group: asynchronous
Path Type: max

Fanout         Cap        Slew       Delay        Time   Description
---------------------------------------------------------------------------------------------
                                  0.000000    0.000000   clock HCLK (rise edge)
                                  0.000000    0.000000   clock network delay (propagated)
                                  2.000000    2.000000 ^ input external delay
     1    0.002959    0.014484    0.007637    2.007637 ^ HRESETn (in)
                                                         HRESETn (net)
                      0.014484    0.000000    2.007637 ^ input34/A (sky130_fd_sc_hd__buf_1)
     1    0.010831    0.099617    0.094873    2.102510 ^ input34/X (sky130_fd_sc_hd__buf_1)
                                                         net34 (net)
                      0.099618    0.000275    2.102786 ^ fanout192/A (sky130_fd_sc_hd__buf_8)
     6    0.126081    0.154012    0.147687    2.250473 ^ fanout192/X (sky130_fd_sc_hd__buf_8)
                                                         net192 (net)
                      0.162100    0.026859    2.277332 ^ fanout187/A (sky130_fd_sc_hd__buf_8)
     6    0.140986    0.173558    0.169910    2.447242 ^ fanout187/X (sky130_fd_sc_hd__buf_8)
                                                         net187 (net)
                      0.175272    0.013987    2.461229 ^ fanout186/A (sky130_fd_sc_hd__clkbuf_4)
    10    0.044339    0.106835    0.175726    2.636955 ^ fanout186/X (sky130_fd_sc_hd__clkbuf_4)
                                                         net186 (net)
                      0.106835    0.000513    2.637468 ^ _175_/RESET_B (sky130_fd_sc_hd__dfrtp_1)
                                              2.637468   data arrival time

                                 10.000000   10.000000   clock HCLK (rise edge)
                                  0.000000   10.000000   clock source latency
     1    0.055995    0.191291    0.137855   10.137856 ^ HCLK (in)
                                                         HCLK (net)
                      0.192114    0.000000   10.137856 ^ clkbuf_0_HCLK/A (sky130_fd_sc_hd__clkbuf_16)
     5    0.123293    0.107273    0.173709   10.311564 ^ clkbuf_0_HCLK/X (sky130_fd_sc_hd__clkbuf_16)
                                                         clknet_0_HCLK (net)
                      0.108547    0.009308   10.320872 ^ clkbuf_2_1_0_HCLK/A (sky130_fd_sc_hd__clkbuf_8)
     2    0.035398    0.056328    0.122621   10.443494 ^ clkbuf_2_1_0_HCLK/X (sky130_fd_sc_hd__clkbuf_8)
                                                         clknet_2_1_0_HCLK (net)
                      0.056608    0.003110   10.446604 ^ clkbuf_3_2__f_HCLK/A (sky130_fd_sc_hd__clkbuf_16)
    10    0.035106    0.041785    0.101338   10.547941 ^ clkbuf_3_2__f_HCLK/X (sky130_fd_sc_hd__clkbuf_16)
                                                         clknet_3_2__leaf_HCLK (net)
                      0.041833    0.001378   10.549319 ^ _175_/CLK (sky130_fd_sc_hd__dfrtp_1)
                                 -0.250000   10.299319   clock uncertainty
                                  0.000000   10.299319   clock reconvergence pessimism
                                  0.131132   10.430450   library recovery time
                                             10.430450   data required time
---------------------------------------------------------------------------------------------
                                             10.430450   data required time
                                             -2.637468   data arrival time
---------------------------------------------------------------------------------------------
                                              7.792983   slack (MET)


Startpoint: HRESETn (input port clocked by HCLK)
Endpoint: _197_ (recovery check against rising-edge clock HCLK)
Path Group: asynchronous
Path Type: max

Fanout         Cap        Slew       Delay        Time   Description
---------------------------------------------------------------------------------------------
                                  0.000000    0.000000   clock HCLK (rise edge)
                                  0.000000    0.000000   clock network delay (propagated)
                                  2.000000    2.000000 ^ input external delay
     1    0.002959    0.014484    0.007637    2.007637 ^ HRESETn (in)
                                                         HRESETn (net)
                      0.014484    0.000000    2.007637 ^ input34/A (sky130_fd_sc_hd__buf_1)
     1    0.010831    0.099617    0.094873    2.102510 ^ input34/X (sky130_fd_sc_hd__buf_1)
                                                         net34 (net)
                      0.099618    0.000275    2.102786 ^ fanout192/A (sky130_fd_sc_hd__buf_8)
     6    0.126081    0.154012    0.147687    2.250473 ^ fanout192/X (sky130_fd_sc_hd__buf_8)
                                                         net192 (net)
                      0.162100    0.026859    2.277332 ^ fanout187/A (sky130_fd_sc_hd__buf_8)
     6    0.140986    0.173558    0.169910    2.447242 ^ fanout187/X (sky130_fd_sc_hd__buf_8)
                                                         net187 (net)
                      0.179484    0.025222    2.472465 ^ fanout185/A (sky130_fd_sc_hd__buf_8)
    11    0.126658    0.156091    0.158483    2.630948 ^ fanout185/X (sky130_fd_sc_hd__buf_8)
                                                         net185 (net)
                      0.156092    0.000435    2.631383 ^ _197_/RESET_B (sky130_fd_sc_hd__dfrtp_1)
                                              2.631383   data arrival time

                                 10.000000   10.000000   clock HCLK (rise edge)
                                  0.000000   10.000000   clock source latency
     1    0.055995    0.191291    0.137855   10.137856 ^ HCLK (in)
                                                         HCLK (net)
                      0.192114    0.000000   10.137856 ^ clkbuf_0_HCLK/A (sky130_fd_sc_hd__clkbuf_16)
     5    0.123293    0.107273    0.173709   10.311564 ^ clkbuf_0_HCLK/X (sky130_fd_sc_hd__clkbuf_16)
                                                         clknet_0_HCLK (net)
                      0.108450    0.008954   10.320518 ^ clkbuf_2_0_0_HCLK/A (sky130_fd_sc_hd__clkbuf_8)
     2    0.038403    0.059943    0.125842   10.446361 ^ clkbuf_2_0_0_HCLK/X (sky130_fd_sc_hd__clkbuf_8)
                                                         clknet_2_0_0_HCLK (net)
                      0.060132    0.002348   10.448709 ^ clkbuf_3_1__f_HCLK/A (sky130_fd_sc_hd__clkbuf_16)
     7    0.033698    0.040665    0.100963   10.549672 ^ clkbuf_3_1__f_HCLK/X (sky130_fd_sc_hd__clkbuf_16)
                                                         clknet_3_1__leaf_HCLK (net)
                      0.041052    0.003155   10.552827 ^ _197_/CLK (sky130_fd_sc_hd__dfrtp_1)
                                 -0.250000   10.302827   clock uncertainty
                                  0.000000   10.302827   clock reconvergence pessimism
                                  0.121819   10.424644   library recovery time
                                             10.424644   data required time
---------------------------------------------------------------------------------------------
                                             10.424644   data required time
                                             -2.631383   data arrival time
---------------------------------------------------------------------------------------------
                                              7.793262   slack (MET)


Startpoint: HRESETn (input port clocked by HCLK)
Endpoint: _168_ (recovery check against rising-edge clock HCLK)
Path Group: asynchronous
Path Type: max

Fanout         Cap        Slew       Delay        Time   Description
---------------------------------------------------------------------------------------------
                                  0.000000    0.000000   clock HCLK (rise edge)
                                  0.000000    0.000000   clock network delay (propagated)
                                  2.000000    2.000000 ^ input external delay
     1    0.002959    0.014484    0.007637    2.007637 ^ HRESETn (in)
                                                         HRESETn (net)
                      0.014484    0.000000    2.007637 ^ input34/A (sky130_fd_sc_hd__buf_1)
     1    0.010831    0.099617    0.094873    2.102510 ^ input34/X (sky130_fd_sc_hd__buf_1)
                                                         net34 (net)
                      0.099618    0.000275    2.102786 ^ fanout192/A (sky130_fd_sc_hd__buf_8)
     6    0.126081    0.154012    0.147687    2.250473 ^ fanout192/X (sky130_fd_sc_hd__buf_8)
                                                         net192 (net)
                      0.162100    0.026859    2.277332 ^ fanout187/A (sky130_fd_sc_hd__buf_8)
     6    0.140986    0.173558    0.169910    2.447242 ^ fanout187/X (sky130_fd_sc_hd__buf_8)
                                                         net187 (net)
                      0.175272    0.013987    2.461229 ^ fanout186/A (sky130_fd_sc_hd__clkbuf_4)
    10    0.044339    0.106835    0.175726    2.636955 ^ fanout186/X (sky130_fd_sc_hd__clkbuf_4)
                                                         net186 (net)
                      0.106835    0.000274    2.637229 ^ _168_/RESET_B (sky130_fd_sc_hd__dfrtp_1)
                                              2.637229   data arrival time

                                 10.000000   10.000000   clock HCLK (rise edge)
                                  0.000000   10.000000   clock source latency
     1    0.055995    0.191291    0.137855   10.137856 ^ HCLK (in)
                                                         HCLK (net)
                      0.192114    0.000000   10.137856 ^ clkbuf_0_HCLK/A (sky130_fd_sc_hd__clkbuf_16)
     5    0.123293    0.107273    0.173709   10.311564 ^ clkbuf_0_HCLK/X (sky130_fd_sc_hd__clkbuf_16)
                                                         clknet_0_HCLK (net)
                      0.108547    0.009308   10.320872 ^ clkbuf_2_1_0_HCLK/A (sky130_fd_sc_hd__clkbuf_8)
     2    0.035398    0.056328    0.122621   10.443494 ^ clkbuf_2_1_0_HCLK/X (sky130_fd_sc_hd__clkbuf_8)
                                                         clknet_2_1_0_HCLK (net)
                      0.056608    0.003110   10.446604 ^ clkbuf_3_2__f_HCLK/A (sky130_fd_sc_hd__clkbuf_16)
    10    0.035106    0.041785    0.101338   10.547941 ^ clkbuf_3_2__f_HCLK/X (sky130_fd_sc_hd__clkbuf_16)
                                                         clknet_3_2__leaf_HCLK (net)
                      0.041838    0.001435   10.549376 ^ _168_/CLK (sky130_fd_sc_hd__dfrtp_1)
                                 -0.250000   10.299376   clock uncertainty
                                  0.000000   10.299376   clock reconvergence pessimism
                                  0.131132   10.430510   library recovery time
                                             10.430510   data required time
---------------------------------------------------------------------------------------------
                                             10.430510   data required time
                                             -2.637229   data arrival time
---------------------------------------------------------------------------------------------
                                              7.793281   slack (MET)


Startpoint: HRESETn (input port clocked by HCLK)
Endpoint: _208_ (recovery check against rising-edge clock HCLK)
Path Group: asynchronous
Path Type: max

Fanout         Cap        Slew       Delay        Time   Description
---------------------------------------------------------------------------------------------
                                  0.000000    0.000000   clock HCLK (rise edge)
                                  0.000000    0.000000   clock network delay (propagated)
                                  2.000000    2.000000 ^ input external delay
     1    0.002959    0.014484    0.007637    2.007637 ^ HRESETn (in)
                                                         HRESETn (net)
                      0.014484    0.000000    2.007637 ^ input34/A (sky130_fd_sc_hd__buf_1)
     1    0.010831    0.099617    0.094873    2.102510 ^ input34/X (sky130_fd_sc_hd__buf_1)
                                                         net34 (net)
                      0.099618    0.000275    2.102786 ^ fanout192/A (sky130_fd_sc_hd__buf_8)
     6    0.126081    0.154012    0.147687    2.250473 ^ fanout192/X (sky130_fd_sc_hd__buf_8)
                                                         net192 (net)
                      0.154093    0.003228    2.253701 ^ fanout189/A (sky130_fd_sc_hd__clkbuf_4)
     8    0.049917    0.118084    0.179582    2.433283 ^ fanout189/X (sky130_fd_sc_hd__clkbuf_4)
                                                         net189 (net)
                      0.118086    0.000419    2.433702 ^ fanout188/A (sky130_fd_sc_hd__clkbuf_4)
    10    0.050116    0.118143    0.174061    2.607762 ^ fanout188/X (sky130_fd_sc_hd__clkbuf_4)
                                                         net188 (net)
                      0.118252    0.002187    2.609949 ^ _208_/RESET_B (sky130_fd_sc_hd__dfrtp_1)
                                              2.609949   data arrival time

                                 10.000000   10.000000   clock HCLK (rise edge)
                                  0.000000   10.000000   clock source latency
     1    0.055995    0.191291    0.137855   10.137856 ^ HCLK (in)
                                                         HCLK (net)
                      0.192114    0.000000   10.137856 ^ clkbuf_0_HCLK/A (sky130_fd_sc_hd__clkbuf_16)
     5    0.123293    0.107273    0.173709   10.311564 ^ clkbuf_0_HCLK/X (sky130_fd_sc_hd__clkbuf_16)
                                                         clknet_0_HCLK (net)
                      0.108206    0.007999   10.319563 ^ clkbuf_2_2_0_HCLK/A (sky130_fd_sc_hd__clkbuf_8)
     2    0.034011    0.054612    0.121526   10.441090 ^ clkbuf_2_2_0_HCLK/X (sky130_fd_sc_hd__clkbuf_8)
                                                         clknet_2_2_0_HCLK (net)
                      0.054886    0.002741   10.443830 ^ clkbuf_3_5__f_HCLK/A (sky130_fd_sc_hd__clkbuf_16)
    11    0.033948    0.040931    0.100302   10.544132 ^ clkbuf_3_5__f_HCLK/X (sky130_fd_sc_hd__clkbuf_16)
                                                         clknet_3_5__leaf_HCLK (net)
                      0.040934    0.000655   10.544787 ^ _208_/CLK (sky130_fd_sc_hd__dfrtp_1)
                                 -0.250000   10.294787   clock uncertainty
                                  0.000000   10.294787   clock reconvergence pessimism
                                  0.128863   10.423651   library recovery time
                                             10.423651   data required time
---------------------------------------------------------------------------------------------
                                             10.423651   data required time
                                             -2.609949   data arrival time
---------------------------------------------------------------------------------------------
                                              7.813702   slack (MET)


Startpoint: HRESETn (input port clocked by HCLK)
Endpoint: _188_ (recovery check against rising-edge clock HCLK)
Path Group: asynchronous
Path Type: max

Fanout         Cap        Slew       Delay        Time   Description
---------------------------------------------------------------------------------------------
                                  0.000000    0.000000   clock HCLK (rise edge)
                                  0.000000    0.000000   clock network delay (propagated)
                                  2.000000    2.000000 ^ input external delay
     1    0.002959    0.014484    0.007637    2.007637 ^ HRESETn (in)
                                                         HRESETn (net)
                      0.014484    0.000000    2.007637 ^ input34/A (sky130_fd_sc_hd__buf_1)
     1    0.010831    0.099617    0.094873    2.102510 ^ input34/X (sky130_fd_sc_hd__buf_1)
                                                         net34 (net)
                      0.099618    0.000275    2.102786 ^ fanout192/A (sky130_fd_sc_hd__buf_8)
     6    0.126081    0.154012    0.147687    2.250473 ^ fanout192/X (sky130_fd_sc_hd__buf_8)
                                                         net192 (net)
                      0.154093    0.003228    2.253701 ^ fanout189/A (sky130_fd_sc_hd__clkbuf_4)
     8    0.049917    0.118084    0.179582    2.433283 ^ fanout189/X (sky130_fd_sc_hd__clkbuf_4)
                                                         net189 (net)
                      0.118086    0.000419    2.433702 ^ fanout188/A (sky130_fd_sc_hd__clkbuf_4)
    10    0.050116    0.118143    0.174061    2.607762 ^ fanout188/X (sky130_fd_sc_hd__clkbuf_4)
                                                         net188 (net)
                      0.118256    0.002259    2.610021 ^ _188_/RESET_B (sky130_fd_sc_hd__dfrtp_1)
                                              2.610021   data arrival time

                                 10.000000   10.000000   clock HCLK (rise edge)
                                  0.000000   10.000000   clock source latency
     1    0.055995    0.191291    0.137855   10.137856 ^ HCLK (in)
                                                         HCLK (net)
                      0.192114    0.000000   10.137856 ^ clkbuf_0_HCLK/A (sky130_fd_sc_hd__clkbuf_16)
     5    0.123293    0.107273    0.173709   10.311564 ^ clkbuf_0_HCLK/X (sky130_fd_sc_hd__clkbuf_16)
                                                         clknet_0_HCLK (net)
                      0.108206    0.007999   10.319563 ^ clkbuf_2_2_0_HCLK/A (sky130_fd_sc_hd__clkbuf_8)
     2    0.034011    0.054612    0.121526   10.441090 ^ clkbuf_2_2_0_HCLK/X (sky130_fd_sc_hd__clkbuf_8)
                                                         clknet_2_2_0_HCLK (net)
                      0.054886    0.002741   10.443830 ^ clkbuf_3_5__f_HCLK/A (sky130_fd_sc_hd__clkbuf_16)
    11    0.033948    0.040931    0.100302   10.544132 ^ clkbuf_3_5__f_HCLK/X (sky130_fd_sc_hd__clkbuf_16)
                                                         clknet_3_5__leaf_HCLK (net)
                      0.040936    0.000817   10.544950 ^ _188_/CLK (sky130_fd_sc_hd__dfrtp_1)
                                 -0.250000   10.294950   clock uncertainty
                                  0.000000   10.294950   clock reconvergence pessimism
                                  0.128863   10.423812   library recovery time
                                             10.423812   data required time
---------------------------------------------------------------------------------------------
                                             10.423812   data required time
                                             -2.610021   data arrival time
---------------------------------------------------------------------------------------------
                                              7.813791   slack (MET)


Startpoint: HRESETn (input port clocked by HCLK)
Endpoint: _173_ (recovery check against rising-edge clock HCLK)
Path Group: asynchronous
Path Type: max

Fanout         Cap        Slew       Delay        Time   Description
---------------------------------------------------------------------------------------------
                                  0.000000    0.000000   clock HCLK (rise edge)
                                  0.000000    0.000000   clock network delay (propagated)
                                  2.000000    2.000000 ^ input external delay
     1    0.002959    0.014484    0.007637    2.007637 ^ HRESETn (in)
                                                         HRESETn (net)
                      0.014484    0.000000    2.007637 ^ input34/A (sky130_fd_sc_hd__buf_1)
     1    0.010831    0.099617    0.094873    2.102510 ^ input34/X (sky130_fd_sc_hd__buf_1)
                                                         net34 (net)
                      0.099618    0.000275    2.102786 ^ fanout192/A (sky130_fd_sc_hd__buf_8)
     6    0.126081    0.154012    0.147687    2.250473 ^ fanout192/X (sky130_fd_sc_hd__buf_8)
                                                         net192 (net)
                      0.154093    0.003228    2.253701 ^ fanout189/A (sky130_fd_sc_hd__clkbuf_4)
     8    0.049917    0.118084    0.179582    2.433283 ^ fanout189/X (sky130_fd_sc_hd__clkbuf_4)
                                                         net189 (net)
                      0.118086    0.000419    2.433702 ^ fanout188/A (sky130_fd_sc_hd__clkbuf_4)
    10    0.050116    0.118143    0.174061    2.607762 ^ fanout188/X (sky130_fd_sc_hd__clkbuf_4)
                                                         net188 (net)
                      0.118262    0.002354    2.610116 ^ _173_/RESET_B (sky130_fd_sc_hd__dfrtp_1)
                                              2.610116   data arrival time

                                 10.000000   10.000000   clock HCLK (rise edge)
                                  0.000000   10.000000   clock source latency
     1    0.055995    0.191291    0.137855   10.137856 ^ HCLK (in)
                                                         HCLK (net)
                      0.192114    0.000000   10.137856 ^ clkbuf_0_HCLK/A (sky130_fd_sc_hd__clkbuf_16)
     5    0.123293    0.107273    0.173709   10.311564 ^ clkbuf_0_HCLK/X (sky130_fd_sc_hd__clkbuf_16)
                                                         clknet_0_HCLK (net)
                      0.108206    0.007999   10.319563 ^ clkbuf_2_2_0_HCLK/A (sky130_fd_sc_hd__clkbuf_8)
     2    0.034011    0.054612    0.121526   10.441090 ^ clkbuf_2_2_0_HCLK/X (sky130_fd_sc_hd__clkbuf_8)
                                                         clknet_2_2_0_HCLK (net)
                      0.054886    0.002741   10.443830 ^ clkbuf_3_5__f_HCLK/A (sky130_fd_sc_hd__clkbuf_16)
    11    0.033948    0.040931    0.100302   10.544132 ^ clkbuf_3_5__f_HCLK/X (sky130_fd_sc_hd__clkbuf_16)
                                                         clknet_3_5__leaf_HCLK (net)
                      0.040942    0.000993   10.545125 ^ _173_/CLK (sky130_fd_sc_hd__dfrtp_1)
                                 -0.250000   10.295125   clock uncertainty
                                  0.000000   10.295125   clock reconvergence pessimism
                                  0.128863   10.423987   library recovery time
                                             10.423987   data required time
---------------------------------------------------------------------------------------------
                                             10.423987   data required time
                                             -2.610116   data arrival time
---------------------------------------------------------------------------------------------
                                              7.813871   slack (MET)


Startpoint: HRESETn (input port clocked by HCLK)
Endpoint: _192_ (recovery check against rising-edge clock HCLK)
Path Group: asynchronous
Path Type: max

Fanout         Cap        Slew       Delay        Time   Description
---------------------------------------------------------------------------------------------
                                  0.000000    0.000000   clock HCLK (rise edge)
                                  0.000000    0.000000   clock network delay (propagated)
                                  2.000000    2.000000 ^ input external delay
     1    0.002959    0.014484    0.007637    2.007637 ^ HRESETn (in)
                                                         HRESETn (net)
                      0.014484    0.000000    2.007637 ^ input34/A (sky130_fd_sc_hd__buf_1)
     1    0.010831    0.099617    0.094873    2.102510 ^ input34/X (sky130_fd_sc_hd__buf_1)
                                                         net34 (net)
                      0.099618    0.000275    2.102786 ^ fanout192/A (sky130_fd_sc_hd__buf_8)
     6    0.126081    0.154012    0.147687    2.250473 ^ fanout192/X (sky130_fd_sc_hd__buf_8)
                                                         net192 (net)
                      0.154093    0.003228    2.253701 ^ fanout189/A (sky130_fd_sc_hd__clkbuf_4)
     8    0.049917    0.118084    0.179582    2.433283 ^ fanout189/X (sky130_fd_sc_hd__clkbuf_4)
                                                         net189 (net)
                      0.118086    0.000419    2.433702 ^ fanout188/A (sky130_fd_sc_hd__clkbuf_4)
    10    0.050116    0.118143    0.174061    2.607762 ^ fanout188/X (sky130_fd_sc_hd__clkbuf_4)
                                                         net188 (net)
                      0.118241    0.001982    2.609744 ^ _192_/RESET_B (sky130_fd_sc_hd__dfrtp_1)
                                              2.609744   data arrival time

                                 10.000000   10.000000   clock HCLK (rise edge)
                                  0.000000   10.000000   clock source latency
     1    0.055995    0.191291    0.137855   10.137856 ^ HCLK (in)
                                                         HCLK (net)
                      0.192114    0.000000   10.137856 ^ clkbuf_0_HCLK/A (sky130_fd_sc_hd__clkbuf_16)
     5    0.123293    0.107273    0.173709   10.311564 ^ clkbuf_0_HCLK/X (sky130_fd_sc_hd__clkbuf_16)
                                                         clknet_0_HCLK (net)
                      0.108206    0.007999   10.319563 ^ clkbuf_2_2_0_HCLK/A (sky130_fd_sc_hd__clkbuf_8)
     2    0.034011    0.054612    0.121526   10.441090 ^ clkbuf_2_2_0_HCLK/X (sky130_fd_sc_hd__clkbuf_8)
                                                         clknet_2_2_0_HCLK (net)
                      0.054886    0.002741   10.443830 ^ clkbuf_3_5__f_HCLK/A (sky130_fd_sc_hd__clkbuf_16)
    11    0.033948    0.040931    0.100302   10.544132 ^ clkbuf_3_5__f_HCLK/X (sky130_fd_sc_hd__clkbuf_16)
                                                         clknet_3_5__leaf_HCLK (net)
                      0.040933    0.000618   10.544750 ^ _192_/CLK (sky130_fd_sc_hd__dfrtp_1)
                                 -0.250000   10.294750   clock uncertainty
                                  0.000000   10.294750   clock reconvergence pessimism
                                  0.128865   10.423615   library recovery time
                                             10.423615   data required time
---------------------------------------------------------------------------------------------
                                             10.423615   data required time
                                             -2.609744   data arrival time
---------------------------------------------------------------------------------------------
                                              7.813871   slack (MET)


Startpoint: HRESETn (input port clocked by HCLK)
Endpoint: _153_ (recovery check against rising-edge clock HCLK)
Path Group: asynchronous
Path Type: max

Fanout         Cap        Slew       Delay        Time   Description
---------------------------------------------------------------------------------------------
                                  0.000000    0.000000   clock HCLK (rise edge)
                                  0.000000    0.000000   clock network delay (propagated)
                                  2.000000    2.000000 ^ input external delay
     1    0.002959    0.014484    0.007637    2.007637 ^ HRESETn (in)
                                                         HRESETn (net)
                      0.014484    0.000000    2.007637 ^ input34/A (sky130_fd_sc_hd__buf_1)
     1    0.010831    0.099617    0.094873    2.102510 ^ input34/X (sky130_fd_sc_hd__buf_1)
                                                         net34 (net)
                      0.099618    0.000275    2.102786 ^ fanout192/A (sky130_fd_sc_hd__buf_8)
     6    0.126081    0.154012    0.147687    2.250473 ^ fanout192/X (sky130_fd_sc_hd__buf_8)
                                                         net192 (net)
                      0.154093    0.003228    2.253701 ^ fanout189/A (sky130_fd_sc_hd__clkbuf_4)
     8    0.049917    0.118084    0.179582    2.433283 ^ fanout189/X (sky130_fd_sc_hd__clkbuf_4)
                                                         net189 (net)
                      0.118086    0.000419    2.433702 ^ fanout188/A (sky130_fd_sc_hd__clkbuf_4)
    10    0.050116    0.118143    0.174061    2.607762 ^ fanout188/X (sky130_fd_sc_hd__clkbuf_4)
                                                         net188 (net)
                      0.118266    0.002421    2.610183 ^ _153_/RESET_B (sky130_fd_sc_hd__dfrtp_1)
                                              2.610183   data arrival time

                                 10.000000   10.000000   clock HCLK (rise edge)
                                  0.000000   10.000000   clock source latency
     1    0.055995    0.191291    0.137855   10.137856 ^ HCLK (in)
                                                         HCLK (net)
                      0.192114    0.000000   10.137856 ^ clkbuf_0_HCLK/A (sky130_fd_sc_hd__clkbuf_16)
     5    0.123293    0.107273    0.173709   10.311564 ^ clkbuf_0_HCLK/X (sky130_fd_sc_hd__clkbuf_16)
                                                         clknet_0_HCLK (net)
                      0.108206    0.007999   10.319563 ^ clkbuf_2_2_0_HCLK/A (sky130_fd_sc_hd__clkbuf_8)
     2    0.034011    0.054612    0.121526   10.441090 ^ clkbuf_2_2_0_HCLK/X (sky130_fd_sc_hd__clkbuf_8)
                                                         clknet_2_2_0_HCLK (net)
                      0.054886    0.002741   10.443830 ^ clkbuf_3_5__f_HCLK/A (sky130_fd_sc_hd__clkbuf_16)
    11    0.033948    0.040931    0.100302   10.544132 ^ clkbuf_3_5__f_HCLK/X (sky130_fd_sc_hd__clkbuf_16)
                                                         clknet_3_5__leaf_HCLK (net)
                      0.040948    0.001090   10.545222 ^ _153_/CLK (sky130_fd_sc_hd__dfrtp_1)
                                 -0.250000   10.295222   clock uncertainty
                                  0.000000   10.295222   clock reconvergence pessimism
                                  0.128863   10.424085   library recovery time
                                             10.424085   data required time
---------------------------------------------------------------------------------------------
                                             10.424085   data required time
                                             -2.610183   data arrival time
---------------------------------------------------------------------------------------------
                                              7.813903   slack (MET)


Startpoint: HRESETn (input port clocked by HCLK)
Endpoint: _185_ (recovery check against rising-edge clock HCLK)
Path Group: asynchronous
Path Type: max

Fanout         Cap        Slew       Delay        Time   Description
---------------------------------------------------------------------------------------------
                                  0.000000    0.000000   clock HCLK (rise edge)
                                  0.000000    0.000000   clock network delay (propagated)
                                  2.000000    2.000000 ^ input external delay
     1    0.002959    0.014484    0.007637    2.007637 ^ HRESETn (in)
                                                         HRESETn (net)
                      0.014484    0.000000    2.007637 ^ input34/A (sky130_fd_sc_hd__buf_1)
     1    0.010831    0.099617    0.094873    2.102510 ^ input34/X (sky130_fd_sc_hd__buf_1)
                                                         net34 (net)
                      0.099618    0.000275    2.102786 ^ fanout192/A (sky130_fd_sc_hd__buf_8)
     6    0.126081    0.154012    0.147687    2.250473 ^ fanout192/X (sky130_fd_sc_hd__buf_8)
                                                         net192 (net)
                      0.154093    0.003228    2.253701 ^ fanout189/A (sky130_fd_sc_hd__clkbuf_4)
     8    0.049917    0.118084    0.179582    2.433283 ^ fanout189/X (sky130_fd_sc_hd__clkbuf_4)
                                                         net189 (net)
                      0.118086    0.000419    2.433702 ^ fanout188/A (sky130_fd_sc_hd__clkbuf_4)
    10    0.050116    0.118143    0.174061    2.607762 ^ fanout188/X (sky130_fd_sc_hd__clkbuf_4)
                                                         net188 (net)
                      0.118228    0.001712    2.609474 ^ _185_/RESET_B (sky130_fd_sc_hd__dfrtp_1)
                                              2.609474   data arrival time

                                 10.000000   10.000000   clock HCLK (rise edge)
                                  0.000000   10.000000   clock source latency
     1    0.055995    0.191291    0.137855   10.137856 ^ HCLK (in)
                                                         HCLK (net)
                      0.192114    0.000000   10.137856 ^ clkbuf_0_HCLK/A (sky130_fd_sc_hd__clkbuf_16)
     5    0.123293    0.107273    0.173709   10.311564 ^ clkbuf_0_HCLK/X (sky130_fd_sc_hd__clkbuf_16)
                                                         clknet_0_HCLK (net)
                      0.108206    0.007999   10.319563 ^ clkbuf_2_2_0_HCLK/A (sky130_fd_sc_hd__clkbuf_8)
     2    0.034011    0.054612    0.121526   10.441090 ^ clkbuf_2_2_0_HCLK/X (sky130_fd_sc_hd__clkbuf_8)
                                                         clknet_2_2_0_HCLK (net)
                      0.054886    0.002741   10.443830 ^ clkbuf_3_5__f_HCLK/A (sky130_fd_sc_hd__clkbuf_16)
    11    0.033948    0.040931    0.100302   10.544132 ^ clkbuf_3_5__f_HCLK/X (sky130_fd_sc_hd__clkbuf_16)
                                                         clknet_3_5__leaf_HCLK (net)
                      0.040934    0.000646   10.544778 ^ _185_/CLK (sky130_fd_sc_hd__dfrtp_1)
                                 -0.250000   10.294778   clock uncertainty
                                  0.000000   10.294778   clock reconvergence pessimism
                                  0.128868   10.423645   library recovery time
                                             10.423645   data required time
---------------------------------------------------------------------------------------------
                                             10.423645   data required time
                                             -2.609474   data arrival time
---------------------------------------------------------------------------------------------
                                              7.814172   slack (MET)


Startpoint: HRESETn (input port clocked by HCLK)
Endpoint: _170_ (recovery check against rising-edge clock HCLK)
Path Group: asynchronous
Path Type: max

Fanout         Cap        Slew       Delay        Time   Description
---------------------------------------------------------------------------------------------
                                  0.000000    0.000000   clock HCLK (rise edge)
                                  0.000000    0.000000   clock network delay (propagated)
                                  2.000000    2.000000 ^ input external delay
     1    0.002959    0.014484    0.007637    2.007637 ^ HRESETn (in)
                                                         HRESETn (net)
                      0.014484    0.000000    2.007637 ^ input34/A (sky130_fd_sc_hd__buf_1)
     1    0.010831    0.099617    0.094873    2.102510 ^ input34/X (sky130_fd_sc_hd__buf_1)
                                                         net34 (net)
                      0.099618    0.000275    2.102786 ^ fanout192/A (sky130_fd_sc_hd__buf_8)
     6    0.126081    0.154012    0.147687    2.250473 ^ fanout192/X (sky130_fd_sc_hd__buf_8)
                                                         net192 (net)
                      0.154093    0.003228    2.253701 ^ fanout189/A (sky130_fd_sc_hd__clkbuf_4)
     8    0.049917    0.118084    0.179582    2.433283 ^ fanout189/X (sky130_fd_sc_hd__clkbuf_4)
                                                         net189 (net)
                      0.118086    0.000419    2.433702 ^ fanout188/A (sky130_fd_sc_hd__clkbuf_4)
    10    0.050116    0.118143    0.174061    2.607762 ^ fanout188/X (sky130_fd_sc_hd__clkbuf_4)
                                                         net188 (net)
                      0.118213    0.001303    2.609066 ^ _170_/RESET_B (sky130_fd_sc_hd__dfrtp_1)
                                              2.609066   data arrival time

                                 10.000000   10.000000   clock HCLK (rise edge)
                                  0.000000   10.000000   clock source latency
     1    0.055995    0.191291    0.137855   10.137856 ^ HCLK (in)
                                                         HCLK (net)
                      0.192114    0.000000   10.137856 ^ clkbuf_0_HCLK/A (sky130_fd_sc_hd__clkbuf_16)
     5    0.123293    0.107273    0.173709   10.311564 ^ clkbuf_0_HCLK/X (sky130_fd_sc_hd__clkbuf_16)
                                                         clknet_0_HCLK (net)
                      0.108206    0.007999   10.319563 ^ clkbuf_2_2_0_HCLK/A (sky130_fd_sc_hd__clkbuf_8)
     2    0.034011    0.054612    0.121526   10.441090 ^ clkbuf_2_2_0_HCLK/X (sky130_fd_sc_hd__clkbuf_8)
                                                         clknet_2_2_0_HCLK (net)
                      0.054828    0.002355   10.443444 ^ clkbuf_3_4__f_HCLK/A (sky130_fd_sc_hd__clkbuf_16)
    11    0.038066    0.043854    0.102781   10.546226 ^ clkbuf_3_4__f_HCLK/X (sky130_fd_sc_hd__clkbuf_16)
                                                         clknet_3_4__leaf_HCLK (net)
                      0.043866    0.000592   10.546817 ^ _170_/CLK (sky130_fd_sc_hd__dfrtp_1)
                                 -0.250000   10.296817   clock uncertainty
                                  0.000000   10.296817   clock reconvergence pessimism
                                  0.129320   10.426137   library recovery time
                                             10.426137   data required time
---------------------------------------------------------------------------------------------
                                             10.426137   data required time
                                             -2.609066   data arrival time
---------------------------------------------------------------------------------------------
                                              7.817071   slack (MET)


Startpoint: HRESETn (input port clocked by HCLK)
Endpoint: _181_ (recovery check against rising-edge clock HCLK)
Path Group: asynchronous
Path Type: max

Fanout         Cap        Slew       Delay        Time   Description
---------------------------------------------------------------------------------------------
                                  0.000000    0.000000   clock HCLK (rise edge)
                                  0.000000    0.000000   clock network delay (propagated)
                                  2.000000    2.000000 ^ input external delay
     1    0.002959    0.014484    0.007637    2.007637 ^ HRESETn (in)
                                                         HRESETn (net)
                      0.014484    0.000000    2.007637 ^ input34/A (sky130_fd_sc_hd__buf_1)
     1    0.010831    0.099617    0.094873    2.102510 ^ input34/X (sky130_fd_sc_hd__buf_1)
                                                         net34 (net)
                      0.099618    0.000275    2.102786 ^ fanout192/A (sky130_fd_sc_hd__buf_8)
     6    0.126081    0.154012    0.147687    2.250473 ^ fanout192/X (sky130_fd_sc_hd__buf_8)
                                                         net192 (net)
                      0.154093    0.003228    2.253701 ^ fanout189/A (sky130_fd_sc_hd__clkbuf_4)
     8    0.049917    0.118084    0.179582    2.433283 ^ fanout189/X (sky130_fd_sc_hd__clkbuf_4)
                                                         net189 (net)
                      0.118086    0.000419    2.433702 ^ fanout188/A (sky130_fd_sc_hd__clkbuf_4)
    10    0.050116    0.118143    0.174061    2.607762 ^ fanout188/X (sky130_fd_sc_hd__clkbuf_4)
                                                         net188 (net)
                      0.118204    0.000978    2.608740 ^ _181_/RESET_B (sky130_fd_sc_hd__dfrtp_1)
                                              2.608740   data arrival time

                                 10.000000   10.000000   clock HCLK (rise edge)
                                  0.000000   10.000000   clock source latency
     1    0.055995    0.191291    0.137855   10.137856 ^ HCLK (in)
                                                         HCLK (net)
                      0.192114    0.000000   10.137856 ^ clkbuf_0_HCLK/A (sky130_fd_sc_hd__clkbuf_16)
     5    0.123293    0.107273    0.173709   10.311564 ^ clkbuf_0_HCLK/X (sky130_fd_sc_hd__clkbuf_16)
                                                         clknet_0_HCLK (net)
                      0.108206    0.007999   10.319563 ^ clkbuf_2_2_0_HCLK/A (sky130_fd_sc_hd__clkbuf_8)
     2    0.034011    0.054612    0.121526   10.441090 ^ clkbuf_2_2_0_HCLK/X (sky130_fd_sc_hd__clkbuf_8)
                                                         clknet_2_2_0_HCLK (net)
                      0.054828    0.002355   10.443444 ^ clkbuf_3_4__f_HCLK/A (sky130_fd_sc_hd__clkbuf_16)
    11    0.038066    0.043854    0.102781   10.546226 ^ clkbuf_3_4__f_HCLK/X (sky130_fd_sc_hd__clkbuf_16)
                                                         clknet_3_4__leaf_HCLK (net)
                      0.043862    0.000512   10.546737 ^ _181_/CLK (sky130_fd_sc_hd__dfrtp_1)
                                 -0.250000   10.296737   clock uncertainty
                                  0.000000   10.296737   clock reconvergence pessimism
                                  0.129321   10.426058   library recovery time
                                             10.426058   data required time
---------------------------------------------------------------------------------------------
                                             10.426058   data required time
                                             -2.608740   data arrival time
---------------------------------------------------------------------------------------------
                                              7.817317   slack (MET)


Startpoint: HRESETn (input port clocked by HCLK)
Endpoint: _176_ (recovery check against rising-edge clock HCLK)
Path Group: asynchronous
Path Type: max

Fanout         Cap        Slew       Delay        Time   Description
---------------------------------------------------------------------------------------------
                                  0.000000    0.000000   clock HCLK (rise edge)
                                  0.000000    0.000000   clock network delay (propagated)
                                  2.000000    2.000000 ^ input external delay
     1    0.002959    0.014484    0.007637    2.007637 ^ HRESETn (in)
                                                         HRESETn (net)
                      0.014484    0.000000    2.007637 ^ input34/A (sky130_fd_sc_hd__buf_1)
     1    0.010831    0.099617    0.094873    2.102510 ^ input34/X (sky130_fd_sc_hd__buf_1)
                                                         net34 (net)
                      0.099618    0.000275    2.102786 ^ fanout192/A (sky130_fd_sc_hd__buf_8)
     6    0.126081    0.154012    0.147687    2.250473 ^ fanout192/X (sky130_fd_sc_hd__buf_8)
                                                         net192 (net)
                      0.154093    0.003228    2.253701 ^ fanout189/A (sky130_fd_sc_hd__clkbuf_4)
     8    0.049917    0.118084    0.179582    2.433283 ^ fanout189/X (sky130_fd_sc_hd__clkbuf_4)
                                                         net189 (net)
                      0.118086    0.000419    2.433702 ^ fanout188/A (sky130_fd_sc_hd__clkbuf_4)
    10    0.050116    0.118143    0.174061    2.607762 ^ fanout188/X (sky130_fd_sc_hd__clkbuf_4)
                                                         net188 (net)
                      0.118199    0.000767    2.608530 ^ _176_/RESET_B (sky130_fd_sc_hd__dfrtp_1)
                                              2.608530   data arrival time

                                 10.000000   10.000000   clock HCLK (rise edge)
                                  0.000000   10.000000   clock source latency
     1    0.055995    0.191291    0.137855   10.137856 ^ HCLK (in)
                                                         HCLK (net)
                      0.192114    0.000000   10.137856 ^ clkbuf_0_HCLK/A (sky130_fd_sc_hd__clkbuf_16)
     5    0.123293    0.107273    0.173709   10.311564 ^ clkbuf_0_HCLK/X (sky130_fd_sc_hd__clkbuf_16)
                                                         clknet_0_HCLK (net)
                      0.108206    0.007999   10.319563 ^ clkbuf_2_2_0_HCLK/A (sky130_fd_sc_hd__clkbuf_8)
     2    0.034011    0.054612    0.121526   10.441090 ^ clkbuf_2_2_0_HCLK/X (sky130_fd_sc_hd__clkbuf_8)
                                                         clknet_2_2_0_HCLK (net)
                      0.054828    0.002355   10.443444 ^ clkbuf_3_4__f_HCLK/A (sky130_fd_sc_hd__clkbuf_16)
    11    0.038066    0.043854    0.102781   10.546226 ^ clkbuf_3_4__f_HCLK/X (sky130_fd_sc_hd__clkbuf_16)
                                                         clknet_3_4__leaf_HCLK (net)
                      0.043857    0.000375   10.546600 ^ _176_/CLK (sky130_fd_sc_hd__dfrtp_1)
                                 -0.250000   10.296600   clock uncertainty
                                  0.000000   10.296600   clock reconvergence pessimism
                                  0.129321   10.425920   library recovery time
                                             10.425920   data required time
---------------------------------------------------------------------------------------------
                                             10.425920   data required time
                                             -2.608530   data arrival time
---------------------------------------------------------------------------------------------
                                              7.817391   slack (MET)


Startpoint: HRESETn (input port clocked by HCLK)
Endpoint: _155_ (recovery check against rising-edge clock HCLK)
Path Group: asynchronous
Path Type: max

Fanout         Cap        Slew       Delay        Time   Description
---------------------------------------------------------------------------------------------
                                  0.000000    0.000000   clock HCLK (rise edge)
                                  0.000000    0.000000   clock network delay (propagated)
                                  2.000000    2.000000 ^ input external delay
     1    0.002959    0.014484    0.007637    2.007637 ^ HRESETn (in)
                                                         HRESETn (net)
                      0.014484    0.000000    2.007637 ^ input34/A (sky130_fd_sc_hd__buf_1)
     1    0.010831    0.099617    0.094873    2.102510 ^ input34/X (sky130_fd_sc_hd__buf_1)
                                                         net34 (net)
                      0.099618    0.000275    2.102786 ^ fanout192/A (sky130_fd_sc_hd__buf_8)
     6    0.126081    0.154012    0.147687    2.250473 ^ fanout192/X (sky130_fd_sc_hd__buf_8)
                                                         net192 (net)
                      0.154093    0.003228    2.253701 ^ fanout189/A (sky130_fd_sc_hd__clkbuf_4)
     8    0.049917    0.118084    0.179582    2.433283 ^ fanout189/X (sky130_fd_sc_hd__clkbuf_4)
                                                         net189 (net)
                      0.118086    0.000419    2.433702 ^ fanout188/A (sky130_fd_sc_hd__clkbuf_4)
    10    0.050116    0.118143    0.174061    2.607762 ^ fanout188/X (sky130_fd_sc_hd__clkbuf_4)
                                                         net188 (net)
                      0.118143    0.000102    2.607864 ^ _155_/RESET_B (sky130_fd_sc_hd__dfrtp_1)
                                              2.607864   data arrival time

                                 10.000000   10.000000   clock HCLK (rise edge)
                                  0.000000   10.000000   clock source latency
     1    0.055995    0.191291    0.137855   10.137856 ^ HCLK (in)
                                                         HCLK (net)
                      0.192114    0.000000   10.137856 ^ clkbuf_0_HCLK/A (sky130_fd_sc_hd__clkbuf_16)
     5    0.123293    0.107273    0.173709   10.311564 ^ clkbuf_0_HCLK/X (sky130_fd_sc_hd__clkbuf_16)
                                                         clknet_0_HCLK (net)
                      0.108206    0.007999   10.319563 ^ clkbuf_2_2_0_HCLK/A (sky130_fd_sc_hd__clkbuf_8)
     2    0.034011    0.054612    0.121526   10.441090 ^ clkbuf_2_2_0_HCLK/X (sky130_fd_sc_hd__clkbuf_8)
                                                         clknet_2_2_0_HCLK (net)
                      0.054828    0.002355   10.443444 ^ clkbuf_3_4__f_HCLK/A (sky130_fd_sc_hd__clkbuf_16)
    11    0.038066    0.043854    0.102781   10.546226 ^ clkbuf_3_4__f_HCLK/X (sky130_fd_sc_hd__clkbuf_16)
                                                         clknet_3_4__leaf_HCLK (net)
                      0.043854    0.000192   10.546417 ^ _155_/CLK (sky130_fd_sc_hd__dfrtp_1)
                                 -0.250000   10.296417   clock uncertainty
                                  0.000000   10.296417   clock reconvergence pessimism
                                  0.129331   10.425749   library recovery time
                                             10.425749   data required time
---------------------------------------------------------------------------------------------
                                             10.425749   data required time
                                             -2.607864   data arrival time
---------------------------------------------------------------------------------------------
                                              7.817885   slack (MET)


Startpoint: HRESETn (input port clocked by HCLK)
Endpoint: _203_ (recovery check against rising-edge clock HCLK)
Path Group: asynchronous
Path Type: max

Fanout         Cap        Slew       Delay        Time   Description
---------------------------------------------------------------------------------------------
                                  0.000000    0.000000   clock HCLK (rise edge)
                                  0.000000    0.000000   clock network delay (propagated)
                                  2.000000    2.000000 ^ input external delay
     1    0.002959    0.014484    0.007637    2.007637 ^ HRESETn (in)
                                                         HRESETn (net)
                      0.014484    0.000000    2.007637 ^ input34/A (sky130_fd_sc_hd__buf_1)
     1    0.010831    0.099617    0.094873    2.102510 ^ input34/X (sky130_fd_sc_hd__buf_1)
                                                         net34 (net)
                      0.099618    0.000275    2.102786 ^ fanout192/A (sky130_fd_sc_hd__buf_8)
     6    0.126081    0.154012    0.147687    2.250473 ^ fanout192/X (sky130_fd_sc_hd__buf_8)
                                                         net192 (net)
                      0.162100    0.026859    2.277332 ^ fanout187/A (sky130_fd_sc_hd__buf_8)
     6    0.140986    0.173558    0.169910    2.447242 ^ fanout187/X (sky130_fd_sc_hd__buf_8)
                                                         net187 (net)
                      0.179484    0.025222    2.472465 ^ fanout185/A (sky130_fd_sc_hd__buf_8)
    11    0.126658    0.156091    0.158483    2.630948 ^ fanout185/X (sky130_fd_sc_hd__buf_8)
                                                         net185 (net)
                      0.156493    0.006872    2.637819 ^ _203_/RESET_B (sky130_fd_sc_hd__dfrtp_1)
                                              2.637819   data arrival time

                                 10.000000   10.000000   clock HCLK (rise edge)
                                  0.000000   10.000000   clock source latency
     1    0.055995    0.191291    0.137855   10.137856 ^ HCLK (in)
                                                         HCLK (net)
                      0.192114    0.000000   10.137856 ^ clkbuf_0_HCLK/A (sky130_fd_sc_hd__clkbuf_16)
     5    0.123293    0.107273    0.173709   10.311564 ^ clkbuf_0_HCLK/X (sky130_fd_sc_hd__clkbuf_16)
                                                         clknet_0_HCLK (net)
                      0.108450    0.008954   10.320518 ^ clkbuf_2_0_0_HCLK/A (sky130_fd_sc_hd__clkbuf_8)
     2    0.038403    0.059943    0.125842   10.446361 ^ clkbuf_2_0_0_HCLK/X (sky130_fd_sc_hd__clkbuf_8)
                                                         clknet_2_0_0_HCLK (net)
                      0.060024    0.001241   10.447601 ^ clkbuf_3_0__f_HCLK/A (sky130_fd_sc_hd__clkbuf_16)
     8    0.090009    0.081616    0.130518   10.578119 ^ clkbuf_3_0__f_HCLK/X (sky130_fd_sc_hd__clkbuf_16)
                                                         clknet_3_0__leaf_HCLK (net)
                      0.082229    0.005605   10.583724 ^ _203_/CLK (sky130_fd_sc_hd__dfrtp_1)
                                 -0.250000   10.333724   clock uncertainty
                                  0.000000   10.333724   clock reconvergence pessimism
                                  0.128122   10.461846   library recovery time
                                             10.461846   data required time
---------------------------------------------------------------------------------------------
                                             10.461846   data required time
                                             -2.637819   data arrival time
---------------------------------------------------------------------------------------------
                                              7.824028   slack (MET)


Startpoint: HRESETn (input port clocked by HCLK)
Endpoint: _174_ (recovery check against rising-edge clock HCLK)
Path Group: asynchronous
Path Type: max

Fanout         Cap        Slew       Delay        Time   Description
---------------------------------------------------------------------------------------------
                                  0.000000    0.000000   clock HCLK (rise edge)
                                  0.000000    0.000000   clock network delay (propagated)
                                  2.000000    2.000000 ^ input external delay
     1    0.002959    0.014484    0.007637    2.007637 ^ HRESETn (in)
                                                         HRESETn (net)
                      0.014484    0.000000    2.007637 ^ input34/A (sky130_fd_sc_hd__buf_1)
     1    0.010831    0.099617    0.094873    2.102510 ^ input34/X (sky130_fd_sc_hd__buf_1)
                                                         net34 (net)
                      0.099618    0.000275    2.102786 ^ fanout192/A (sky130_fd_sc_hd__buf_8)
     6    0.126081    0.154012    0.147687    2.250473 ^ fanout192/X (sky130_fd_sc_hd__buf_8)
                                                         net192 (net)
                      0.162100    0.026859    2.277332 ^ fanout187/A (sky130_fd_sc_hd__buf_8)
     6    0.140986    0.173558    0.169910    2.447242 ^ fanout187/X (sky130_fd_sc_hd__buf_8)
                                                         net187 (net)
                      0.179484    0.025222    2.472465 ^ fanout185/A (sky130_fd_sc_hd__buf_8)
    11    0.126658    0.156091    0.158483    2.630948 ^ fanout185/X (sky130_fd_sc_hd__buf_8)
                                                         net185 (net)
                      0.156467    0.006661    2.637609 ^ _174_/RESET_B (sky130_fd_sc_hd__dfrtp_1)
                                              2.637609   data arrival time

                                 10.000000   10.000000   clock HCLK (rise edge)
                                  0.000000   10.000000   clock source latency
     1    0.055995    0.191291    0.137855   10.137856 ^ HCLK (in)
                                                         HCLK (net)
                      0.192114    0.000000   10.137856 ^ clkbuf_0_HCLK/A (sky130_fd_sc_hd__clkbuf_16)
     5    0.123293    0.107273    0.173709   10.311564 ^ clkbuf_0_HCLK/X (sky130_fd_sc_hd__clkbuf_16)
                                                         clknet_0_HCLK (net)
                      0.108450    0.008954   10.320518 ^ clkbuf_2_0_0_HCLK/A (sky130_fd_sc_hd__clkbuf_8)
     2    0.038403    0.059943    0.125842   10.446361 ^ clkbuf_2_0_0_HCLK/X (sky130_fd_sc_hd__clkbuf_8)
                                                         clknet_2_0_0_HCLK (net)
                      0.060024    0.001241   10.447601 ^ clkbuf_3_0__f_HCLK/A (sky130_fd_sc_hd__clkbuf_16)
     8    0.090009    0.081616    0.130518   10.578119 ^ clkbuf_3_0__f_HCLK/X (sky130_fd_sc_hd__clkbuf_16)
                                                         clknet_3_0__leaf_HCLK (net)
                      0.082226    0.005594   10.583713 ^ _174_/CLK (sky130_fd_sc_hd__dfrtp_1)
                                 -0.250000   10.333713   clock uncertainty
                                  0.000000   10.333713   clock reconvergence pessimism
                                  0.128127   10.461840   library recovery time
                                             10.461840   data required time
---------------------------------------------------------------------------------------------
                                             10.461840   data required time
                                             -2.637609   data arrival time
---------------------------------------------------------------------------------------------
                                              7.824230   slack (MET)


Startpoint: HRESETn (input port clocked by HCLK)
Endpoint: _182_ (recovery check against rising-edge clock HCLK)
Path Group: asynchronous
Path Type: max

Fanout         Cap        Slew       Delay        Time   Description
---------------------------------------------------------------------------------------------
                                  0.000000    0.000000   clock HCLK (rise edge)
                                  0.000000    0.000000   clock network delay (propagated)
                                  2.000000    2.000000 ^ input external delay
     1    0.002959    0.014484    0.007637    2.007637 ^ HRESETn (in)
                                                         HRESETn (net)
                      0.014484    0.000000    2.007637 ^ input34/A (sky130_fd_sc_hd__buf_1)
     1    0.010831    0.099617    0.094873    2.102510 ^ input34/X (sky130_fd_sc_hd__buf_1)
                                                         net34 (net)
                      0.099618    0.000275    2.102786 ^ fanout192/A (sky130_fd_sc_hd__buf_8)
     6    0.126081    0.154012    0.147687    2.250473 ^ fanout192/X (sky130_fd_sc_hd__buf_8)
                                                         net192 (net)
                      0.162100    0.026859    2.277332 ^ fanout187/A (sky130_fd_sc_hd__buf_8)
     6    0.140986    0.173558    0.169910    2.447242 ^ fanout187/X (sky130_fd_sc_hd__buf_8)
                                                         net187 (net)
                      0.175304    0.014107    2.461350 ^ _182_/RESET_B (sky130_fd_sc_hd__dfrtp_1)
                                              2.461350   data arrival time

                                 10.000000   10.000000   clock HCLK (rise edge)
                                  0.000000   10.000000   clock source latency
     1    0.055995    0.191291    0.137855   10.137856 ^ HCLK (in)
                                                         HCLK (net)
                      0.192114    0.000000   10.137856 ^ clkbuf_0_HCLK/A (sky130_fd_sc_hd__clkbuf_16)
     5    0.123293    0.107273    0.173709   10.311564 ^ clkbuf_0_HCLK/X (sky130_fd_sc_hd__clkbuf_16)
                                                         clknet_0_HCLK (net)
                      0.108547    0.009308   10.320872 ^ clkbuf_2_1_0_HCLK/A (sky130_fd_sc_hd__clkbuf_8)
     2    0.035398    0.056328    0.122621   10.443494 ^ clkbuf_2_1_0_HCLK/X (sky130_fd_sc_hd__clkbuf_8)
                                                         clknet_2_1_0_HCLK (net)
                      0.056608    0.003110   10.446604 ^ clkbuf_3_2__f_HCLK/A (sky130_fd_sc_hd__clkbuf_16)
    10    0.035106    0.041785    0.101338   10.547941 ^ clkbuf_3_2__f_HCLK/X (sky130_fd_sc_hd__clkbuf_16)
                                                         clknet_3_2__leaf_HCLK (net)
                      0.041850    0.001569   10.549511 ^ _182_/CLK (sky130_fd_sc_hd__dfrtp_1)
                                 -0.250000   10.299511   clock uncertainty
                                  0.000000   10.299511   clock reconvergence pessimism
                                  0.118357   10.417868   library recovery time
                                             10.417868   data required time
---------------------------------------------------------------------------------------------
                                             10.417868   data required time
                                             -2.461350   data arrival time
---------------------------------------------------------------------------------------------
                                              7.956518   slack (MET)


Startpoint: HRESETn (input port clocked by HCLK)
Endpoint: _184_ (recovery check against rising-edge clock HCLK)
Path Group: asynchronous
Path Type: max

Fanout         Cap        Slew       Delay        Time   Description
---------------------------------------------------------------------------------------------
                                  0.000000    0.000000   clock HCLK (rise edge)
                                  0.000000    0.000000   clock network delay (propagated)
                                  2.000000    2.000000 ^ input external delay
     1    0.002959    0.014484    0.007637    2.007637 ^ HRESETn (in)
                                                         HRESETn (net)
                      0.014484    0.000000    2.007637 ^ input34/A (sky130_fd_sc_hd__buf_1)
     1    0.010831    0.099617    0.094873    2.102510 ^ input34/X (sky130_fd_sc_hd__buf_1)
                                                         net34 (net)
                      0.099618    0.000275    2.102786 ^ fanout192/A (sky130_fd_sc_hd__buf_8)
     6    0.126081    0.154012    0.147687    2.250473 ^ fanout192/X (sky130_fd_sc_hd__buf_8)
                                                         net192 (net)
                      0.162100    0.026859    2.277332 ^ fanout187/A (sky130_fd_sc_hd__buf_8)
     6    0.140986    0.173558    0.169910    2.447242 ^ fanout187/X (sky130_fd_sc_hd__buf_8)
                                                         net187 (net)
                      0.175201    0.013714    2.460957 ^ _184_/RESET_B (sky130_fd_sc_hd__dfrtp_1)
                                              2.460957   data arrival time

                                 10.000000   10.000000   clock HCLK (rise edge)
                                  0.000000   10.000000   clock source latency
     1    0.055995    0.191291    0.137855   10.137856 ^ HCLK (in)
                                                         HCLK (net)
                      0.192114    0.000000   10.137856 ^ clkbuf_0_HCLK/A (sky130_fd_sc_hd__clkbuf_16)
     5    0.123293    0.107273    0.173709   10.311564 ^ clkbuf_0_HCLK/X (sky130_fd_sc_hd__clkbuf_16)
                                                         clknet_0_HCLK (net)
                      0.108547    0.009308   10.320872 ^ clkbuf_2_1_0_HCLK/A (sky130_fd_sc_hd__clkbuf_8)
     2    0.035398    0.056328    0.122621   10.443494 ^ clkbuf_2_1_0_HCLK/X (sky130_fd_sc_hd__clkbuf_8)
                                                         clknet_2_1_0_HCLK (net)
                      0.056608    0.003110   10.446604 ^ clkbuf_3_2__f_HCLK/A (sky130_fd_sc_hd__clkbuf_16)
    10    0.035106    0.041785    0.101338   10.547941 ^ clkbuf_3_2__f_HCLK/X (sky130_fd_sc_hd__clkbuf_16)
                                                         clknet_3_2__leaf_HCLK (net)
                      0.041820    0.001238   10.549180 ^ _184_/CLK (sky130_fd_sc_hd__dfrtp_1)
                                 -0.250000   10.299180   clock uncertainty
                                  0.000000   10.299180   clock reconvergence pessimism
                                  0.118371   10.417551   library recovery time
                                             10.417551   data required time
---------------------------------------------------------------------------------------------
                                             10.417551   data required time
                                             -2.460957   data arrival time
---------------------------------------------------------------------------------------------
                                              7.956594   slack (MET)


Startpoint: HRESETn (input port clocked by HCLK)
Endpoint: _195_ (recovery check against rising-edge clock HCLK)
Path Group: asynchronous
Path Type: max

Fanout         Cap        Slew       Delay        Time   Description
---------------------------------------------------------------------------------------------
                                  0.000000    0.000000   clock HCLK (rise edge)
                                  0.000000    0.000000   clock network delay (propagated)
                                  2.000000    2.000000 ^ input external delay
     1    0.002959    0.014484    0.007637    2.007637 ^ HRESETn (in)
                                                         HRESETn (net)
                      0.014484    0.000000    2.007637 ^ input34/A (sky130_fd_sc_hd__buf_1)
     1    0.010831    0.099617    0.094873    2.102510 ^ input34/X (sky130_fd_sc_hd__buf_1)
                                                         net34 (net)
                      0.099618    0.000275    2.102786 ^ fanout192/A (sky130_fd_sc_hd__buf_8)
     6    0.126081    0.154012    0.147687    2.250473 ^ fanout192/X (sky130_fd_sc_hd__buf_8)
                                                         net192 (net)
                      0.162100    0.026859    2.277332 ^ fanout187/A (sky130_fd_sc_hd__buf_8)
     6    0.140986    0.173558    0.169910    2.447242 ^ fanout187/X (sky130_fd_sc_hd__buf_8)
                                                         net187 (net)
                      0.173563    0.000827    2.448070 ^ _195_/RESET_B (sky130_fd_sc_hd__dfrtp_4)
                                              2.448070   data arrival time

                                 10.000000   10.000000   clock HCLK (rise edge)
                                  0.000000   10.000000   clock source latency
     1    0.055995    0.191291    0.137855   10.137856 ^ HCLK (in)
                                                         HCLK (net)
                      0.192114    0.000000   10.137856 ^ clkbuf_0_HCLK/A (sky130_fd_sc_hd__clkbuf_16)
     5    0.123293    0.107273    0.173709   10.311564 ^ clkbuf_0_HCLK/X (sky130_fd_sc_hd__clkbuf_16)
                                                         clknet_0_HCLK (net)
                      0.108181    0.007892   10.319457 ^ clkbuf_2_3_0_HCLK/A (sky130_fd_sc_hd__clkbuf_8)
     2    0.037478    0.058645    0.125198   10.444654 ^ clkbuf_2_3_0_HCLK/X (sky130_fd_sc_hd__clkbuf_8)
                                                         clknet_2_3_0_HCLK (net)
                      0.058793    0.001902   10.446557 ^ clkbuf_3_6__f_HCLK/A (sky130_fd_sc_hd__clkbuf_16)
     8    0.068452    0.065687    0.118354   10.564911 ^ clkbuf_3_6__f_HCLK/X (sky130_fd_sc_hd__clkbuf_16)
                                                         clknet_3_6__leaf_HCLK (net)
                      0.066631    0.006187   10.571098 ^ _195_/CLK (sky130_fd_sc_hd__dfrtp_4)
                                 -0.250000   10.321098   clock uncertainty
                                  0.000000   10.321098   clock reconvergence pessimism
                                  0.091821   10.412919   library recovery time
                                             10.412919   data required time
---------------------------------------------------------------------------------------------
                                             10.412919   data required time
                                             -2.448070   data arrival time
---------------------------------------------------------------------------------------------
                                              7.964849   slack (MET)


Startpoint: PSLVERR (input port clocked by HCLK)
Endpoint: _217_ (rising edge-triggered flip-flop clocked by HCLK)
Path Group: HCLK
Path Type: max

Fanout         Cap        Slew       Delay        Time   Description
---------------------------------------------------------------------------------------------
                                  0.000000    0.000000   clock HCLK (rise edge)
                                  0.000000    0.000000   clock network delay (propagated)
                                  2.000000    2.000000 v input external delay
     1    0.002638    0.004495    0.002115    2.002115 v PSLVERR (in)
                                                         PSLVERR (net)
                      0.004495    0.000000    2.002115 v input70/A (sky130_fd_sc_hd__buf_1)
     2    0.012173    0.051856    0.075238    2.077353 v input70/X (sky130_fd_sc_hd__buf_1)
                                                         net70 (net)
                      0.051859    0.000474    2.077827 v _150_/A1 (sky130_fd_sc_hd__o31a_1)
     1    0.002819    0.034230    0.182822    2.260649 v _150_/X (sky130_fd_sc_hd__o31a_1)
                                                         _066_ (net)
                      0.034230    0.000018    2.260667 v _217_/D (sky130_fd_sc_hd__dfrtp_2)
                                              2.260667   data arrival time

                                 10.000000   10.000000   clock HCLK (rise edge)
                                  0.000000   10.000000   clock source latency
     1    0.055995    0.191291    0.137855   10.137856 ^ HCLK (in)
                                                         HCLK (net)
                      0.192114    0.000000   10.137856 ^ clkbuf_0_HCLK/A (sky130_fd_sc_hd__clkbuf_16)
     5    0.123293    0.107273    0.173709   10.311564 ^ clkbuf_0_HCLK/X (sky130_fd_sc_hd__clkbuf_16)
                                                         clknet_0_HCLK (net)
                      0.108181    0.007892   10.319457 ^ clkbuf_2_3_0_HCLK/A (sky130_fd_sc_hd__clkbuf_8)
     2    0.037478    0.058645    0.125198   10.444654 ^ clkbuf_2_3_0_HCLK/X (sky130_fd_sc_hd__clkbuf_8)
                                                         clknet_2_3_0_HCLK (net)
                      0.058706    0.000713   10.445368 ^ clkbuf_3_7__f_HCLK/A (sky130_fd_sc_hd__clkbuf_16)
     7    0.047439    0.050226    0.107485   10.552853 ^ clkbuf_3_7__f_HCLK/X (sky130_fd_sc_hd__clkbuf_16)
                                                         clknet_3_7__leaf_HCLK (net)
                      0.051248    0.005517   10.558370 ^ _217_/CLK (sky130_fd_sc_hd__dfrtp_2)
                                 -0.250000   10.308370   clock uncertainty
                                  0.000000   10.308370   clock reconvergence pessimism
                                 -0.072609   10.235761   library setup time
                                             10.235761   data required time
---------------------------------------------------------------------------------------------
                                             10.235761   data required time
                                             -2.260667   data arrival time
---------------------------------------------------------------------------------------------
                                              7.975094   slack (MET)


Startpoint: HRESETn (input port clocked by HCLK)
Endpoint: _164_ (recovery check against rising-edge clock HCLK)
Path Group: asynchronous
Path Type: max

Fanout         Cap        Slew       Delay        Time   Description
---------------------------------------------------------------------------------------------
                                  0.000000    0.000000   clock HCLK (rise edge)
                                  0.000000    0.000000   clock network delay (propagated)
                                  2.000000    2.000000 ^ input external delay
     1    0.002959    0.014484    0.007637    2.007637 ^ HRESETn (in)
                                                         HRESETn (net)
                      0.014484    0.000000    2.007637 ^ input34/A (sky130_fd_sc_hd__buf_1)
     1    0.010831    0.099617    0.094873    2.102510 ^ input34/X (sky130_fd_sc_hd__buf_1)
                                                         net34 (net)
                      0.099618    0.000275    2.102786 ^ fanout192/A (sky130_fd_sc_hd__buf_8)
     6    0.126081    0.154012    0.147687    2.250473 ^ fanout192/X (sky130_fd_sc_hd__buf_8)
                                                         net192 (net)
                      0.154054    0.002325    2.252798 ^ fanout191/A (sky130_fd_sc_hd__clkbuf_4)
     7    0.046428    0.110950    0.175509    2.428307 ^ fanout191/X (sky130_fd_sc_hd__clkbuf_4)
                                                         net191 (net)
                      0.110953    0.000797    2.429104 ^ _164_/RESET_B (sky130_fd_sc_hd__dfrtp_4)
                                              2.429104   data arrival time

                                 10.000000   10.000000   clock HCLK (rise edge)
                                  0.000000   10.000000   clock source latency
     1    0.055995    0.191291    0.137855   10.137856 ^ HCLK (in)
                                                         HCLK (net)
                      0.192114    0.000000   10.137856 ^ clkbuf_0_HCLK/A (sky130_fd_sc_hd__clkbuf_16)
     5    0.123293    0.107273    0.173709   10.311564 ^ clkbuf_0_HCLK/X (sky130_fd_sc_hd__clkbuf_16)
                                                         clknet_0_HCLK (net)
                      0.108181    0.007892   10.319457 ^ clkbuf_2_3_0_HCLK/A (sky130_fd_sc_hd__clkbuf_8)
     2    0.037478    0.058645    0.125198   10.444654 ^ clkbuf_2_3_0_HCLK/X (sky130_fd_sc_hd__clkbuf_8)
                                                         clknet_2_3_0_HCLK (net)
                      0.058706    0.000713   10.445368 ^ clkbuf_3_7__f_HCLK/A (sky130_fd_sc_hd__clkbuf_16)
     7    0.047439    0.050226    0.107485   10.552853 ^ clkbuf_3_7__f_HCLK/X (sky130_fd_sc_hd__clkbuf_16)
                                                         clknet_3_7__leaf_HCLK (net)
                      0.050787    0.003885   10.556737 ^ _164_/CLK (sky130_fd_sc_hd__dfrtp_4)
                                 -0.250000   10.306737   clock uncertainty
                                  0.000000   10.306737   clock reconvergence pessimism
                                  0.109031   10.415768   library recovery time
                                             10.415768   data required time
---------------------------------------------------------------------------------------------
                                             10.415768   data required time
                                             -2.429104   data arrival time
---------------------------------------------------------------------------------------------
                                              7.986664   slack (MET)


Startpoint: HRESETn (input port clocked by HCLK)
Endpoint: _169_ (recovery check against rising-edge clock HCLK)
Path Group: asynchronous
Path Type: max

Fanout         Cap        Slew       Delay        Time   Description
---------------------------------------------------------------------------------------------
                                  0.000000    0.000000   clock HCLK (rise edge)
                                  0.000000    0.000000   clock network delay (propagated)
                                  2.000000    2.000000 ^ input external delay
     1    0.002959    0.014484    0.007637    2.007637 ^ HRESETn (in)
                                                         HRESETn (net)
                      0.014484    0.000000    2.007637 ^ input34/A (sky130_fd_sc_hd__buf_1)
     1    0.010831    0.099617    0.094873    2.102510 ^ input34/X (sky130_fd_sc_hd__buf_1)
                                                         net34 (net)
                      0.099618    0.000275    2.102786 ^ fanout192/A (sky130_fd_sc_hd__buf_8)
     6    0.126081    0.154012    0.147687    2.250473 ^ fanout192/X (sky130_fd_sc_hd__buf_8)
                                                         net192 (net)
                      0.154093    0.003228    2.253701 ^ fanout189/A (sky130_fd_sc_hd__clkbuf_4)
     8    0.049917    0.118084    0.179582    2.433283 ^ fanout189/X (sky130_fd_sc_hd__clkbuf_4)
                                                         net189 (net)
                      0.118294    0.004050    2.437332 ^ _169_/RESET_B (sky130_fd_sc_hd__dfrtp_1)
                                              2.437332   data arrival time

                                 10.000000   10.000000   clock HCLK (rise edge)
                                  0.000000   10.000000   clock source latency
     1    0.055995    0.191291    0.137855   10.137856 ^ HCLK (in)
                                                         HCLK (net)
                      0.192114    0.000000   10.137856 ^ clkbuf_0_HCLK/A (sky130_fd_sc_hd__clkbuf_16)
     5    0.123293    0.107273    0.173709   10.311564 ^ clkbuf_0_HCLK/X (sky130_fd_sc_hd__clkbuf_16)
                                                         clknet_0_HCLK (net)
                      0.108206    0.007999   10.319563 ^ clkbuf_2_2_0_HCLK/A (sky130_fd_sc_hd__clkbuf_8)
     2    0.034011    0.054612    0.121526   10.441090 ^ clkbuf_2_2_0_HCLK/X (sky130_fd_sc_hd__clkbuf_8)
                                                         clknet_2_2_0_HCLK (net)
                      0.054886    0.002741   10.443830 ^ clkbuf_3_5__f_HCLK/A (sky130_fd_sc_hd__clkbuf_16)
    11    0.033948    0.040931    0.100302   10.544132 ^ clkbuf_3_5__f_HCLK/X (sky130_fd_sc_hd__clkbuf_16)
                                                         clknet_3_5__leaf_HCLK (net)
                      0.040970    0.001378   10.545509 ^ _169_/CLK (sky130_fd_sc_hd__dfrtp_1)
                                 -0.250000   10.295509   clock uncertainty
                                  0.000000   10.295509   clock reconvergence pessimism
                                  0.128861   10.424371   library recovery time
                                             10.424371   data required time
---------------------------------------------------------------------------------------------
                                             10.424371   data required time
                                             -2.437332   data arrival time
---------------------------------------------------------------------------------------------
                                              7.987039   slack (MET)


Startpoint: HRESETn (input port clocked by HCLK)
Endpoint: _186_ (recovery check against rising-edge clock HCLK)
Path Group: asynchronous
Path Type: max

Fanout         Cap        Slew       Delay        Time   Description
---------------------------------------------------------------------------------------------
                                  0.000000    0.000000   clock HCLK (rise edge)
                                  0.000000    0.000000   clock network delay (propagated)
                                  2.000000    2.000000 ^ input external delay
     1    0.002959    0.014484    0.007637    2.007637 ^ HRESETn (in)
                                                         HRESETn (net)
                      0.014484    0.000000    2.007637 ^ input34/A (sky130_fd_sc_hd__buf_1)
     1    0.010831    0.099617    0.094873    2.102510 ^ input34/X (sky130_fd_sc_hd__buf_1)
                                                         net34 (net)
                      0.099618    0.000275    2.102786 ^ fanout192/A (sky130_fd_sc_hd__buf_8)
     6    0.126081    0.154012    0.147687    2.250473 ^ fanout192/X (sky130_fd_sc_hd__buf_8)
                                                         net192 (net)
                      0.154093    0.003228    2.253701 ^ fanout189/A (sky130_fd_sc_hd__clkbuf_4)
     8    0.049917    0.118084    0.179582    2.433283 ^ fanout189/X (sky130_fd_sc_hd__clkbuf_4)
                                                         net189 (net)
                      0.118291    0.004024    2.437307 ^ _186_/RESET_B (sky130_fd_sc_hd__dfrtp_1)
                                              2.437307   data arrival time

                                 10.000000   10.000000   clock HCLK (rise edge)
                                  0.000000   10.000000   clock source latency
     1    0.055995    0.191291    0.137855   10.137856 ^ HCLK (in)
                                                         HCLK (net)
                      0.192114    0.000000   10.137856 ^ clkbuf_0_HCLK/A (sky130_fd_sc_hd__clkbuf_16)
     5    0.123293    0.107273    0.173709   10.311564 ^ clkbuf_0_HCLK/X (sky130_fd_sc_hd__clkbuf_16)
                                                         clknet_0_HCLK (net)
                      0.108206    0.007999   10.319563 ^ clkbuf_2_2_0_HCLK/A (sky130_fd_sc_hd__clkbuf_8)
     2    0.034011    0.054612    0.121526   10.441090 ^ clkbuf_2_2_0_HCLK/X (sky130_fd_sc_hd__clkbuf_8)
                                                         clknet_2_2_0_HCLK (net)
                      0.054886    0.002741   10.443830 ^ clkbuf_3_5__f_HCLK/A (sky130_fd_sc_hd__clkbuf_16)
    11    0.033948    0.040931    0.100302   10.544132 ^ clkbuf_3_5__f_HCLK/X (sky130_fd_sc_hd__clkbuf_16)
                                                         clknet_3_5__leaf_HCLK (net)
                      0.040968    0.001357   10.545489 ^ _186_/CLK (sky130_fd_sc_hd__dfrtp_1)
                                 -0.250000   10.295489   clock uncertainty
                                  0.000000   10.295489   clock reconvergence pessimism
                                  0.128861   10.424351   library recovery time
                                             10.424351   data required time
---------------------------------------------------------------------------------------------
                                             10.424351   data required time
                                             -2.437307   data arrival time
---------------------------------------------------------------------------------------------
                                              7.987044   slack (MET)


Startpoint: HRESETn (input port clocked by HCLK)
Endpoint: _152_ (recovery check against rising-edge clock HCLK)
Path Group: asynchronous
Path Type: max

Fanout         Cap        Slew       Delay        Time   Description
---------------------------------------------------------------------------------------------
                                  0.000000    0.000000   clock HCLK (rise edge)
                                  0.000000    0.000000   clock network delay (propagated)
                                  2.000000    2.000000 ^ input external delay
     1    0.002959    0.014484    0.007637    2.007637 ^ HRESETn (in)
                                                         HRESETn (net)
                      0.014484    0.000000    2.007637 ^ input34/A (sky130_fd_sc_hd__buf_1)
     1    0.010831    0.099617    0.094873    2.102510 ^ input34/X (sky130_fd_sc_hd__buf_1)
                                                         net34 (net)
                      0.099618    0.000275    2.102786 ^ fanout192/A (sky130_fd_sc_hd__buf_8)
     6    0.126081    0.154012    0.147687    2.250473 ^ fanout192/X (sky130_fd_sc_hd__buf_8)
                                                         net192 (net)
                      0.154093    0.003228    2.253701 ^ fanout189/A (sky130_fd_sc_hd__clkbuf_4)
     8    0.049917    0.118084    0.179582    2.433283 ^ fanout189/X (sky130_fd_sc_hd__clkbuf_4)
                                                         net189 (net)
                      0.118284    0.003952    2.437235 ^ _152_/RESET_B (sky130_fd_sc_hd__dfrtp_1)
                                              2.437235   data arrival time

                                 10.000000   10.000000   clock HCLK (rise edge)
                                  0.000000   10.000000   clock source latency
     1    0.055995    0.191291    0.137855   10.137856 ^ HCLK (in)
                                                         HCLK (net)
                      0.192114    0.000000   10.137856 ^ clkbuf_0_HCLK/A (sky130_fd_sc_hd__clkbuf_16)
     5    0.123293    0.107273    0.173709   10.311564 ^ clkbuf_0_HCLK/X (sky130_fd_sc_hd__clkbuf_16)
                                                         clknet_0_HCLK (net)
                      0.108206    0.007999   10.319563 ^ clkbuf_2_2_0_HCLK/A (sky130_fd_sc_hd__clkbuf_8)
     2    0.034011    0.054612    0.121526   10.441090 ^ clkbuf_2_2_0_HCLK/X (sky130_fd_sc_hd__clkbuf_8)
                                                         clknet_2_2_0_HCLK (net)
                      0.054886    0.002741   10.443830 ^ clkbuf_3_5__f_HCLK/A (sky130_fd_sc_hd__clkbuf_16)
    11    0.033948    0.040931    0.100302   10.544132 ^ clkbuf_3_5__f_HCLK/X (sky130_fd_sc_hd__clkbuf_16)
                                                         clknet_3_5__leaf_HCLK (net)
                      0.040965    0.001313   10.545444 ^ _152_/CLK (sky130_fd_sc_hd__dfrtp_1)
                                 -0.250000   10.295444   clock uncertainty
                                  0.000000   10.295444   clock reconvergence pessimism
                                  0.128862   10.424307   library recovery time
                                             10.424307   data required time
---------------------------------------------------------------------------------------------
                                             10.424307   data required time
                                             -2.437235   data arrival time
---------------------------------------------------------------------------------------------
                                              7.987072   slack (MET)


Startpoint: HRESETn (input port clocked by HCLK)
Endpoint: _196_ (recovery check against rising-edge clock HCLK)
Path Group: asynchronous
Path Type: max

Fanout         Cap        Slew       Delay        Time   Description
---------------------------------------------------------------------------------------------
                                  0.000000    0.000000   clock HCLK (rise edge)
                                  0.000000    0.000000   clock network delay (propagated)
                                  2.000000    2.000000 ^ input external delay
     1    0.002959    0.014484    0.007637    2.007637 ^ HRESETn (in)
                                                         HRESETn (net)
                      0.014484    0.000000    2.007637 ^ input34/A (sky130_fd_sc_hd__buf_1)
     1    0.010831    0.099617    0.094873    2.102510 ^ input34/X (sky130_fd_sc_hd__buf_1)
                                                         net34 (net)
                      0.099618    0.000275    2.102786 ^ fanout192/A (sky130_fd_sc_hd__buf_8)
     6    0.126081    0.154012    0.147687    2.250473 ^ fanout192/X (sky130_fd_sc_hd__buf_8)
                                                         net192 (net)
                      0.154093    0.003228    2.253701 ^ fanout189/A (sky130_fd_sc_hd__clkbuf_4)
     8    0.049917    0.118084    0.179582    2.433283 ^ fanout189/X (sky130_fd_sc_hd__clkbuf_4)
                                                         net189 (net)
                      0.118260    0.003715    2.436998 ^ _196_/RESET_B (sky130_fd_sc_hd__dfrtp_1)
                                              2.436998   data arrival time

                                 10.000000   10.000000   clock HCLK (rise edge)
                                  0.000000   10.000000   clock source latency
     1    0.055995    0.191291    0.137855   10.137856 ^ HCLK (in)
                                                         HCLK (net)
                      0.192114    0.000000   10.137856 ^ clkbuf_0_HCLK/A (sky130_fd_sc_hd__clkbuf_16)
     5    0.123293    0.107273    0.173709   10.311564 ^ clkbuf_0_HCLK/X (sky130_fd_sc_hd__clkbuf_16)
                                                         clknet_0_HCLK (net)
                      0.108206    0.007999   10.319563 ^ clkbuf_2_2_0_HCLK/A (sky130_fd_sc_hd__clkbuf_8)
     2    0.034011    0.054612    0.121526   10.441090 ^ clkbuf_2_2_0_HCLK/X (sky130_fd_sc_hd__clkbuf_8)
                                                         clknet_2_2_0_HCLK (net)
                      0.054886    0.002741   10.443830 ^ clkbuf_3_5__f_HCLK/A (sky130_fd_sc_hd__clkbuf_16)
    11    0.033948    0.040931    0.100302   10.544132 ^ clkbuf_3_5__f_HCLK/X (sky130_fd_sc_hd__clkbuf_16)
                                                         clknet_3_5__leaf_HCLK (net)
                      0.040957    0.001208   10.545340 ^ _196_/CLK (sky130_fd_sc_hd__dfrtp_1)
                                 -0.250000   10.295340   clock uncertainty
                                  0.000000   10.295340   clock reconvergence pessimism
                                  0.128865   10.424205   library recovery time
                                             10.424205   data required time
---------------------------------------------------------------------------------------------
                                             10.424205   data required time
                                             -2.436998   data arrival time
---------------------------------------------------------------------------------------------
                                              7.987207   slack (MET)


Startpoint: HRESETn (input port clocked by HCLK)
Endpoint: _183_ (recovery check against rising-edge clock HCLK)
Path Group: asynchronous
Path Type: max

Fanout         Cap        Slew       Delay        Time   Description
---------------------------------------------------------------------------------------------
                                  0.000000    0.000000   clock HCLK (rise edge)
                                  0.000000    0.000000   clock network delay (propagated)
                                  2.000000    2.000000 ^ input external delay
     1    0.002959    0.014484    0.007637    2.007637 ^ HRESETn (in)
                                                         HRESETn (net)
                      0.014484    0.000000    2.007637 ^ input34/A (sky130_fd_sc_hd__buf_1)
     1    0.010831    0.099617    0.094873    2.102510 ^ input34/X (sky130_fd_sc_hd__buf_1)
                                                         net34 (net)
                      0.099618    0.000275    2.102786 ^ fanout192/A (sky130_fd_sc_hd__buf_8)
     6    0.126081    0.154012    0.147687    2.250473 ^ fanout192/X (sky130_fd_sc_hd__buf_8)
                                                         net192 (net)
                      0.154093    0.003228    2.253701 ^ fanout189/A (sky130_fd_sc_hd__clkbuf_4)
     8    0.049917    0.118084    0.179582    2.433283 ^ fanout189/X (sky130_fd_sc_hd__clkbuf_4)
                                                         net189 (net)
                      0.118145    0.002217    2.435500 ^ _183_/RESET_B (sky130_fd_sc_hd__dfrtp_1)
                                              2.435500   data arrival time

                                 10.000000   10.000000   clock HCLK (rise edge)
                                  0.000000   10.000000   clock source latency
     1    0.055995    0.191291    0.137855   10.137856 ^ HCLK (in)
                                                         HCLK (net)
                      0.192114    0.000000   10.137856 ^ clkbuf_0_HCLK/A (sky130_fd_sc_hd__clkbuf_16)
     5    0.123293    0.107273    0.173709   10.311564 ^ clkbuf_0_HCLK/X (sky130_fd_sc_hd__clkbuf_16)
                                                         clknet_0_HCLK (net)
                      0.108206    0.007999   10.319563 ^ clkbuf_2_2_0_HCLK/A (sky130_fd_sc_hd__clkbuf_8)
     2    0.034011    0.054612    0.121526   10.441090 ^ clkbuf_2_2_0_HCLK/X (sky130_fd_sc_hd__clkbuf_8)
                                                         clknet_2_2_0_HCLK (net)
                      0.054886    0.002741   10.443830 ^ clkbuf_3_5__f_HCLK/A (sky130_fd_sc_hd__clkbuf_16)
    11    0.033948    0.040931    0.100302   10.544132 ^ clkbuf_3_5__f_HCLK/X (sky130_fd_sc_hd__clkbuf_16)
                                                         clknet_3_5__leaf_HCLK (net)
                      0.040934    0.000675   10.544807 ^ _183_/CLK (sky130_fd_sc_hd__dfrtp_1)
                                 -0.250000   10.294807   clock uncertainty
                                  0.000000   10.294807   clock reconvergence pessimism
                                  0.128883   10.423691   library recovery time
                                             10.423691   data required time
---------------------------------------------------------------------------------------------
                                             10.423691   data required time
                                             -2.435500   data arrival time
---------------------------------------------------------------------------------------------
                                              7.988191   slack (MET)


Startpoint: HRESETn (input port clocked by HCLK)
Endpoint: _191_ (recovery check against rising-edge clock HCLK)
Path Group: asynchronous
Path Type: max

Fanout         Cap        Slew       Delay        Time   Description
---------------------------------------------------------------------------------------------
                                  0.000000    0.000000   clock HCLK (rise edge)
                                  0.000000    0.000000   clock network delay (propagated)
                                  2.000000    2.000000 ^ input external delay
     1    0.002959    0.014484    0.007637    2.007637 ^ HRESETn (in)
                                                         HRESETn (net)
                      0.014484    0.000000    2.007637 ^ input34/A (sky130_fd_sc_hd__buf_1)
     1    0.010831    0.099617    0.094873    2.102510 ^ input34/X (sky130_fd_sc_hd__buf_1)
                                                         net34 (net)
                      0.099618    0.000275    2.102786 ^ fanout192/A (sky130_fd_sc_hd__buf_8)
     6    0.126081    0.154012    0.147687    2.250473 ^ fanout192/X (sky130_fd_sc_hd__buf_8)
                                                         net192 (net)
                      0.154093    0.003228    2.253701 ^ fanout189/A (sky130_fd_sc_hd__clkbuf_4)
     8    0.049917    0.118084    0.179582    2.433283 ^ fanout189/X (sky130_fd_sc_hd__clkbuf_4)
                                                         net189 (net)
                      0.118116    0.001610    2.434893 ^ _191_/RESET_B (sky130_fd_sc_hd__dfrtp_1)
                                              2.434893   data arrival time

                                 10.000000   10.000000   clock HCLK (rise edge)
                                  0.000000   10.000000   clock source latency
     1    0.055995    0.191291    0.137855   10.137856 ^ HCLK (in)
                                                         HCLK (net)
                      0.192114    0.000000   10.137856 ^ clkbuf_0_HCLK/A (sky130_fd_sc_hd__clkbuf_16)
     5    0.123293    0.107273    0.173709   10.311564 ^ clkbuf_0_HCLK/X (sky130_fd_sc_hd__clkbuf_16)
                                                         clknet_0_HCLK (net)
                      0.108206    0.007999   10.319563 ^ clkbuf_2_2_0_HCLK/A (sky130_fd_sc_hd__clkbuf_8)
     2    0.034011    0.054612    0.121526   10.441090 ^ clkbuf_2_2_0_HCLK/X (sky130_fd_sc_hd__clkbuf_8)
                                                         clknet_2_2_0_HCLK (net)
                      0.054828    0.002355   10.443444 ^ clkbuf_3_4__f_HCLK/A (sky130_fd_sc_hd__clkbuf_16)
    11    0.038066    0.043854    0.102781   10.546226 ^ clkbuf_3_4__f_HCLK/X (sky130_fd_sc_hd__clkbuf_16)
                                                         clknet_3_4__leaf_HCLK (net)
                      0.043864    0.000556   10.546782 ^ _191_/CLK (sky130_fd_sc_hd__dfrtp_1)
                                 -0.250000   10.296782   clock uncertainty
                                  0.000000   10.296782   clock reconvergence pessimism
                                  0.129338   10.426119   library recovery time
                                             10.426119   data required time
---------------------------------------------------------------------------------------------
                                             10.426119   data required time
                                             -2.434893   data arrival time
---------------------------------------------------------------------------------------------
                                              7.991226   slack (MET)


Startpoint: HRESETn (input port clocked by HCLK)
Endpoint: _194_ (recovery check against rising-edge clock HCLK)
Path Group: asynchronous
Path Type: max

Fanout         Cap        Slew       Delay        Time   Description
---------------------------------------------------------------------------------------------
                                  0.000000    0.000000   clock HCLK (rise edge)
                                  0.000000    0.000000   clock network delay (propagated)
                                  2.000000    2.000000 ^ input external delay
     1    0.002959    0.014484    0.007637    2.007637 ^ HRESETn (in)
                                                         HRESETn (net)
                      0.014484    0.000000    2.007637 ^ input34/A (sky130_fd_sc_hd__buf_1)
     1    0.010831    0.099617    0.094873    2.102510 ^ input34/X (sky130_fd_sc_hd__buf_1)
                                                         net34 (net)
                      0.099618    0.000275    2.102786 ^ fanout192/A (sky130_fd_sc_hd__buf_8)
     6    0.126081    0.154012    0.147687    2.250473 ^ fanout192/X (sky130_fd_sc_hd__buf_8)
                                                         net192 (net)
                      0.154093    0.003228    2.253701 ^ fanout189/A (sky130_fd_sc_hd__clkbuf_4)
     8    0.049917    0.118084    0.179582    2.433283 ^ fanout189/X (sky130_fd_sc_hd__clkbuf_4)
                                                         net189 (net)
                      0.118087    0.000536    2.433819 ^ _194_/RESET_B (sky130_fd_sc_hd__dfrtp_1)
                                              2.433819   data arrival time

                                 10.000000   10.000000   clock HCLK (rise edge)
                                  0.000000   10.000000   clock source latency
     1    0.055995    0.191291    0.137855   10.137856 ^ HCLK (in)
                                                         HCLK (net)
                      0.192114    0.000000   10.137856 ^ clkbuf_0_HCLK/A (sky130_fd_sc_hd__clkbuf_16)
     5    0.123293    0.107273    0.173709   10.311564 ^ clkbuf_0_HCLK/X (sky130_fd_sc_hd__clkbuf_16)
                                                         clknet_0_HCLK (net)
                      0.108206    0.007999   10.319563 ^ clkbuf_2_2_0_HCLK/A (sky130_fd_sc_hd__clkbuf_8)
     2    0.034011    0.054612    0.121526   10.441090 ^ clkbuf_2_2_0_HCLK/X (sky130_fd_sc_hd__clkbuf_8)
                                                         clknet_2_2_0_HCLK (net)
                      0.054828    0.002355   10.443444 ^ clkbuf_3_4__f_HCLK/A (sky130_fd_sc_hd__clkbuf_16)
    11    0.038066    0.043854    0.102781   10.546226 ^ clkbuf_3_4__f_HCLK/X (sky130_fd_sc_hd__clkbuf_16)
                                                         clknet_3_4__leaf_HCLK (net)
                      0.043854    0.000262   10.546488 ^ _194_/CLK (sky130_fd_sc_hd__dfrtp_1)
                                 -0.250000   10.296488   clock uncertainty
                                  0.000000   10.296488   clock reconvergence pessimism
                                  0.129341   10.425829   library recovery time
                                             10.425829   data required time
---------------------------------------------------------------------------------------------
                                             10.425829   data required time
                                             -2.433819   data arrival time
---------------------------------------------------------------------------------------------
                                              7.992010   slack (MET)


Startpoint: HRESETn (input port clocked by HCLK)
Endpoint: _216_ (recovery check against rising-edge clock HCLK)
Path Group: asynchronous
Path Type: max

Fanout         Cap        Slew       Delay        Time   Description
---------------------------------------------------------------------------------------------
                                  0.000000    0.000000   clock HCLK (rise edge)
                                  0.000000    0.000000   clock network delay (propagated)
                                  2.000000    2.000000 ^ input external delay
     1    0.002959    0.014484    0.007637    2.007637 ^ HRESETn (in)
                                                         HRESETn (net)
                      0.014484    0.000000    2.007637 ^ input34/A (sky130_fd_sc_hd__buf_1)
     1    0.010831    0.099617    0.094873    2.102510 ^ input34/X (sky130_fd_sc_hd__buf_1)
                                                         net34 (net)
                      0.099618    0.000275    2.102786 ^ fanout192/A (sky130_fd_sc_hd__buf_8)
     6    0.126081    0.154012    0.147687    2.250473 ^ fanout192/X (sky130_fd_sc_hd__buf_8)
                                                         net192 (net)
                      0.154054    0.002325    2.252798 ^ fanout191/A (sky130_fd_sc_hd__clkbuf_4)
     7    0.046428    0.110950    0.175509    2.428307 ^ fanout191/X (sky130_fd_sc_hd__clkbuf_4)
                                                         net191 (net)
                      0.110950    0.000446    2.428753 ^ _216_/RESET_B (sky130_fd_sc_hd__dfrtp_2)
                                              2.428753   data arrival time

                                 10.000000   10.000000   clock HCLK (rise edge)
                                  0.000000   10.000000   clock source latency
     1    0.055995    0.191291    0.137855   10.137856 ^ HCLK (in)
                                                         HCLK (net)
                      0.192114    0.000000   10.137856 ^ clkbuf_0_HCLK/A (sky130_fd_sc_hd__clkbuf_16)
     5    0.123293    0.107273    0.173709   10.311564 ^ clkbuf_0_HCLK/X (sky130_fd_sc_hd__clkbuf_16)
                                                         clknet_0_HCLK (net)
                      0.108181    0.007892   10.319457 ^ clkbuf_2_3_0_HCLK/A (sky130_fd_sc_hd__clkbuf_8)
     2    0.037478    0.058645    0.125198   10.444654 ^ clkbuf_2_3_0_HCLK/X (sky130_fd_sc_hd__clkbuf_8)
                                                         clknet_2_3_0_HCLK (net)
                      0.058706    0.000713   10.445368 ^ clkbuf_3_7__f_HCLK/A (sky130_fd_sc_hd__clkbuf_16)
     7    0.047439    0.050226    0.107485   10.552853 ^ clkbuf_3_7__f_HCLK/X (sky130_fd_sc_hd__clkbuf_16)
                                                         clknet_3_7__leaf_HCLK (net)
                      0.051254    0.005535   10.558388 ^ _216_/CLK (sky130_fd_sc_hd__dfrtp_2)
                                 -0.250000   10.308388   clock uncertainty
                                  0.000000   10.308388   clock reconvergence pessimism
                                  0.116341   10.424728   library recovery time
                                             10.424728   data required time
---------------------------------------------------------------------------------------------
                                             10.424728   data required time
                                             -2.428753   data arrival time
---------------------------------------------------------------------------------------------
                                              7.995975   slack (MET)


Startpoint: HRESETn (input port clocked by HCLK)
Endpoint: _217_ (recovery check against rising-edge clock HCLK)
Path Group: asynchronous
Path Type: max

Fanout         Cap        Slew       Delay        Time   Description
---------------------------------------------------------------------------------------------
                                  0.000000    0.000000   clock HCLK (rise edge)
                                  0.000000    0.000000   clock network delay (propagated)
                                  2.000000    2.000000 ^ input external delay
     1    0.002959    0.014484    0.007637    2.007637 ^ HRESETn (in)
                                                         HRESETn (net)
                      0.014484    0.000000    2.007637 ^ input34/A (sky130_fd_sc_hd__buf_1)
     1    0.010831    0.099617    0.094873    2.102510 ^ input34/X (sky130_fd_sc_hd__buf_1)
                                                         net34 (net)
                      0.099618    0.000275    2.102786 ^ fanout192/A (sky130_fd_sc_hd__buf_8)
     6    0.126081    0.154012    0.147687    2.250473 ^ fanout192/X (sky130_fd_sc_hd__buf_8)
                                                         net192 (net)
                      0.154054    0.002325    2.252798 ^ fanout191/A (sky130_fd_sc_hd__clkbuf_4)
     7    0.046428    0.110950    0.175509    2.428307 ^ fanout191/X (sky130_fd_sc_hd__clkbuf_4)
                                                         net191 (net)
                      0.110950    0.000278    2.428586 ^ _217_/RESET_B (sky130_fd_sc_hd__dfrtp_2)
                                              2.428586   data arrival time

                                 10.000000   10.000000   clock HCLK (rise edge)
                                  0.000000   10.000000   clock source latency
     1    0.055995    0.191291    0.137855   10.137856 ^ HCLK (in)
                                                         HCLK (net)
                      0.192114    0.000000   10.137856 ^ clkbuf_0_HCLK/A (sky130_fd_sc_hd__clkbuf_16)
     5    0.123293    0.107273    0.173709   10.311564 ^ clkbuf_0_HCLK/X (sky130_fd_sc_hd__clkbuf_16)
                                                         clknet_0_HCLK (net)
                      0.108181    0.007892   10.319457 ^ clkbuf_2_3_0_HCLK/A (sky130_fd_sc_hd__clkbuf_8)
     2    0.037478    0.058645    0.125198   10.444654 ^ clkbuf_2_3_0_HCLK/X (sky130_fd_sc_hd__clkbuf_8)
                                                         clknet_2_3_0_HCLK (net)
                      0.058706    0.000713   10.445368 ^ clkbuf_3_7__f_HCLK/A (sky130_fd_sc_hd__clkbuf_16)
     7    0.047439    0.050226    0.107485   10.552853 ^ clkbuf_3_7__f_HCLK/X (sky130_fd_sc_hd__clkbuf_16)
                                                         clknet_3_7__leaf_HCLK (net)
                      0.051248    0.005517   10.558370 ^ _217_/CLK (sky130_fd_sc_hd__dfrtp_2)
                                 -0.250000   10.308370   clock uncertainty
                                  0.000000   10.308370   clock reconvergence pessimism
                                  0.116340   10.424709   library recovery time
                                             10.424709   data required time
---------------------------------------------------------------------------------------------
                                             10.424709   data required time
                                             -2.428586   data arrival time
---------------------------------------------------------------------------------------------
                                              7.996124   slack (MET)


Startpoint: HRESETn (input port clocked by HCLK)
Endpoint: _198_ (recovery check against rising-edge clock HCLK)
Path Group: asynchronous
Path Type: max

Fanout         Cap        Slew       Delay        Time   Description
---------------------------------------------------------------------------------------------
                                  0.000000    0.000000   clock HCLK (rise edge)
                                  0.000000    0.000000   clock network delay (propagated)
                                  2.000000    2.000000 ^ input external delay
     1    0.002959    0.014484    0.007637    2.007637 ^ HRESETn (in)
                                                         HRESETn (net)
                      0.014484    0.000000    2.007637 ^ input34/A (sky130_fd_sc_hd__buf_1)
     1    0.010831    0.099617    0.094873    2.102510 ^ input34/X (sky130_fd_sc_hd__buf_1)
                                                         net34 (net)
                      0.099618    0.000275    2.102786 ^ fanout192/A (sky130_fd_sc_hd__buf_8)
     6    0.126081    0.154012    0.147687    2.250473 ^ fanout192/X (sky130_fd_sc_hd__buf_8)
                                                         net192 (net)
                      0.154054    0.002325    2.252798 ^ fanout191/A (sky130_fd_sc_hd__clkbuf_4)
     7    0.046428    0.110950    0.175509    2.428307 ^ fanout191/X (sky130_fd_sc_hd__clkbuf_4)
                                                         net191 (net)
                      0.110965    0.001336    2.429643 ^ _198_/RESET_B (sky130_fd_sc_hd__dfrtp_1)
                                              2.429643   data arrival time

                                 10.000000   10.000000   clock HCLK (rise edge)
                                  0.000000   10.000000   clock source latency
     1    0.055995    0.191291    0.137855   10.137856 ^ HCLK (in)
                                                         HCLK (net)
                      0.192114    0.000000   10.137856 ^ clkbuf_0_HCLK/A (sky130_fd_sc_hd__clkbuf_16)
     5    0.123293    0.107273    0.173709   10.311564 ^ clkbuf_0_HCLK/X (sky130_fd_sc_hd__clkbuf_16)
                                                         clknet_0_HCLK (net)
                      0.108206    0.007999   10.319563 ^ clkbuf_2_2_0_HCLK/A (sky130_fd_sc_hd__clkbuf_8)
     2    0.034011    0.054612    0.121526   10.441090 ^ clkbuf_2_2_0_HCLK/X (sky130_fd_sc_hd__clkbuf_8)
                                                         clknet_2_2_0_HCLK (net)
                      0.054828    0.002355   10.443444 ^ clkbuf_3_4__f_HCLK/A (sky130_fd_sc_hd__clkbuf_16)
    11    0.038066    0.043854    0.102781   10.546226 ^ clkbuf_3_4__f_HCLK/X (sky130_fd_sc_hd__clkbuf_16)
                                                         clknet_3_4__leaf_HCLK (net)
                      0.043854    0.000223   10.546449 ^ _198_/CLK (sky130_fd_sc_hd__dfrtp_1)
                                 -0.250000   10.296449   clock uncertainty
                                  0.000000   10.296449   clock reconvergence pessimism
                                  0.130670   10.427118   library recovery time
                                             10.427118   data required time
---------------------------------------------------------------------------------------------
                                             10.427118   data required time
                                             -2.429643   data arrival time
---------------------------------------------------------------------------------------------
                                              7.997475   slack (MET)


Startpoint: HRESETn (input port clocked by HCLK)
Endpoint: _193_ (recovery check against rising-edge clock HCLK)
Path Group: asynchronous
Path Type: max

Fanout         Cap        Slew       Delay        Time   Description
---------------------------------------------------------------------------------------------
                                  0.000000    0.000000   clock HCLK (rise edge)
                                  0.000000    0.000000   clock network delay (propagated)
                                  2.000000    2.000000 ^ input external delay
     1    0.002959    0.014484    0.007637    2.007637 ^ HRESETn (in)
                                                         HRESETn (net)
                      0.014484    0.000000    2.007637 ^ input34/A (sky130_fd_sc_hd__buf_1)
     1    0.010831    0.099617    0.094873    2.102510 ^ input34/X (sky130_fd_sc_hd__buf_1)
                                                         net34 (net)
                      0.099618    0.000275    2.102786 ^ fanout192/A (sky130_fd_sc_hd__buf_8)
     6    0.126081    0.154012    0.147687    2.250473 ^ fanout192/X (sky130_fd_sc_hd__buf_8)
                                                         net192 (net)
                      0.154054    0.002325    2.252798 ^ fanout191/A (sky130_fd_sc_hd__clkbuf_4)
     7    0.046428    0.110950    0.175509    2.428307 ^ fanout191/X (sky130_fd_sc_hd__clkbuf_4)
                                                         net191 (net)
                      0.110961    0.001184    2.429492 ^ _193_/RESET_B (sky130_fd_sc_hd__dfrtp_1)
                                              2.429492   data arrival time

                                 10.000000   10.000000   clock HCLK (rise edge)
                                  0.000000   10.000000   clock source latency
     1    0.055995    0.191291    0.137855   10.137856 ^ HCLK (in)
                                                         HCLK (net)
                      0.192114    0.000000   10.137856 ^ clkbuf_0_HCLK/A (sky130_fd_sc_hd__clkbuf_16)
     5    0.123293    0.107273    0.173709   10.311564 ^ clkbuf_0_HCLK/X (sky130_fd_sc_hd__clkbuf_16)
                                                         clknet_0_HCLK (net)
                      0.108206    0.007999   10.319563 ^ clkbuf_2_2_0_HCLK/A (sky130_fd_sc_hd__clkbuf_8)
     2    0.034011    0.054612    0.121526   10.441090 ^ clkbuf_2_2_0_HCLK/X (sky130_fd_sc_hd__clkbuf_8)
                                                         clknet_2_2_0_HCLK (net)
                      0.054828    0.002355   10.443444 ^ clkbuf_3_4__f_HCLK/A (sky130_fd_sc_hd__clkbuf_16)
    11    0.038066    0.043854    0.102781   10.546226 ^ clkbuf_3_4__f_HCLK/X (sky130_fd_sc_hd__clkbuf_16)
                                                         clknet_3_4__leaf_HCLK (net)
                      0.043860    0.000449   10.546675 ^ _193_/CLK (sky130_fd_sc_hd__dfrtp_1)
                                 -0.250000   10.296675   clock uncertainty
                                  0.000000   10.296675   clock reconvergence pessimism
                                  0.130671   10.427346   library recovery time
                                             10.427346   data required time
---------------------------------------------------------------------------------------------
                                             10.427346   data required time
                                             -2.429492   data arrival time
---------------------------------------------------------------------------------------------
                                              7.997855   slack (MET)


Startpoint: HRESETn (input port clocked by HCLK)
Endpoint: _167_ (recovery check against rising-edge clock HCLK)
Path Group: asynchronous
Path Type: max

Fanout         Cap        Slew       Delay        Time   Description
---------------------------------------------------------------------------------------------
                                  0.000000    0.000000   clock HCLK (rise edge)
                                  0.000000    0.000000   clock network delay (propagated)
                                  2.000000    2.000000 ^ input external delay
     1    0.002959    0.014484    0.007637    2.007637 ^ HRESETn (in)
                                                         HRESETn (net)
                      0.014484    0.000000    2.007637 ^ input34/A (sky130_fd_sc_hd__buf_1)
     1    0.010831    0.099617    0.094873    2.102510 ^ input34/X (sky130_fd_sc_hd__buf_1)
                                                         net34 (net)
                      0.099618    0.000275    2.102786 ^ fanout192/A (sky130_fd_sc_hd__buf_8)
     6    0.126081    0.154012    0.147687    2.250473 ^ fanout192/X (sky130_fd_sc_hd__buf_8)
                                                         net192 (net)
                      0.154054    0.002325    2.252798 ^ fanout191/A (sky130_fd_sc_hd__clkbuf_4)
     7    0.046428    0.110950    0.175509    2.428307 ^ fanout191/X (sky130_fd_sc_hd__clkbuf_4)
                                                         net191 (net)
                      0.110958    0.001052    2.429359 ^ _167_/RESET_B (sky130_fd_sc_hd__dfrtp_1)
                                              2.429359   data arrival time

                                 10.000000   10.000000   clock HCLK (rise edge)
                                  0.000000   10.000000   clock source latency
     1    0.055995    0.191291    0.137855   10.137856 ^ HCLK (in)
                                                         HCLK (net)
                      0.192114    0.000000   10.137856 ^ clkbuf_0_HCLK/A (sky130_fd_sc_hd__clkbuf_16)
     5    0.123293    0.107273    0.173709   10.311564 ^ clkbuf_0_HCLK/X (sky130_fd_sc_hd__clkbuf_16)
                                                         clknet_0_HCLK (net)
                      0.108206    0.007999   10.319563 ^ clkbuf_2_2_0_HCLK/A (sky130_fd_sc_hd__clkbuf_8)
     2    0.034011    0.054612    0.121526   10.441090 ^ clkbuf_2_2_0_HCLK/X (sky130_fd_sc_hd__clkbuf_8)
                                                         clknet_2_2_0_HCLK (net)
                      0.054828    0.002355   10.443444 ^ clkbuf_3_4__f_HCLK/A (sky130_fd_sc_hd__clkbuf_16)
    11    0.038066    0.043854    0.102781   10.546226 ^ clkbuf_3_4__f_HCLK/X (sky130_fd_sc_hd__clkbuf_16)
                                                         clknet_3_4__leaf_HCLK (net)
                      0.043863    0.000527   10.546752 ^ _167_/CLK (sky130_fd_sc_hd__dfrtp_1)
                                 -0.250000   10.296752   clock uncertainty
                                  0.000000   10.296752   clock reconvergence pessimism
                                  0.130672   10.427424   library recovery time
                                             10.427424   data required time
---------------------------------------------------------------------------------------------
                                             10.427424   data required time
                                             -2.429359   data arrival time
---------------------------------------------------------------------------------------------
                                              7.998065   slack (MET)


Startpoint: HRESETn (input port clocked by HCLK)
Endpoint: _171_ (recovery check against rising-edge clock HCLK)
Path Group: asynchronous
Path Type: max

Fanout         Cap        Slew       Delay        Time   Description
---------------------------------------------------------------------------------------------
                                  0.000000    0.000000   clock HCLK (rise edge)
                                  0.000000    0.000000   clock network delay (propagated)
                                  2.000000    2.000000 ^ input external delay
     1    0.002959    0.014484    0.007637    2.007637 ^ HRESETn (in)
                                                         HRESETn (net)
                      0.014484    0.000000    2.007637 ^ input34/A (sky130_fd_sc_hd__buf_1)
     1    0.010831    0.099617    0.094873    2.102510 ^ input34/X (sky130_fd_sc_hd__buf_1)
                                                         net34 (net)
                      0.099618    0.000275    2.102786 ^ fanout192/A (sky130_fd_sc_hd__buf_8)
     6    0.126081    0.154012    0.147687    2.250473 ^ fanout192/X (sky130_fd_sc_hd__buf_8)
                                                         net192 (net)
                      0.154023    0.001195    2.251667 ^ fanout190/A (sky130_fd_sc_hd__buf_8)
    13    0.121799    0.149870    0.152392    2.404060 ^ fanout190/X (sky130_fd_sc_hd__buf_8)
                                                         net190 (net)
                      0.161868    0.032631    2.436690 ^ _171_/RESET_B (sky130_fd_sc_hd__dfrtp_1)
                                              2.436690   data arrival time

                                 10.000000   10.000000   clock HCLK (rise edge)
                                  0.000000   10.000000   clock source latency
     1    0.055995    0.191291    0.137855   10.137856 ^ HCLK (in)
                                                         HCLK (net)
                      0.192114    0.000000   10.137856 ^ clkbuf_0_HCLK/A (sky130_fd_sc_hd__clkbuf_16)
     5    0.123293    0.107273    0.173709   10.311564 ^ clkbuf_0_HCLK/X (sky130_fd_sc_hd__clkbuf_16)
                                                         clknet_0_HCLK (net)
                      0.108181    0.007892   10.319457 ^ clkbuf_2_3_0_HCLK/A (sky130_fd_sc_hd__clkbuf_8)
     2    0.037478    0.058645    0.125198   10.444654 ^ clkbuf_2_3_0_HCLK/X (sky130_fd_sc_hd__clkbuf_8)
                                                         clknet_2_3_0_HCLK (net)
                      0.058793    0.001902   10.446557 ^ clkbuf_3_6__f_HCLK/A (sky130_fd_sc_hd__clkbuf_16)
     8    0.068452    0.065687    0.118354   10.564911 ^ clkbuf_3_6__f_HCLK/X (sky130_fd_sc_hd__clkbuf_16)
                                                         clknet_3_6__leaf_HCLK (net)
                      0.066321    0.005050   10.569962 ^ _171_/CLK (sky130_fd_sc_hd__dfrtp_1)
                                 -0.250000   10.319962   clock uncertainty
                                  0.000000   10.319962   clock reconvergence pessimism
                                  0.124661   10.444622   library recovery time
                                             10.444622   data required time
---------------------------------------------------------------------------------------------
                                             10.444622   data required time
                                             -2.436690   data arrival time
---------------------------------------------------------------------------------------------
                                              8.007933   slack (MET)


Startpoint: HRESETn (input port clocked by HCLK)
Endpoint: _200_ (recovery check against rising-edge clock HCLK)
Path Group: asynchronous
Path Type: max

Fanout         Cap        Slew       Delay        Time   Description
---------------------------------------------------------------------------------------------
                                  0.000000    0.000000   clock HCLK (rise edge)
                                  0.000000    0.000000   clock network delay (propagated)
                                  2.000000    2.000000 ^ input external delay
     1    0.002959    0.014484    0.007637    2.007637 ^ HRESETn (in)
                                                         HRESETn (net)
                      0.014484    0.000000    2.007637 ^ input34/A (sky130_fd_sc_hd__buf_1)
     1    0.010831    0.099617    0.094873    2.102510 ^ input34/X (sky130_fd_sc_hd__buf_1)
                                                         net34 (net)
                      0.099618    0.000275    2.102786 ^ fanout192/A (sky130_fd_sc_hd__buf_8)
     6    0.126081    0.154012    0.147687    2.250473 ^ fanout192/X (sky130_fd_sc_hd__buf_8)
                                                         net192 (net)
                      0.154023    0.001195    2.251667 ^ fanout190/A (sky130_fd_sc_hd__buf_8)
    13    0.121799    0.149870    0.152392    2.404060 ^ fanout190/X (sky130_fd_sc_hd__buf_8)
                                                         net190 (net)
                      0.161854    0.032610    2.436669 ^ _200_/RESET_B (sky130_fd_sc_hd__dfrtp_1)
                                              2.436669   data arrival time

                                 10.000000   10.000000   clock HCLK (rise edge)
                                  0.000000   10.000000   clock source latency
     1    0.055995    0.191291    0.137855   10.137856 ^ HCLK (in)
                                                         HCLK (net)
                      0.192114    0.000000   10.137856 ^ clkbuf_0_HCLK/A (sky130_fd_sc_hd__clkbuf_16)
     5    0.123293    0.107273    0.173709   10.311564 ^ clkbuf_0_HCLK/X (sky130_fd_sc_hd__clkbuf_16)
                                                         clknet_0_HCLK (net)
                      0.108181    0.007892   10.319457 ^ clkbuf_2_3_0_HCLK/A (sky130_fd_sc_hd__clkbuf_8)
     2    0.037478    0.058645    0.125198   10.444654 ^ clkbuf_2_3_0_HCLK/X (sky130_fd_sc_hd__clkbuf_8)
                                                         clknet_2_3_0_HCLK (net)
                      0.058793    0.001902   10.446557 ^ clkbuf_3_6__f_HCLK/A (sky130_fd_sc_hd__clkbuf_16)
     8    0.068452    0.065687    0.118354   10.564911 ^ clkbuf_3_6__f_HCLK/X (sky130_fd_sc_hd__clkbuf_16)
                                                         clknet_3_6__leaf_HCLK (net)
                      0.066315    0.005024   10.569935 ^ _200_/CLK (sky130_fd_sc_hd__dfrtp_1)
                                 -0.250000   10.319935   clock uncertainty
                                  0.000000   10.319935   clock reconvergence pessimism
                                  0.124663   10.444597   library recovery time
                                             10.444597   data required time
---------------------------------------------------------------------------------------------
                                             10.444597   data required time
                                             -2.436669   data arrival time
---------------------------------------------------------------------------------------------
                                              8.007928   slack (MET)


Startpoint: HRESETn (input port clocked by HCLK)
Endpoint: _206_ (recovery check against rising-edge clock HCLK)
Path Group: asynchronous
Path Type: max

Fanout         Cap        Slew       Delay        Time   Description
---------------------------------------------------------------------------------------------
                                  0.000000    0.000000   clock HCLK (rise edge)
                                  0.000000    0.000000   clock network delay (propagated)
                                  2.000000    2.000000 ^ input external delay
     1    0.002959    0.014484    0.007637    2.007637 ^ HRESETn (in)
                                                         HRESETn (net)
                      0.014484    0.000000    2.007637 ^ input34/A (sky130_fd_sc_hd__buf_1)
     1    0.010831    0.099617    0.094873    2.102510 ^ input34/X (sky130_fd_sc_hd__buf_1)
                                                         net34 (net)
                      0.099618    0.000275    2.102786 ^ fanout192/A (sky130_fd_sc_hd__buf_8)
     6    0.126081    0.154012    0.147687    2.250473 ^ fanout192/X (sky130_fd_sc_hd__buf_8)
                                                         net192 (net)
                      0.154023    0.001195    2.251667 ^ fanout190/A (sky130_fd_sc_hd__buf_8)
    13    0.121799    0.149870    0.152392    2.404060 ^ fanout190/X (sky130_fd_sc_hd__buf_8)
                                                         net190 (net)
                      0.161803    0.032539    2.436599 ^ _206_/RESET_B (sky130_fd_sc_hd__dfrtp_1)
                                              2.436599   data arrival time

                                 10.000000   10.000000   clock HCLK (rise edge)
                                  0.000000   10.000000   clock source latency
     1    0.055995    0.191291    0.137855   10.137856 ^ HCLK (in)
                                                         HCLK (net)
                      0.192114    0.000000   10.137856 ^ clkbuf_0_HCLK/A (sky130_fd_sc_hd__clkbuf_16)
     5    0.123293    0.107273    0.173709   10.311564 ^ clkbuf_0_HCLK/X (sky130_fd_sc_hd__clkbuf_16)
                                                         clknet_0_HCLK (net)
                      0.108181    0.007892   10.319457 ^ clkbuf_2_3_0_HCLK/A (sky130_fd_sc_hd__clkbuf_8)
     2    0.037478    0.058645    0.125198   10.444654 ^ clkbuf_2_3_0_HCLK/X (sky130_fd_sc_hd__clkbuf_8)
                                                         clknet_2_3_0_HCLK (net)
                      0.058793    0.001902   10.446557 ^ clkbuf_3_6__f_HCLK/A (sky130_fd_sc_hd__clkbuf_16)
     8    0.068452    0.065687    0.118354   10.564911 ^ clkbuf_3_6__f_HCLK/X (sky130_fd_sc_hd__clkbuf_16)
                                                         clknet_3_6__leaf_HCLK (net)
                      0.066304    0.004982   10.569893 ^ _206_/CLK (sky130_fd_sc_hd__dfrtp_1)
                                 -0.250000   10.319893   clock uncertainty
                                  0.000000   10.319893   clock reconvergence pessimism
                                  0.124671   10.444564   library recovery time
                                             10.444564   data required time
---------------------------------------------------------------------------------------------
                                             10.444564   data required time
                                             -2.436599   data arrival time
---------------------------------------------------------------------------------------------
                                              8.007964   slack (MET)


Startpoint: HRESETn (input port clocked by HCLK)
Endpoint: _209_ (recovery check against rising-edge clock HCLK)
Path Group: asynchronous
Path Type: max

Fanout         Cap        Slew       Delay        Time   Description
---------------------------------------------------------------------------------------------
                                  0.000000    0.000000   clock HCLK (rise edge)
                                  0.000000    0.000000   clock network delay (propagated)
                                  2.000000    2.000000 ^ input external delay
     1    0.002959    0.014484    0.007637    2.007637 ^ HRESETn (in)
                                                         HRESETn (net)
                      0.014484    0.000000    2.007637 ^ input34/A (sky130_fd_sc_hd__buf_1)
     1    0.010831    0.099617    0.094873    2.102510 ^ input34/X (sky130_fd_sc_hd__buf_1)
                                                         net34 (net)
                      0.099618    0.000275    2.102786 ^ fanout192/A (sky130_fd_sc_hd__buf_8)
     6    0.126081    0.154012    0.147687    2.250473 ^ fanout192/X (sky130_fd_sc_hd__buf_8)
                                                         net192 (net)
                      0.154023    0.001195    2.251667 ^ fanout190/A (sky130_fd_sc_hd__buf_8)
    13    0.121799    0.149870    0.152392    2.404060 ^ fanout190/X (sky130_fd_sc_hd__buf_8)
                                                         net190 (net)
                      0.161390    0.031956    2.436016 ^ _209_/RESET_B (sky130_fd_sc_hd__dfrtp_1)
                                              2.436016   data arrival time

                                 10.000000   10.000000   clock HCLK (rise edge)
                                  0.000000   10.000000   clock source latency
     1    0.055995    0.191291    0.137855   10.137856 ^ HCLK (in)
                                                         HCLK (net)
                      0.192114    0.000000   10.137856 ^ clkbuf_0_HCLK/A (sky130_fd_sc_hd__clkbuf_16)
     5    0.123293    0.107273    0.173709   10.311564 ^ clkbuf_0_HCLK/X (sky130_fd_sc_hd__clkbuf_16)
                                                         clknet_0_HCLK (net)
                      0.108181    0.007892   10.319457 ^ clkbuf_2_3_0_HCLK/A (sky130_fd_sc_hd__clkbuf_8)
     2    0.037478    0.058645    0.125198   10.444654 ^ clkbuf_2_3_0_HCLK/X (sky130_fd_sc_hd__clkbuf_8)
                                                         clknet_2_3_0_HCLK (net)
                      0.058793    0.001902   10.446557 ^ clkbuf_3_6__f_HCLK/A (sky130_fd_sc_hd__clkbuf_16)
     8    0.068452    0.065687    0.118354   10.564911 ^ clkbuf_3_6__f_HCLK/X (sky130_fd_sc_hd__clkbuf_16)
                                                         clknet_3_6__leaf_HCLK (net)
                      0.066162    0.004372   10.569283 ^ _209_/CLK (sky130_fd_sc_hd__dfrtp_1)
                                 -0.250000   10.319283   clock uncertainty
                                  0.000000   10.319283   clock reconvergence pessimism
                                  0.124725   10.444008   library recovery time
                                             10.444008   data required time
---------------------------------------------------------------------------------------------
                                             10.444008   data required time
                                             -2.436016   data arrival time
---------------------------------------------------------------------------------------------
                                              8.007992   slack (MET)


Startpoint: HRESETn (input port clocked by HCLK)
Endpoint: _199_ (recovery check against rising-edge clock HCLK)
Path Group: asynchronous
Path Type: max

Fanout         Cap        Slew       Delay        Time   Description
---------------------------------------------------------------------------------------------
                                  0.000000    0.000000   clock HCLK (rise edge)
                                  0.000000    0.000000   clock network delay (propagated)
                                  2.000000    2.000000 ^ input external delay
     1    0.002959    0.014484    0.007637    2.007637 ^ HRESETn (in)
                                                         HRESETn (net)
                      0.014484    0.000000    2.007637 ^ input34/A (sky130_fd_sc_hd__buf_1)
     1    0.010831    0.099617    0.094873    2.102510 ^ input34/X (sky130_fd_sc_hd__buf_1)
                                                         net34 (net)
                      0.099618    0.000275    2.102786 ^ fanout192/A (sky130_fd_sc_hd__buf_8)
     6    0.126081    0.154012    0.147687    2.250473 ^ fanout192/X (sky130_fd_sc_hd__buf_8)
                                                         net192 (net)
                      0.154023    0.001195    2.251667 ^ fanout190/A (sky130_fd_sc_hd__buf_8)
    13    0.121799    0.149870    0.152392    2.404060 ^ fanout190/X (sky130_fd_sc_hd__buf_8)
                                                         net190 (net)
                      0.161507    0.032122    2.436182 ^ _199_/RESET_B (sky130_fd_sc_hd__dfrtp_1)
                                              2.436182   data arrival time

                                 10.000000   10.000000   clock HCLK (rise edge)
                                  0.000000   10.000000   clock source latency
     1    0.055995    0.191291    0.137855   10.137856 ^ HCLK (in)
                                                         HCLK (net)
                      0.192114    0.000000   10.137856 ^ clkbuf_0_HCLK/A (sky130_fd_sc_hd__clkbuf_16)
     5    0.123293    0.107273    0.173709   10.311564 ^ clkbuf_0_HCLK/X (sky130_fd_sc_hd__clkbuf_16)
                                                         clknet_0_HCLK (net)
                      0.108181    0.007892   10.319457 ^ clkbuf_2_3_0_HCLK/A (sky130_fd_sc_hd__clkbuf_8)
     2    0.037478    0.058645    0.125198   10.444654 ^ clkbuf_2_3_0_HCLK/X (sky130_fd_sc_hd__clkbuf_8)
                                                         clknet_2_3_0_HCLK (net)
                      0.058793    0.001902   10.446557 ^ clkbuf_3_6__f_HCLK/A (sky130_fd_sc_hd__clkbuf_16)
     8    0.068452    0.065687    0.118354   10.564911 ^ clkbuf_3_6__f_HCLK/X (sky130_fd_sc_hd__clkbuf_16)
                                                         clknet_3_6__leaf_HCLK (net)
                      0.066218    0.004620   10.569531 ^ _199_/CLK (sky130_fd_sc_hd__dfrtp_1)
                                 -0.250000   10.319531   clock uncertainty
                                  0.000000   10.319531   clock reconvergence pessimism
                                  0.124712   10.444243   library recovery time
                                             10.444243   data required time
---------------------------------------------------------------------------------------------
                                             10.444243   data required time
                                             -2.436182   data arrival time
---------------------------------------------------------------------------------------------
                                              8.008061   slack (MET)


Startpoint: HRESETn (input port clocked by HCLK)
Endpoint: _156_ (recovery check against rising-edge clock HCLK)
Path Group: asynchronous
Path Type: max

Fanout         Cap        Slew       Delay        Time   Description
---------------------------------------------------------------------------------------------
                                  0.000000    0.000000   clock HCLK (rise edge)
                                  0.000000    0.000000   clock network delay (propagated)
                                  2.000000    2.000000 ^ input external delay
     1    0.002959    0.014484    0.007637    2.007637 ^ HRESETn (in)
                                                         HRESETn (net)
                      0.014484    0.000000    2.007637 ^ input34/A (sky130_fd_sc_hd__buf_1)
     1    0.010831    0.099617    0.094873    2.102510 ^ input34/X (sky130_fd_sc_hd__buf_1)
                                                         net34 (net)
                      0.099618    0.000275    2.102786 ^ fanout192/A (sky130_fd_sc_hd__buf_8)
     6    0.126081    0.154012    0.147687    2.250473 ^ fanout192/X (sky130_fd_sc_hd__buf_8)
                                                         net192 (net)
                      0.154023    0.001195    2.251667 ^ fanout190/A (sky130_fd_sc_hd__buf_8)
    13    0.121799    0.149870    0.152392    2.404060 ^ fanout190/X (sky130_fd_sc_hd__buf_8)
                                                         net190 (net)
                      0.161673    0.032357    2.436417 ^ _156_/RESET_B (sky130_fd_sc_hd__dfrtp_1)
                                              2.436417   data arrival time

                                 10.000000   10.000000   clock HCLK (rise edge)
                                  0.000000   10.000000   clock source latency
     1    0.055995    0.191291    0.137855   10.137856 ^ HCLK (in)
                                                         HCLK (net)
                      0.192114    0.000000   10.137856 ^ clkbuf_0_HCLK/A (sky130_fd_sc_hd__clkbuf_16)
     5    0.123293    0.107273    0.173709   10.311564 ^ clkbuf_0_HCLK/X (sky130_fd_sc_hd__clkbuf_16)
                                                         clknet_0_HCLK (net)
                      0.108181    0.007892   10.319457 ^ clkbuf_2_3_0_HCLK/A (sky130_fd_sc_hd__clkbuf_8)
     2    0.037478    0.058645    0.125198   10.444654 ^ clkbuf_2_3_0_HCLK/X (sky130_fd_sc_hd__clkbuf_8)
                                                         clknet_2_3_0_HCLK (net)
                      0.058793    0.001902   10.446557 ^ clkbuf_3_6__f_HCLK/A (sky130_fd_sc_hd__clkbuf_16)
     8    0.068452    0.065687    0.118354   10.564911 ^ clkbuf_3_6__f_HCLK/X (sky130_fd_sc_hd__clkbuf_16)
                                                         clknet_3_6__leaf_HCLK (net)
                      0.066301    0.004970   10.569881 ^ _156_/CLK (sky130_fd_sc_hd__dfrtp_1)
                                 -0.250000   10.319881   clock uncertainty
                                  0.000000   10.319881   clock reconvergence pessimism
                                  0.124694   10.444575   library recovery time
                                             10.444575   data required time
---------------------------------------------------------------------------------------------
                                             10.444575   data required time
                                             -2.436417   data arrival time
---------------------------------------------------------------------------------------------
                                              8.008159   slack (MET)


Startpoint: HRESETn (input port clocked by HCLK)
Endpoint: _190_ (recovery check against rising-edge clock HCLK)
Path Group: asynchronous
Path Type: max

Fanout         Cap        Slew       Delay        Time   Description
---------------------------------------------------------------------------------------------
                                  0.000000    0.000000   clock HCLK (rise edge)
                                  0.000000    0.000000   clock network delay (propagated)
                                  2.000000    2.000000 ^ input external delay
     1    0.002959    0.014484    0.007637    2.007637 ^ HRESETn (in)
                                                         HRESETn (net)
                      0.014484    0.000000    2.007637 ^ input34/A (sky130_fd_sc_hd__buf_1)
     1    0.010831    0.099617    0.094873    2.102510 ^ input34/X (sky130_fd_sc_hd__buf_1)
                                                         net34 (net)
                      0.099618    0.000275    2.102786 ^ fanout192/A (sky130_fd_sc_hd__buf_8)
     6    0.126081    0.154012    0.147687    2.250473 ^ fanout192/X (sky130_fd_sc_hd__buf_8)
                                                         net192 (net)
                      0.154023    0.001195    2.251667 ^ fanout190/A (sky130_fd_sc_hd__buf_8)
    13    0.121799    0.149870    0.152392    2.404060 ^ fanout190/X (sky130_fd_sc_hd__buf_8)
                                                         net190 (net)
                      0.161575    0.032219    2.436279 ^ _190_/RESET_B (sky130_fd_sc_hd__dfrtp_1)
                                              2.436279   data arrival time

                                 10.000000   10.000000   clock HCLK (rise edge)
                                  0.000000   10.000000   clock source latency
     1    0.055995    0.191291    0.137855   10.137856 ^ HCLK (in)
                                                         HCLK (net)
                      0.192114    0.000000   10.137856 ^ clkbuf_0_HCLK/A (sky130_fd_sc_hd__clkbuf_16)
     5    0.123293    0.107273    0.173709   10.311564 ^ clkbuf_0_HCLK/X (sky130_fd_sc_hd__clkbuf_16)
                                                         clknet_0_HCLK (net)
                      0.108181    0.007892   10.319457 ^ clkbuf_2_3_0_HCLK/A (sky130_fd_sc_hd__clkbuf_8)
     2    0.037478    0.058645    0.125198   10.444654 ^ clkbuf_2_3_0_HCLK/X (sky130_fd_sc_hd__clkbuf_8)
                                                         clknet_2_3_0_HCLK (net)
                      0.058793    0.001902   10.446557 ^ clkbuf_3_6__f_HCLK/A (sky130_fd_sc_hd__clkbuf_16)
     8    0.068452    0.065687    0.118354   10.564911 ^ clkbuf_3_6__f_HCLK/X (sky130_fd_sc_hd__clkbuf_16)
                                                         clknet_3_6__leaf_HCLK (net)
                      0.066271    0.004845   10.569757 ^ _190_/CLK (sky130_fd_sc_hd__dfrtp_1)
                                 -0.250000   10.319756   clock uncertainty
                                  0.000000   10.319756   clock reconvergence pessimism
                                  0.124708   10.444464   library recovery time
                                             10.444464   data required time
---------------------------------------------------------------------------------------------
                                             10.444464   data required time
                                             -2.436279   data arrival time
---------------------------------------------------------------------------------------------
                                              8.008184   slack (MET)


Startpoint: HRESETn (input port clocked by HCLK)
Endpoint: _215_ (recovery check against rising-edge clock HCLK)
Path Group: asynchronous
Path Type: max

Fanout         Cap        Slew       Delay        Time   Description
---------------------------------------------------------------------------------------------
                                  0.000000    0.000000   clock HCLK (rise edge)
                                  0.000000    0.000000   clock network delay (propagated)
                                  2.000000    2.000000 ^ input external delay
     1    0.002959    0.014484    0.007637    2.007637 ^ HRESETn (in)
                                                         HRESETn (net)
                      0.014484    0.000000    2.007637 ^ input34/A (sky130_fd_sc_hd__buf_1)
     1    0.010831    0.099617    0.094873    2.102510 ^ input34/X (sky130_fd_sc_hd__buf_1)
                                                         net34 (net)
                      0.099618    0.000275    2.102786 ^ fanout192/A (sky130_fd_sc_hd__buf_8)
     6    0.126081    0.154012    0.147687    2.250473 ^ fanout192/X (sky130_fd_sc_hd__buf_8)
                                                         net192 (net)
                      0.154054    0.002325    2.252798 ^ fanout191/A (sky130_fd_sc_hd__clkbuf_4)
     7    0.046428    0.110950    0.175509    2.428307 ^ fanout191/X (sky130_fd_sc_hd__clkbuf_4)
                                                         net191 (net)
                      0.110954    0.000830    2.429138 ^ _215_/RESET_B (sky130_fd_sc_hd__dfrtp_1)
                                              2.429138   data arrival time

                                 10.000000   10.000000   clock HCLK (rise edge)
                                  0.000000   10.000000   clock source latency
     1    0.055995    0.191291    0.137855   10.137856 ^ HCLK (in)
                                                         HCLK (net)
                      0.192114    0.000000   10.137856 ^ clkbuf_0_HCLK/A (sky130_fd_sc_hd__clkbuf_16)
     5    0.123293    0.107273    0.173709   10.311564 ^ clkbuf_0_HCLK/X (sky130_fd_sc_hd__clkbuf_16)
                                                         clknet_0_HCLK (net)
                      0.108181    0.007892   10.319457 ^ clkbuf_2_3_0_HCLK/A (sky130_fd_sc_hd__clkbuf_8)
     2    0.037478    0.058645    0.125198   10.444654 ^ clkbuf_2_3_0_HCLK/X (sky130_fd_sc_hd__clkbuf_8)
                                                         clknet_2_3_0_HCLK (net)
                      0.058706    0.000713   10.445368 ^ clkbuf_3_7__f_HCLK/A (sky130_fd_sc_hd__clkbuf_16)
     7    0.047439    0.050226    0.107485   10.552853 ^ clkbuf_3_7__f_HCLK/X (sky130_fd_sc_hd__clkbuf_16)
                                                         clknet_3_7__leaf_HCLK (net)
                      0.051271    0.005588   10.558440 ^ _215_/CLK (sky130_fd_sc_hd__dfrtp_1)
                                 -0.250000   10.308440   clock uncertainty
                                  0.000000   10.308440   clock reconvergence pessimism
                                  0.131805   10.440247   library recovery time
                                             10.440247   data required time
---------------------------------------------------------------------------------------------
                                             10.440247   data required time
                                             -2.429138   data arrival time
---------------------------------------------------------------------------------------------
                                              8.011108   slack (MET)


Startpoint: HRESETn (input port clocked by HCLK)
Endpoint: _154_ (recovery check against rising-edge clock HCLK)
Path Group: asynchronous
Path Type: max

Fanout         Cap        Slew       Delay        Time   Description
---------------------------------------------------------------------------------------------
                                  0.000000    0.000000   clock HCLK (rise edge)
                                  0.000000    0.000000   clock network delay (propagated)
                                  2.000000    2.000000 ^ input external delay
     1    0.002959    0.014484    0.007637    2.007637 ^ HRESETn (in)
                                                         HRESETn (net)
                      0.014484    0.000000    2.007637 ^ input34/A (sky130_fd_sc_hd__buf_1)
     1    0.010831    0.099617    0.094873    2.102510 ^ input34/X (sky130_fd_sc_hd__buf_1)
                                                         net34 (net)
                      0.099618    0.000275    2.102786 ^ fanout192/A (sky130_fd_sc_hd__buf_8)
     6    0.126081    0.154012    0.147687    2.250473 ^ fanout192/X (sky130_fd_sc_hd__buf_8)
                                                         net192 (net)
                      0.154023    0.001195    2.251667 ^ fanout190/A (sky130_fd_sc_hd__buf_8)
    13    0.121799    0.149870    0.152392    2.404060 ^ fanout190/X (sky130_fd_sc_hd__buf_8)
                                                         net190 (net)
                      0.149881    0.001145    2.405205 ^ _154_/RESET_B (sky130_fd_sc_hd__dfrtp_1)
                                              2.405205   data arrival time

                                 10.000000   10.000000   clock HCLK (rise edge)
                                  0.000000   10.000000   clock source latency
     1    0.055995    0.191291    0.137855   10.137856 ^ HCLK (in)
                                                         HCLK (net)
                      0.192114    0.000000   10.137856 ^ clkbuf_0_HCLK/A (sky130_fd_sc_hd__clkbuf_16)
     5    0.123293    0.107273    0.173709   10.311564 ^ clkbuf_0_HCLK/X (sky130_fd_sc_hd__clkbuf_16)
                                                         clknet_0_HCLK (net)
                      0.108206    0.007999   10.319563 ^ clkbuf_2_2_0_HCLK/A (sky130_fd_sc_hd__clkbuf_8)
     2    0.034011    0.054612    0.121526   10.441090 ^ clkbuf_2_2_0_HCLK/X (sky130_fd_sc_hd__clkbuf_8)
                                                         clknet_2_2_0_HCLK (net)
                      0.054828    0.002355   10.443444 ^ clkbuf_3_4__f_HCLK/A (sky130_fd_sc_hd__clkbuf_16)
    11    0.038066    0.043854    0.102781   10.546226 ^ clkbuf_3_4__f_HCLK/X (sky130_fd_sc_hd__clkbuf_16)
                                                         clknet_3_4__leaf_HCLK (net)
                      0.043855    0.000307   10.546533 ^ _154_/CLK (sky130_fd_sc_hd__dfrtp_1)
                                 -0.250000   10.296533   clock uncertainty
                                  0.000000   10.296533   clock reconvergence pessimism
                                  0.123411   10.419945   library recovery time
                                             10.419945   data required time
---------------------------------------------------------------------------------------------
                                             10.419945   data required time
                                             -2.405205   data arrival time
---------------------------------------------------------------------------------------------
                                              8.014739   slack (MET)


Startpoint: HRESETn (input port clocked by HCLK)
Endpoint: _162_ (recovery check against rising-edge clock HCLK)
Path Group: asynchronous
Path Type: max

Fanout         Cap        Slew       Delay        Time   Description
---------------------------------------------------------------------------------------------
                                  0.000000    0.000000   clock HCLK (rise edge)
                                  0.000000    0.000000   clock network delay (propagated)
                                  2.000000    2.000000 ^ input external delay
     1    0.002959    0.014484    0.007637    2.007637 ^ HRESETn (in)
                                                         HRESETn (net)
                      0.014484    0.000000    2.007637 ^ input34/A (sky130_fd_sc_hd__buf_1)
     1    0.010831    0.099617    0.094873    2.102510 ^ input34/X (sky130_fd_sc_hd__buf_1)
                                                         net34 (net)
                      0.099618    0.000275    2.102786 ^ fanout192/A (sky130_fd_sc_hd__buf_8)
     6    0.126081    0.154012    0.147687    2.250473 ^ fanout192/X (sky130_fd_sc_hd__buf_8)
                                                         net192 (net)
                      0.154023    0.001195    2.251667 ^ fanout190/A (sky130_fd_sc_hd__buf_8)
    13    0.121799    0.149870    0.152392    2.404060 ^ fanout190/X (sky130_fd_sc_hd__buf_8)
                                                         net190 (net)
                      0.149879    0.001044    2.405104 ^ _162_/RESET_B (sky130_fd_sc_hd__dfrtp_1)
                                              2.405104   data arrival time

                                 10.000000   10.000000   clock HCLK (rise edge)
                                  0.000000   10.000000   clock source latency
     1    0.055995    0.191291    0.137855   10.137856 ^ HCLK (in)
                                                         HCLK (net)
                      0.192114    0.000000   10.137856 ^ clkbuf_0_HCLK/A (sky130_fd_sc_hd__clkbuf_16)
     5    0.123293    0.107273    0.173709   10.311564 ^ clkbuf_0_HCLK/X (sky130_fd_sc_hd__clkbuf_16)
                                                         clknet_0_HCLK (net)
                      0.108206    0.007999   10.319563 ^ clkbuf_2_2_0_HCLK/A (sky130_fd_sc_hd__clkbuf_8)
     2    0.034011    0.054612    0.121526   10.441090 ^ clkbuf_2_2_0_HCLK/X (sky130_fd_sc_hd__clkbuf_8)
                                                         clknet_2_2_0_HCLK (net)
                      0.054828    0.002355   10.443444 ^ clkbuf_3_4__f_HCLK/A (sky130_fd_sc_hd__clkbuf_16)
    11    0.038066    0.043854    0.102781   10.546226 ^ clkbuf_3_4__f_HCLK/X (sky130_fd_sc_hd__clkbuf_16)
                                                         clknet_3_4__leaf_HCLK (net)
                      0.043863    0.000516   10.546741 ^ _162_/CLK (sky130_fd_sc_hd__dfrtp_1)
                                 -0.250000   10.296741   clock uncertainty
                                  0.000000   10.296741   clock reconvergence pessimism
                                  0.123413   10.420154   library recovery time
                                             10.420154   data required time
---------------------------------------------------------------------------------------------
                                             10.420154   data required time
                                             -2.405104   data arrival time
---------------------------------------------------------------------------------------------
                                              8.015050   slack (MET)


Startpoint: HREADY (input port clocked by HCLK)
Endpoint: _216_ (rising edge-triggered flip-flop clocked by HCLK)
Path Group: HCLK
Path Type: max

Fanout         Cap        Slew       Delay        Time   Description
---------------------------------------------------------------------------------------------
                                  0.000000    0.000000   clock HCLK (rise edge)
                                  0.000000    0.000000   clock network delay (propagated)
                                  2.000000    2.000000 v input external delay
     1    0.002731    0.004630    0.002199    2.002199 v HREADY (in)
                                                         HREADY (net)
                      0.004630    0.000000    2.002199 v input33/A (sky130_fd_sc_hd__buf_1)
     2    0.011818    0.050555    0.074234    2.076433 v input33/X (sky130_fd_sc_hd__buf_1)
                                                         net33 (net)
                      0.050560    0.000515    2.076948 v _149_/A2 (sky130_fd_sc_hd__a32o_1)
     1    0.004013    0.031610    0.137095    2.214043 v _149_/X (sky130_fd_sc_hd__a32o_1)
                                                         _065_ (net)
                      0.031610    0.000057    2.214100 v _216_/D (sky130_fd_sc_hd__dfrtp_2)
                                              2.214100   data arrival time

                                 10.000000   10.000000   clock HCLK (rise edge)
                                  0.000000   10.000000   clock source latency
     1    0.055995    0.191291    0.137855   10.137856 ^ HCLK (in)
                                                         HCLK (net)
                      0.192114    0.000000   10.137856 ^ clkbuf_0_HCLK/A (sky130_fd_sc_hd__clkbuf_16)
     5    0.123293    0.107273    0.173709   10.311564 ^ clkbuf_0_HCLK/X (sky130_fd_sc_hd__clkbuf_16)
                                                         clknet_0_HCLK (net)
                      0.108181    0.007892   10.319457 ^ clkbuf_2_3_0_HCLK/A (sky130_fd_sc_hd__clkbuf_8)
     2    0.037478    0.058645    0.125198   10.444654 ^ clkbuf_2_3_0_HCLK/X (sky130_fd_sc_hd__clkbuf_8)
                                                         clknet_2_3_0_HCLK (net)
                      0.058706    0.000713   10.445368 ^ clkbuf_3_7__f_HCLK/A (sky130_fd_sc_hd__clkbuf_16)
     7    0.047439    0.050226    0.107485   10.552853 ^ clkbuf_3_7__f_HCLK/X (sky130_fd_sc_hd__clkbuf_16)
                                                         clknet_3_7__leaf_HCLK (net)
                      0.051254    0.005535   10.558388 ^ _216_/CLK (sky130_fd_sc_hd__dfrtp_2)
                                 -0.250000   10.308388   clock uncertainty
                                  0.000000   10.308388   clock reconvergence pessimism
                                 -0.071673   10.236714   library setup time
                                             10.236714   data required time
---------------------------------------------------------------------------------------------
                                             10.236714   data required time
                                             -2.214100   data arrival time
---------------------------------------------------------------------------------------------
                                              8.022614   slack (MET)


Startpoint: HRESETn (input port clocked by HCLK)
Endpoint: _163_ (recovery check against rising-edge clock HCLK)
Path Group: asynchronous
Path Type: max

Fanout         Cap        Slew       Delay        Time   Description
---------------------------------------------------------------------------------------------
                                  0.000000    0.000000   clock HCLK (rise edge)
                                  0.000000    0.000000   clock network delay (propagated)
                                  2.000000    2.000000 ^ input external delay
     1    0.002959    0.014484    0.007637    2.007637 ^ HRESETn (in)
                                                         HRESETn (net)
                      0.014484    0.000000    2.007637 ^ input34/A (sky130_fd_sc_hd__buf_1)
     1    0.010831    0.099617    0.094873    2.102510 ^ input34/X (sky130_fd_sc_hd__buf_1)
                                                         net34 (net)
                      0.099618    0.000275    2.102786 ^ fanout192/A (sky130_fd_sc_hd__buf_8)
     6    0.126081    0.154012    0.147687    2.250473 ^ fanout192/X (sky130_fd_sc_hd__buf_8)
                                                         net192 (net)
                      0.154023    0.001195    2.251667 ^ fanout190/A (sky130_fd_sc_hd__buf_8)
    13    0.121799    0.149870    0.152392    2.404060 ^ fanout190/X (sky130_fd_sc_hd__buf_8)
                                                         net190 (net)
                      0.149884    0.001279    2.405339 ^ _163_/RESET_B (sky130_fd_sc_hd__dfrtp_1)
                                              2.405339   data arrival time

                                 10.000000   10.000000   clock HCLK (rise edge)
                                  0.000000   10.000000   clock source latency
     1    0.055995    0.191291    0.137855   10.137856 ^ HCLK (in)
                                                         HCLK (net)
                      0.192114    0.000000   10.137856 ^ clkbuf_0_HCLK/A (sky130_fd_sc_hd__clkbuf_16)
     5    0.123293    0.107273    0.173709   10.311564 ^ clkbuf_0_HCLK/X (sky130_fd_sc_hd__clkbuf_16)
                                                         clknet_0_HCLK (net)
                      0.108181    0.007892   10.319457 ^ clkbuf_2_3_0_HCLK/A (sky130_fd_sc_hd__clkbuf_8)
     2    0.037478    0.058645    0.125198   10.444654 ^ clkbuf_2_3_0_HCLK/X (sky130_fd_sc_hd__clkbuf_8)
                                                         clknet_2_3_0_HCLK (net)
                      0.058706    0.000713   10.445368 ^ clkbuf_3_7__f_HCLK/A (sky130_fd_sc_hd__clkbuf_16)
     7    0.047439    0.050226    0.107485   10.552853 ^ clkbuf_3_7__f_HCLK/X (sky130_fd_sc_hd__clkbuf_16)
                                                         clknet_3_7__leaf_HCLK (net)
                      0.051208    0.005390   10.558243 ^ _163_/CLK (sky130_fd_sc_hd__dfrtp_1)
                                 -0.250000   10.308243   clock uncertainty
                                  0.000000   10.308243   clock reconvergence pessimism
                                  0.124548   10.432790   library recovery time
                                             10.432790   data required time
---------------------------------------------------------------------------------------------
                                             10.432790   data required time
                                             -2.405339   data arrival time
---------------------------------------------------------------------------------------------
                                              8.027451   slack (MET)


Startpoint: HRESETn (input port clocked by HCLK)
Endpoint: _165_ (recovery check against rising-edge clock HCLK)
Path Group: asynchronous
Path Type: max

Fanout         Cap        Slew       Delay        Time   Description
---------------------------------------------------------------------------------------------
                                  0.000000    0.000000   clock HCLK (rise edge)
                                  0.000000    0.000000   clock network delay (propagated)
                                  2.000000    2.000000 ^ input external delay
     1    0.002959    0.014484    0.007637    2.007637 ^ HRESETn (in)
                                                         HRESETn (net)
                      0.014484    0.000000    2.007637 ^ input34/A (sky130_fd_sc_hd__buf_1)
     1    0.010831    0.099617    0.094873    2.102510 ^ input34/X (sky130_fd_sc_hd__buf_1)
                                                         net34 (net)
                      0.099618    0.000275    2.102786 ^ fanout192/A (sky130_fd_sc_hd__buf_8)
     6    0.126081    0.154012    0.147687    2.250473 ^ fanout192/X (sky130_fd_sc_hd__buf_8)
                                                         net192 (net)
                      0.172650    0.040874    2.291347 ^ _165_/RESET_B (sky130_fd_sc_hd__dfrtp_1)
                                              2.291347   data arrival time

                                 10.000000   10.000000   clock HCLK (rise edge)
                                  0.000000   10.000000   clock source latency
     1    0.055995    0.191291    0.137855   10.137856 ^ HCLK (in)
                                                         HCLK (net)
                      0.192114    0.000000   10.137856 ^ clkbuf_0_HCLK/A (sky130_fd_sc_hd__clkbuf_16)
     5    0.123293    0.107273    0.173709   10.311564 ^ clkbuf_0_HCLK/X (sky130_fd_sc_hd__clkbuf_16)
                                                         clknet_0_HCLK (net)
                      0.108450    0.008954   10.320518 ^ clkbuf_2_0_0_HCLK/A (sky130_fd_sc_hd__clkbuf_8)
     2    0.038403    0.059943    0.125842   10.446361 ^ clkbuf_2_0_0_HCLK/X (sky130_fd_sc_hd__clkbuf_8)
                                                         clknet_2_0_0_HCLK (net)
                      0.060132    0.002348   10.448709 ^ clkbuf_3_1__f_HCLK/A (sky130_fd_sc_hd__clkbuf_16)
     7    0.033698    0.040665    0.100963   10.549672 ^ clkbuf_3_1__f_HCLK/X (sky130_fd_sc_hd__clkbuf_16)
                                                         clknet_3_1__leaf_HCLK (net)
                      0.041049    0.003138   10.552810 ^ _165_/CLK (sky130_fd_sc_hd__dfrtp_1)
                                 -0.250000   10.302810   clock uncertainty
                                  0.000000   10.302810   clock reconvergence pessimism
                                  0.118727   10.421536   library recovery time
                                             10.421536   data required time
---------------------------------------------------------------------------------------------
                                             10.421536   data required time
                                             -2.291347   data arrival time
---------------------------------------------------------------------------------------------
                                              8.130190   slack (MET)



