
===========================================================================
report_checks -path_delay min (Hold)
============================================================================
======================= nom_tt_025C_1v80 Corner ===================================

Startpoint: _163_ (rising edge-triggered flip-flop clocked by HCLK)
Endpoint: _163_ (rising edge-triggered flip-flop clocked by HCLK)
Path Group: HCLK
Path Type: min

Fanout         Cap        Slew       Delay        Time   Description
---------------------------------------------------------------------------------------------
                                  0.000000    0.000000   clock HCLK (rise edge)
                                  0.000000    0.000000   clock source latency
     1    0.059370    0.271235    0.194671    0.194671 ^ HCLK (in)
                                                         HCLK (net)
                      0.272238    0.000000    0.194671 ^ clkbuf_0_HCLK/A (sky130_fd_sc_hd__clkbuf_16)
     5    0.133985    0.147811    0.278990    0.473661 ^ clkbuf_0_HCLK/X (sky130_fd_sc_hd__clkbuf_16)
                                                         clknet_0_HCLK (net)
                      0.149132    0.011130    0.484791 ^ clkbuf_2_3_0_HCLK/A (sky130_fd_sc_hd__clkbuf_8)
     2    0.038985    0.080656    0.191808    0.676599 ^ clkbuf_2_3_0_HCLK/X (sky130_fd_sc_hd__clkbuf_8)
                                                         clknet_2_3_0_HCLK (net)
                      0.080672    0.001240    0.677839 ^ clkbuf_3_7__f_HCLK/A (sky130_fd_sc_hd__clkbuf_16)
     7    0.049661    0.068487    0.159910    0.837748 ^ clkbuf_3_7__f_HCLK/X (sky130_fd_sc_hd__clkbuf_16)
                                                         clknet_3_7__leaf_HCLK (net)
                      0.069749    0.007191    0.844939 ^ _163_/CLK (sky130_fd_sc_hd__dfrtp_1)
     6    0.023003    0.207275    0.451035    1.295975 ^ _163_/Q (sky130_fd_sc_hd__dfrtp_1)
                                                         net108 (net)
                      0.207275    0.000362    1.296337 ^ _096_/A1 (sky130_fd_sc_hd__mux2_1)
     1    0.002330    0.037781    0.160588    1.456925 ^ _096_/X (sky130_fd_sc_hd__mux2_1)
                                                         _012_ (net)
                      0.037781    0.000067    1.456992 ^ _163_/D (sky130_fd_sc_hd__dfrtp_1)
                                              1.456992   data arrival time

                                  0.000000    0.000000   clock HCLK (rise edge)
                                  0.000000    0.000000   clock source latency
     1    0.059370    0.271235    0.194671    0.194671 ^ HCLK (in)
                                                         HCLK (net)
                      0.272238    0.000000    0.194671 ^ clkbuf_0_HCLK/A (sky130_fd_sc_hd__clkbuf_16)
     5    0.133985    0.147811    0.278990    0.473661 ^ clkbuf_0_HCLK/X (sky130_fd_sc_hd__clkbuf_16)
                                                         clknet_0_HCLK (net)
                      0.149132    0.011130    0.484791 ^ clkbuf_2_3_0_HCLK/A (sky130_fd_sc_hd__clkbuf_8)
     2    0.038985    0.080656    0.191808    0.676599 ^ clkbuf_2_3_0_HCLK/X (sky130_fd_sc_hd__clkbuf_8)
                                                         clknet_2_3_0_HCLK (net)
                      0.080672    0.001240    0.677839 ^ clkbuf_3_7__f_HCLK/A (sky130_fd_sc_hd__clkbuf_16)
     7    0.049661    0.068487    0.159910    0.837748 ^ clkbuf_3_7__f_HCLK/X (sky130_fd_sc_hd__clkbuf_16)
                                                         clknet_3_7__leaf_HCLK (net)
                      0.069749    0.007191    0.844939 ^ _163_/CLK (sky130_fd_sc_hd__dfrtp_1)
                                  0.250000    1.094939   clock uncertainty
                                  0.000000    1.094939   clock reconvergence pessimism
                                 -0.029874    1.065066   library hold time
                                              1.065066   data required time
---------------------------------------------------------------------------------------------
                                              1.065066   data required time
                                             -1.456992   data arrival time
---------------------------------------------------------------------------------------------
                                              0.391927   slack (MET)


Startpoint: _164_ (rising edge-triggered flip-flop clocked by HCLK)
Endpoint: _164_ (rising edge-triggered flip-flop clocked by HCLK)
Path Group: HCLK
Path Type: min

Fanout         Cap        Slew       Delay        Time   Description
---------------------------------------------------------------------------------------------
                                  0.000000    0.000000   clock HCLK (rise edge)
                                  0.000000    0.000000   clock source latency
     1    0.059370    0.271235    0.194671    0.194671 ^ HCLK (in)
                                                         HCLK (net)
                      0.272238    0.000000    0.194671 ^ clkbuf_0_HCLK/A (sky130_fd_sc_hd__clkbuf_16)
     5    0.133985    0.147811    0.278990    0.473661 ^ clkbuf_0_HCLK/X (sky130_fd_sc_hd__clkbuf_16)
                                                         clknet_0_HCLK (net)
                      0.149132    0.011130    0.484791 ^ clkbuf_2_3_0_HCLK/A (sky130_fd_sc_hd__clkbuf_8)
     2    0.038985    0.080656    0.191808    0.676599 ^ clkbuf_2_3_0_HCLK/X (sky130_fd_sc_hd__clkbuf_8)
                                                         clknet_2_3_0_HCLK (net)
                      0.080672    0.001240    0.677839 ^ clkbuf_3_7__f_HCLK/A (sky130_fd_sc_hd__clkbuf_16)
     7    0.049661    0.068487    0.159910    0.837748 ^ clkbuf_3_7__f_HCLK/X (sky130_fd_sc_hd__clkbuf_16)
                                                         clknet_3_7__leaf_HCLK (net)
                      0.069212    0.005297    0.843046 ^ _164_/CLK (sky130_fd_sc_hd__dfrtp_4)
     6    0.035842    0.128808    0.477769    1.320815 ^ _164_/Q (sky130_fd_sc_hd__dfrtp_4)
                                                         net109 (net)
                      0.128808    0.000397    1.321212 ^ _097_/A1 (sky130_fd_sc_hd__mux2_1)
     1    0.002367    0.038049    0.141632    1.462844 ^ _097_/X (sky130_fd_sc_hd__mux2_1)
                                                         _013_ (net)
                      0.038049    0.000066    1.462910 ^ _164_/D (sky130_fd_sc_hd__dfrtp_4)
                                              1.462910   data arrival time

                                  0.000000    0.000000   clock HCLK (rise edge)
                                  0.000000    0.000000   clock source latency
     1    0.059370    0.271235    0.194671    0.194671 ^ HCLK (in)
                                                         HCLK (net)
                      0.272238    0.000000    0.194671 ^ clkbuf_0_HCLK/A (sky130_fd_sc_hd__clkbuf_16)
     5    0.133985    0.147811    0.278990    0.473661 ^ clkbuf_0_HCLK/X (sky130_fd_sc_hd__clkbuf_16)
                                                         clknet_0_HCLK (net)
                      0.149132    0.011130    0.484791 ^ clkbuf_2_3_0_HCLK/A (sky130_fd_sc_hd__clkbuf_8)
     2    0.038985    0.080656    0.191808    0.676599 ^ clkbuf_2_3_0_HCLK/X (sky130_fd_sc_hd__clkbuf_8)
                                                         clknet_2_3_0_HCLK (net)
                      0.080672    0.001240    0.677839 ^ clkbuf_3_7__f_HCLK/A (sky130_fd_sc_hd__clkbuf_16)
     7    0.049661    0.068487    0.159910    0.837748 ^ clkbuf_3_7__f_HCLK/X (sky130_fd_sc_hd__clkbuf_16)
                                                         clknet_3_7__leaf_HCLK (net)
                      0.069212    0.005297    0.843046 ^ _164_/CLK (sky130_fd_sc_hd__dfrtp_4)
                                  0.250000    1.093046   clock uncertainty
                                  0.000000    1.093046   clock reconvergence pessimism
                                 -0.030003    1.063042   library hold time
                                              1.063042   data required time
---------------------------------------------------------------------------------------------
                                              1.063042   data required time
                                             -1.462910   data arrival time
---------------------------------------------------------------------------------------------
                                              0.399868   slack (MET)


Startpoint: _217_ (rising edge-triggered flip-flop clocked by HCLK)
Endpoint: _217_ (rising edge-triggered flip-flop clocked by HCLK)
Path Group: HCLK
Path Type: min

Fanout         Cap        Slew       Delay        Time   Description
---------------------------------------------------------------------------------------------
                                  0.000000    0.000000   clock HCLK (rise edge)
                                  0.000000    0.000000   clock source latency
     1    0.059370    0.271235    0.194671    0.194671 ^ HCLK (in)
                                                         HCLK (net)
                      0.272238    0.000000    0.194671 ^ clkbuf_0_HCLK/A (sky130_fd_sc_hd__clkbuf_16)
     5    0.133985    0.147811    0.278990    0.473661 ^ clkbuf_0_HCLK/X (sky130_fd_sc_hd__clkbuf_16)
                                                         clknet_0_HCLK (net)
                      0.149132    0.011130    0.484791 ^ clkbuf_2_3_0_HCLK/A (sky130_fd_sc_hd__clkbuf_8)
     2    0.038985    0.080656    0.191808    0.676599 ^ clkbuf_2_3_0_HCLK/X (sky130_fd_sc_hd__clkbuf_8)
                                                         clknet_2_3_0_HCLK (net)
                      0.080672    0.001240    0.677839 ^ clkbuf_3_7__f_HCLK/A (sky130_fd_sc_hd__clkbuf_16)
     7    0.049661    0.068487    0.159910    0.837748 ^ clkbuf_3_7__f_HCLK/X (sky130_fd_sc_hd__clkbuf_16)
                                                         clknet_3_7__leaf_HCLK (net)
                      0.069809    0.007378    0.845127 ^ _217_/CLK (sky130_fd_sc_hd__dfrtp_2)
     5    0.023356    0.087142    0.451976    1.297102 v _217_/Q (sky130_fd_sc_hd__dfrtp_2)
                                                         u_bridge_fsm.state[1] (net)
                      0.087155    0.001076    1.298179 v _073_/A (sky130_fd_sc_hd__inv_2)
     1    0.005360    0.039713    0.065348    1.363527 ^ _073_/Y (sky130_fd_sc_hd__inv_2)
                                                         _068_ (net)
                      0.039713    0.000211    1.363738 ^ _150_/A3 (sky130_fd_sc_hd__o31a_1)
     1    0.002865    0.044896    0.105810    1.469549 ^ _150_/X (sky130_fd_sc_hd__o31a_1)
                                                         _066_ (net)
                      0.044896    0.000062    1.469610 ^ _217_/D (sky130_fd_sc_hd__dfrtp_2)
                                              1.469610   data arrival time

                                  0.000000    0.000000   clock HCLK (rise edge)
                                  0.000000    0.000000   clock source latency
     1    0.059370    0.271235    0.194671    0.194671 ^ HCLK (in)
                                                         HCLK (net)
                      0.272238    0.000000    0.194671 ^ clkbuf_0_HCLK/A (sky130_fd_sc_hd__clkbuf_16)
     5    0.133985    0.147811    0.278990    0.473661 ^ clkbuf_0_HCLK/X (sky130_fd_sc_hd__clkbuf_16)
                                                         clknet_0_HCLK (net)
                      0.149132    0.011130    0.484791 ^ clkbuf_2_3_0_HCLK/A (sky130_fd_sc_hd__clkbuf_8)
     2    0.038985    0.080656    0.191808    0.676599 ^ clkbuf_2_3_0_HCLK/X (sky130_fd_sc_hd__clkbuf_8)
                                                         clknet_2_3_0_HCLK (net)
                      0.080672    0.001240    0.677839 ^ clkbuf_3_7__f_HCLK/A (sky130_fd_sc_hd__clkbuf_16)
     7    0.049661    0.068487    0.159910    0.837748 ^ clkbuf_3_7__f_HCLK/X (sky130_fd_sc_hd__clkbuf_16)
                                                         clknet_3_7__leaf_HCLK (net)
                      0.069809    0.007378    0.845127 ^ _217_/CLK (sky130_fd_sc_hd__dfrtp_2)
                                  0.250000    1.095127   clock uncertainty
                                  0.000000    1.095127   clock reconvergence pessimism
                                 -0.031266    1.063861   library hold time
                                              1.063861   data required time
---------------------------------------------------------------------------------------------
                                              1.063861   data required time
                                             -1.469610   data arrival time
---------------------------------------------------------------------------------------------
                                              0.405749   slack (MET)


Startpoint: _195_ (rising edge-triggered flip-flop clocked by HCLK)
Endpoint: _195_ (rising edge-triggered flip-flop clocked by HCLK)
Path Group: HCLK
Path Type: min

Fanout         Cap        Slew       Delay        Time   Description
---------------------------------------------------------------------------------------------
                                  0.000000    0.000000   clock HCLK (rise edge)
                                  0.000000    0.000000   clock source latency
     1    0.059370    0.271235    0.194671    0.194671 ^ HCLK (in)
                                                         HCLK (net)
                      0.272238    0.000000    0.194671 ^ clkbuf_0_HCLK/A (sky130_fd_sc_hd__clkbuf_16)
     5    0.133985    0.147811    0.278990    0.473661 ^ clkbuf_0_HCLK/X (sky130_fd_sc_hd__clkbuf_16)
                                                         clknet_0_HCLK (net)
                      0.149132    0.011130    0.484791 ^ clkbuf_2_3_0_HCLK/A (sky130_fd_sc_hd__clkbuf_8)
     2    0.038985    0.080656    0.191808    0.676599 ^ clkbuf_2_3_0_HCLK/X (sky130_fd_sc_hd__clkbuf_8)
                                                         clknet_2_3_0_HCLK (net)
                      0.080861    0.002748    0.679347 ^ clkbuf_3_6__f_HCLK/A (sky130_fd_sc_hd__clkbuf_16)
     8    0.072287    0.089992    0.175724    0.855070 ^ clkbuf_3_6__f_HCLK/X (sky130_fd_sc_hd__clkbuf_16)
                                                         clknet_3_6__leaf_HCLK (net)
                      0.091241    0.008378    0.863449 ^ _195_/CLK (sky130_fd_sc_hd__dfrtp_4)
     2    0.037211    0.132198    0.488724    1.352172 ^ _195_/Q (sky130_fd_sc_hd__dfrtp_4)
                                                         net145 (net)
                      0.132198    0.000599    1.352771 ^ _128_/A1 (sky130_fd_sc_hd__mux2_1)
     1    0.002315    0.037684    0.142048    1.494819 ^ _128_/X (sky130_fd_sc_hd__mux2_1)
                                                         _044_ (net)
                      0.037684    0.000065    1.494884 ^ _195_/D (sky130_fd_sc_hd__dfrtp_4)
                                              1.494884   data arrival time

                                  0.000000    0.000000   clock HCLK (rise edge)
                                  0.000000    0.000000   clock source latency
     1    0.059370    0.271235    0.194671    0.194671 ^ HCLK (in)
                                                         HCLK (net)
                      0.272238    0.000000    0.194671 ^ clkbuf_0_HCLK/A (sky130_fd_sc_hd__clkbuf_16)
     5    0.133985    0.147811    0.278990    0.473661 ^ clkbuf_0_HCLK/X (sky130_fd_sc_hd__clkbuf_16)
                                                         clknet_0_HCLK (net)
                      0.149132    0.011130    0.484791 ^ clkbuf_2_3_0_HCLK/A (sky130_fd_sc_hd__clkbuf_8)
     2    0.038985    0.080656    0.191808    0.676599 ^ clkbuf_2_3_0_HCLK/X (sky130_fd_sc_hd__clkbuf_8)
                                                         clknet_2_3_0_HCLK (net)
                      0.080861    0.002748    0.679347 ^ clkbuf_3_6__f_HCLK/A (sky130_fd_sc_hd__clkbuf_16)
     8    0.072287    0.089992    0.175724    0.855070 ^ clkbuf_3_6__f_HCLK/X (sky130_fd_sc_hd__clkbuf_16)
                                                         clknet_3_6__leaf_HCLK (net)
                      0.091241    0.008378    0.863449 ^ _195_/CLK (sky130_fd_sc_hd__dfrtp_4)
                                  0.250000    1.113449   clock uncertainty
                                  0.000000    1.113449   clock reconvergence pessimism
                                 -0.026921    1.086528   library hold time
                                              1.086528   data required time
---------------------------------------------------------------------------------------------
                                              1.086528   data required time
                                             -1.494884   data arrival time
---------------------------------------------------------------------------------------------
                                              0.408356   slack (MET)


Startpoint: _217_ (rising edge-triggered flip-flop clocked by HCLK)
Endpoint: _216_ (rising edge-triggered flip-flop clocked by HCLK)
Path Group: HCLK
Path Type: min

Fanout         Cap        Slew       Delay        Time   Description
---------------------------------------------------------------------------------------------
                                  0.000000    0.000000   clock HCLK (rise edge)
                                  0.000000    0.000000   clock source latency
     1    0.059370    0.271235    0.194671    0.194671 ^ HCLK (in)
                                                         HCLK (net)
                      0.272238    0.000000    0.194671 ^ clkbuf_0_HCLK/A (sky130_fd_sc_hd__clkbuf_16)
     5    0.133985    0.147811    0.278990    0.473661 ^ clkbuf_0_HCLK/X (sky130_fd_sc_hd__clkbuf_16)
                                                         clknet_0_HCLK (net)
                      0.149132    0.011130    0.484791 ^ clkbuf_2_3_0_HCLK/A (sky130_fd_sc_hd__clkbuf_8)
     2    0.038985    0.080656    0.191808    0.676599 ^ clkbuf_2_3_0_HCLK/X (sky130_fd_sc_hd__clkbuf_8)
                                                         clknet_2_3_0_HCLK (net)
                      0.080672    0.001240    0.677839 ^ clkbuf_3_7__f_HCLK/A (sky130_fd_sc_hd__clkbuf_16)
     7    0.049661    0.068487    0.159910    0.837748 ^ clkbuf_3_7__f_HCLK/X (sky130_fd_sc_hd__clkbuf_16)
                                                         clknet_3_7__leaf_HCLK (net)
                      0.069809    0.007378    0.845127 ^ _217_/CLK (sky130_fd_sc_hd__dfrtp_2)
     5    0.024940    0.132442    0.426110    1.271237 ^ _217_/Q (sky130_fd_sc_hd__dfrtp_2)
                                                         u_bridge_fsm.state[1] (net)
                      0.132444    0.000756    1.271993 ^ _082_/B (sky130_fd_sc_hd__and2b_1)
     2    0.006802    0.073891    0.162070    1.434063 ^ _082_/X (sky130_fd_sc_hd__and2b_1)
                                                         net137 (net)
                      0.073891    0.000164    1.434228 ^ _149_/B1 (sky130_fd_sc_hd__a32o_1)
     1    0.004213    0.060919    0.131168    1.565396 ^ _149_/X (sky130_fd_sc_hd__a32o_1)
                                                         _065_ (net)
                      0.060919    0.000134    1.565530 ^ _216_/D (sky130_fd_sc_hd__dfrtp_2)
                                              1.565530   data arrival time

                                  0.000000    0.000000   clock HCLK (rise edge)
                                  0.000000    0.000000   clock source latency
     1    0.059370    0.271235    0.194671    0.194671 ^ HCLK (in)
                                                         HCLK (net)
                      0.272238    0.000000    0.194671 ^ clkbuf_0_HCLK/A (sky130_fd_sc_hd__clkbuf_16)
     5    0.133985    0.147811    0.278990    0.473661 ^ clkbuf_0_HCLK/X (sky130_fd_sc_hd__clkbuf_16)
                                                         clknet_0_HCLK (net)
                      0.149132    0.011130    0.484791 ^ clkbuf_2_3_0_HCLK/A (sky130_fd_sc_hd__clkbuf_8)
     2    0.038985    0.080656    0.191808    0.676599 ^ clkbuf_2_3_0_HCLK/X (sky130_fd_sc_hd__clkbuf_8)
                                                         clknet_2_3_0_HCLK (net)
                      0.080672    0.001240    0.677839 ^ clkbuf_3_7__f_HCLK/A (sky130_fd_sc_hd__clkbuf_16)
     7    0.049661    0.068487    0.159910    0.837748 ^ clkbuf_3_7__f_HCLK/X (sky130_fd_sc_hd__clkbuf_16)
                                                         clknet_3_7__leaf_HCLK (net)
                      0.069816    0.007399    0.845148 ^ _216_/CLK (sky130_fd_sc_hd__dfrtp_2)
                                  0.250000    1.095148   clock uncertainty
                                  0.000000    1.095148   clock reconvergence pessimism
                                 -0.034573    1.060575   library hold time
                                              1.060575   data required time
---------------------------------------------------------------------------------------------
                                              1.060575   data required time
                                             -1.565530   data arrival time
---------------------------------------------------------------------------------------------
                                              0.504955   slack (MET)


Startpoint: _205_ (rising edge-triggered flip-flop clocked by HCLK)
Endpoint: _205_ (rising edge-triggered flip-flop clocked by HCLK)
Path Group: HCLK
Path Type: min

Fanout         Cap        Slew       Delay        Time   Description
---------------------------------------------------------------------------------------------
                                  0.000000    0.000000   clock HCLK (rise edge)
                                  0.000000    0.000000   clock source latency
     1    0.059370    0.271235    0.194671    0.194671 ^ HCLK (in)
                                                         HCLK (net)
                      0.272238    0.000000    0.194671 ^ clkbuf_0_HCLK/A (sky130_fd_sc_hd__clkbuf_16)
     5    0.133985    0.147811    0.278990    0.473661 ^ clkbuf_0_HCLK/X (sky130_fd_sc_hd__clkbuf_16)
                                                         clknet_0_HCLK (net)
                      0.149720    0.013334    0.486995 ^ clkbuf_2_1_0_HCLK/A (sky130_fd_sc_hd__clkbuf_8)
     2    0.036798    0.077541    0.188224    0.675219 ^ clkbuf_2_1_0_HCLK/X (sky130_fd_sc_hd__clkbuf_8)
                                                         clknet_2_1_0_HCLK (net)
                      0.077988    0.004251    0.679471 ^ clkbuf_3_3__f_HCLK/A (sky130_fd_sc_hd__clkbuf_16)
    10    0.027154    0.048291    0.144194    0.823665 ^ clkbuf_3_3__f_HCLK/X (sky130_fd_sc_hd__clkbuf_16)
                                                         clknet_3_3__leaf_HCLK (net)
                      0.048295    0.000431    0.824096 ^ _205_/CLK (sky130_fd_sc_hd__dfrtp_1)
     2    0.004007    0.054262    0.324400    1.148496 ^ _205_/Q (sky130_fd_sc_hd__dfrtp_1)
                                                         net156 (net)
                      0.054262    0.000076    1.148572 ^ hold1/A (sky130_fd_sc_hd__dlygate4sd3_1)
     1    0.002353    0.049185    0.533609    1.682181 ^ hold1/X (sky130_fd_sc_hd__dlygate4sd3_1)
                                                         net193 (net)
                      0.049185    0.000048    1.682229 ^ _138_/A1 (sky130_fd_sc_hd__mux2_1)
     1    0.002334    0.037812    0.114895    1.797124 ^ _138_/X (sky130_fd_sc_hd__mux2_1)
                                                         _054_ (net)
                      0.037812    0.000066    1.797190 ^ _205_/D (sky130_fd_sc_hd__dfrtp_1)
                                              1.797190   data arrival time

                                  0.000000    0.000000   clock HCLK (rise edge)
                                  0.000000    0.000000   clock source latency
     1    0.059370    0.271235    0.194671    0.194671 ^ HCLK (in)
                                                         HCLK (net)
                      0.272238    0.000000    0.194671 ^ clkbuf_0_HCLK/A (sky130_fd_sc_hd__clkbuf_16)
     5    0.133985    0.147811    0.278990    0.473661 ^ clkbuf_0_HCLK/X (sky130_fd_sc_hd__clkbuf_16)
                                                         clknet_0_HCLK (net)
                      0.149720    0.013334    0.486995 ^ clkbuf_2_1_0_HCLK/A (sky130_fd_sc_hd__clkbuf_8)
     2    0.036798    0.077541    0.188224    0.675219 ^ clkbuf_2_1_0_HCLK/X (sky130_fd_sc_hd__clkbuf_8)
                                                         clknet_2_1_0_HCLK (net)
                      0.077988    0.004251    0.679471 ^ clkbuf_3_3__f_HCLK/A (sky130_fd_sc_hd__clkbuf_16)
    10    0.027154    0.048291    0.144194    0.823665 ^ clkbuf_3_3__f_HCLK/X (sky130_fd_sc_hd__clkbuf_16)
                                                         clknet_3_3__leaf_HCLK (net)
                      0.048295    0.000431    0.824096 ^ _205_/CLK (sky130_fd_sc_hd__dfrtp_1)
                                  0.250000    1.074096   clock uncertainty
                                  0.000000    1.074096   clock reconvergence pessimism
                                 -0.032808    1.041287   library hold time
                                              1.041287   data required time
---------------------------------------------------------------------------------------------
                                              1.041287   data required time
                                             -1.797190   data arrival time
---------------------------------------------------------------------------------------------
                                              0.755902   slack (MET)


Startpoint: _201_ (rising edge-triggered flip-flop clocked by HCLK)
Endpoint: _201_ (rising edge-triggered flip-flop clocked by HCLK)
Path Group: HCLK
Path Type: min

Fanout         Cap        Slew       Delay        Time   Description
---------------------------------------------------------------------------------------------
                                  0.000000    0.000000   clock HCLK (rise edge)
                                  0.000000    0.000000   clock source latency
     1    0.059370    0.271235    0.194671    0.194671 ^ HCLK (in)
                                                         HCLK (net)
                      0.272238    0.000000    0.194671 ^ clkbuf_0_HCLK/A (sky130_fd_sc_hd__clkbuf_16)
     5    0.133985    0.147811    0.278990    0.473661 ^ clkbuf_0_HCLK/X (sky130_fd_sc_hd__clkbuf_16)
                                                         clknet_0_HCLK (net)
                      0.149720    0.013334    0.486995 ^ clkbuf_2_1_0_HCLK/A (sky130_fd_sc_hd__clkbuf_8)
     2    0.036798    0.077541    0.188224    0.675219 ^ clkbuf_2_1_0_HCLK/X (sky130_fd_sc_hd__clkbuf_8)
                                                         clknet_2_1_0_HCLK (net)
                      0.077988    0.004251    0.679471 ^ clkbuf_3_3__f_HCLK/A (sky130_fd_sc_hd__clkbuf_16)
    10    0.027154    0.048291    0.144194    0.823665 ^ clkbuf_3_3__f_HCLK/X (sky130_fd_sc_hd__clkbuf_16)
                                                         clknet_3_3__leaf_HCLK (net)
                      0.048300    0.000576    0.824241 ^ _201_/CLK (sky130_fd_sc_hd__dfrtp_1)
     2    0.003951    0.053846    0.324010    1.148251 ^ _201_/Q (sky130_fd_sc_hd__dfrtp_1)
                                                         net151 (net)
                      0.053846    0.000094    1.148345 ^ hold2/A (sky130_fd_sc_hd__dlygate4sd3_1)
     1    0.002455    0.050006    0.534455    1.682800 ^ hold2/X (sky130_fd_sc_hd__dlygate4sd3_1)
                                                         net194 (net)
                      0.050006    0.000047    1.682847 ^ _134_/A1 (sky130_fd_sc_hd__mux2_1)
     1    0.002347    0.037909    0.115284    1.798131 ^ _134_/X (sky130_fd_sc_hd__mux2_1)
                                                         _050_ (net)
                      0.037909    0.000066    1.798198 ^ _201_/D (sky130_fd_sc_hd__dfrtp_1)
                                              1.798198   data arrival time

                                  0.000000    0.000000   clock HCLK (rise edge)
                                  0.000000    0.000000   clock source latency
     1    0.059370    0.271235    0.194671    0.194671 ^ HCLK (in)
                                                         HCLK (net)
                      0.272238    0.000000    0.194671 ^ clkbuf_0_HCLK/A (sky130_fd_sc_hd__clkbuf_16)
     5    0.133985    0.147811    0.278990    0.473661 ^ clkbuf_0_HCLK/X (sky130_fd_sc_hd__clkbuf_16)
                                                         clknet_0_HCLK (net)
                      0.149720    0.013334    0.486995 ^ clkbuf_2_1_0_HCLK/A (sky130_fd_sc_hd__clkbuf_8)
     2    0.036798    0.077541    0.188224    0.675219 ^ clkbuf_2_1_0_HCLK/X (sky130_fd_sc_hd__clkbuf_8)
                                                         clknet_2_1_0_HCLK (net)
                      0.077988    0.004251    0.679471 ^ clkbuf_3_3__f_HCLK/A (sky130_fd_sc_hd__clkbuf_16)
    10    0.027154    0.048291    0.144194    0.823665 ^ clkbuf_3_3__f_HCLK/X (sky130_fd_sc_hd__clkbuf_16)
                                                         clknet_3_3__leaf_HCLK (net)
                      0.048300    0.000576    0.824241 ^ _201_/CLK (sky130_fd_sc_hd__dfrtp_1)
                                  0.250000    1.074241   clock uncertainty
                                  0.000000    1.074241   clock reconvergence pessimism
                                 -0.032828    1.041413   library hold time
                                              1.041413   data required time
---------------------------------------------------------------------------------------------
                                              1.041413   data required time
                                             -1.798198   data arrival time
---------------------------------------------------------------------------------------------
                                              0.756785   slack (MET)


Startpoint: _193_ (rising edge-triggered flip-flop clocked by HCLK)
Endpoint: _193_ (rising edge-triggered flip-flop clocked by HCLK)
Path Group: HCLK
Path Type: min

Fanout         Cap        Slew       Delay        Time   Description
---------------------------------------------------------------------------------------------
                                  0.000000    0.000000   clock HCLK (rise edge)
                                  0.000000    0.000000   clock source latency
     1    0.059370    0.271235    0.194671    0.194671 ^ HCLK (in)
                                                         HCLK (net)
                      0.272238    0.000000    0.194671 ^ clkbuf_0_HCLK/A (sky130_fd_sc_hd__clkbuf_16)
     5    0.133985    0.147811    0.278990    0.473661 ^ clkbuf_0_HCLK/X (sky130_fd_sc_hd__clkbuf_16)
                                                         clknet_0_HCLK (net)
                      0.149171    0.011290    0.484951 ^ clkbuf_2_2_0_HCLK/A (sky130_fd_sc_hd__clkbuf_8)
     2    0.035281    0.075148    0.186583    0.671534 ^ clkbuf_2_2_0_HCLK/X (sky130_fd_sc_hd__clkbuf_8)
                                                         clknet_2_2_0_HCLK (net)
                      0.075449    0.003322    0.674856 ^ clkbuf_3_4__f_HCLK/A (sky130_fd_sc_hd__clkbuf_16)
    11    0.039034    0.058892    0.152107    0.826962 ^ clkbuf_3_4__f_HCLK/X (sky130_fd_sc_hd__clkbuf_16)
                                                         clknet_3_4__leaf_HCLK (net)
                      0.058911    0.000959    0.827921 ^ _193_/CLK (sky130_fd_sc_hd__dfrtp_1)
     2    0.004255    0.056093    0.330020    1.157941 ^ _193_/Q (sky130_fd_sc_hd__dfrtp_1)
                                                         net143 (net)
                      0.056093    0.000087    1.158028 ^ hold22/A (sky130_fd_sc_hd__dlygate4sd3_1)
     1    0.002318    0.048930    0.533809    1.691837 ^ hold22/X (sky130_fd_sc_hd__dlygate4sd3_1)
                                                         net214 (net)
                      0.048930    0.000044    1.691881 ^ _126_/A1 (sky130_fd_sc_hd__mux2_1)
     1    0.002358    0.037993    0.115002    1.806883 ^ _126_/X (sky130_fd_sc_hd__mux2_1)
                                                         _042_ (net)
                      0.037993    0.000067    1.806949 ^ _193_/D (sky130_fd_sc_hd__dfrtp_1)
                                              1.806949   data arrival time

                                  0.000000    0.000000   clock HCLK (rise edge)
                                  0.000000    0.000000   clock source latency
     1    0.059370    0.271235    0.194671    0.194671 ^ HCLK (in)
                                                         HCLK (net)
                      0.272238    0.000000    0.194671 ^ clkbuf_0_HCLK/A (sky130_fd_sc_hd__clkbuf_16)
     5    0.133985    0.147811    0.278990    0.473661 ^ clkbuf_0_HCLK/X (sky130_fd_sc_hd__clkbuf_16)
                                                         clknet_0_HCLK (net)
                      0.149171    0.011290    0.484951 ^ clkbuf_2_2_0_HCLK/A (sky130_fd_sc_hd__clkbuf_8)
     2    0.035281    0.075148    0.186583    0.671534 ^ clkbuf_2_2_0_HCLK/X (sky130_fd_sc_hd__clkbuf_8)
                                                         clknet_2_2_0_HCLK (net)
                      0.075449    0.003322    0.674856 ^ clkbuf_3_4__f_HCLK/A (sky130_fd_sc_hd__clkbuf_16)
    11    0.039034    0.058892    0.152107    0.826962 ^ clkbuf_3_4__f_HCLK/X (sky130_fd_sc_hd__clkbuf_16)
                                                         clknet_3_4__leaf_HCLK (net)
                      0.058911    0.000959    0.827921 ^ _193_/CLK (sky130_fd_sc_hd__dfrtp_1)
                                  0.250000    1.077921   clock uncertainty
                                  0.000000    1.077921   clock reconvergence pessimism
                                 -0.031397    1.046524   library hold time
                                              1.046524   data required time
---------------------------------------------------------------------------------------------
                                              1.046524   data required time
                                             -1.806949   data arrival time
---------------------------------------------------------------------------------------------
                                              0.760425   slack (MET)


Startpoint: _176_ (rising edge-triggered flip-flop clocked by HCLK)
Endpoint: _176_ (rising edge-triggered flip-flop clocked by HCLK)
Path Group: HCLK
Path Type: min

Fanout         Cap        Slew       Delay        Time   Description
---------------------------------------------------------------------------------------------
                                  0.000000    0.000000   clock HCLK (rise edge)
                                  0.000000    0.000000   clock source latency
     1    0.059370    0.271235    0.194671    0.194671 ^ HCLK (in)
                                                         HCLK (net)
                      0.272238    0.000000    0.194671 ^ clkbuf_0_HCLK/A (sky130_fd_sc_hd__clkbuf_16)
     5    0.133985    0.147811    0.278990    0.473661 ^ clkbuf_0_HCLK/X (sky130_fd_sc_hd__clkbuf_16)
                                                         clknet_0_HCLK (net)
                      0.149171    0.011290    0.484951 ^ clkbuf_2_2_0_HCLK/A (sky130_fd_sc_hd__clkbuf_8)
     2    0.035281    0.075148    0.186583    0.671534 ^ clkbuf_2_2_0_HCLK/X (sky130_fd_sc_hd__clkbuf_8)
                                                         clknet_2_2_0_HCLK (net)
                      0.075449    0.003322    0.674856 ^ clkbuf_3_4__f_HCLK/A (sky130_fd_sc_hd__clkbuf_16)
    11    0.039034    0.058892    0.152107    0.826962 ^ clkbuf_3_4__f_HCLK/X (sky130_fd_sc_hd__clkbuf_16)
                                                         clknet_3_4__leaf_HCLK (net)
                      0.058906    0.000845    0.827808 ^ _176_/CLK (sky130_fd_sc_hd__dfrtp_1)
     2    0.004095    0.054907    0.328938    1.156746 ^ _176_/Q (sky130_fd_sc_hd__dfrtp_1)
                                                         net122 (net)
                      0.054907    0.000102    1.156848 ^ hold5/A (sky130_fd_sc_hd__dlygate4sd3_1)
     1    0.002461    0.050052    0.534811    1.691659 ^ hold5/X (sky130_fd_sc_hd__dlygate4sd3_1)
                                                         net197 (net)
                      0.050052    0.000050    1.691709 ^ _109_/A1 (sky130_fd_sc_hd__mux2_1)
     1    0.002540    0.039316    0.116831    1.808540 ^ _109_/X (sky130_fd_sc_hd__mux2_1)
                                                         _025_ (net)
                      0.039316    0.000074    1.808614 ^ _176_/D (sky130_fd_sc_hd__dfrtp_1)
                                              1.808614   data arrival time

                                  0.000000    0.000000   clock HCLK (rise edge)
                                  0.000000    0.000000   clock source latency
     1    0.059370    0.271235    0.194671    0.194671 ^ HCLK (in)
                                                         HCLK (net)
                      0.272238    0.000000    0.194671 ^ clkbuf_0_HCLK/A (sky130_fd_sc_hd__clkbuf_16)
     5    0.133985    0.147811    0.278990    0.473661 ^ clkbuf_0_HCLK/X (sky130_fd_sc_hd__clkbuf_16)
                                                         clknet_0_HCLK (net)
                      0.149171    0.011290    0.484951 ^ clkbuf_2_2_0_HCLK/A (sky130_fd_sc_hd__clkbuf_8)
     2    0.035281    0.075148    0.186583    0.671534 ^ clkbuf_2_2_0_HCLK/X (sky130_fd_sc_hd__clkbuf_8)
                                                         clknet_2_2_0_HCLK (net)
                      0.075449    0.003322    0.674856 ^ clkbuf_3_4__f_HCLK/A (sky130_fd_sc_hd__clkbuf_16)
    11    0.039034    0.058892    0.152107    0.826962 ^ clkbuf_3_4__f_HCLK/X (sky130_fd_sc_hd__clkbuf_16)
                                                         clknet_3_4__leaf_HCLK (net)
                      0.058906    0.000845    0.827808 ^ _176_/CLK (sky130_fd_sc_hd__dfrtp_1)
                                  0.250000    1.077808   clock uncertainty
                                  0.000000    1.077808   clock reconvergence pessimism
                                 -0.031675    1.046133   library hold time
                                              1.046133   data required time
---------------------------------------------------------------------------------------------
                                              1.046133   data required time
                                             -1.808614   data arrival time
---------------------------------------------------------------------------------------------
                                              0.762481   slack (MET)


Startpoint: _166_ (rising edge-triggered flip-flop clocked by HCLK)
Endpoint: _166_ (rising edge-triggered flip-flop clocked by HCLK)
Path Group: HCLK
Path Type: min

Fanout         Cap        Slew       Delay        Time   Description
---------------------------------------------------------------------------------------------
                                  0.000000    0.000000   clock HCLK (rise edge)
                                  0.000000    0.000000   clock source latency
     1    0.059370    0.271235    0.194671    0.194671 ^ HCLK (in)
                                                         HCLK (net)
                      0.272238    0.000000    0.194671 ^ clkbuf_0_HCLK/A (sky130_fd_sc_hd__clkbuf_16)
     5    0.133985    0.147811    0.278990    0.473661 ^ clkbuf_0_HCLK/X (sky130_fd_sc_hd__clkbuf_16)
                                                         clknet_0_HCLK (net)
                      0.149720    0.013334    0.486995 ^ clkbuf_2_1_0_HCLK/A (sky130_fd_sc_hd__clkbuf_8)
     2    0.036798    0.077541    0.188224    0.675219 ^ clkbuf_2_1_0_HCLK/X (sky130_fd_sc_hd__clkbuf_8)
                                                         clknet_2_1_0_HCLK (net)
                      0.077988    0.004251    0.679471 ^ clkbuf_3_3__f_HCLK/A (sky130_fd_sc_hd__clkbuf_16)
    10    0.027154    0.048291    0.144194    0.823665 ^ clkbuf_3_3__f_HCLK/X (sky130_fd_sc_hd__clkbuf_16)
                                                         clknet_3_3__leaf_HCLK (net)
                      0.048301    0.000593    0.824257 ^ _166_/CLK (sky130_fd_sc_hd__dfrtp_1)
     2    0.004906    0.061020    0.330445    1.154703 ^ _166_/Q (sky130_fd_sc_hd__dfrtp_1)
                                                         net111 (net)
                      0.061020    0.000100    1.154803 ^ hold4/A (sky130_fd_sc_hd__dlygate4sd3_1)
     1    0.002316    0.048913    0.535209    1.690012 ^ hold4/X (sky130_fd_sc_hd__dlygate4sd3_1)
                                                         net196 (net)
                      0.048913    0.000046    1.690058 ^ _099_/A1 (sky130_fd_sc_hd__mux2_1)
     1    0.002310    0.037646    0.114615    1.804672 ^ _099_/X (sky130_fd_sc_hd__mux2_1)
                                                         _015_ (net)
                      0.037646    0.000065    1.804738 ^ _166_/D (sky130_fd_sc_hd__dfrtp_1)
                                              1.804738   data arrival time

                                  0.000000    0.000000   clock HCLK (rise edge)
                                  0.000000    0.000000   clock source latency
     1    0.059370    0.271235    0.194671    0.194671 ^ HCLK (in)
                                                         HCLK (net)
                      0.272238    0.000000    0.194671 ^ clkbuf_0_HCLK/A (sky130_fd_sc_hd__clkbuf_16)
     5    0.133985    0.147811    0.278990    0.473661 ^ clkbuf_0_HCLK/X (sky130_fd_sc_hd__clkbuf_16)
                                                         clknet_0_HCLK (net)
                      0.149720    0.013334    0.486995 ^ clkbuf_2_1_0_HCLK/A (sky130_fd_sc_hd__clkbuf_8)
     2    0.036798    0.077541    0.188224    0.675219 ^ clkbuf_2_1_0_HCLK/X (sky130_fd_sc_hd__clkbuf_8)
                                                         clknet_2_1_0_HCLK (net)
                      0.077988    0.004251    0.679471 ^ clkbuf_3_3__f_HCLK/A (sky130_fd_sc_hd__clkbuf_16)
    10    0.027154    0.048291    0.144194    0.823665 ^ clkbuf_3_3__f_HCLK/X (sky130_fd_sc_hd__clkbuf_16)
                                                         clknet_3_3__leaf_HCLK (net)
                      0.048301    0.000593    0.824257 ^ _166_/CLK (sky130_fd_sc_hd__dfrtp_1)
                                  0.250000    1.074257   clock uncertainty
                                  0.000000    1.074257   clock reconvergence pessimism
                                 -0.032773    1.041485   library hold time
                                              1.041485   data required time
---------------------------------------------------------------------------------------------
                                              1.041485   data required time
                                             -1.804738   data arrival time
---------------------------------------------------------------------------------------------
                                              0.763253   slack (MET)


Startpoint: _206_ (rising edge-triggered flip-flop clocked by HCLK)
Endpoint: _206_ (rising edge-triggered flip-flop clocked by HCLK)
Path Group: HCLK
Path Type: min

Fanout         Cap        Slew       Delay        Time   Description
---------------------------------------------------------------------------------------------
                                  0.000000    0.000000   clock HCLK (rise edge)
                                  0.000000    0.000000   clock source latency
     1    0.059370    0.271235    0.194671    0.194671 ^ HCLK (in)
                                                         HCLK (net)
                      0.272238    0.000000    0.194671 ^ clkbuf_0_HCLK/A (sky130_fd_sc_hd__clkbuf_16)
     5    0.133985    0.147811    0.278990    0.473661 ^ clkbuf_0_HCLK/X (sky130_fd_sc_hd__clkbuf_16)
                                                         clknet_0_HCLK (net)
                      0.149132    0.011130    0.484791 ^ clkbuf_2_3_0_HCLK/A (sky130_fd_sc_hd__clkbuf_8)
     2    0.038985    0.080656    0.191808    0.676599 ^ clkbuf_2_3_0_HCLK/X (sky130_fd_sc_hd__clkbuf_8)
                                                         clknet_2_3_0_HCLK (net)
                      0.080861    0.002748    0.679347 ^ clkbuf_3_6__f_HCLK/A (sky130_fd_sc_hd__clkbuf_16)
     8    0.072287    0.089992    0.175724    0.855070 ^ clkbuf_3_6__f_HCLK/X (sky130_fd_sc_hd__clkbuf_16)
                                                         clknet_3_6__leaf_HCLK (net)
                      0.090808    0.006779    0.861849 ^ _206_/CLK (sky130_fd_sc_hd__dfrtp_1)
     2    0.004069    0.054717    0.340677    1.202526 ^ _206_/Q (sky130_fd_sc_hd__dfrtp_1)
                                                         net157 (net)
                      0.054717    0.000096    1.202622 ^ hold33/A (sky130_fd_sc_hd__dlygate4sd3_1)
     1    0.002257    0.048483    0.532828    1.735450 ^ hold33/X (sky130_fd_sc_hd__dlygate4sd3_1)
                                                         net225 (net)
                      0.048483    0.000044    1.735495 ^ _139_/A1 (sky130_fd_sc_hd__mux2_1)
     1    0.002394    0.038239    0.115132    1.850627 ^ _139_/X (sky130_fd_sc_hd__mux2_1)
                                                         _055_ (net)
                      0.038239    0.000067    1.850694 ^ _206_/D (sky130_fd_sc_hd__dfrtp_1)
                                              1.850694   data arrival time

                                  0.000000    0.000000   clock HCLK (rise edge)
                                  0.000000    0.000000   clock source latency
     1    0.059370    0.271235    0.194671    0.194671 ^ HCLK (in)
                                                         HCLK (net)
                      0.272238    0.000000    0.194671 ^ clkbuf_0_HCLK/A (sky130_fd_sc_hd__clkbuf_16)
     5    0.133985    0.147811    0.278990    0.473661 ^ clkbuf_0_HCLK/X (sky130_fd_sc_hd__clkbuf_16)
                                                         clknet_0_HCLK (net)
                      0.149132    0.011130    0.484791 ^ clkbuf_2_3_0_HCLK/A (sky130_fd_sc_hd__clkbuf_8)
     2    0.038985    0.080656    0.191808    0.676599 ^ clkbuf_2_3_0_HCLK/X (sky130_fd_sc_hd__clkbuf_8)
                                                         clknet_2_3_0_HCLK (net)
                      0.080861    0.002748    0.679347 ^ clkbuf_3_6__f_HCLK/A (sky130_fd_sc_hd__clkbuf_16)
     8    0.072287    0.089992    0.175724    0.855070 ^ clkbuf_3_6__f_HCLK/X (sky130_fd_sc_hd__clkbuf_16)
                                                         clknet_3_6__leaf_HCLK (net)
                      0.090808    0.006779    0.861849 ^ _206_/CLK (sky130_fd_sc_hd__dfrtp_1)
                                  0.250000    1.111849   clock uncertainty
                                  0.000000    1.111849   clock reconvergence pessimism
                                 -0.027096    1.084754   library hold time
                                              1.084754   data required time
---------------------------------------------------------------------------------------------
                                              1.084754   data required time
                                             -1.850694   data arrival time
---------------------------------------------------------------------------------------------
                                              0.765941   slack (MET)


Startpoint: _157_ (rising edge-triggered flip-flop clocked by HCLK)
Endpoint: _157_ (rising edge-triggered flip-flop clocked by HCLK)
Path Group: HCLK
Path Type: min

Fanout         Cap        Slew       Delay        Time   Description
---------------------------------------------------------------------------------------------
                                  0.000000    0.000000   clock HCLK (rise edge)
                                  0.000000    0.000000   clock source latency
     1    0.059370    0.271235    0.194671    0.194671 ^ HCLK (in)
                                                         HCLK (net)
                      0.272238    0.000000    0.194671 ^ clkbuf_0_HCLK/A (sky130_fd_sc_hd__clkbuf_16)
     5    0.133985    0.147811    0.278990    0.473661 ^ clkbuf_0_HCLK/X (sky130_fd_sc_hd__clkbuf_16)
                                                         clknet_0_HCLK (net)
                      0.149720    0.013334    0.486995 ^ clkbuf_2_1_0_HCLK/A (sky130_fd_sc_hd__clkbuf_8)
     2    0.036798    0.077541    0.188224    0.675219 ^ clkbuf_2_1_0_HCLK/X (sky130_fd_sc_hd__clkbuf_8)
                                                         clknet_2_1_0_HCLK (net)
                      0.078017    0.004412    0.679631 ^ clkbuf_3_2__f_HCLK/A (sky130_fd_sc_hd__clkbuf_16)
    10    0.035944    0.056112    0.150441    0.830072 ^ clkbuf_3_2__f_HCLK/X (sky130_fd_sc_hd__clkbuf_16)
                                                         clknet_3_2__leaf_HCLK (net)
                      0.056222    0.001598    0.831670 ^ _157_/CLK (sky130_fd_sc_hd__dfrtp_1)
     2    0.005094    0.062456    0.334665    1.166335 ^ _157_/Q (sky130_fd_sc_hd__dfrtp_1)
                                                         net133 (net)
                      0.062456    0.000104    1.166438 ^ hold30/A (sky130_fd_sc_hd__dlygate4sd3_1)
     1    0.002358    0.049223    0.536023    1.702461 ^ hold30/X (sky130_fd_sc_hd__dlygate4sd3_1)
                                                         net222 (net)
                      0.049223    0.000047    1.702508 ^ _090_/A1 (sky130_fd_sc_hd__mux2_1)
     1    0.002320    0.037720    0.114802    1.817310 ^ _090_/X (sky130_fd_sc_hd__mux2_1)
                                                         _006_ (net)
                      0.037720    0.000066    1.817376 ^ _157_/D (sky130_fd_sc_hd__dfrtp_1)
                                              1.817376   data arrival time

                                  0.000000    0.000000   clock HCLK (rise edge)
                                  0.000000    0.000000   clock source latency
     1    0.059370    0.271235    0.194671    0.194671 ^ HCLK (in)
                                                         HCLK (net)
                      0.272238    0.000000    0.194671 ^ clkbuf_0_HCLK/A (sky130_fd_sc_hd__clkbuf_16)
     5    0.133985    0.147811    0.278990    0.473661 ^ clkbuf_0_HCLK/X (sky130_fd_sc_hd__clkbuf_16)
                                                         clknet_0_HCLK (net)
                      0.149720    0.013334    0.486995 ^ clkbuf_2_1_0_HCLK/A (sky130_fd_sc_hd__clkbuf_8)
     2    0.036798    0.077541    0.188224    0.675219 ^ clkbuf_2_1_0_HCLK/X (sky130_fd_sc_hd__clkbuf_8)
                                                         clknet_2_1_0_HCLK (net)
                      0.078017    0.004412    0.679631 ^ clkbuf_3_2__f_HCLK/A (sky130_fd_sc_hd__clkbuf_16)
    10    0.035944    0.056112    0.150441    0.830072 ^ clkbuf_3_2__f_HCLK/X (sky130_fd_sc_hd__clkbuf_16)
                                                         clknet_3_2__leaf_HCLK (net)
                      0.056222    0.001598    0.831670 ^ _157_/CLK (sky130_fd_sc_hd__dfrtp_1)
                                  0.250000    1.081670   clock uncertainty
                                  0.000000    1.081670   clock reconvergence pessimism
                                 -0.031707    1.049963   library hold time
                                              1.049963   data required time
---------------------------------------------------------------------------------------------
                                              1.049963   data required time
                                             -1.817376   data arrival time
---------------------------------------------------------------------------------------------
                                              0.767414   slack (MET)


Startpoint: _194_ (rising edge-triggered flip-flop clocked by HCLK)
Endpoint: _194_ (rising edge-triggered flip-flop clocked by HCLK)
Path Group: HCLK
Path Type: min

Fanout         Cap        Slew       Delay        Time   Description
---------------------------------------------------------------------------------------------
                                  0.000000    0.000000   clock HCLK (rise edge)
                                  0.000000    0.000000   clock source latency
     1    0.059370    0.271235    0.194671    0.194671 ^ HCLK (in)
                                                         HCLK (net)
                      0.272238    0.000000    0.194671 ^ clkbuf_0_HCLK/A (sky130_fd_sc_hd__clkbuf_16)
     5    0.133985    0.147811    0.278990    0.473661 ^ clkbuf_0_HCLK/X (sky130_fd_sc_hd__clkbuf_16)
                                                         clknet_0_HCLK (net)
                      0.149171    0.011290    0.484951 ^ clkbuf_2_2_0_HCLK/A (sky130_fd_sc_hd__clkbuf_8)
     2    0.035281    0.075148    0.186583    0.671534 ^ clkbuf_2_2_0_HCLK/X (sky130_fd_sc_hd__clkbuf_8)
                                                         clknet_2_2_0_HCLK (net)
                      0.075449    0.003322    0.674856 ^ clkbuf_3_4__f_HCLK/A (sky130_fd_sc_hd__clkbuf_16)
    11    0.039034    0.058892    0.152107    0.826962 ^ clkbuf_3_4__f_HCLK/X (sky130_fd_sc_hd__clkbuf_16)
                                                         clknet_3_4__leaf_HCLK (net)
                      0.058900    0.000708    0.827670 ^ _194_/CLK (sky130_fd_sc_hd__dfrtp_1)
     2    0.004888    0.060884    0.334279    1.161949 ^ _194_/Q (sky130_fd_sc_hd__dfrtp_1)
                                                         net144 (net)
                      0.060884    0.000124    1.162073 ^ hold7/A (sky130_fd_sc_hd__dlygate4sd3_1)
     1    0.002344    0.049113    0.535428    1.697502 ^ hold7/X (sky130_fd_sc_hd__dlygate4sd3_1)
                                                         net199 (net)
                      0.049113    0.000066    1.697568 ^ _127_/A1 (sky130_fd_sc_hd__mux2_1)
     1    0.002496    0.038991    0.116162    1.813730 ^ _127_/X (sky130_fd_sc_hd__mux2_1)
                                                         _043_ (net)
                      0.038991    0.000070    1.813800 ^ _194_/D (sky130_fd_sc_hd__dfrtp_1)
                                              1.813800   data arrival time

                                  0.000000    0.000000   clock HCLK (rise edge)
                                  0.000000    0.000000   clock source latency
     1    0.059370    0.271235    0.194671    0.194671 ^ HCLK (in)
                                                         HCLK (net)
                      0.272238    0.000000    0.194671 ^ clkbuf_0_HCLK/A (sky130_fd_sc_hd__clkbuf_16)
     5    0.133985    0.147811    0.278990    0.473661 ^ clkbuf_0_HCLK/X (sky130_fd_sc_hd__clkbuf_16)
                                                         clknet_0_HCLK (net)
                      0.149171    0.011290    0.484951 ^ clkbuf_2_2_0_HCLK/A (sky130_fd_sc_hd__clkbuf_8)
     2    0.035281    0.075148    0.186583    0.671534 ^ clkbuf_2_2_0_HCLK/X (sky130_fd_sc_hd__clkbuf_8)
                                                         clknet_2_2_0_HCLK (net)
                      0.075449    0.003322    0.674856 ^ clkbuf_3_4__f_HCLK/A (sky130_fd_sc_hd__clkbuf_16)
    11    0.039034    0.058892    0.152107    0.826962 ^ clkbuf_3_4__f_HCLK/X (sky130_fd_sc_hd__clkbuf_16)
                                                         clknet_3_4__leaf_HCLK (net)
                      0.058900    0.000708    0.827670 ^ _194_/CLK (sky130_fd_sc_hd__dfrtp_1)
                                  0.250000    1.077670   clock uncertainty
                                  0.000000    1.077670   clock reconvergence pessimism
                                 -0.031608    1.046062   library hold time
                                              1.046062   data required time
---------------------------------------------------------------------------------------------
                                              1.046062   data required time
                                             -1.813800   data arrival time
---------------------------------------------------------------------------------------------
                                              0.767738   slack (MET)


Startpoint: _182_ (rising edge-triggered flip-flop clocked by HCLK)
Endpoint: _182_ (rising edge-triggered flip-flop clocked by HCLK)
Path Group: HCLK
Path Type: min

Fanout         Cap        Slew       Delay        Time   Description
---------------------------------------------------------------------------------------------
                                  0.000000    0.000000   clock HCLK (rise edge)
                                  0.000000    0.000000   clock source latency
     1    0.059370    0.271235    0.194671    0.194671 ^ HCLK (in)
                                                         HCLK (net)
                      0.272238    0.000000    0.194671 ^ clkbuf_0_HCLK/A (sky130_fd_sc_hd__clkbuf_16)
     5    0.133985    0.147811    0.278990    0.473661 ^ clkbuf_0_HCLK/X (sky130_fd_sc_hd__clkbuf_16)
                                                         clknet_0_HCLK (net)
                      0.149720    0.013334    0.486995 ^ clkbuf_2_1_0_HCLK/A (sky130_fd_sc_hd__clkbuf_8)
     2    0.036798    0.077541    0.188224    0.675219 ^ clkbuf_2_1_0_HCLK/X (sky130_fd_sc_hd__clkbuf_8)
                                                         clknet_2_1_0_HCLK (net)
                      0.078017    0.004412    0.679631 ^ clkbuf_3_2__f_HCLK/A (sky130_fd_sc_hd__clkbuf_16)
    10    0.035944    0.056112    0.150441    0.830072 ^ clkbuf_3_2__f_HCLK/X (sky130_fd_sc_hd__clkbuf_16)
                                                         clknet_3_2__leaf_HCLK (net)
                      0.056291    0.002276    0.832348 ^ _182_/CLK (sky130_fd_sc_hd__dfrtp_1)
     2    0.005159    0.062956    0.335131    1.167478 ^ _182_/Q (sky130_fd_sc_hd__dfrtp_1)
                                                         net129 (net)
                      0.063006    0.000103    1.167581 ^ hold29/A (sky130_fd_sc_hd__dlygate4sd3_1)
     1    0.002352    0.049175    0.536120    1.703701 ^ hold29/X (sky130_fd_sc_hd__dlygate4sd3_1)
                                                         net221 (net)
                      0.049175    0.000047    1.703748 ^ _115_/A1 (sky130_fd_sc_hd__mux2_1)
     1    0.002306    0.037615    0.114671    1.818419 ^ _115_/X (sky130_fd_sc_hd__mux2_1)
                                                         _031_ (net)
                      0.037615    0.000066    1.818484 ^ _182_/D (sky130_fd_sc_hd__dfrtp_1)
                                              1.818484   data arrival time

                                  0.000000    0.000000   clock HCLK (rise edge)
                                  0.000000    0.000000   clock source latency
     1    0.059370    0.271235    0.194671    0.194671 ^ HCLK (in)
                                                         HCLK (net)
                      0.272238    0.000000    0.194671 ^ clkbuf_0_HCLK/A (sky130_fd_sc_hd__clkbuf_16)
     5    0.133985    0.147811    0.278990    0.473661 ^ clkbuf_0_HCLK/X (sky130_fd_sc_hd__clkbuf_16)
                                                         clknet_0_HCLK (net)
                      0.149720    0.013334    0.486995 ^ clkbuf_2_1_0_HCLK/A (sky130_fd_sc_hd__clkbuf_8)
     2    0.036798    0.077541    0.188224    0.675219 ^ clkbuf_2_1_0_HCLK/X (sky130_fd_sc_hd__clkbuf_8)
                                                         clknet_2_1_0_HCLK (net)
                      0.078017    0.004412    0.679631 ^ clkbuf_3_2__f_HCLK/A (sky130_fd_sc_hd__clkbuf_16)
    10    0.035944    0.056112    0.150441    0.830072 ^ clkbuf_3_2__f_HCLK/X (sky130_fd_sc_hd__clkbuf_16)
                                                         clknet_3_2__leaf_HCLK (net)
                      0.056291    0.002276    0.832348 ^ _182_/CLK (sky130_fd_sc_hd__dfrtp_1)
                                  0.250000    1.082348   clock uncertainty
                                  0.000000    1.082348   clock reconvergence pessimism
                                 -0.031676    1.050672   library hold time
                                              1.050672   data required time
---------------------------------------------------------------------------------------------
                                              1.050672   data required time
                                             -1.818484   data arrival time
---------------------------------------------------------------------------------------------
                                              0.767813   slack (MET)


Startpoint: _179_ (rising edge-triggered flip-flop clocked by HCLK)
Endpoint: _179_ (rising edge-triggered flip-flop clocked by HCLK)
Path Group: HCLK
Path Type: min

Fanout         Cap        Slew       Delay        Time   Description
---------------------------------------------------------------------------------------------
                                  0.000000    0.000000   clock HCLK (rise edge)
                                  0.000000    0.000000   clock source latency
     1    0.059370    0.271235    0.194671    0.194671 ^ HCLK (in)
                                                         HCLK (net)
                      0.272238    0.000000    0.194671 ^ clkbuf_0_HCLK/A (sky130_fd_sc_hd__clkbuf_16)
     5    0.133985    0.147811    0.278990    0.473661 ^ clkbuf_0_HCLK/X (sky130_fd_sc_hd__clkbuf_16)
                                                         clknet_0_HCLK (net)
                      0.149720    0.013334    0.486995 ^ clkbuf_2_1_0_HCLK/A (sky130_fd_sc_hd__clkbuf_8)
     2    0.036798    0.077541    0.188224    0.675219 ^ clkbuf_2_1_0_HCLK/X (sky130_fd_sc_hd__clkbuf_8)
                                                         clknet_2_1_0_HCLK (net)
                      0.077988    0.004251    0.679471 ^ clkbuf_3_3__f_HCLK/A (sky130_fd_sc_hd__clkbuf_16)
    10    0.027154    0.048291    0.144194    0.823665 ^ clkbuf_3_3__f_HCLK/X (sky130_fd_sc_hd__clkbuf_16)
                                                         clknet_3_3__leaf_HCLK (net)
                      0.048298    0.000535    0.824199 ^ _179_/CLK (sky130_fd_sc_hd__dfrtp_1)
     2    0.005532    0.065888    0.334662    1.158862 ^ _179_/Q (sky130_fd_sc_hd__dfrtp_1)
                                                         net125 (net)
                      0.065888    0.000112    1.158973 ^ hold17/A (sky130_fd_sc_hd__dlygate4sd3_1)
     1    0.002328    0.049002    0.536730    1.695703 ^ hold17/X (sky130_fd_sc_hd__dlygate4sd3_1)
                                                         net209 (net)
                      0.049002    0.000046    1.695748 ^ _112_/A1 (sky130_fd_sc_hd__mux2_1)
     1    0.002320    0.037717    0.114726    1.810474 ^ _112_/X (sky130_fd_sc_hd__mux2_1)
                                                         _028_ (net)
                      0.037717    0.000066    1.810540 ^ _179_/D (sky130_fd_sc_hd__dfrtp_1)
                                              1.810540   data arrival time

                                  0.000000    0.000000   clock HCLK (rise edge)
                                  0.000000    0.000000   clock source latency
     1    0.059370    0.271235    0.194671    0.194671 ^ HCLK (in)
                                                         HCLK (net)
                      0.272238    0.000000    0.194671 ^ clkbuf_0_HCLK/A (sky130_fd_sc_hd__clkbuf_16)
     5    0.133985    0.147811    0.278990    0.473661 ^ clkbuf_0_HCLK/X (sky130_fd_sc_hd__clkbuf_16)
                                                         clknet_0_HCLK (net)
                      0.149720    0.013334    0.486995 ^ clkbuf_2_1_0_HCLK/A (sky130_fd_sc_hd__clkbuf_8)
     2    0.036798    0.077541    0.188224    0.675219 ^ clkbuf_2_1_0_HCLK/X (sky130_fd_sc_hd__clkbuf_8)
                                                         clknet_2_1_0_HCLK (net)
                      0.077988    0.004251    0.679471 ^ clkbuf_3_3__f_HCLK/A (sky130_fd_sc_hd__clkbuf_16)
    10    0.027154    0.048291    0.144194    0.823665 ^ clkbuf_3_3__f_HCLK/X (sky130_fd_sc_hd__clkbuf_16)
                                                         clknet_3_3__leaf_HCLK (net)
                      0.048298    0.000535    0.824199 ^ _179_/CLK (sky130_fd_sc_hd__dfrtp_1)
                                  0.250000    1.074199   clock uncertainty
                                  0.000000    1.074199   clock reconvergence pessimism
                                 -0.032788    1.041412   library hold time
                                              1.041412   data required time
---------------------------------------------------------------------------------------------
                                              1.041412   data required time
                                             -1.810540   data arrival time
---------------------------------------------------------------------------------------------
                                              0.769129   slack (MET)


Startpoint: _169_ (rising edge-triggered flip-flop clocked by HCLK)
Endpoint: _169_ (rising edge-triggered flip-flop clocked by HCLK)
Path Group: HCLK
Path Type: min

Fanout         Cap        Slew       Delay        Time   Description
---------------------------------------------------------------------------------------------
                                  0.000000    0.000000   clock HCLK (rise edge)
                                  0.000000    0.000000   clock source latency
     1    0.059370    0.271235    0.194671    0.194671 ^ HCLK (in)
                                                         HCLK (net)
                      0.272238    0.000000    0.194671 ^ clkbuf_0_HCLK/A (sky130_fd_sc_hd__clkbuf_16)
     5    0.133985    0.147811    0.278990    0.473661 ^ clkbuf_0_HCLK/X (sky130_fd_sc_hd__clkbuf_16)
                                                         clknet_0_HCLK (net)
                      0.149171    0.011290    0.484951 ^ clkbuf_2_2_0_HCLK/A (sky130_fd_sc_hd__clkbuf_8)
     2    0.035281    0.075148    0.186583    0.671534 ^ clkbuf_2_2_0_HCLK/X (sky130_fd_sc_hd__clkbuf_8)
                                                         clknet_2_2_0_HCLK (net)
                      0.075526    0.003826    0.675360 ^ clkbuf_3_5__f_HCLK/A (sky130_fd_sc_hd__clkbuf_16)
    11    0.034216    0.054644    0.148324    0.823684 ^ clkbuf_3_5__f_HCLK/X (sky130_fd_sc_hd__clkbuf_16)
                                                         clknet_3_5__leaf_HCLK (net)
                      0.054749    0.002057    0.825740 ^ _169_/CLK (sky130_fd_sc_hd__dfrtp_1)
     2    0.004532    0.058185    0.330331    1.156071 ^ _169_/Q (sky130_fd_sc_hd__dfrtp_1)
                                                         net114 (net)
                      0.058185    0.000098    1.156169 ^ hold25/A (sky130_fd_sc_hd__dlygate4sd3_1)
     1    0.002892    0.053712    0.539818    1.695986 ^ hold25/X (sky130_fd_sc_hd__dlygate4sd3_1)
                                                         net217 (net)
                      0.053712    0.000089    1.696075 ^ _102_/A1 (sky130_fd_sc_hd__mux2_1)
     1    0.002491    0.038955    0.117704    1.813779 ^ _102_/X (sky130_fd_sc_hd__mux2_1)
                                                         _018_ (net)
                      0.038955    0.000072    1.813851 ^ _169_/D (sky130_fd_sc_hd__dfrtp_1)
                                              1.813851   data arrival time

                                  0.000000    0.000000   clock HCLK (rise edge)
                                  0.000000    0.000000   clock source latency
     1    0.059370    0.271235    0.194671    0.194671 ^ HCLK (in)
                                                         HCLK (net)
                      0.272238    0.000000    0.194671 ^ clkbuf_0_HCLK/A (sky130_fd_sc_hd__clkbuf_16)
     5    0.133985    0.147811    0.278990    0.473661 ^ clkbuf_0_HCLK/X (sky130_fd_sc_hd__clkbuf_16)
                                                         clknet_0_HCLK (net)
                      0.149171    0.011290    0.484951 ^ clkbuf_2_2_0_HCLK/A (sky130_fd_sc_hd__clkbuf_8)
     2    0.035281    0.075148    0.186583    0.671534 ^ clkbuf_2_2_0_HCLK/X (sky130_fd_sc_hd__clkbuf_8)
                                                         clknet_2_2_0_HCLK (net)
                      0.075526    0.003826    0.675360 ^ clkbuf_3_5__f_HCLK/A (sky130_fd_sc_hd__clkbuf_16)
    11    0.034216    0.054644    0.148324    0.823684 ^ clkbuf_3_5__f_HCLK/X (sky130_fd_sc_hd__clkbuf_16)
                                                         clknet_3_5__leaf_HCLK (net)
                      0.054749    0.002057    0.825740 ^ _169_/CLK (sky130_fd_sc_hd__dfrtp_1)
                                  0.250000    1.075740   clock uncertainty
                                  0.000000    1.075740   clock reconvergence pessimism
                                 -0.032167    1.043574   library hold time
                                              1.043574   data required time
---------------------------------------------------------------------------------------------
                                              1.043574   data required time
                                             -1.813851   data arrival time
---------------------------------------------------------------------------------------------
                                              0.770277   slack (MET)


Startpoint: _161_ (rising edge-triggered flip-flop clocked by HCLK)
Endpoint: _161_ (rising edge-triggered flip-flop clocked by HCLK)
Path Group: HCLK
Path Type: min

Fanout         Cap        Slew       Delay        Time   Description
---------------------------------------------------------------------------------------------
                                  0.000000    0.000000   clock HCLK (rise edge)
                                  0.000000    0.000000   clock source latency
     1    0.059370    0.271235    0.194671    0.194671 ^ HCLK (in)
                                                         HCLK (net)
                      0.272238    0.000000    0.194671 ^ clkbuf_0_HCLK/A (sky130_fd_sc_hd__clkbuf_16)
     5    0.133985    0.147811    0.278990    0.473661 ^ clkbuf_0_HCLK/X (sky130_fd_sc_hd__clkbuf_16)
                                                         clknet_0_HCLK (net)
                      0.149590    0.012878    0.486539 ^ clkbuf_2_0_0_HCLK/A (sky130_fd_sc_hd__clkbuf_8)
     2    0.039991    0.082545    0.192758    0.679297 ^ clkbuf_2_0_0_HCLK/X (sky130_fd_sc_hd__clkbuf_8)
                                                         clknet_2_0_0_HCLK (net)
                      0.082829    0.003462    0.682759 ^ clkbuf_3_1__f_HCLK/A (sky130_fd_sc_hd__clkbuf_16)
     7    0.035020    0.055187    0.150817    0.833576 ^ clkbuf_3_1__f_HCLK/X (sky130_fd_sc_hd__clkbuf_16)
                                                         clknet_3_1__leaf_HCLK (net)
                      0.055738    0.004174    0.837750 ^ _161_/CLK (sky130_fd_sc_hd__dfrtp_1)
     2    0.004725    0.059647    0.331996    1.169747 ^ _161_/Q (sky130_fd_sc_hd__dfrtp_1)
                                                         net106 (net)
                      0.059647    0.000119    1.169866 ^ hold23/A (sky130_fd_sc_hd__dlygate4sd3_1)
     1    0.002744    0.052446    0.538850    1.708716 ^ hold23/X (sky130_fd_sc_hd__dlygate4sd3_1)
                                                         net215 (net)
                      0.052446    0.000060    1.708776 ^ _094_/A1 (sky130_fd_sc_hd__mux2_1)
     1    0.002518    0.039152    0.117478    1.826253 ^ _094_/X (sky130_fd_sc_hd__mux2_1)
                                                         _010_ (net)
                      0.039152    0.000072    1.826326 ^ _161_/D (sky130_fd_sc_hd__dfrtp_1)
                                              1.826326   data arrival time

                                  0.000000    0.000000   clock HCLK (rise edge)
                                  0.000000    0.000000   clock source latency
     1    0.059370    0.271235    0.194671    0.194671 ^ HCLK (in)
                                                         HCLK (net)
                      0.272238    0.000000    0.194671 ^ clkbuf_0_HCLK/A (sky130_fd_sc_hd__clkbuf_16)
     5    0.133985    0.147811    0.278990    0.473661 ^ clkbuf_0_HCLK/X (sky130_fd_sc_hd__clkbuf_16)
                                                         clknet_0_HCLK (net)
                      0.149590    0.012878    0.486539 ^ clkbuf_2_0_0_HCLK/A (sky130_fd_sc_hd__clkbuf_8)
     2    0.039991    0.082545    0.192758    0.679297 ^ clkbuf_2_0_0_HCLK/X (sky130_fd_sc_hd__clkbuf_8)
                                                         clknet_2_0_0_HCLK (net)
                      0.082829    0.003462    0.682759 ^ clkbuf_3_1__f_HCLK/A (sky130_fd_sc_hd__clkbuf_16)
     7    0.035020    0.055187    0.150817    0.833576 ^ clkbuf_3_1__f_HCLK/X (sky130_fd_sc_hd__clkbuf_16)
                                                         clknet_3_1__leaf_HCLK (net)
                      0.055738    0.004174    0.837750 ^ _161_/CLK (sky130_fd_sc_hd__dfrtp_1)
                                  0.250000    1.087750   clock uncertainty
                                  0.000000    1.087750   clock reconvergence pessimism
                                 -0.032073    1.055678   library hold time
                                              1.055678   data required time
---------------------------------------------------------------------------------------------
                                              1.055678   data required time
                                             -1.826326   data arrival time
---------------------------------------------------------------------------------------------
                                              0.770648   slack (MET)


Startpoint: _213_ (rising edge-triggered flip-flop clocked by HCLK)
Endpoint: _213_ (rising edge-triggered flip-flop clocked by HCLK)
Path Group: HCLK
Path Type: min

Fanout         Cap        Slew       Delay        Time   Description
---------------------------------------------------------------------------------------------
                                  0.000000    0.000000   clock HCLK (rise edge)
                                  0.000000    0.000000   clock source latency
     1    0.059370    0.271235    0.194671    0.194671 ^ HCLK (in)
                                                         HCLK (net)
                      0.272238    0.000000    0.194671 ^ clkbuf_0_HCLK/A (sky130_fd_sc_hd__clkbuf_16)
     5    0.133985    0.147811    0.278990    0.473661 ^ clkbuf_0_HCLK/X (sky130_fd_sc_hd__clkbuf_16)
                                                         clknet_0_HCLK (net)
                      0.149720    0.013334    0.486995 ^ clkbuf_2_1_0_HCLK/A (sky130_fd_sc_hd__clkbuf_8)
     2    0.036798    0.077541    0.188224    0.675219 ^ clkbuf_2_1_0_HCLK/X (sky130_fd_sc_hd__clkbuf_8)
                                                         clknet_2_1_0_HCLK (net)
                      0.077988    0.004251    0.679471 ^ clkbuf_3_3__f_HCLK/A (sky130_fd_sc_hd__clkbuf_16)
    10    0.027154    0.048291    0.144194    0.823665 ^ clkbuf_3_3__f_HCLK/X (sky130_fd_sc_hd__clkbuf_16)
                                                         clknet_3_3__leaf_HCLK (net)
                      0.048296    0.000467    0.824132 ^ _213_/CLK (sky130_fd_sc_hd__dfrtp_1)
     2    0.004531    0.058179    0.327930    1.152063 ^ _213_/Q (sky130_fd_sc_hd__dfrtp_1)
                                                         net165 (net)
                      0.058179    0.000073    1.152136 ^ hold9/A (sky130_fd_sc_hd__dlygate4sd3_1)
     1    0.003128    0.055777    0.542051    1.694186 ^ hold9/X (sky130_fd_sc_hd__dlygate4sd3_1)
                                                         net201 (net)
                      0.055777    0.000093    1.694279 ^ _146_/A1 (sky130_fd_sc_hd__mux2_1)
     1    0.002384    0.038174    0.117552    1.811832 ^ _146_/X (sky130_fd_sc_hd__mux2_1)
                                                         _062_ (net)
                      0.038174    0.000069    1.811900 ^ _213_/D (sky130_fd_sc_hd__dfrtp_1)
                                              1.811900   data arrival time

                                  0.000000    0.000000   clock HCLK (rise edge)
                                  0.000000    0.000000   clock source latency
     1    0.059370    0.271235    0.194671    0.194671 ^ HCLK (in)
                                                         HCLK (net)
                      0.272238    0.000000    0.194671 ^ clkbuf_0_HCLK/A (sky130_fd_sc_hd__clkbuf_16)
     5    0.133985    0.147811    0.278990    0.473661 ^ clkbuf_0_HCLK/X (sky130_fd_sc_hd__clkbuf_16)
                                                         clknet_0_HCLK (net)
                      0.149720    0.013334    0.486995 ^ clkbuf_2_1_0_HCLK/A (sky130_fd_sc_hd__clkbuf_8)
     2    0.036798    0.077541    0.188224    0.675219 ^ clkbuf_2_1_0_HCLK/X (sky130_fd_sc_hd__clkbuf_8)
                                                         clknet_2_1_0_HCLK (net)
                      0.077988    0.004251    0.679471 ^ clkbuf_3_3__f_HCLK/A (sky130_fd_sc_hd__clkbuf_16)
    10    0.027154    0.048291    0.144194    0.823665 ^ clkbuf_3_3__f_HCLK/X (sky130_fd_sc_hd__clkbuf_16)
                                                         clknet_3_3__leaf_HCLK (net)
                      0.048296    0.000467    0.824132 ^ _213_/CLK (sky130_fd_sc_hd__dfrtp_1)
                                  0.250000    1.074132   clock uncertainty
                                  0.000000    1.074132   clock reconvergence pessimism
                                 -0.032884    1.041248   library hold time
                                              1.041248   data required time
---------------------------------------------------------------------------------------------
                                              1.041248   data required time
                                             -1.811900   data arrival time
---------------------------------------------------------------------------------------------
                                              0.770652   slack (MET)


Startpoint: _186_ (rising edge-triggered flip-flop clocked by HCLK)
Endpoint: _186_ (rising edge-triggered flip-flop clocked by HCLK)
Path Group: HCLK
Path Type: min

Fanout         Cap        Slew       Delay        Time   Description
---------------------------------------------------------------------------------------------
                                  0.000000    0.000000   clock HCLK (rise edge)
                                  0.000000    0.000000   clock source latency
     1    0.059370    0.271235    0.194671    0.194671 ^ HCLK (in)
                                                         HCLK (net)
                      0.272238    0.000000    0.194671 ^ clkbuf_0_HCLK/A (sky130_fd_sc_hd__clkbuf_16)
     5    0.133985    0.147811    0.278990    0.473661 ^ clkbuf_0_HCLK/X (sky130_fd_sc_hd__clkbuf_16)
                                                         clknet_0_HCLK (net)
                      0.149171    0.011290    0.484951 ^ clkbuf_2_2_0_HCLK/A (sky130_fd_sc_hd__clkbuf_8)
     2    0.035281    0.075148    0.186583    0.671534 ^ clkbuf_2_2_0_HCLK/X (sky130_fd_sc_hd__clkbuf_8)
                                                         clknet_2_2_0_HCLK (net)
                      0.075526    0.003826    0.675360 ^ clkbuf_3_5__f_HCLK/A (sky130_fd_sc_hd__clkbuf_16)
    11    0.034216    0.054644    0.148324    0.823684 ^ clkbuf_3_5__f_HCLK/X (sky130_fd_sc_hd__clkbuf_16)
                                                         clknet_3_5__leaf_HCLK (net)
                      0.054747    0.002028    0.825712 ^ _186_/CLK (sky130_fd_sc_hd__dfrtp_1)
     2    0.004546    0.058294    0.330426    1.156138 ^ _186_/Q (sky130_fd_sc_hd__dfrtp_1)
                                                         net167 (net)
                      0.058294    0.000103    1.156240 ^ hold27/A (sky130_fd_sc_hd__dlygate4sd3_1)
     1    0.002595    0.051172    0.537046    1.693286 ^ hold27/X (sky130_fd_sc_hd__dlygate4sd3_1)
                                                         net219 (net)
                      0.051172    0.000076    1.693363 ^ _119_/A1 (sky130_fd_sc_hd__mux2_1)
     1    0.002958    0.042488    0.120539    1.813902 ^ _119_/X (sky130_fd_sc_hd__mux2_1)
                                                         _035_ (net)
                      0.042488    0.000084    1.813986 ^ _186_/D (sky130_fd_sc_hd__dfrtp_1)
                                              1.813986   data arrival time

                                  0.000000    0.000000   clock HCLK (rise edge)
                                  0.000000    0.000000   clock source latency
     1    0.059370    0.271235    0.194671    0.194671 ^ HCLK (in)
                                                         HCLK (net)
                      0.272238    0.000000    0.194671 ^ clkbuf_0_HCLK/A (sky130_fd_sc_hd__clkbuf_16)
     5    0.133985    0.147811    0.278990    0.473661 ^ clkbuf_0_HCLK/X (sky130_fd_sc_hd__clkbuf_16)
                                                         clknet_0_HCLK (net)
                      0.149171    0.011290    0.484951 ^ clkbuf_2_2_0_HCLK/A (sky130_fd_sc_hd__clkbuf_8)
     2    0.035281    0.075148    0.186583    0.671534 ^ clkbuf_2_2_0_HCLK/X (sky130_fd_sc_hd__clkbuf_8)
                                                         clknet_2_2_0_HCLK (net)
                      0.075526    0.003826    0.675360 ^ clkbuf_3_5__f_HCLK/A (sky130_fd_sc_hd__clkbuf_16)
    11    0.034216    0.054644    0.148324    0.823684 ^ clkbuf_3_5__f_HCLK/X (sky130_fd_sc_hd__clkbuf_16)
                                                         clknet_3_5__leaf_HCLK (net)
                      0.054747    0.002028    0.825712 ^ _186_/CLK (sky130_fd_sc_hd__dfrtp_1)
                                  0.250000    1.075712   clock uncertainty
                                  0.000000    1.075712   clock reconvergence pessimism
                                 -0.032907    1.042805   library hold time
                                              1.042805   data required time
---------------------------------------------------------------------------------------------
                                              1.042805   data required time
                                             -1.813986   data arrival time
---------------------------------------------------------------------------------------------
                                              0.771181   slack (MET)


Startpoint: _198_ (rising edge-triggered flip-flop clocked by HCLK)
Endpoint: _198_ (rising edge-triggered flip-flop clocked by HCLK)
Path Group: HCLK
Path Type: min

Fanout         Cap        Slew       Delay        Time   Description
---------------------------------------------------------------------------------------------
                                  0.000000    0.000000   clock HCLK (rise edge)
                                  0.000000    0.000000   clock source latency
     1    0.059370    0.271235    0.194671    0.194671 ^ HCLK (in)
                                                         HCLK (net)
                      0.272238    0.000000    0.194671 ^ clkbuf_0_HCLK/A (sky130_fd_sc_hd__clkbuf_16)
     5    0.133985    0.147811    0.278990    0.473661 ^ clkbuf_0_HCLK/X (sky130_fd_sc_hd__clkbuf_16)
                                                         clknet_0_HCLK (net)
                      0.149171    0.011290    0.484951 ^ clkbuf_2_2_0_HCLK/A (sky130_fd_sc_hd__clkbuf_8)
     2    0.035281    0.075148    0.186583    0.671534 ^ clkbuf_2_2_0_HCLK/X (sky130_fd_sc_hd__clkbuf_8)
                                                         clknet_2_2_0_HCLK (net)
                      0.075449    0.003322    0.674856 ^ clkbuf_3_4__f_HCLK/A (sky130_fd_sc_hd__clkbuf_16)
    11    0.039034    0.058892    0.152107    0.826962 ^ clkbuf_3_4__f_HCLK/X (sky130_fd_sc_hd__clkbuf_16)
                                                         clknet_3_4__leaf_HCLK (net)
                      0.058899    0.000668    0.827630 ^ _198_/CLK (sky130_fd_sc_hd__dfrtp_1)
     2    0.004563    0.058423    0.332087    1.159717 ^ _198_/Q (sky130_fd_sc_hd__dfrtp_1)
                                                         net148 (net)
                      0.058423    0.000111    1.159828 ^ hold6/A (sky130_fd_sc_hd__dlygate4sd3_1)
     1    0.002825    0.053135    0.539255    1.699083 ^ hold6/X (sky130_fd_sc_hd__dlygate4sd3_1)
                                                         net198 (net)
                      0.053135    0.000087    1.699170 ^ _131_/A1 (sky130_fd_sc_hd__mux2_1)
     1    0.002552    0.039407    0.117987    1.817157 ^ _131_/X (sky130_fd_sc_hd__mux2_1)
                                                         _047_ (net)
                      0.039407    0.000075    1.817232 ^ _198_/D (sky130_fd_sc_hd__dfrtp_1)
                                              1.817232   data arrival time

                                  0.000000    0.000000   clock HCLK (rise edge)
                                  0.000000    0.000000   clock source latency
     1    0.059370    0.271235    0.194671    0.194671 ^ HCLK (in)
                                                         HCLK (net)
                      0.272238    0.000000    0.194671 ^ clkbuf_0_HCLK/A (sky130_fd_sc_hd__clkbuf_16)
     5    0.133985    0.147811    0.278990    0.473661 ^ clkbuf_0_HCLK/X (sky130_fd_sc_hd__clkbuf_16)
                                                         clknet_0_HCLK (net)
                      0.149171    0.011290    0.484951 ^ clkbuf_2_2_0_HCLK/A (sky130_fd_sc_hd__clkbuf_8)
     2    0.035281    0.075148    0.186583    0.671534 ^ clkbuf_2_2_0_HCLK/X (sky130_fd_sc_hd__clkbuf_8)
                                                         clknet_2_2_0_HCLK (net)
                      0.075449    0.003322    0.674856 ^ clkbuf_3_4__f_HCLK/A (sky130_fd_sc_hd__clkbuf_16)
    11    0.039034    0.058892    0.152107    0.826962 ^ clkbuf_3_4__f_HCLK/X (sky130_fd_sc_hd__clkbuf_16)
                                                         clknet_3_4__leaf_HCLK (net)
                      0.058899    0.000668    0.827630 ^ _198_/CLK (sky130_fd_sc_hd__dfrtp_1)
                                  0.250000    1.077630   clock uncertainty
                                  0.000000    1.077630   clock reconvergence pessimism
                                 -0.031695    1.045936   library hold time
                                              1.045936   data required time
---------------------------------------------------------------------------------------------
                                              1.045936   data required time
                                             -1.817232   data arrival time
---------------------------------------------------------------------------------------------
                                              0.771297   slack (MET)


Startpoint: _160_ (rising edge-triggered flip-flop clocked by HCLK)
Endpoint: _160_ (rising edge-triggered flip-flop clocked by HCLK)
Path Group: HCLK
Path Type: min

Fanout         Cap        Slew       Delay        Time   Description
---------------------------------------------------------------------------------------------
                                  0.000000    0.000000   clock HCLK (rise edge)
                                  0.000000    0.000000   clock source latency
     1    0.059370    0.271235    0.194671    0.194671 ^ HCLK (in)
                                                         HCLK (net)
                      0.272238    0.000000    0.194671 ^ clkbuf_0_HCLK/A (sky130_fd_sc_hd__clkbuf_16)
     5    0.133985    0.147811    0.278990    0.473661 ^ clkbuf_0_HCLK/X (sky130_fd_sc_hd__clkbuf_16)
                                                         clknet_0_HCLK (net)
                      0.149590    0.012878    0.486539 ^ clkbuf_2_0_0_HCLK/A (sky130_fd_sc_hd__clkbuf_8)
     2    0.039991    0.082545    0.192758    0.679297 ^ clkbuf_2_0_0_HCLK/X (sky130_fd_sc_hd__clkbuf_8)
                                                         clknet_2_0_0_HCLK (net)
                      0.082829    0.003462    0.682759 ^ clkbuf_3_1__f_HCLK/A (sky130_fd_sc_hd__clkbuf_16)
     7    0.035020    0.055187    0.150817    0.833576 ^ clkbuf_3_1__f_HCLK/X (sky130_fd_sc_hd__clkbuf_16)
                                                         clknet_3_1__leaf_HCLK (net)
                      0.055697    0.003972    0.837548 ^ _160_/CLK (sky130_fd_sc_hd__dfrtp_1)
     2    0.004829    0.060435    0.332697    1.170245 ^ _160_/Q (sky130_fd_sc_hd__dfrtp_1)
                                                         net136 (net)
                      0.060435    0.000111    1.170355 ^ hold16/A (sky130_fd_sc_hd__dlygate4sd3_1)
     1    0.002431    0.049797    0.536117    1.706472 ^ hold16/X (sky130_fd_sc_hd__dlygate4sd3_1)
                                                         net208 (net)
                      0.049797    0.000067    1.706540 ^ _093_/A1 (sky130_fd_sc_hd__mux2_1)
     1    0.003057    0.043242    0.120850    1.827390 ^ _093_/X (sky130_fd_sc_hd__mux2_1)
                                                         _009_ (net)
                      0.043242    0.000092    1.827482 ^ _160_/D (sky130_fd_sc_hd__dfrtp_1)
                                              1.827482   data arrival time

                                  0.000000    0.000000   clock HCLK (rise edge)
                                  0.000000    0.000000   clock source latency
     1    0.059370    0.271235    0.194671    0.194671 ^ HCLK (in)
                                                         HCLK (net)
                      0.272238    0.000000    0.194671 ^ clkbuf_0_HCLK/A (sky130_fd_sc_hd__clkbuf_16)
     5    0.133985    0.147811    0.278990    0.473661 ^ clkbuf_0_HCLK/X (sky130_fd_sc_hd__clkbuf_16)
                                                         clknet_0_HCLK (net)
                      0.149590    0.012878    0.486539 ^ clkbuf_2_0_0_HCLK/A (sky130_fd_sc_hd__clkbuf_8)
     2    0.039991    0.082545    0.192758    0.679297 ^ clkbuf_2_0_0_HCLK/X (sky130_fd_sc_hd__clkbuf_8)
                                                         clknet_2_0_0_HCLK (net)
                      0.082829    0.003462    0.682759 ^ clkbuf_3_1__f_HCLK/A (sky130_fd_sc_hd__clkbuf_16)
     7    0.035020    0.055187    0.150817    0.833576 ^ clkbuf_3_1__f_HCLK/X (sky130_fd_sc_hd__clkbuf_16)
                                                         clknet_3_1__leaf_HCLK (net)
                      0.055697    0.003972    0.837548 ^ _160_/CLK (sky130_fd_sc_hd__dfrtp_1)
                                  0.250000    1.087548   clock uncertainty
                                  0.000000    1.087548   clock reconvergence pessimism
                                 -0.032935    1.054613   library hold time
                                              1.054613   data required time
---------------------------------------------------------------------------------------------
                                              1.054613   data required time
                                             -1.827482   data arrival time
---------------------------------------------------------------------------------------------
                                              0.772868   slack (MET)


Startpoint: _152_ (rising edge-triggered flip-flop clocked by HCLK)
Endpoint: _152_ (rising edge-triggered flip-flop clocked by HCLK)
Path Group: HCLK
Path Type: min

Fanout         Cap        Slew       Delay        Time   Description
---------------------------------------------------------------------------------------------
                                  0.000000    0.000000   clock HCLK (rise edge)
                                  0.000000    0.000000   clock source latency
     1    0.059370    0.271235    0.194671    0.194671 ^ HCLK (in)
                                                         HCLK (net)
                      0.272238    0.000000    0.194671 ^ clkbuf_0_HCLK/A (sky130_fd_sc_hd__clkbuf_16)
     5    0.133985    0.147811    0.278990    0.473661 ^ clkbuf_0_HCLK/X (sky130_fd_sc_hd__clkbuf_16)
                                                         clknet_0_HCLK (net)
                      0.149171    0.011290    0.484951 ^ clkbuf_2_2_0_HCLK/A (sky130_fd_sc_hd__clkbuf_8)
     2    0.035281    0.075148    0.186583    0.671534 ^ clkbuf_2_2_0_HCLK/X (sky130_fd_sc_hd__clkbuf_8)
                                                         clknet_2_2_0_HCLK (net)
                      0.075526    0.003826    0.675360 ^ clkbuf_3_5__f_HCLK/A (sky130_fd_sc_hd__clkbuf_16)
    11    0.034216    0.054644    0.148324    0.823684 ^ clkbuf_3_5__f_HCLK/X (sky130_fd_sc_hd__clkbuf_16)
                                                         clknet_3_5__leaf_HCLK (net)
                      0.054742    0.001976    0.825659 ^ _152_/CLK (sky130_fd_sc_hd__dfrtp_1)
     2    0.004549    0.058314    0.330430    1.156090 ^ _152_/Q (sky130_fd_sc_hd__dfrtp_1)
                                                         net116 (net)
                      0.058314    0.000110    1.156199 ^ hold24/A (sky130_fd_sc_hd__dlygate4sd3_1)
     1    0.002796    0.052888    0.538956    1.695155 ^ hold24/X (sky130_fd_sc_hd__dlygate4sd3_1)
                                                         net216 (net)
                      0.052888    0.000081    1.695236 ^ _085_/A1 (sky130_fd_sc_hd__mux2_1)
     1    0.002912    0.042139    0.120765    1.816000 ^ _085_/X (sky130_fd_sc_hd__mux2_1)
                                                         _001_ (net)
                      0.042139    0.000082    1.816082 ^ _152_/D (sky130_fd_sc_hd__dfrtp_1)
                                              1.816082   data arrival time

                                  0.000000    0.000000   clock HCLK (rise edge)
                                  0.000000    0.000000   clock source latency
     1    0.059370    0.271235    0.194671    0.194671 ^ HCLK (in)
                                                         HCLK (net)
                      0.272238    0.000000    0.194671 ^ clkbuf_0_HCLK/A (sky130_fd_sc_hd__clkbuf_16)
     5    0.133985    0.147811    0.278990    0.473661 ^ clkbuf_0_HCLK/X (sky130_fd_sc_hd__clkbuf_16)
                                                         clknet_0_HCLK (net)
                      0.149171    0.011290    0.484951 ^ clkbuf_2_2_0_HCLK/A (sky130_fd_sc_hd__clkbuf_8)
     2    0.035281    0.075148    0.186583    0.671534 ^ clkbuf_2_2_0_HCLK/X (sky130_fd_sc_hd__clkbuf_8)
                                                         clknet_2_2_0_HCLK (net)
                      0.075526    0.003826    0.675360 ^ clkbuf_3_5__f_HCLK/A (sky130_fd_sc_hd__clkbuf_16)
    11    0.034216    0.054644    0.148324    0.823684 ^ clkbuf_3_5__f_HCLK/X (sky130_fd_sc_hd__clkbuf_16)
                                                         clknet_3_5__leaf_HCLK (net)
                      0.054742    0.001976    0.825659 ^ _152_/CLK (sky130_fd_sc_hd__dfrtp_1)
                                  0.250000    1.075659   clock uncertainty
                                  0.000000    1.075659   clock reconvergence pessimism
                                 -0.032834    1.042825   library hold time
                                              1.042825   data required time
---------------------------------------------------------------------------------------------
                                              1.042825   data required time
                                             -1.816082   data arrival time
---------------------------------------------------------------------------------------------
                                              0.773257   slack (MET)


Startpoint: _168_ (rising edge-triggered flip-flop clocked by HCLK)
Endpoint: _168_ (rising edge-triggered flip-flop clocked by HCLK)
Path Group: HCLK
Path Type: min

Fanout         Cap        Slew       Delay        Time   Description
---------------------------------------------------------------------------------------------
                                  0.000000    0.000000   clock HCLK (rise edge)
                                  0.000000    0.000000   clock source latency
     1    0.059370    0.271235    0.194671    0.194671 ^ HCLK (in)
                                                         HCLK (net)
                      0.272238    0.000000    0.194671 ^ clkbuf_0_HCLK/A (sky130_fd_sc_hd__clkbuf_16)
     5    0.133985    0.147811    0.278990    0.473661 ^ clkbuf_0_HCLK/X (sky130_fd_sc_hd__clkbuf_16)
                                                         clknet_0_HCLK (net)
                      0.149720    0.013334    0.486995 ^ clkbuf_2_1_0_HCLK/A (sky130_fd_sc_hd__clkbuf_8)
     2    0.036798    0.077541    0.188224    0.675219 ^ clkbuf_2_1_0_HCLK/X (sky130_fd_sc_hd__clkbuf_8)
                                                         clknet_2_1_0_HCLK (net)
                      0.078017    0.004412    0.679631 ^ clkbuf_3_2__f_HCLK/A (sky130_fd_sc_hd__clkbuf_16)
    10    0.035944    0.056112    0.150441    0.830072 ^ clkbuf_3_2__f_HCLK/X (sky130_fd_sc_hd__clkbuf_16)
                                                         clknet_3_2__leaf_HCLK (net)
                      0.056270    0.002077    0.832148 ^ _168_/CLK (sky130_fd_sc_hd__dfrtp_1)
     2    0.005833    0.068234    0.339649    1.171798 ^ _168_/Q (sky130_fd_sc_hd__dfrtp_1)
                                                         net113 (net)
                      0.068234    0.000113    1.171911 ^ hold20/A (sky130_fd_sc_hd__dlygate4sd3_1)
     1    0.002343    0.049108    0.537543    1.709454 ^ hold20/X (sky130_fd_sc_hd__dlygate4sd3_1)
                                                         net212 (net)
                      0.049108    0.000046    1.709500 ^ _101_/A1 (sky130_fd_sc_hd__mux2_1)
     1    0.002324    0.037746    0.114792    1.824292 ^ _101_/X (sky130_fd_sc_hd__mux2_1)
                                                         _017_ (net)
                      0.037746    0.000066    1.824358 ^ _168_/D (sky130_fd_sc_hd__dfrtp_1)
                                              1.824358   data arrival time

                                  0.000000    0.000000   clock HCLK (rise edge)
                                  0.000000    0.000000   clock source latency
     1    0.059370    0.271235    0.194671    0.194671 ^ HCLK (in)
                                                         HCLK (net)
                      0.272238    0.000000    0.194671 ^ clkbuf_0_HCLK/A (sky130_fd_sc_hd__clkbuf_16)
     5    0.133985    0.147811    0.278990    0.473661 ^ clkbuf_0_HCLK/X (sky130_fd_sc_hd__clkbuf_16)
                                                         clknet_0_HCLK (net)
                      0.149720    0.013334    0.486995 ^ clkbuf_2_1_0_HCLK/A (sky130_fd_sc_hd__clkbuf_8)
     2    0.036798    0.077541    0.188224    0.675219 ^ clkbuf_2_1_0_HCLK/X (sky130_fd_sc_hd__clkbuf_8)
                                                         clknet_2_1_0_HCLK (net)
                      0.078017    0.004412    0.679631 ^ clkbuf_3_2__f_HCLK/A (sky130_fd_sc_hd__clkbuf_16)
    10    0.035944    0.056112    0.150441    0.830072 ^ clkbuf_3_2__f_HCLK/X (sky130_fd_sc_hd__clkbuf_16)
                                                         clknet_3_2__leaf_HCLK (net)
                      0.056270    0.002077    0.832148 ^ _168_/CLK (sky130_fd_sc_hd__dfrtp_1)
                                  0.250000    1.082149   clock uncertainty
                                  0.000000    1.082149   clock reconvergence pessimism
                                 -0.031706    1.050442   library hold time
                                              1.050442   data required time
---------------------------------------------------------------------------------------------
                                              1.050442   data required time
                                             -1.824358   data arrival time
---------------------------------------------------------------------------------------------
                                              0.773916   slack (MET)


Startpoint: _192_ (rising edge-triggered flip-flop clocked by HCLK)
Endpoint: _192_ (rising edge-triggered flip-flop clocked by HCLK)
Path Group: HCLK
Path Type: min

Fanout         Cap        Slew       Delay        Time   Description
---------------------------------------------------------------------------------------------
                                  0.000000    0.000000   clock HCLK (rise edge)
                                  0.000000    0.000000   clock source latency
     1    0.059370    0.271235    0.194671    0.194671 ^ HCLK (in)
                                                         HCLK (net)
                      0.272238    0.000000    0.194671 ^ clkbuf_0_HCLK/A (sky130_fd_sc_hd__clkbuf_16)
     5    0.133985    0.147811    0.278990    0.473661 ^ clkbuf_0_HCLK/X (sky130_fd_sc_hd__clkbuf_16)
                                                         clknet_0_HCLK (net)
                      0.149171    0.011290    0.484951 ^ clkbuf_2_2_0_HCLK/A (sky130_fd_sc_hd__clkbuf_8)
     2    0.035281    0.075148    0.186583    0.671534 ^ clkbuf_2_2_0_HCLK/X (sky130_fd_sc_hd__clkbuf_8)
                                                         clknet_2_2_0_HCLK (net)
                      0.075526    0.003826    0.675360 ^ clkbuf_3_5__f_HCLK/A (sky130_fd_sc_hd__clkbuf_16)
    11    0.034216    0.054644    0.148324    0.823684 ^ clkbuf_3_5__f_HCLK/X (sky130_fd_sc_hd__clkbuf_16)
                                                         clknet_3_5__leaf_HCLK (net)
                      0.054662    0.001067    0.824750 ^ _192_/CLK (sky130_fd_sc_hd__dfrtp_1)
     2    0.005937    0.069049    0.339752    1.164503 ^ _192_/Q (sky130_fd_sc_hd__dfrtp_1)
                                                         net173 (net)
                      0.069049    0.000153    1.164656 ^ hold12/A (sky130_fd_sc_hd__dlygate4sd3_1)
     1    0.002108    0.047422    0.535560    1.700216 ^ hold12/X (sky130_fd_sc_hd__dlygate4sd3_1)
                                                         net204 (net)
                      0.047422    0.000059    1.700275 ^ _125_/A1 (sky130_fd_sc_hd__mux2_1)
     1    0.002599    0.039763    0.116393    1.816669 ^ _125_/X (sky130_fd_sc_hd__mux2_1)
                                                         _041_ (net)
                      0.039763    0.000076    1.816745 ^ _192_/D (sky130_fd_sc_hd__dfrtp_1)
                                              1.816745   data arrival time

                                  0.000000    0.000000   clock HCLK (rise edge)
                                  0.000000    0.000000   clock source latency
     1    0.059370    0.271235    0.194671    0.194671 ^ HCLK (in)
                                                         HCLK (net)
                      0.272238    0.000000    0.194671 ^ clkbuf_0_HCLK/A (sky130_fd_sc_hd__clkbuf_16)
     5    0.133985    0.147811    0.278990    0.473661 ^ clkbuf_0_HCLK/X (sky130_fd_sc_hd__clkbuf_16)
                                                         clknet_0_HCLK (net)
                      0.149171    0.011290    0.484951 ^ clkbuf_2_2_0_HCLK/A (sky130_fd_sc_hd__clkbuf_8)
     2    0.035281    0.075148    0.186583    0.671534 ^ clkbuf_2_2_0_HCLK/X (sky130_fd_sc_hd__clkbuf_8)
                                                         clknet_2_2_0_HCLK (net)
                      0.075526    0.003826    0.675360 ^ clkbuf_3_5__f_HCLK/A (sky130_fd_sc_hd__clkbuf_16)
    11    0.034216    0.054644    0.148324    0.823684 ^ clkbuf_3_5__f_HCLK/X (sky130_fd_sc_hd__clkbuf_16)
                                                         clknet_3_5__leaf_HCLK (net)
                      0.054662    0.001067    0.824750 ^ _192_/CLK (sky130_fd_sc_hd__dfrtp_1)
                                  0.250000    1.074750   clock uncertainty
                                  0.000000    1.074750   clock reconvergence pessimism
                                 -0.032348    1.042403   library hold time
                                              1.042403   data required time
---------------------------------------------------------------------------------------------
                                              1.042403   data required time
                                             -1.816745   data arrival time
---------------------------------------------------------------------------------------------
                                              0.774342   slack (MET)


Startpoint: _155_ (rising edge-triggered flip-flop clocked by HCLK)
Endpoint: _155_ (rising edge-triggered flip-flop clocked by HCLK)
Path Group: HCLK
Path Type: min

Fanout         Cap        Slew       Delay        Time   Description
---------------------------------------------------------------------------------------------
                                  0.000000    0.000000   clock HCLK (rise edge)
                                  0.000000    0.000000   clock source latency
     1    0.059370    0.271235    0.194671    0.194671 ^ HCLK (in)
                                                         HCLK (net)
                      0.272238    0.000000    0.194671 ^ clkbuf_0_HCLK/A (sky130_fd_sc_hd__clkbuf_16)
     5    0.133985    0.147811    0.278990    0.473661 ^ clkbuf_0_HCLK/X (sky130_fd_sc_hd__clkbuf_16)
                                                         clknet_0_HCLK (net)
                      0.149171    0.011290    0.484951 ^ clkbuf_2_2_0_HCLK/A (sky130_fd_sc_hd__clkbuf_8)
     2    0.035281    0.075148    0.186583    0.671534 ^ clkbuf_2_2_0_HCLK/X (sky130_fd_sc_hd__clkbuf_8)
                                                         clknet_2_2_0_HCLK (net)
                      0.075449    0.003322    0.674856 ^ clkbuf_3_4__f_HCLK/A (sky130_fd_sc_hd__clkbuf_16)
    11    0.039034    0.058892    0.152107    0.826962 ^ clkbuf_3_4__f_HCLK/X (sky130_fd_sc_hd__clkbuf_16)
                                                         clknet_3_4__leaf_HCLK (net)
                      0.058897    0.000623    0.827585 ^ _155_/CLK (sky130_fd_sc_hd__dfrtp_1)
     2    0.005817    0.068106    0.340532    1.168118 ^ _155_/Q (sky130_fd_sc_hd__dfrtp_1)
                                                         net131 (net)
                      0.068106    0.000131    1.168248 ^ hold28/A (sky130_fd_sc_hd__dlygate4sd3_1)
     1    0.002413    0.049653    0.538166    1.706414 ^ hold28/X (sky130_fd_sc_hd__dlygate4sd3_1)
                                                         net220 (net)
                      0.049653    0.000048    1.706462 ^ _088_/A1 (sky130_fd_sc_hd__mux2_1)
     1    0.002435    0.038544    0.115859    1.822321 ^ _088_/X (sky130_fd_sc_hd__mux2_1)
                                                         _004_ (net)
                      0.038544    0.000069    1.822390 ^ _155_/D (sky130_fd_sc_hd__dfrtp_1)
                                              1.822390   data arrival time

                                  0.000000    0.000000   clock HCLK (rise edge)
                                  0.000000    0.000000   clock source latency
     1    0.059370    0.271235    0.194671    0.194671 ^ HCLK (in)
                                                         HCLK (net)
                      0.272238    0.000000    0.194671 ^ clkbuf_0_HCLK/A (sky130_fd_sc_hd__clkbuf_16)
     5    0.133985    0.147811    0.278990    0.473661 ^ clkbuf_0_HCLK/X (sky130_fd_sc_hd__clkbuf_16)
                                                         clknet_0_HCLK (net)
                      0.149171    0.011290    0.484951 ^ clkbuf_2_2_0_HCLK/A (sky130_fd_sc_hd__clkbuf_8)
     2    0.035281    0.075148    0.186583    0.671534 ^ clkbuf_2_2_0_HCLK/X (sky130_fd_sc_hd__clkbuf_8)
                                                         clknet_2_2_0_HCLK (net)
                      0.075449    0.003322    0.674856 ^ clkbuf_3_4__f_HCLK/A (sky130_fd_sc_hd__clkbuf_16)
    11    0.039034    0.058892    0.152107    0.826962 ^ clkbuf_3_4__f_HCLK/X (sky130_fd_sc_hd__clkbuf_16)
                                                         clknet_3_4__leaf_HCLK (net)
                      0.058897    0.000623    0.827585 ^ _155_/CLK (sky130_fd_sc_hd__dfrtp_1)
                                  0.250000    1.077585   clock uncertainty
                                  0.000000    1.077585   clock reconvergence pessimism
                                 -0.031514    1.046071   library hold time
                                              1.046071   data required time
---------------------------------------------------------------------------------------------
                                              1.046071   data required time
                                             -1.822390   data arrival time
---------------------------------------------------------------------------------------------
                                              0.776319   slack (MET)


Startpoint: _188_ (rising edge-triggered flip-flop clocked by HCLK)
Endpoint: _188_ (rising edge-triggered flip-flop clocked by HCLK)
Path Group: HCLK
Path Type: min

Fanout         Cap        Slew       Delay        Time   Description
---------------------------------------------------------------------------------------------
                                  0.000000    0.000000   clock HCLK (rise edge)
                                  0.000000    0.000000   clock source latency
     1    0.059370    0.271235    0.194671    0.194671 ^ HCLK (in)
                                                         HCLK (net)
                      0.272238    0.000000    0.194671 ^ clkbuf_0_HCLK/A (sky130_fd_sc_hd__clkbuf_16)
     5    0.133985    0.147811    0.278990    0.473661 ^ clkbuf_0_HCLK/X (sky130_fd_sc_hd__clkbuf_16)
                                                         clknet_0_HCLK (net)
                      0.149171    0.011290    0.484951 ^ clkbuf_2_2_0_HCLK/A (sky130_fd_sc_hd__clkbuf_8)
     2    0.035281    0.075148    0.186583    0.671534 ^ clkbuf_2_2_0_HCLK/X (sky130_fd_sc_hd__clkbuf_8)
                                                         clknet_2_2_0_HCLK (net)
                      0.075526    0.003826    0.675360 ^ clkbuf_3_5__f_HCLK/A (sky130_fd_sc_hd__clkbuf_16)
    11    0.034216    0.054644    0.148324    0.823684 ^ clkbuf_3_5__f_HCLK/X (sky130_fd_sc_hd__clkbuf_16)
                                                         clknet_3_5__leaf_HCLK (net)
                      0.054685    0.001344    0.825028 ^ _188_/CLK (sky130_fd_sc_hd__dfrtp_1)
     2    0.004993    0.061681    0.333424    1.158452 ^ _188_/Q (sky130_fd_sc_hd__dfrtp_1)
                                                         net169 (net)
                      0.061681    0.000089    1.158541 ^ hold11/A (sky130_fd_sc_hd__dlygate4sd3_1)
     1    0.003024    0.054863    0.542067    1.700608 ^ hold11/X (sky130_fd_sc_hd__dlygate4sd3_1)
                                                         net203 (net)
                      0.054863    0.000095    1.700703 ^ _121_/A1 (sky130_fd_sc_hd__mux2_1)
     1    0.002589    0.039692    0.118871    1.819574 ^ _121_/X (sky130_fd_sc_hd__mux2_1)
                                                         _037_ (net)
                      0.039692    0.000075    1.819649 ^ _188_/D (sky130_fd_sc_hd__dfrtp_1)
                                              1.819649   data arrival time

                                  0.000000    0.000000   clock HCLK (rise edge)
                                  0.000000    0.000000   clock source latency
     1    0.059370    0.271235    0.194671    0.194671 ^ HCLK (in)
                                                         HCLK (net)
                      0.272238    0.000000    0.194671 ^ clkbuf_0_HCLK/A (sky130_fd_sc_hd__clkbuf_16)
     5    0.133985    0.147811    0.278990    0.473661 ^ clkbuf_0_HCLK/X (sky130_fd_sc_hd__clkbuf_16)
                                                         clknet_0_HCLK (net)
                      0.149171    0.011290    0.484951 ^ clkbuf_2_2_0_HCLK/A (sky130_fd_sc_hd__clkbuf_8)
     2    0.035281    0.075148    0.186583    0.671534 ^ clkbuf_2_2_0_HCLK/X (sky130_fd_sc_hd__clkbuf_8)
                                                         clknet_2_2_0_HCLK (net)
                      0.075526    0.003826    0.675360 ^ clkbuf_3_5__f_HCLK/A (sky130_fd_sc_hd__clkbuf_16)
    11    0.034216    0.054644    0.148324    0.823684 ^ clkbuf_3_5__f_HCLK/X (sky130_fd_sc_hd__clkbuf_16)
                                                         clknet_3_5__leaf_HCLK (net)
                      0.054685    0.001344    0.825028 ^ _188_/CLK (sky130_fd_sc_hd__dfrtp_1)
                                  0.250000    1.075028   clock uncertainty
                                  0.000000    1.075028   clock reconvergence pessimism
                                 -0.032330    1.042698   library hold time
                                              1.042698   data required time
---------------------------------------------------------------------------------------------
                                              1.042698   data required time
                                             -1.819649   data arrival time
---------------------------------------------------------------------------------------------
                                              0.776951   slack (MET)


Startpoint: _171_ (rising edge-triggered flip-flop clocked by HCLK)
Endpoint: _171_ (rising edge-triggered flip-flop clocked by HCLK)
Path Group: HCLK
Path Type: min

Fanout         Cap        Slew       Delay        Time   Description
---------------------------------------------------------------------------------------------
                                  0.000000    0.000000   clock HCLK (rise edge)
                                  0.000000    0.000000   clock source latency
     1    0.059370    0.271235    0.194671    0.194671 ^ HCLK (in)
                                                         HCLK (net)
                      0.272238    0.000000    0.194671 ^ clkbuf_0_HCLK/A (sky130_fd_sc_hd__clkbuf_16)
     5    0.133985    0.147811    0.278990    0.473661 ^ clkbuf_0_HCLK/X (sky130_fd_sc_hd__clkbuf_16)
                                                         clknet_0_HCLK (net)
                      0.149132    0.011130    0.484791 ^ clkbuf_2_3_0_HCLK/A (sky130_fd_sc_hd__clkbuf_8)
     2    0.038985    0.080656    0.191808    0.676599 ^ clkbuf_2_3_0_HCLK/X (sky130_fd_sc_hd__clkbuf_8)
                                                         clknet_2_3_0_HCLK (net)
                      0.080861    0.002748    0.679347 ^ clkbuf_3_6__f_HCLK/A (sky130_fd_sc_hd__clkbuf_16)
     8    0.072287    0.089992    0.175724    0.855070 ^ clkbuf_3_6__f_HCLK/X (sky130_fd_sc_hd__clkbuf_16)
                                                         clknet_3_6__leaf_HCLK (net)
                      0.090830    0.006867    0.861937 ^ _171_/CLK (sky130_fd_sc_hd__dfrtp_1)
     2    0.005245    0.063613    0.348614    1.210551 ^ _171_/Q (sky130_fd_sc_hd__dfrtp_1)
                                                         net117 (net)
                      0.063613    0.000106    1.210658 ^ hold46/A (sky130_fd_sc_hd__dlygate4sd3_1)
     1    0.002234    0.048316    0.535178    1.745835 ^ hold46/X (sky130_fd_sc_hd__dlygate4sd3_1)
                                                         net238 (net)
                      0.048316    0.000044    1.745879 ^ _104_/A1 (sky130_fd_sc_hd__mux2_1)
     1    0.002490    0.038941    0.115839    1.861719 ^ _104_/X (sky130_fd_sc_hd__mux2_1)
                                                         _020_ (net)
                      0.038941    0.000069    1.861788 ^ _171_/D (sky130_fd_sc_hd__dfrtp_1)
                                              1.861788   data arrival time

                                  0.000000    0.000000   clock HCLK (rise edge)
                                  0.000000    0.000000   clock source latency
     1    0.059370    0.271235    0.194671    0.194671 ^ HCLK (in)
                                                         HCLK (net)
                      0.272238    0.000000    0.194671 ^ clkbuf_0_HCLK/A (sky130_fd_sc_hd__clkbuf_16)
     5    0.133985    0.147811    0.278990    0.473661 ^ clkbuf_0_HCLK/X (sky130_fd_sc_hd__clkbuf_16)
                                                         clknet_0_HCLK (net)
                      0.149132    0.011130    0.484791 ^ clkbuf_2_3_0_HCLK/A (sky130_fd_sc_hd__clkbuf_8)
     2    0.038985    0.080656    0.191808    0.676599 ^ clkbuf_2_3_0_HCLK/X (sky130_fd_sc_hd__clkbuf_8)
                                                         clknet_2_3_0_HCLK (net)
                      0.080861    0.002748    0.679347 ^ clkbuf_3_6__f_HCLK/A (sky130_fd_sc_hd__clkbuf_16)
     8    0.072287    0.089992    0.175724    0.855070 ^ clkbuf_3_6__f_HCLK/X (sky130_fd_sc_hd__clkbuf_16)
                                                         clknet_3_6__leaf_HCLK (net)
                      0.090830    0.006867    0.861937 ^ _171_/CLK (sky130_fd_sc_hd__dfrtp_1)
                                  0.250000    1.111937   clock uncertainty
                                  0.000000    1.111937   clock reconvergence pessimism
                                 -0.027239    1.084698   library hold time
                                              1.084698   data required time
---------------------------------------------------------------------------------------------
                                              1.084698   data required time
                                             -1.861788   data arrival time
---------------------------------------------------------------------------------------------
                                              0.777089   slack (MET)


Startpoint: _204_ (rising edge-triggered flip-flop clocked by HCLK)
Endpoint: _204_ (rising edge-triggered flip-flop clocked by HCLK)
Path Group: HCLK
Path Type: min

Fanout         Cap        Slew       Delay        Time   Description
---------------------------------------------------------------------------------------------
                                  0.000000    0.000000   clock HCLK (rise edge)
                                  0.000000    0.000000   clock source latency
     1    0.059370    0.271235    0.194671    0.194671 ^ HCLK (in)
                                                         HCLK (net)
                      0.272238    0.000000    0.194671 ^ clkbuf_0_HCLK/A (sky130_fd_sc_hd__clkbuf_16)
     5    0.133985    0.147811    0.278990    0.473661 ^ clkbuf_0_HCLK/X (sky130_fd_sc_hd__clkbuf_16)
                                                         clknet_0_HCLK (net)
                      0.149720    0.013334    0.486995 ^ clkbuf_2_1_0_HCLK/A (sky130_fd_sc_hd__clkbuf_8)
     2    0.036798    0.077541    0.188224    0.675219 ^ clkbuf_2_1_0_HCLK/X (sky130_fd_sc_hd__clkbuf_8)
                                                         clknet_2_1_0_HCLK (net)
                      0.077988    0.004251    0.679471 ^ clkbuf_3_3__f_HCLK/A (sky130_fd_sc_hd__clkbuf_16)
    10    0.027154    0.048291    0.144194    0.823665 ^ clkbuf_3_3__f_HCLK/X (sky130_fd_sc_hd__clkbuf_16)
                                                         clknet_3_3__leaf_HCLK (net)
                      0.048299    0.000553    0.824218 ^ _204_/CLK (sky130_fd_sc_hd__dfrtp_1)
     2    0.005394    0.064810    0.333744    1.157962 ^ _204_/Q (sky130_fd_sc_hd__dfrtp_1)
                                                         net155 (net)
                      0.064810    0.000075    1.158037 ^ hold13/A (sky130_fd_sc_hd__dlygate4sd3_1)
     1    0.003101    0.055539    0.543694    1.701731 ^ hold13/X (sky130_fd_sc_hd__dlygate4sd3_1)
                                                         net205 (net)
                      0.055539    0.000095    1.701827 ^ _137_/A1 (sky130_fd_sc_hd__mux2_1)
     1    0.002321    0.037728    0.116975    1.818802 ^ _137_/X (sky130_fd_sc_hd__mux2_1)
                                                         _053_ (net)
                      0.037728    0.000067    1.818868 ^ _204_/D (sky130_fd_sc_hd__dfrtp_1)
                                              1.818868   data arrival time

                                  0.000000    0.000000   clock HCLK (rise edge)
                                  0.000000    0.000000   clock source latency
     1    0.059370    0.271235    0.194671    0.194671 ^ HCLK (in)
                                                         HCLK (net)
                      0.272238    0.000000    0.194671 ^ clkbuf_0_HCLK/A (sky130_fd_sc_hd__clkbuf_16)
     5    0.133985    0.147811    0.278990    0.473661 ^ clkbuf_0_HCLK/X (sky130_fd_sc_hd__clkbuf_16)
                                                         clknet_0_HCLK (net)
                      0.149720    0.013334    0.486995 ^ clkbuf_2_1_0_HCLK/A (sky130_fd_sc_hd__clkbuf_8)
     2    0.036798    0.077541    0.188224    0.675219 ^ clkbuf_2_1_0_HCLK/X (sky130_fd_sc_hd__clkbuf_8)
                                                         clknet_2_1_0_HCLK (net)
                      0.077988    0.004251    0.679471 ^ clkbuf_3_3__f_HCLK/A (sky130_fd_sc_hd__clkbuf_16)
    10    0.027154    0.048291    0.144194    0.823665 ^ clkbuf_3_3__f_HCLK/X (sky130_fd_sc_hd__clkbuf_16)
                                                         clknet_3_3__leaf_HCLK (net)
                      0.048299    0.000553    0.824218 ^ _204_/CLK (sky130_fd_sc_hd__dfrtp_1)
                                  0.250000    1.074218   clock uncertainty
                                  0.000000    1.074218   clock reconvergence pessimism
                                 -0.032790    1.041428   library hold time
                                              1.041428   data required time
---------------------------------------------------------------------------------------------
                                              1.041428   data required time
                                             -1.818868   data arrival time
---------------------------------------------------------------------------------------------
                                              0.777440   slack (MET)


Startpoint: _170_ (rising edge-triggered flip-flop clocked by HCLK)
Endpoint: _170_ (rising edge-triggered flip-flop clocked by HCLK)
Path Group: HCLK
Path Type: min

Fanout         Cap        Slew       Delay        Time   Description
---------------------------------------------------------------------------------------------
                                  0.000000    0.000000   clock HCLK (rise edge)
                                  0.000000    0.000000   clock source latency
     1    0.059370    0.271235    0.194671    0.194671 ^ HCLK (in)
                                                         HCLK (net)
                      0.272238    0.000000    0.194671 ^ clkbuf_0_HCLK/A (sky130_fd_sc_hd__clkbuf_16)
     5    0.133985    0.147811    0.278990    0.473661 ^ clkbuf_0_HCLK/X (sky130_fd_sc_hd__clkbuf_16)
                                                         clknet_0_HCLK (net)
                      0.149171    0.011290    0.484951 ^ clkbuf_2_2_0_HCLK/A (sky130_fd_sc_hd__clkbuf_8)
     2    0.035281    0.075148    0.186583    0.671534 ^ clkbuf_2_2_0_HCLK/X (sky130_fd_sc_hd__clkbuf_8)
                                                         clknet_2_2_0_HCLK (net)
                      0.075449    0.003322    0.674856 ^ clkbuf_3_4__f_HCLK/A (sky130_fd_sc_hd__clkbuf_16)
    11    0.039034    0.058892    0.152107    0.826962 ^ clkbuf_3_4__f_HCLK/X (sky130_fd_sc_hd__clkbuf_16)
                                                         clknet_3_4__leaf_HCLK (net)
                      0.058922    0.001154    0.828116 ^ _170_/CLK (sky130_fd_sc_hd__dfrtp_1)
     2    0.005163    0.062991    0.336141    1.164257 ^ _170_/Q (sky130_fd_sc_hd__dfrtp_1)
                                                         net115 (net)
                      0.063041    0.000124    1.164381 ^ hold32/A (sky130_fd_sc_hd__dlygate4sd3_1)
     1    0.003045    0.055046    0.542657    1.707038 ^ hold32/X (sky130_fd_sc_hd__dlygate4sd3_1)
                                                         net224 (net)
                      0.055046    0.000092    1.707130 ^ _103_/A1 (sky130_fd_sc_hd__mux2_1)
     1    0.002356    0.037971    0.117081    1.824211 ^ _103_/X (sky130_fd_sc_hd__mux2_1)
                                                         _019_ (net)
                      0.037971    0.000067    1.824278 ^ _170_/D (sky130_fd_sc_hd__dfrtp_1)
                                              1.824278   data arrival time

                                  0.000000    0.000000   clock HCLK (rise edge)
                                  0.000000    0.000000   clock source latency
     1    0.059370    0.271235    0.194671    0.194671 ^ HCLK (in)
                                                         HCLK (net)
                      0.272238    0.000000    0.194671 ^ clkbuf_0_HCLK/A (sky130_fd_sc_hd__clkbuf_16)
     5    0.133985    0.147811    0.278990    0.473661 ^ clkbuf_0_HCLK/X (sky130_fd_sc_hd__clkbuf_16)
                                                         clknet_0_HCLK (net)
                      0.149171    0.011290    0.484951 ^ clkbuf_2_2_0_HCLK/A (sky130_fd_sc_hd__clkbuf_8)
     2    0.035281    0.075148    0.186583    0.671534 ^ clkbuf_2_2_0_HCLK/X (sky130_fd_sc_hd__clkbuf_8)
                                                         clknet_2_2_0_HCLK (net)
                      0.075449    0.003322    0.674856 ^ clkbuf_3_4__f_HCLK/A (sky130_fd_sc_hd__clkbuf_16)
    11    0.039034    0.058892    0.152107    0.826962 ^ clkbuf_3_4__f_HCLK/X (sky130_fd_sc_hd__clkbuf_16)
                                                         clknet_3_4__leaf_HCLK (net)
                      0.058922    0.001154    0.828116 ^ _170_/CLK (sky130_fd_sc_hd__dfrtp_1)
                                  0.250000    1.078116   clock uncertainty
                                  0.000000    1.078116   clock reconvergence pessimism
                                 -0.031391    1.046725   library hold time
                                              1.046725   data required time
---------------------------------------------------------------------------------------------
                                              1.046725   data required time
                                             -1.824278   data arrival time
---------------------------------------------------------------------------------------------
                                              0.777553   slack (MET)


Startpoint: _199_ (rising edge-triggered flip-flop clocked by HCLK)
Endpoint: _199_ (rising edge-triggered flip-flop clocked by HCLK)
Path Group: HCLK
Path Type: min

Fanout         Cap        Slew       Delay        Time   Description
---------------------------------------------------------------------------------------------
                                  0.000000    0.000000   clock HCLK (rise edge)
                                  0.000000    0.000000   clock source latency
     1    0.059370    0.271235    0.194671    0.194671 ^ HCLK (in)
                                                         HCLK (net)
                      0.272238    0.000000    0.194671 ^ clkbuf_0_HCLK/A (sky130_fd_sc_hd__clkbuf_16)
     5    0.133985    0.147811    0.278990    0.473661 ^ clkbuf_0_HCLK/X (sky130_fd_sc_hd__clkbuf_16)
                                                         clknet_0_HCLK (net)
                      0.149132    0.011130    0.484791 ^ clkbuf_2_3_0_HCLK/A (sky130_fd_sc_hd__clkbuf_8)
     2    0.038985    0.080656    0.191808    0.676599 ^ clkbuf_2_3_0_HCLK/X (sky130_fd_sc_hd__clkbuf_8)
                                                         clknet_2_3_0_HCLK (net)
                      0.080861    0.002748    0.679347 ^ clkbuf_3_6__f_HCLK/A (sky130_fd_sc_hd__clkbuf_16)
     8    0.072287    0.089992    0.175724    0.855070 ^ clkbuf_3_6__f_HCLK/X (sky130_fd_sc_hd__clkbuf_16)
                                                         clknet_3_6__leaf_HCLK (net)
                      0.090705    0.006345    0.861415 ^ _199_/CLK (sky130_fd_sc_hd__dfrtp_1)
     2    0.004772    0.060011    0.345372    1.206787 ^ _199_/Q (sky130_fd_sc_hd__dfrtp_1)
                                                         net149 (net)
                      0.060011    0.000123    1.206910 ^ hold38/A (sky130_fd_sc_hd__dlygate4sd3_1)
     1    0.002885    0.053652    0.540279    1.747188 ^ hold38/X (sky130_fd_sc_hd__dlygate4sd3_1)
                                                         net230 (net)
                      0.053652    0.000084    1.747273 ^ _132_/A1 (sky130_fd_sc_hd__mux2_1)
     1    0.002185    0.036747    0.115254    1.862527 ^ _132_/X (sky130_fd_sc_hd__mux2_1)
                                                         _048_ (net)
                      0.036747    0.000061    1.862588 ^ _199_/D (sky130_fd_sc_hd__dfrtp_1)
                                              1.862588   data arrival time

                                  0.000000    0.000000   clock HCLK (rise edge)
                                  0.000000    0.000000   clock source latency
     1    0.059370    0.271235    0.194671    0.194671 ^ HCLK (in)
                                                         HCLK (net)
                      0.272238    0.000000    0.194671 ^ clkbuf_0_HCLK/A (sky130_fd_sc_hd__clkbuf_16)
     5    0.133985    0.147811    0.278990    0.473661 ^ clkbuf_0_HCLK/X (sky130_fd_sc_hd__clkbuf_16)
                                                         clknet_0_HCLK (net)
                      0.149132    0.011130    0.484791 ^ clkbuf_2_3_0_HCLK/A (sky130_fd_sc_hd__clkbuf_8)
     2    0.038985    0.080656    0.191808    0.676599 ^ clkbuf_2_3_0_HCLK/X (sky130_fd_sc_hd__clkbuf_8)
                                                         clknet_2_3_0_HCLK (net)
                      0.080861    0.002748    0.679347 ^ clkbuf_3_6__f_HCLK/A (sky130_fd_sc_hd__clkbuf_16)
     8    0.072287    0.089992    0.175724    0.855070 ^ clkbuf_3_6__f_HCLK/X (sky130_fd_sc_hd__clkbuf_16)
                                                         clknet_3_6__leaf_HCLK (net)
                      0.090705    0.006345    0.861415 ^ _199_/CLK (sky130_fd_sc_hd__dfrtp_1)
                                  0.250000    1.111415   clock uncertainty
                                  0.000000    1.111415   clock reconvergence pessimism
                                 -0.026799    1.084617   library hold time
                                              1.084617   data required time
---------------------------------------------------------------------------------------------
                                              1.084617   data required time
                                             -1.862588   data arrival time
---------------------------------------------------------------------------------------------
                                              0.777971   slack (MET)


Startpoint: _214_ (rising edge-triggered flip-flop clocked by HCLK)
Endpoint: _214_ (rising edge-triggered flip-flop clocked by HCLK)
Path Group: HCLK
Path Type: min

Fanout         Cap        Slew       Delay        Time   Description
---------------------------------------------------------------------------------------------
                                  0.000000    0.000000   clock HCLK (rise edge)
                                  0.000000    0.000000   clock source latency
     1    0.059370    0.271235    0.194671    0.194671 ^ HCLK (in)
                                                         HCLK (net)
                      0.272238    0.000000    0.194671 ^ clkbuf_0_HCLK/A (sky130_fd_sc_hd__clkbuf_16)
     5    0.133985    0.147811    0.278990    0.473661 ^ clkbuf_0_HCLK/X (sky130_fd_sc_hd__clkbuf_16)
                                                         clknet_0_HCLK (net)
                      0.149590    0.012878    0.486539 ^ clkbuf_2_0_0_HCLK/A (sky130_fd_sc_hd__clkbuf_8)
     2    0.039991    0.082545    0.192758    0.679297 ^ clkbuf_2_0_0_HCLK/X (sky130_fd_sc_hd__clkbuf_8)
                                                         clknet_2_0_0_HCLK (net)
                      0.082601    0.002032    0.681329 ^ clkbuf_3_0__f_HCLK/A (sky130_fd_sc_hd__clkbuf_16)
     8    0.097420    0.114015    0.194604    0.875933 ^ clkbuf_3_0__f_HCLK/X (sky130_fd_sc_hd__clkbuf_16)
                                                         clknet_3_0__leaf_HCLK (net)
                      0.115379    0.009945    0.885877 ^ _214_/CLK (sky130_fd_sc_hd__dfrtp_1)
     2    0.004880    0.060832    0.355321    1.241198 ^ _214_/Q (sky130_fd_sc_hd__dfrtp_1)
                                                         net166 (net)
                      0.060832    0.000100    1.241298 ^ hold45/A (sky130_fd_sc_hd__dlygate4sd3_1)
     1    0.002324    0.048969    0.535228    1.776526 ^ hold45/X (sky130_fd_sc_hd__dlygate4sd3_1)
                                                         net237 (net)
                      0.048969    0.000045    1.776572 ^ _147_/A1 (sky130_fd_sc_hd__mux2_1)
     1    0.002266    0.037330    0.114285    1.890857 ^ _147_/X (sky130_fd_sc_hd__mux2_1)
                                                         _063_ (net)
                      0.037330    0.000064    1.890921 ^ _214_/D (sky130_fd_sc_hd__dfrtp_1)
                                              1.890921   data arrival time

                                  0.000000    0.000000   clock HCLK (rise edge)
                                  0.000000    0.000000   clock source latency
     1    0.059370    0.271235    0.194671    0.194671 ^ HCLK (in)
                                                         HCLK (net)
                      0.272238    0.000000    0.194671 ^ clkbuf_0_HCLK/A (sky130_fd_sc_hd__clkbuf_16)
     5    0.133985    0.147811    0.278990    0.473661 ^ clkbuf_0_HCLK/X (sky130_fd_sc_hd__clkbuf_16)
                                                         clknet_0_HCLK (net)
                      0.149590    0.012878    0.486539 ^ clkbuf_2_0_0_HCLK/A (sky130_fd_sc_hd__clkbuf_8)
     2    0.039991    0.082545    0.192758    0.679297 ^ clkbuf_2_0_0_HCLK/X (sky130_fd_sc_hd__clkbuf_8)
                                                         clknet_2_0_0_HCLK (net)
                      0.082601    0.002032    0.681329 ^ clkbuf_3_0__f_HCLK/A (sky130_fd_sc_hd__clkbuf_16)
     8    0.097420    0.114015    0.194604    0.875933 ^ clkbuf_3_0__f_HCLK/X (sky130_fd_sc_hd__clkbuf_16)
                                                         clknet_3_0__leaf_HCLK (net)
                      0.115379    0.009945    0.885877 ^ _214_/CLK (sky130_fd_sc_hd__dfrtp_1)
                                  0.250000    1.135877   clock uncertainty
                                  0.000000    1.135877   clock reconvergence pessimism
                                 -0.023554    1.112324   library hold time
                                              1.112324   data required time
---------------------------------------------------------------------------------------------
                                              1.112324   data required time
                                             -1.890921   data arrival time
---------------------------------------------------------------------------------------------
                                              0.778597   slack (MET)


Startpoint: _159_ (rising edge-triggered flip-flop clocked by HCLK)
Endpoint: _159_ (rising edge-triggered flip-flop clocked by HCLK)
Path Group: HCLK
Path Type: min

Fanout         Cap        Slew       Delay        Time   Description
---------------------------------------------------------------------------------------------
                                  0.000000    0.000000   clock HCLK (rise edge)
                                  0.000000    0.000000   clock source latency
     1    0.059370    0.271235    0.194671    0.194671 ^ HCLK (in)
                                                         HCLK (net)
                      0.272238    0.000000    0.194671 ^ clkbuf_0_HCLK/A (sky130_fd_sc_hd__clkbuf_16)
     5    0.133985    0.147811    0.278990    0.473661 ^ clkbuf_0_HCLK/X (sky130_fd_sc_hd__clkbuf_16)
                                                         clknet_0_HCLK (net)
                      0.149720    0.013334    0.486995 ^ clkbuf_2_1_0_HCLK/A (sky130_fd_sc_hd__clkbuf_8)
     2    0.036798    0.077541    0.188224    0.675219 ^ clkbuf_2_1_0_HCLK/X (sky130_fd_sc_hd__clkbuf_8)
                                                         clknet_2_1_0_HCLK (net)
                      0.078017    0.004412    0.679631 ^ clkbuf_3_2__f_HCLK/A (sky130_fd_sc_hd__clkbuf_16)
    10    0.035944    0.056112    0.150441    0.830072 ^ clkbuf_3_2__f_HCLK/X (sky130_fd_sc_hd__clkbuf_16)
                                                         clknet_3_2__leaf_HCLK (net)
                      0.056236    0.001748    0.831820 ^ _159_/CLK (sky130_fd_sc_hd__dfrtp_1)
     2    0.006402    0.072706    0.343444    1.175264 ^ _159_/Q (sky130_fd_sc_hd__dfrtp_1)
                                                         net135 (net)
                      0.072706    0.000144    1.175408 ^ hold31/A (sky130_fd_sc_hd__dlygate4sd3_1)
     1    0.002315    0.048902    0.538569    1.713977 ^ hold31/X (sky130_fd_sc_hd__dlygate4sd3_1)
                                                         net223 (net)
                      0.048902    0.000045    1.714023 ^ _092_/A1 (sky130_fd_sc_hd__mux2_1)
     1    0.002365    0.038041    0.115049    1.829072 ^ _092_/X (sky130_fd_sc_hd__mux2_1)
                                                         _008_ (net)
                      0.038041    0.000067    1.829139 ^ _159_/D (sky130_fd_sc_hd__dfrtp_1)
                                              1.829139   data arrival time

                                  0.000000    0.000000   clock HCLK (rise edge)
                                  0.000000    0.000000   clock source latency
     1    0.059370    0.271235    0.194671    0.194671 ^ HCLK (in)
                                                         HCLK (net)
                      0.272238    0.000000    0.194671 ^ clkbuf_0_HCLK/A (sky130_fd_sc_hd__clkbuf_16)
     5    0.133985    0.147811    0.278990    0.473661 ^ clkbuf_0_HCLK/X (sky130_fd_sc_hd__clkbuf_16)
                                                         clknet_0_HCLK (net)
                      0.149720    0.013334    0.486995 ^ clkbuf_2_1_0_HCLK/A (sky130_fd_sc_hd__clkbuf_8)
     2    0.036798    0.077541    0.188224    0.675219 ^ clkbuf_2_1_0_HCLK/X (sky130_fd_sc_hd__clkbuf_8)
                                                         clknet_2_1_0_HCLK (net)
                      0.078017    0.004412    0.679631 ^ clkbuf_3_2__f_HCLK/A (sky130_fd_sc_hd__clkbuf_16)
    10    0.035944    0.056112    0.150441    0.830072 ^ clkbuf_3_2__f_HCLK/X (sky130_fd_sc_hd__clkbuf_16)
                                                         clknet_3_2__leaf_HCLK (net)
                      0.056236    0.001748    0.831820 ^ _159_/CLK (sky130_fd_sc_hd__dfrtp_1)
                                  0.250000    1.081820   clock uncertainty
                                  0.000000    1.081820   clock reconvergence pessimism
                                 -0.031772    1.050048   library hold time
                                              1.050048   data required time
---------------------------------------------------------------------------------------------
                                              1.050048   data required time
                                             -1.829139   data arrival time
---------------------------------------------------------------------------------------------
                                              0.779091   slack (MET)


Startpoint: _190_ (rising edge-triggered flip-flop clocked by HCLK)
Endpoint: _190_ (rising edge-triggered flip-flop clocked by HCLK)
Path Group: HCLK
Path Type: min

Fanout         Cap        Slew       Delay        Time   Description
---------------------------------------------------------------------------------------------
                                  0.000000    0.000000   clock HCLK (rise edge)
                                  0.000000    0.000000   clock source latency
     1    0.059370    0.271235    0.194671    0.194671 ^ HCLK (in)
                                                         HCLK (net)
                      0.272238    0.000000    0.194671 ^ clkbuf_0_HCLK/A (sky130_fd_sc_hd__clkbuf_16)
     5    0.133985    0.147811    0.278990    0.473661 ^ clkbuf_0_HCLK/X (sky130_fd_sc_hd__clkbuf_16)
                                                         clknet_0_HCLK (net)
                      0.149132    0.011130    0.484791 ^ clkbuf_2_3_0_HCLK/A (sky130_fd_sc_hd__clkbuf_8)
     2    0.038985    0.080656    0.191808    0.676599 ^ clkbuf_2_3_0_HCLK/X (sky130_fd_sc_hd__clkbuf_8)
                                                         clknet_2_3_0_HCLK (net)
                      0.080861    0.002748    0.679347 ^ clkbuf_3_6__f_HCLK/A (sky130_fd_sc_hd__clkbuf_16)
     8    0.072287    0.089992    0.175724    0.855070 ^ clkbuf_3_6__f_HCLK/X (sky130_fd_sc_hd__clkbuf_16)
                                                         clknet_3_6__leaf_HCLK (net)
                      0.090768    0.006615    0.861685 ^ _190_/CLK (sky130_fd_sc_hd__dfrtp_1)
     2    0.004850    0.060599    0.345926    1.207611 ^ _190_/Q (sky130_fd_sc_hd__dfrtp_1)
                                                         net171 (net)
                      0.060599    0.000114    1.207725 ^ hold42/A (sky130_fd_sc_hd__dlygate4sd3_1)
     1    0.002689    0.051981    0.538608    1.746333 ^ hold42/X (sky130_fd_sc_hd__dlygate4sd3_1)
                                                         net234 (net)
                      0.051981    0.000057    1.746390 ^ _123_/A1 (sky130_fd_sc_hd__mux2_1)
     1    0.002509    0.039085    0.117252    1.863642 ^ _123_/X (sky130_fd_sc_hd__mux2_1)
                                                         _039_ (net)
                      0.039085    0.000073    1.863716 ^ _190_/D (sky130_fd_sc_hd__dfrtp_1)
                                              1.863716   data arrival time

                                  0.000000    0.000000   clock HCLK (rise edge)
                                  0.000000    0.000000   clock source latency
     1    0.059370    0.271235    0.194671    0.194671 ^ HCLK (in)
                                                         HCLK (net)
                      0.272238    0.000000    0.194671 ^ clkbuf_0_HCLK/A (sky130_fd_sc_hd__clkbuf_16)
     5    0.133985    0.147811    0.278990    0.473661 ^ clkbuf_0_HCLK/X (sky130_fd_sc_hd__clkbuf_16)
                                                         clknet_0_HCLK (net)
                      0.149132    0.011130    0.484791 ^ clkbuf_2_3_0_HCLK/A (sky130_fd_sc_hd__clkbuf_8)
     2    0.038985    0.080656    0.191808    0.676599 ^ clkbuf_2_3_0_HCLK/X (sky130_fd_sc_hd__clkbuf_8)
                                                         clknet_2_3_0_HCLK (net)
                      0.080861    0.002748    0.679347 ^ clkbuf_3_6__f_HCLK/A (sky130_fd_sc_hd__clkbuf_16)
     8    0.072287    0.089992    0.175724    0.855070 ^ clkbuf_3_6__f_HCLK/X (sky130_fd_sc_hd__clkbuf_16)
                                                         clknet_3_6__leaf_HCLK (net)
                      0.090768    0.006615    0.861685 ^ _190_/CLK (sky130_fd_sc_hd__dfrtp_1)
                                  0.250000    1.111685   clock uncertainty
                                  0.000000    1.111685   clock reconvergence pessimism
                                 -0.027277    1.084408   library hold time
                                              1.084408   data required time
---------------------------------------------------------------------------------------------
                                              1.084408   data required time
                                             -1.863716   data arrival time
---------------------------------------------------------------------------------------------
                                              0.779308   slack (MET)


Startpoint: _187_ (rising edge-triggered flip-flop clocked by HCLK)
Endpoint: _187_ (rising edge-triggered flip-flop clocked by HCLK)
Path Group: HCLK
Path Type: min

Fanout         Cap        Slew       Delay        Time   Description
---------------------------------------------------------------------------------------------
                                  0.000000    0.000000   clock HCLK (rise edge)
                                  0.000000    0.000000   clock source latency
     1    0.059370    0.271235    0.194671    0.194671 ^ HCLK (in)
                                                         HCLK (net)
                      0.272238    0.000000    0.194671 ^ clkbuf_0_HCLK/A (sky130_fd_sc_hd__clkbuf_16)
     5    0.133985    0.147811    0.278990    0.473661 ^ clkbuf_0_HCLK/X (sky130_fd_sc_hd__clkbuf_16)
                                                         clknet_0_HCLK (net)
                      0.149590    0.012878    0.486539 ^ clkbuf_2_0_0_HCLK/A (sky130_fd_sc_hd__clkbuf_8)
     2    0.039991    0.082545    0.192758    0.679297 ^ clkbuf_2_0_0_HCLK/X (sky130_fd_sc_hd__clkbuf_8)
                                                         clknet_2_0_0_HCLK (net)
                      0.082829    0.003462    0.682759 ^ clkbuf_3_1__f_HCLK/A (sky130_fd_sc_hd__clkbuf_16)
     7    0.035020    0.055187    0.150817    0.833576 ^ clkbuf_3_1__f_HCLK/X (sky130_fd_sc_hd__clkbuf_16)
                                                         clknet_3_1__leaf_HCLK (net)
                      0.055649    0.003721    0.837298 ^ _187_/CLK (sky130_fd_sc_hd__dfrtp_1)
     2    0.004981    0.061591    0.333692    1.170989 ^ _187_/Q (sky130_fd_sc_hd__dfrtp_1)
                                                         net168 (net)
                      0.061591    0.000107    1.171096 ^ hold3/A (sky130_fd_sc_hd__dlygate4sd3_1)
     1    0.002444    0.049909    0.536575    1.707672 ^ hold3/X (sky130_fd_sc_hd__dlygate4sd3_1)
                                                         net195 (net)
                      0.049909    0.000071    1.707743 ^ _120_/A1 (sky130_fd_sc_hd__mux2_1)
     1    0.003648    0.047762    0.125406    1.833148 ^ _120_/X (sky130_fd_sc_hd__mux2_1)
                                                         _036_ (net)
                      0.047787    0.000119    1.833267 ^ _187_/D (sky130_fd_sc_hd__dfrtp_1)
                                              1.833267   data arrival time

                                  0.000000    0.000000   clock HCLK (rise edge)
                                  0.000000    0.000000   clock source latency
     1    0.059370    0.271235    0.194671    0.194671 ^ HCLK (in)
                                                         HCLK (net)
                      0.272238    0.000000    0.194671 ^ clkbuf_0_HCLK/A (sky130_fd_sc_hd__clkbuf_16)
     5    0.133985    0.147811    0.278990    0.473661 ^ clkbuf_0_HCLK/X (sky130_fd_sc_hd__clkbuf_16)
                                                         clknet_0_HCLK (net)
                      0.149590    0.012878    0.486539 ^ clkbuf_2_0_0_HCLK/A (sky130_fd_sc_hd__clkbuf_8)
     2    0.039991    0.082545    0.192758    0.679297 ^ clkbuf_2_0_0_HCLK/X (sky130_fd_sc_hd__clkbuf_8)
                                                         clknet_2_0_0_HCLK (net)
                      0.082829    0.003462    0.682759 ^ clkbuf_3_1__f_HCLK/A (sky130_fd_sc_hd__clkbuf_16)
     7    0.035020    0.055187    0.150817    0.833576 ^ clkbuf_3_1__f_HCLK/X (sky130_fd_sc_hd__clkbuf_16)
                                                         clknet_3_1__leaf_HCLK (net)
                      0.055649    0.003721    0.837298 ^ _187_/CLK (sky130_fd_sc_hd__dfrtp_1)
                                  0.250000    1.087298   clock uncertainty
                                  0.000000    1.087298   clock reconvergence pessimism
                                 -0.033893    1.053405   library hold time
                                              1.053405   data required time
---------------------------------------------------------------------------------------------
                                              1.053405   data required time
                                             -1.833267   data arrival time
---------------------------------------------------------------------------------------------
                                              0.779862   slack (MET)


Startpoint: _189_ (rising edge-triggered flip-flop clocked by HCLK)
Endpoint: _189_ (rising edge-triggered flip-flop clocked by HCLK)
Path Group: HCLK
Path Type: min

Fanout         Cap        Slew       Delay        Time   Description
---------------------------------------------------------------------------------------------
                                  0.000000    0.000000   clock HCLK (rise edge)
                                  0.000000    0.000000   clock source latency
     1    0.059370    0.271235    0.194671    0.194671 ^ HCLK (in)
                                                         HCLK (net)
                      0.272238    0.000000    0.194671 ^ clkbuf_0_HCLK/A (sky130_fd_sc_hd__clkbuf_16)
     5    0.133985    0.147811    0.278990    0.473661 ^ clkbuf_0_HCLK/X (sky130_fd_sc_hd__clkbuf_16)
                                                         clknet_0_HCLK (net)
                      0.149720    0.013334    0.486995 ^ clkbuf_2_1_0_HCLK/A (sky130_fd_sc_hd__clkbuf_8)
     2    0.036798    0.077541    0.188224    0.675219 ^ clkbuf_2_1_0_HCLK/X (sky130_fd_sc_hd__clkbuf_8)
                                                         clknet_2_1_0_HCLK (net)
                      0.078017    0.004412    0.679631 ^ clkbuf_3_2__f_HCLK/A (sky130_fd_sc_hd__clkbuf_16)
    10    0.035944    0.056112    0.150441    0.830072 ^ clkbuf_3_2__f_HCLK/X (sky130_fd_sc_hd__clkbuf_16)
                                                         clknet_3_2__leaf_HCLK (net)
                      0.056216    0.001529    0.831601 ^ _189_/CLK (sky130_fd_sc_hd__dfrtp_1)
     2    0.005591    0.066346    0.338027    1.169628 ^ _189_/Q (sky130_fd_sc_hd__dfrtp_1)
                                                         net170 (net)
                      0.066346    0.000077    1.169705 ^ hold19/A (sky130_fd_sc_hd__dlygate4sd3_1)
     1    0.002992    0.054583    0.543110    1.712816 ^ hold19/X (sky130_fd_sc_hd__dlygate4sd3_1)
                                                         net211 (net)
                      0.054583    0.000089    1.712905 ^ _122_/A1 (sky130_fd_sc_hd__mux2_1)
     1    0.002391    0.038229    0.117205    1.830110 ^ _122_/X (sky130_fd_sc_hd__mux2_1)
                                                         _038_ (net)
                      0.038229    0.000068    1.830179 ^ _189_/D (sky130_fd_sc_hd__dfrtp_1)
                                              1.830179   data arrival time

                                  0.000000    0.000000   clock HCLK (rise edge)
                                  0.000000    0.000000   clock source latency
     1    0.059370    0.271235    0.194671    0.194671 ^ HCLK (in)
                                                         HCLK (net)
                      0.272238    0.000000    0.194671 ^ clkbuf_0_HCLK/A (sky130_fd_sc_hd__clkbuf_16)
     5    0.133985    0.147811    0.278990    0.473661 ^ clkbuf_0_HCLK/X (sky130_fd_sc_hd__clkbuf_16)
                                                         clknet_0_HCLK (net)
                      0.149720    0.013334    0.486995 ^ clkbuf_2_1_0_HCLK/A (sky130_fd_sc_hd__clkbuf_8)
     2    0.036798    0.077541    0.188224    0.675219 ^ clkbuf_2_1_0_HCLK/X (sky130_fd_sc_hd__clkbuf_8)
                                                         clknet_2_1_0_HCLK (net)
                      0.078017    0.004412    0.679631 ^ clkbuf_3_2__f_HCLK/A (sky130_fd_sc_hd__clkbuf_16)
    10    0.035944    0.056112    0.150441    0.830072 ^ clkbuf_3_2__f_HCLK/X (sky130_fd_sc_hd__clkbuf_16)
                                                         clknet_3_2__leaf_HCLK (net)
                      0.056216    0.001529    0.831601 ^ _189_/CLK (sky130_fd_sc_hd__dfrtp_1)
                                  0.250000    1.081601   clock uncertainty
                                  0.000000    1.081601   clock reconvergence pessimism
                                 -0.031814    1.049787   library hold time
                                              1.049787   data required time
---------------------------------------------------------------------------------------------
                                              1.049787   data required time
                                             -1.830179   data arrival time
---------------------------------------------------------------------------------------------
                                              0.780392   slack (MET)


Startpoint: _151_ (rising edge-triggered flip-flop clocked by HCLK)
Endpoint: _151_ (rising edge-triggered flip-flop clocked by HCLK)
Path Group: HCLK
Path Type: min

Fanout         Cap        Slew       Delay        Time   Description
---------------------------------------------------------------------------------------------
                                  0.000000    0.000000   clock HCLK (rise edge)
                                  0.000000    0.000000   clock source latency
     1    0.059370    0.271235    0.194671    0.194671 ^ HCLK (in)
                                                         HCLK (net)
                      0.272238    0.000000    0.194671 ^ clkbuf_0_HCLK/A (sky130_fd_sc_hd__clkbuf_16)
     5    0.133985    0.147811    0.278990    0.473661 ^ clkbuf_0_HCLK/X (sky130_fd_sc_hd__clkbuf_16)
                                                         clknet_0_HCLK (net)
                      0.149720    0.013334    0.486995 ^ clkbuf_2_1_0_HCLK/A (sky130_fd_sc_hd__clkbuf_8)
     2    0.036798    0.077541    0.188224    0.675219 ^ clkbuf_2_1_0_HCLK/X (sky130_fd_sc_hd__clkbuf_8)
                                                         clknet_2_1_0_HCLK (net)
                      0.077988    0.004251    0.679471 ^ clkbuf_3_3__f_HCLK/A (sky130_fd_sc_hd__clkbuf_16)
    10    0.027154    0.048291    0.144194    0.823665 ^ clkbuf_3_3__f_HCLK/X (sky130_fd_sc_hd__clkbuf_16)
                                                         clknet_3_3__leaf_HCLK (net)
                      0.048297    0.000513    0.824178 ^ _151_/CLK (sky130_fd_sc_hd__dfrtp_1)
     2    0.005616    0.066536    0.335242    1.159420 ^ _151_/Q (sky130_fd_sc_hd__dfrtp_1)
                                                         net105 (net)
                      0.066536    0.000078    1.159497 ^ hold26/A (sky130_fd_sc_hd__dlygate4sd3_1)
     1    0.003182    0.056255    0.544952    1.704449 ^ hold26/X (sky130_fd_sc_hd__dlygate4sd3_1)
                                                         net218 (net)
                      0.056255    0.000100    1.704549 ^ _084_/A1 (sky130_fd_sc_hd__mux2_1)
     1    0.002317    0.037697    0.117186    1.821735 ^ _084_/X (sky130_fd_sc_hd__mux2_1)
                                                         _000_ (net)
                      0.037697    0.000066    1.821801 ^ _151_/D (sky130_fd_sc_hd__dfrtp_1)
                                              1.821801   data arrival time

                                  0.000000    0.000000   clock HCLK (rise edge)
                                  0.000000    0.000000   clock source latency
     1    0.059370    0.271235    0.194671    0.194671 ^ HCLK (in)
                                                         HCLK (net)
                      0.272238    0.000000    0.194671 ^ clkbuf_0_HCLK/A (sky130_fd_sc_hd__clkbuf_16)
     5    0.133985    0.147811    0.278990    0.473661 ^ clkbuf_0_HCLK/X (sky130_fd_sc_hd__clkbuf_16)
                                                         clknet_0_HCLK (net)
                      0.149720    0.013334    0.486995 ^ clkbuf_2_1_0_HCLK/A (sky130_fd_sc_hd__clkbuf_8)
     2    0.036798    0.077541    0.188224    0.675219 ^ clkbuf_2_1_0_HCLK/X (sky130_fd_sc_hd__clkbuf_8)
                                                         clknet_2_1_0_HCLK (net)
                      0.077988    0.004251    0.679471 ^ clkbuf_3_3__f_HCLK/A (sky130_fd_sc_hd__clkbuf_16)
    10    0.027154    0.048291    0.144194    0.823665 ^ clkbuf_3_3__f_HCLK/X (sky130_fd_sc_hd__clkbuf_16)
                                                         clknet_3_3__leaf_HCLK (net)
                      0.048297    0.000513    0.824178 ^ _151_/CLK (sky130_fd_sc_hd__dfrtp_1)
                                  0.250000    1.074178   clock uncertainty
                                  0.000000    1.074178   clock reconvergence pessimism
                                 -0.032784    1.041394   library hold time
                                              1.041394   data required time
---------------------------------------------------------------------------------------------
                                              1.041394   data required time
                                             -1.821801   data arrival time
---------------------------------------------------------------------------------------------
                                              0.780407   slack (MET)


Startpoint: _197_ (rising edge-triggered flip-flop clocked by HCLK)
Endpoint: _197_ (rising edge-triggered flip-flop clocked by HCLK)
Path Group: HCLK
Path Type: min

Fanout         Cap        Slew       Delay        Time   Description
---------------------------------------------------------------------------------------------
                                  0.000000    0.000000   clock HCLK (rise edge)
                                  0.000000    0.000000   clock source latency
     1    0.059370    0.271235    0.194671    0.194671 ^ HCLK (in)
                                                         HCLK (net)
                      0.272238    0.000000    0.194671 ^ clkbuf_0_HCLK/A (sky130_fd_sc_hd__clkbuf_16)
     5    0.133985    0.147811    0.278990    0.473661 ^ clkbuf_0_HCLK/X (sky130_fd_sc_hd__clkbuf_16)
                                                         clknet_0_HCLK (net)
                      0.149590    0.012878    0.486539 ^ clkbuf_2_0_0_HCLK/A (sky130_fd_sc_hd__clkbuf_8)
     2    0.039991    0.082545    0.192758    0.679297 ^ clkbuf_2_0_0_HCLK/X (sky130_fd_sc_hd__clkbuf_8)
                                                         clknet_2_0_0_HCLK (net)
                      0.082829    0.003462    0.682759 ^ clkbuf_3_1__f_HCLK/A (sky130_fd_sc_hd__clkbuf_16)
     7    0.035020    0.055187    0.150817    0.833576 ^ clkbuf_3_1__f_HCLK/X (sky130_fd_sc_hd__clkbuf_16)
                                                         clknet_3_1__leaf_HCLK (net)
                      0.055768    0.004319    0.837895 ^ _197_/CLK (sky130_fd_sc_hd__dfrtp_1)
     2    0.004896    0.060948    0.333167    1.171063 ^ _197_/Q (sky130_fd_sc_hd__dfrtp_1)
                                                         net147 (net)
                      0.060948    0.000105    1.171168 ^ hold10/A (sky130_fd_sc_hd__dlygate4sd3_1)
     1    0.003358    0.057833    0.545014    1.716182 ^ hold10/X (sky130_fd_sc_hd__dlygate4sd3_1)
                                                         net202 (net)
                      0.057833    0.000100    1.716282 ^ _130_/A1 (sky130_fd_sc_hd__mux2_1)
     1    0.002589    0.039693    0.119880    1.836163 ^ _130_/X (sky130_fd_sc_hd__mux2_1)
                                                         _046_ (net)
                      0.039693    0.000075    1.836238 ^ _197_/D (sky130_fd_sc_hd__dfrtp_1)
                                              1.836238   data arrival time

                                  0.000000    0.000000   clock HCLK (rise edge)
                                  0.000000    0.000000   clock source latency
     1    0.059370    0.271235    0.194671    0.194671 ^ HCLK (in)
                                                         HCLK (net)
                      0.272238    0.000000    0.194671 ^ clkbuf_0_HCLK/A (sky130_fd_sc_hd__clkbuf_16)
     5    0.133985    0.147811    0.278990    0.473661 ^ clkbuf_0_HCLK/X (sky130_fd_sc_hd__clkbuf_16)
                                                         clknet_0_HCLK (net)
                      0.149590    0.012878    0.486539 ^ clkbuf_2_0_0_HCLK/A (sky130_fd_sc_hd__clkbuf_8)
     2    0.039991    0.082545    0.192758    0.679297 ^ clkbuf_2_0_0_HCLK/X (sky130_fd_sc_hd__clkbuf_8)
                                                         clknet_2_0_0_HCLK (net)
                      0.082829    0.003462    0.682759 ^ clkbuf_3_1__f_HCLK/A (sky130_fd_sc_hd__clkbuf_16)
     7    0.035020    0.055187    0.150817    0.833576 ^ clkbuf_3_1__f_HCLK/X (sky130_fd_sc_hd__clkbuf_16)
                                                         clknet_3_1__leaf_HCLK (net)
                      0.055768    0.004319    0.837895 ^ _197_/CLK (sky130_fd_sc_hd__dfrtp_1)
                                  0.250000    1.087896   clock uncertainty
                                  0.000000    1.087896   clock reconvergence pessimism
                                 -0.032182    1.055713   library hold time
                                              1.055713   data required time
---------------------------------------------------------------------------------------------
                                              1.055713   data required time
                                             -1.836238   data arrival time
---------------------------------------------------------------------------------------------
                                              0.780524   slack (MET)


Startpoint: _178_ (rising edge-triggered flip-flop clocked by HCLK)
Endpoint: _178_ (rising edge-triggered flip-flop clocked by HCLK)
Path Group: HCLK
Path Type: min

Fanout         Cap        Slew       Delay        Time   Description
---------------------------------------------------------------------------------------------
                                  0.000000    0.000000   clock HCLK (rise edge)
                                  0.000000    0.000000   clock source latency
     1    0.059370    0.271235    0.194671    0.194671 ^ HCLK (in)
                                                         HCLK (net)
                      0.272238    0.000000    0.194671 ^ clkbuf_0_HCLK/A (sky130_fd_sc_hd__clkbuf_16)
     5    0.133985    0.147811    0.278990    0.473661 ^ clkbuf_0_HCLK/X (sky130_fd_sc_hd__clkbuf_16)
                                                         clknet_0_HCLK (net)
                      0.149720    0.013334    0.486995 ^ clkbuf_2_1_0_HCLK/A (sky130_fd_sc_hd__clkbuf_8)
     2    0.036798    0.077541    0.188224    0.675219 ^ clkbuf_2_1_0_HCLK/X (sky130_fd_sc_hd__clkbuf_8)
                                                         clknet_2_1_0_HCLK (net)
                      0.078017    0.004412    0.679631 ^ clkbuf_3_2__f_HCLK/A (sky130_fd_sc_hd__clkbuf_16)
    10    0.035944    0.056112    0.150441    0.830072 ^ clkbuf_3_2__f_HCLK/X (sky130_fd_sc_hd__clkbuf_16)
                                                         clknet_3_2__leaf_HCLK (net)
                      0.056202    0.001381    0.831453 ^ _178_/CLK (sky130_fd_sc_hd__dfrtp_1)
     2    0.005319    0.064238    0.336185    1.167638 ^ _178_/Q (sky130_fd_sc_hd__dfrtp_1)
                                                         net124 (net)
                      0.064238    0.000074    1.167713 ^ hold14/A (sky130_fd_sc_hd__dlygate4sd3_1)
     1    0.003217    0.056563    0.544621    1.712334 ^ hold14/X (sky130_fd_sc_hd__dlygate4sd3_1)
                                                         net206 (net)
                      0.056563    0.000097    1.712431 ^ _111_/A1 (sky130_fd_sc_hd__mux2_1)
     1    0.002424    0.038465    0.118136    1.830567 ^ _111_/X (sky130_fd_sc_hd__mux2_1)
                                                         _027_ (net)
                      0.038465    0.000070    1.830636 ^ _178_/D (sky130_fd_sc_hd__dfrtp_1)
                                              1.830636   data arrival time

                                  0.000000    0.000000   clock HCLK (rise edge)
                                  0.000000    0.000000   clock source latency
     1    0.059370    0.271235    0.194671    0.194671 ^ HCLK (in)
                                                         HCLK (net)
                      0.272238    0.000000    0.194671 ^ clkbuf_0_HCLK/A (sky130_fd_sc_hd__clkbuf_16)
     5    0.133985    0.147811    0.278990    0.473661 ^ clkbuf_0_HCLK/X (sky130_fd_sc_hd__clkbuf_16)
                                                         clknet_0_HCLK (net)
                      0.149720    0.013334    0.486995 ^ clkbuf_2_1_0_HCLK/A (sky130_fd_sc_hd__clkbuf_8)
     2    0.036798    0.077541    0.188224    0.675219 ^ clkbuf_2_1_0_HCLK/X (sky130_fd_sc_hd__clkbuf_8)
                                                         clknet_2_1_0_HCLK (net)
                      0.078017    0.004412    0.679631 ^ clkbuf_3_2__f_HCLK/A (sky130_fd_sc_hd__clkbuf_16)
    10    0.035944    0.056112    0.150441    0.830072 ^ clkbuf_3_2__f_HCLK/X (sky130_fd_sc_hd__clkbuf_16)
                                                         clknet_3_2__leaf_HCLK (net)
                      0.056202    0.001381    0.831453 ^ _178_/CLK (sky130_fd_sc_hd__dfrtp_1)
                                  0.250000    1.081453   clock uncertainty
                                  0.000000    1.081453   clock reconvergence pessimism
                                 -0.031866    1.049587   library hold time
                                              1.049587   data required time
---------------------------------------------------------------------------------------------
                                              1.049587   data required time
                                             -1.830636   data arrival time
---------------------------------------------------------------------------------------------
                                              0.781049   slack (MET)


Startpoint: _212_ (rising edge-triggered flip-flop clocked by HCLK)
Endpoint: _212_ (rising edge-triggered flip-flop clocked by HCLK)
Path Group: HCLK
Path Type: min

Fanout         Cap        Slew       Delay        Time   Description
---------------------------------------------------------------------------------------------
                                  0.000000    0.000000   clock HCLK (rise edge)
                                  0.000000    0.000000   clock source latency
     1    0.059370    0.271235    0.194671    0.194671 ^ HCLK (in)
                                                         HCLK (net)
                      0.272238    0.000000    0.194671 ^ clkbuf_0_HCLK/A (sky130_fd_sc_hd__clkbuf_16)
     5    0.133985    0.147811    0.278990    0.473661 ^ clkbuf_0_HCLK/X (sky130_fd_sc_hd__clkbuf_16)
                                                         clknet_0_HCLK (net)
                      0.149590    0.012878    0.486539 ^ clkbuf_2_0_0_HCLK/A (sky130_fd_sc_hd__clkbuf_8)
     2    0.039991    0.082545    0.192758    0.679297 ^ clkbuf_2_0_0_HCLK/X (sky130_fd_sc_hd__clkbuf_8)
                                                         clknet_2_0_0_HCLK (net)
                      0.082829    0.003462    0.682759 ^ clkbuf_3_1__f_HCLK/A (sky130_fd_sc_hd__clkbuf_16)
     7    0.035020    0.055187    0.150817    0.833576 ^ clkbuf_3_1__f_HCLK/X (sky130_fd_sc_hd__clkbuf_16)
                                                         clknet_3_1__leaf_HCLK (net)
                      0.055609    0.003507    0.837083 ^ _212_/CLK (sky130_fd_sc_hd__dfrtp_1)
     2    0.005411    0.064951    0.336574    1.173657 ^ _212_/Q (sky130_fd_sc_hd__dfrtp_1)
                                                         net163 (net)
                      0.064951    0.000118    1.173776 ^ hold18/A (sky130_fd_sc_hd__dlygate4sd3_1)
     1    0.002756    0.052540    0.540482    1.714258 ^ hold18/X (sky130_fd_sc_hd__dlygate4sd3_1)
                                                         net210 (net)
                      0.052540    0.000079    1.714337 ^ _145_/A1 (sky130_fd_sc_hd__mux2_1)
     1    0.003105    0.043609    0.122180    1.836517 ^ _145_/X (sky130_fd_sc_hd__mux2_1)
                                                         _061_ (net)
                      0.043609    0.000075    1.836591 ^ _212_/D (sky130_fd_sc_hd__dfrtp_1)
                                              1.836591   data arrival time

                                  0.000000    0.000000   clock HCLK (rise edge)
                                  0.000000    0.000000   clock source latency
     1    0.059370    0.271235    0.194671    0.194671 ^ HCLK (in)
                                                         HCLK (net)
                      0.272238    0.000000    0.194671 ^ clkbuf_0_HCLK/A (sky130_fd_sc_hd__clkbuf_16)
     5    0.133985    0.147811    0.278990    0.473661 ^ clkbuf_0_HCLK/X (sky130_fd_sc_hd__clkbuf_16)
                                                         clknet_0_HCLK (net)
                      0.149590    0.012878    0.486539 ^ clkbuf_2_0_0_HCLK/A (sky130_fd_sc_hd__clkbuf_8)
     2    0.039991    0.082545    0.192758    0.679297 ^ clkbuf_2_0_0_HCLK/X (sky130_fd_sc_hd__clkbuf_8)
                                                         clknet_2_0_0_HCLK (net)
                      0.082829    0.003462    0.682759 ^ clkbuf_3_1__f_HCLK/A (sky130_fd_sc_hd__clkbuf_16)
     7    0.035020    0.055187    0.150817    0.833576 ^ clkbuf_3_1__f_HCLK/X (sky130_fd_sc_hd__clkbuf_16)
                                                         clknet_3_1__leaf_HCLK (net)
                      0.055609    0.003507    0.837083 ^ _212_/CLK (sky130_fd_sc_hd__dfrtp_1)
                                  0.250000    1.087083   clock uncertainty
                                  0.000000    1.087083   clock reconvergence pessimism
                                 -0.033024    1.054060   library hold time
                                              1.054060   data required time
---------------------------------------------------------------------------------------------
                                              1.054060   data required time
                                             -1.836591   data arrival time
---------------------------------------------------------------------------------------------
                                              0.782532   slack (MET)


Startpoint: _196_ (rising edge-triggered flip-flop clocked by HCLK)
Endpoint: _196_ (rising edge-triggered flip-flop clocked by HCLK)
Path Group: HCLK
Path Type: min

Fanout         Cap        Slew       Delay        Time   Description
---------------------------------------------------------------------------------------------
                                  0.000000    0.000000   clock HCLK (rise edge)
                                  0.000000    0.000000   clock source latency
     1    0.059370    0.271235    0.194671    0.194671 ^ HCLK (in)
                                                         HCLK (net)
                      0.272238    0.000000    0.194671 ^ clkbuf_0_HCLK/A (sky130_fd_sc_hd__clkbuf_16)
     5    0.133985    0.147811    0.278990    0.473661 ^ clkbuf_0_HCLK/X (sky130_fd_sc_hd__clkbuf_16)
                                                         clknet_0_HCLK (net)
                      0.149171    0.011290    0.484951 ^ clkbuf_2_2_0_HCLK/A (sky130_fd_sc_hd__clkbuf_8)
     2    0.035281    0.075148    0.186583    0.671534 ^ clkbuf_2_2_0_HCLK/X (sky130_fd_sc_hd__clkbuf_8)
                                                         clknet_2_2_0_HCLK (net)
                      0.075526    0.003826    0.675360 ^ clkbuf_3_5__f_HCLK/A (sky130_fd_sc_hd__clkbuf_16)
    11    0.034216    0.054644    0.148324    0.823684 ^ clkbuf_3_5__f_HCLK/X (sky130_fd_sc_hd__clkbuf_16)
                                                         clknet_3_5__leaf_HCLK (net)
                      0.054730    0.001851    0.825534 ^ _196_/CLK (sky130_fd_sc_hd__dfrtp_1)
     2    0.005201    0.063332    0.334842    1.160376 ^ _196_/Q (sky130_fd_sc_hd__dfrtp_1)
                                                         net146 (net)
                      0.063332    0.000092    1.160469 ^ hold15/A (sky130_fd_sc_hd__dlygate4sd3_1)
     1    0.003089    0.055434    0.543156    1.703625 ^ hold15/X (sky130_fd_sc_hd__dlygate4sd3_1)
                                                         net207 (net)
                      0.055434    0.000094    1.703718 ^ _129_/A1 (sky130_fd_sc_hd__mux2_1)
     1    0.002915    0.042165    0.121658    1.825376 ^ _129_/X (sky130_fd_sc_hd__mux2_1)
                                                         _045_ (net)
                      0.042165    0.000082    1.825459 ^ _196_/D (sky130_fd_sc_hd__dfrtp_1)
                                              1.825459   data arrival time

                                  0.000000    0.000000   clock HCLK (rise edge)
                                  0.000000    0.000000   clock source latency
     1    0.059370    0.271235    0.194671    0.194671 ^ HCLK (in)
                                                         HCLK (net)
                      0.272238    0.000000    0.194671 ^ clkbuf_0_HCLK/A (sky130_fd_sc_hd__clkbuf_16)
     5    0.133985    0.147811    0.278990    0.473661 ^ clkbuf_0_HCLK/X (sky130_fd_sc_hd__clkbuf_16)
                                                         clknet_0_HCLK (net)
                      0.149171    0.011290    0.484951 ^ clkbuf_2_2_0_HCLK/A (sky130_fd_sc_hd__clkbuf_8)
     2    0.035281    0.075148    0.186583    0.671534 ^ clkbuf_2_2_0_HCLK/X (sky130_fd_sc_hd__clkbuf_8)
                                                         clknet_2_2_0_HCLK (net)
                      0.075526    0.003826    0.675360 ^ clkbuf_3_5__f_HCLK/A (sky130_fd_sc_hd__clkbuf_16)
    11    0.034216    0.054644    0.148324    0.823684 ^ clkbuf_3_5__f_HCLK/X (sky130_fd_sc_hd__clkbuf_16)
                                                         clknet_3_5__leaf_HCLK (net)
                      0.054730    0.001851    0.825534 ^ _196_/CLK (sky130_fd_sc_hd__dfrtp_1)
                                  0.250000    1.075534   clock uncertainty
                                  0.000000    1.075534   clock reconvergence pessimism
                                 -0.032841    1.042693   library hold time
                                              1.042693   data required time
---------------------------------------------------------------------------------------------
                                              1.042693   data required time
                                             -1.825459   data arrival time
---------------------------------------------------------------------------------------------
                                              0.782765   slack (MET)


Startpoint: _200_ (rising edge-triggered flip-flop clocked by HCLK)
Endpoint: _200_ (rising edge-triggered flip-flop clocked by HCLK)
Path Group: HCLK
Path Type: min

Fanout         Cap        Slew       Delay        Time   Description
---------------------------------------------------------------------------------------------
                                  0.000000    0.000000   clock HCLK (rise edge)
                                  0.000000    0.000000   clock source latency
     1    0.059370    0.271235    0.194671    0.194671 ^ HCLK (in)
                                                         HCLK (net)
                      0.272238    0.000000    0.194671 ^ clkbuf_0_HCLK/A (sky130_fd_sc_hd__clkbuf_16)
     5    0.133985    0.147811    0.278990    0.473661 ^ clkbuf_0_HCLK/X (sky130_fd_sc_hd__clkbuf_16)
                                                         clknet_0_HCLK (net)
                      0.149132    0.011130    0.484791 ^ clkbuf_2_3_0_HCLK/A (sky130_fd_sc_hd__clkbuf_8)
     2    0.038985    0.080656    0.191808    0.676599 ^ clkbuf_2_3_0_HCLK/X (sky130_fd_sc_hd__clkbuf_8)
                                                         clknet_2_3_0_HCLK (net)
                      0.080861    0.002748    0.679347 ^ clkbuf_3_6__f_HCLK/A (sky130_fd_sc_hd__clkbuf_16)
     8    0.072287    0.089992    0.175724    0.855070 ^ clkbuf_3_6__f_HCLK/X (sky130_fd_sc_hd__clkbuf_16)
                                                         clknet_3_6__leaf_HCLK (net)
                      0.090820    0.006829    0.861899 ^ _200_/CLK (sky130_fd_sc_hd__dfrtp_1)
     2    0.005151    0.062894    0.347968    1.209867 ^ _200_/Q (sky130_fd_sc_hd__dfrtp_1)
                                                         net150 (net)
                      0.062894    0.000119    1.209986 ^ hold36/A (sky130_fd_sc_hd__dlygate4sd3_1)
     1    0.002756    0.052549    0.539898    1.749885 ^ hold36/X (sky130_fd_sc_hd__dlygate4sd3_1)
                                                         net228 (net)
                      0.052549    0.000059    1.749944 ^ _133_/A1 (sky130_fd_sc_hd__mux2_1)
     1    0.002611    0.039852    0.118256    1.868200 ^ _133_/X (sky130_fd_sc_hd__mux2_1)
                                                         _049_ (net)
                      0.039852    0.000074    1.868273 ^ _200_/D (sky130_fd_sc_hd__dfrtp_1)
                                              1.868273   data arrival time

                                  0.000000    0.000000   clock HCLK (rise edge)
                                  0.000000    0.000000   clock source latency
     1    0.059370    0.271235    0.194671    0.194671 ^ HCLK (in)
                                                         HCLK (net)
                      0.272238    0.000000    0.194671 ^ clkbuf_0_HCLK/A (sky130_fd_sc_hd__clkbuf_16)
     5    0.133985    0.147811    0.278990    0.473661 ^ clkbuf_0_HCLK/X (sky130_fd_sc_hd__clkbuf_16)
                                                         clknet_0_HCLK (net)
                      0.149132    0.011130    0.484791 ^ clkbuf_2_3_0_HCLK/A (sky130_fd_sc_hd__clkbuf_8)
     2    0.038985    0.080656    0.191808    0.676599 ^ clkbuf_2_3_0_HCLK/X (sky130_fd_sc_hd__clkbuf_8)
                                                         clknet_2_3_0_HCLK (net)
                      0.080861    0.002748    0.679347 ^ clkbuf_3_6__f_HCLK/A (sky130_fd_sc_hd__clkbuf_16)
     8    0.072287    0.089992    0.175724    0.855070 ^ clkbuf_3_6__f_HCLK/X (sky130_fd_sc_hd__clkbuf_16)
                                                         clknet_3_6__leaf_HCLK (net)
                      0.090820    0.006829    0.861899 ^ _200_/CLK (sky130_fd_sc_hd__dfrtp_1)
                                  0.250000    1.111899   clock uncertainty
                                  0.000000    1.111899   clock reconvergence pessimism
                                 -0.027430    1.084469   library hold time
                                              1.084469   data required time
---------------------------------------------------------------------------------------------
                                              1.084469   data required time
                                             -1.868273   data arrival time
---------------------------------------------------------------------------------------------
                                              0.783804   slack (MET)


Startpoint: _154_ (rising edge-triggered flip-flop clocked by HCLK)
Endpoint: _154_ (rising edge-triggered flip-flop clocked by HCLK)
Path Group: HCLK
Path Type: min

Fanout         Cap        Slew       Delay        Time   Description
---------------------------------------------------------------------------------------------
                                  0.000000    0.000000   clock HCLK (rise edge)
                                  0.000000    0.000000   clock source latency
     1    0.059370    0.271235    0.194671    0.194671 ^ HCLK (in)
                                                         HCLK (net)
                      0.272238    0.000000    0.194671 ^ clkbuf_0_HCLK/A (sky130_fd_sc_hd__clkbuf_16)
     5    0.133985    0.147811    0.278990    0.473661 ^ clkbuf_0_HCLK/X (sky130_fd_sc_hd__clkbuf_16)
                                                         clknet_0_HCLK (net)
                      0.149171    0.011290    0.484951 ^ clkbuf_2_2_0_HCLK/A (sky130_fd_sc_hd__clkbuf_8)
     2    0.035281    0.075148    0.186583    0.671534 ^ clkbuf_2_2_0_HCLK/X (sky130_fd_sc_hd__clkbuf_8)
                                                         clknet_2_2_0_HCLK (net)
                      0.075449    0.003322    0.674856 ^ clkbuf_3_4__f_HCLK/A (sky130_fd_sc_hd__clkbuf_16)
    11    0.039034    0.058892    0.152107    0.826962 ^ clkbuf_3_4__f_HCLK/X (sky130_fd_sc_hd__clkbuf_16)
                                                         clknet_3_4__leaf_HCLK (net)
                      0.058902    0.000765    0.827727 ^ _154_/CLK (sky130_fd_sc_hd__dfrtp_1)
     2    0.005835    0.068248    0.340661    1.168388 ^ _154_/Q (sky130_fd_sc_hd__dfrtp_1)
                                                         net130 (net)
                      0.068248    0.000135    1.168523 ^ hold8/A (sky130_fd_sc_hd__dlygate4sd3_1)
     1    0.003009    0.054732    0.543814    1.712337 ^ hold8/X (sky130_fd_sc_hd__dlygate4sd3_1)
                                                         net200 (net)
                      0.054732    0.000089    1.712426 ^ _087_/A1 (sky130_fd_sc_hd__mux2_1)
     1    0.002443    0.038596    0.117663    1.830089 ^ _087_/X (sky130_fd_sc_hd__mux2_1)
                                                         _003_ (net)
                      0.038596    0.000068    1.830158 ^ _154_/D (sky130_fd_sc_hd__dfrtp_1)
                                              1.830158   data arrival time

                                  0.000000    0.000000   clock HCLK (rise edge)
                                  0.000000    0.000000   clock source latency
     1    0.059370    0.271235    0.194671    0.194671 ^ HCLK (in)
                                                         HCLK (net)
                      0.272238    0.000000    0.194671 ^ clkbuf_0_HCLK/A (sky130_fd_sc_hd__clkbuf_16)
     5    0.133985    0.147811    0.278990    0.473661 ^ clkbuf_0_HCLK/X (sky130_fd_sc_hd__clkbuf_16)
                                                         clknet_0_HCLK (net)
                      0.149171    0.011290    0.484951 ^ clkbuf_2_2_0_HCLK/A (sky130_fd_sc_hd__clkbuf_8)
     2    0.035281    0.075148    0.186583    0.671534 ^ clkbuf_2_2_0_HCLK/X (sky130_fd_sc_hd__clkbuf_8)
                                                         clknet_2_2_0_HCLK (net)
                      0.075449    0.003322    0.674856 ^ clkbuf_3_4__f_HCLK/A (sky130_fd_sc_hd__clkbuf_16)
    11    0.039034    0.058892    0.152107    0.826962 ^ clkbuf_3_4__f_HCLK/X (sky130_fd_sc_hd__clkbuf_16)
                                                         clknet_3_4__leaf_HCLK (net)
                      0.058902    0.000765    0.827727 ^ _154_/CLK (sky130_fd_sc_hd__dfrtp_1)
                                  0.250000    1.077727   clock uncertainty
                                  0.000000    1.077727   clock reconvergence pessimism
                                 -0.031525    1.046203   library hold time
                                              1.046203   data required time
---------------------------------------------------------------------------------------------
                                              1.046203   data required time
                                             -1.830158   data arrival time
---------------------------------------------------------------------------------------------
                                              0.783955   slack (MET)


Startpoint: _156_ (rising edge-triggered flip-flop clocked by HCLK)
Endpoint: _156_ (rising edge-triggered flip-flop clocked by HCLK)
Path Group: HCLK
Path Type: min

Fanout         Cap        Slew       Delay        Time   Description
---------------------------------------------------------------------------------------------
                                  0.000000    0.000000   clock HCLK (rise edge)
                                  0.000000    0.000000   clock source latency
     1    0.059370    0.271235    0.194671    0.194671 ^ HCLK (in)
                                                         HCLK (net)
                      0.272238    0.000000    0.194671 ^ clkbuf_0_HCLK/A (sky130_fd_sc_hd__clkbuf_16)
     5    0.133985    0.147811    0.278990    0.473661 ^ clkbuf_0_HCLK/X (sky130_fd_sc_hd__clkbuf_16)
                                                         clknet_0_HCLK (net)
                      0.149132    0.011130    0.484791 ^ clkbuf_2_3_0_HCLK/A (sky130_fd_sc_hd__clkbuf_8)
     2    0.038985    0.080656    0.191808    0.676599 ^ clkbuf_2_3_0_HCLK/X (sky130_fd_sc_hd__clkbuf_8)
                                                         clknet_2_3_0_HCLK (net)
                      0.080861    0.002748    0.679347 ^ clkbuf_3_6__f_HCLK/A (sky130_fd_sc_hd__clkbuf_16)
     8    0.072287    0.089992    0.175724    0.855070 ^ clkbuf_3_6__f_HCLK/X (sky130_fd_sc_hd__clkbuf_16)
                                                         clknet_3_6__leaf_HCLK (net)
                      0.090807    0.006776    0.861846 ^ _156_/CLK (sky130_fd_sc_hd__dfrtp_1)
     2    0.004725    0.059650    0.345088    1.206934 ^ _156_/Q (sky130_fd_sc_hd__dfrtp_1)
                                                         net132 (net)
                      0.059650    0.000128    1.207062 ^ hold39/A (sky130_fd_sc_hd__dlygate4sd3_1)
     1    0.002917    0.053928    0.540475    1.747537 ^ hold39/X (sky130_fd_sc_hd__dlygate4sd3_1)
                                                         net231 (net)
                      0.053928    0.000085    1.747622 ^ _089_/A1 (sky130_fd_sc_hd__mux2_1)
     1    0.002861    0.041747    0.120710    1.868333 ^ _089_/X (sky130_fd_sc_hd__mux2_1)
                                                         _005_ (net)
                      0.041747    0.000081    1.868413 ^ _156_/D (sky130_fd_sc_hd__dfrtp_1)
                                              1.868413   data arrival time

                                  0.000000    0.000000   clock HCLK (rise edge)
                                  0.000000    0.000000   clock source latency
     1    0.059370    0.271235    0.194671    0.194671 ^ HCLK (in)
                                                         HCLK (net)
                      0.272238    0.000000    0.194671 ^ clkbuf_0_HCLK/A (sky130_fd_sc_hd__clkbuf_16)
     5    0.133985    0.147811    0.278990    0.473661 ^ clkbuf_0_HCLK/X (sky130_fd_sc_hd__clkbuf_16)
                                                         clknet_0_HCLK (net)
                      0.149132    0.011130    0.484791 ^ clkbuf_2_3_0_HCLK/A (sky130_fd_sc_hd__clkbuf_8)
     2    0.038985    0.080656    0.191808    0.676599 ^ clkbuf_2_3_0_HCLK/X (sky130_fd_sc_hd__clkbuf_8)
                                                         clknet_2_3_0_HCLK (net)
                      0.080861    0.002748    0.679347 ^ clkbuf_3_6__f_HCLK/A (sky130_fd_sc_hd__clkbuf_16)
     8    0.072287    0.089992    0.175724    0.855070 ^ clkbuf_3_6__f_HCLK/X (sky130_fd_sc_hd__clkbuf_16)
                                                         clknet_3_6__leaf_HCLK (net)
                      0.090807    0.006776    0.861846 ^ _156_/CLK (sky130_fd_sc_hd__dfrtp_1)
                                  0.250000    1.111846   clock uncertainty
                                  0.000000    1.111846   clock reconvergence pessimism
                                 -0.027827    1.084019   library hold time
                                              1.084019   data required time
---------------------------------------------------------------------------------------------
                                              1.084019   data required time
                                             -1.868413   data arrival time
---------------------------------------------------------------------------------------------
                                              0.784394   slack (MET)


Startpoint: _177_ (rising edge-triggered flip-flop clocked by HCLK)
Endpoint: _177_ (rising edge-triggered flip-flop clocked by HCLK)
Path Group: HCLK
Path Type: min

Fanout         Cap        Slew       Delay        Time   Description
---------------------------------------------------------------------------------------------
                                  0.000000    0.000000   clock HCLK (rise edge)
                                  0.000000    0.000000   clock source latency
     1    0.059370    0.271235    0.194671    0.194671 ^ HCLK (in)
                                                         HCLK (net)
                      0.272238    0.000000    0.194671 ^ clkbuf_0_HCLK/A (sky130_fd_sc_hd__clkbuf_16)
     5    0.133985    0.147811    0.278990    0.473661 ^ clkbuf_0_HCLK/X (sky130_fd_sc_hd__clkbuf_16)
                                                         clknet_0_HCLK (net)
                      0.149590    0.012878    0.486539 ^ clkbuf_2_0_0_HCLK/A (sky130_fd_sc_hd__clkbuf_8)
     2    0.039991    0.082545    0.192758    0.679297 ^ clkbuf_2_0_0_HCLK/X (sky130_fd_sc_hd__clkbuf_8)
                                                         clknet_2_0_0_HCLK (net)
                      0.082601    0.002032    0.681329 ^ clkbuf_3_0__f_HCLK/A (sky130_fd_sc_hd__clkbuf_16)
     8    0.097420    0.114015    0.194604    0.875933 ^ clkbuf_3_0__f_HCLK/X (sky130_fd_sc_hd__clkbuf_16)
                                                         clknet_3_0__leaf_HCLK (net)
                      0.115401    0.010024    0.885956 ^ _177_/CLK (sky130_fd_sc_hd__dfrtp_1)
     2    0.005366    0.064551    0.358609    1.244565 ^ _177_/Q (sky130_fd_sc_hd__dfrtp_1)
                                                         net123 (net)
                      0.064551    0.000091    1.244655 ^ hold48/A (sky130_fd_sc_hd__dlygate4sd3_1)
     1    0.002426    0.049759    0.537260    1.781916 ^ hold48/X (sky130_fd_sc_hd__dlygate4sd3_1)
                                                         net240 (net)
                      0.049759    0.000048    1.781964 ^ _110_/A1 (sky130_fd_sc_hd__mux2_1)
     1    0.002329    0.037777    0.115053    1.897017 ^ _110_/X (sky130_fd_sc_hd__mux2_1)
                                                         _026_ (net)
                      0.037777    0.000066    1.897084 ^ _177_/D (sky130_fd_sc_hd__dfrtp_1)
                                              1.897084   data arrival time

                                  0.000000    0.000000   clock HCLK (rise edge)
                                  0.000000    0.000000   clock source latency
     1    0.059370    0.271235    0.194671    0.194671 ^ HCLK (in)
                                                         HCLK (net)
                      0.272238    0.000000    0.194671 ^ clkbuf_0_HCLK/A (sky130_fd_sc_hd__clkbuf_16)
     5    0.133985    0.147811    0.278990    0.473661 ^ clkbuf_0_HCLK/X (sky130_fd_sc_hd__clkbuf_16)
                                                         clknet_0_HCLK (net)
                      0.149590    0.012878    0.486539 ^ clkbuf_2_0_0_HCLK/A (sky130_fd_sc_hd__clkbuf_8)
     2    0.039991    0.082545    0.192758    0.679297 ^ clkbuf_2_0_0_HCLK/X (sky130_fd_sc_hd__clkbuf_8)
                                                         clknet_2_0_0_HCLK (net)
                      0.082601    0.002032    0.681329 ^ clkbuf_3_0__f_HCLK/A (sky130_fd_sc_hd__clkbuf_16)
     8    0.097420    0.114015    0.194604    0.875933 ^ clkbuf_3_0__f_HCLK/X (sky130_fd_sc_hd__clkbuf_16)
                                                         clknet_3_0__leaf_HCLK (net)
                      0.115401    0.010024    0.885956 ^ _177_/CLK (sky130_fd_sc_hd__dfrtp_1)
                                  0.250000    1.135956   clock uncertainty
                                  0.000000    1.135956   clock reconvergence pessimism
                                 -0.023643    1.112313   library hold time
                                              1.112313   data required time
---------------------------------------------------------------------------------------------
                                              1.112313   data required time
                                             -1.897084   data arrival time
---------------------------------------------------------------------------------------------
                                              0.784771   slack (MET)


Startpoint: _184_ (rising edge-triggered flip-flop clocked by HCLK)
Endpoint: _184_ (rising edge-triggered flip-flop clocked by HCLK)
Path Group: HCLK
Path Type: min

Fanout         Cap        Slew       Delay        Time   Description
---------------------------------------------------------------------------------------------
                                  0.000000    0.000000   clock HCLK (rise edge)
                                  0.000000    0.000000   clock source latency
     1    0.059370    0.271235    0.194671    0.194671 ^ HCLK (in)
                                                         HCLK (net)
                      0.272238    0.000000    0.194671 ^ clkbuf_0_HCLK/A (sky130_fd_sc_hd__clkbuf_16)
     5    0.133985    0.147811    0.278990    0.473661 ^ clkbuf_0_HCLK/X (sky130_fd_sc_hd__clkbuf_16)
                                                         clknet_0_HCLK (net)
                      0.149720    0.013334    0.486995 ^ clkbuf_2_1_0_HCLK/A (sky130_fd_sc_hd__clkbuf_8)
     2    0.036798    0.077541    0.188224    0.675219 ^ clkbuf_2_1_0_HCLK/X (sky130_fd_sc_hd__clkbuf_8)
                                                         clknet_2_1_0_HCLK (net)
                      0.078017    0.004412    0.679631 ^ clkbuf_3_2__f_HCLK/A (sky130_fd_sc_hd__clkbuf_16)
    10    0.035944    0.056112    0.150441    0.830072 ^ clkbuf_3_2__f_HCLK/X (sky130_fd_sc_hd__clkbuf_16)
                                                         clknet_3_2__leaf_HCLK (net)
                      0.056245    0.001836    0.831908 ^ _184_/CLK (sky130_fd_sc_hd__dfrtp_1)
     2    0.007105    0.078256    0.348205    1.180112 ^ _184_/Q (sky130_fd_sc_hd__dfrtp_1)
                                                         net153 (net)
                      0.078256    0.000144    1.180256 ^ hold43/A (sky130_fd_sc_hd__dlygate4sd3_1)
     1    0.002397    0.049525    0.540949    1.721205 ^ hold43/X (sky130_fd_sc_hd__dlygate4sd3_1)
                                                         net235 (net)
                      0.049525    0.000048    1.721254 ^ _117_/A1 (sky130_fd_sc_hd__mux2_1)
     1    0.002337    0.037837    0.115036    1.836290 ^ _117_/X (sky130_fd_sc_hd__mux2_1)
                                                         _033_ (net)
                      0.037837    0.000067    1.836356 ^ _184_/D (sky130_fd_sc_hd__dfrtp_1)
                                              1.836356   data arrival time

                                  0.000000    0.000000   clock HCLK (rise edge)
                                  0.000000    0.000000   clock source latency
     1    0.059370    0.271235    0.194671    0.194671 ^ HCLK (in)
                                                         HCLK (net)
                      0.272238    0.000000    0.194671 ^ clkbuf_0_HCLK/A (sky130_fd_sc_hd__clkbuf_16)
     5    0.133985    0.147811    0.278990    0.473661 ^ clkbuf_0_HCLK/X (sky130_fd_sc_hd__clkbuf_16)
                                                         clknet_0_HCLK (net)
                      0.149720    0.013334    0.486995 ^ clkbuf_2_1_0_HCLK/A (sky130_fd_sc_hd__clkbuf_8)
     2    0.036798    0.077541    0.188224    0.675219 ^ clkbuf_2_1_0_HCLK/X (sky130_fd_sc_hd__clkbuf_8)
                                                         clknet_2_1_0_HCLK (net)
                      0.078017    0.004412    0.679631 ^ clkbuf_3_2__f_HCLK/A (sky130_fd_sc_hd__clkbuf_16)
    10    0.035944    0.056112    0.150441    0.830072 ^ clkbuf_3_2__f_HCLK/X (sky130_fd_sc_hd__clkbuf_16)
                                                         clknet_3_2__leaf_HCLK (net)
                      0.056245    0.001836    0.831908 ^ _184_/CLK (sky130_fd_sc_hd__dfrtp_1)
                                  0.250000    1.081908   clock uncertainty
                                  0.000000    1.081908   clock reconvergence pessimism
                                 -0.031728    1.050179   library hold time
                                              1.050179   data required time
---------------------------------------------------------------------------------------------
                                              1.050179   data required time
                                             -1.836356   data arrival time
---------------------------------------------------------------------------------------------
                                              0.786177   slack (MET)


Startpoint: _180_ (rising edge-triggered flip-flop clocked by HCLK)
Endpoint: _180_ (rising edge-triggered flip-flop clocked by HCLK)
Path Group: HCLK
Path Type: min

Fanout         Cap        Slew       Delay        Time   Description
---------------------------------------------------------------------------------------------
                                  0.000000    0.000000   clock HCLK (rise edge)
                                  0.000000    0.000000   clock source latency
     1    0.059370    0.271235    0.194671    0.194671 ^ HCLK (in)
                                                         HCLK (net)
                      0.272238    0.000000    0.194671 ^ clkbuf_0_HCLK/A (sky130_fd_sc_hd__clkbuf_16)
     5    0.133985    0.147811    0.278990    0.473661 ^ clkbuf_0_HCLK/X (sky130_fd_sc_hd__clkbuf_16)
                                                         clknet_0_HCLK (net)
                      0.149720    0.013334    0.486995 ^ clkbuf_2_1_0_HCLK/A (sky130_fd_sc_hd__clkbuf_8)
     2    0.036798    0.077541    0.188224    0.675219 ^ clkbuf_2_1_0_HCLK/X (sky130_fd_sc_hd__clkbuf_8)
                                                         clknet_2_1_0_HCLK (net)
                      0.078017    0.004412    0.679631 ^ clkbuf_3_2__f_HCLK/A (sky130_fd_sc_hd__clkbuf_16)
    10    0.035944    0.056112    0.150441    0.830072 ^ clkbuf_3_2__f_HCLK/X (sky130_fd_sc_hd__clkbuf_16)
                                                         clknet_3_2__leaf_HCLK (net)
                      0.056256    0.001946    0.832018 ^ _180_/CLK (sky130_fd_sc_hd__dfrtp_1)
     2    0.005767    0.067710    0.339219    1.171237 ^ _180_/Q (sky130_fd_sc_hd__dfrtp_1)
                                                         net126 (net)
                      0.067710    0.000081    1.171318 ^ hold37/A (sky130_fd_sc_hd__dlygate4sd3_1)
     1    0.003418    0.058328    0.547459    1.718777 ^ hold37/X (sky130_fd_sc_hd__dlygate4sd3_1)
                                                         net229 (net)
                      0.058328    0.000111    1.718887 ^ _113_/A1 (sky130_fd_sc_hd__mux2_1)
     1    0.002342    0.037874    0.118084    1.836971 ^ _113_/X (sky130_fd_sc_hd__mux2_1)
                                                         _029_ (net)
                      0.037874    0.000067    1.837038 ^ _180_/D (sky130_fd_sc_hd__dfrtp_1)
                                              1.837038   data arrival time

                                  0.000000    0.000000   clock HCLK (rise edge)
                                  0.000000    0.000000   clock source latency
     1    0.059370    0.271235    0.194671    0.194671 ^ HCLK (in)
                                                         HCLK (net)
                      0.272238    0.000000    0.194671 ^ clkbuf_0_HCLK/A (sky130_fd_sc_hd__clkbuf_16)
     5    0.133985    0.147811    0.278990    0.473661 ^ clkbuf_0_HCLK/X (sky130_fd_sc_hd__clkbuf_16)
                                                         clknet_0_HCLK (net)
                      0.149720    0.013334    0.486995 ^ clkbuf_2_1_0_HCLK/A (sky130_fd_sc_hd__clkbuf_8)
     2    0.036798    0.077541    0.188224    0.675219 ^ clkbuf_2_1_0_HCLK/X (sky130_fd_sc_hd__clkbuf_8)
                                                         clknet_2_1_0_HCLK (net)
                      0.078017    0.004412    0.679631 ^ clkbuf_3_2__f_HCLK/A (sky130_fd_sc_hd__clkbuf_16)
    10    0.035944    0.056112    0.150441    0.830072 ^ clkbuf_3_2__f_HCLK/X (sky130_fd_sc_hd__clkbuf_16)
                                                         clknet_3_2__leaf_HCLK (net)
                      0.056256    0.001946    0.832018 ^ _180_/CLK (sky130_fd_sc_hd__dfrtp_1)
                                  0.250000    1.082018   clock uncertainty
                                  0.000000    1.082018   clock reconvergence pessimism
                                 -0.031735    1.050284   library hold time
                                              1.050284   data required time
---------------------------------------------------------------------------------------------
                                              1.050284   data required time
                                             -1.837038   data arrival time
---------------------------------------------------------------------------------------------
                                              0.786754   slack (MET)


Startpoint: _203_ (rising edge-triggered flip-flop clocked by HCLK)
Endpoint: _203_ (rising edge-triggered flip-flop clocked by HCLK)
Path Group: HCLK
Path Type: min

Fanout         Cap        Slew       Delay        Time   Description
---------------------------------------------------------------------------------------------
                                  0.000000    0.000000   clock HCLK (rise edge)
                                  0.000000    0.000000   clock source latency
     1    0.059370    0.271235    0.194671    0.194671 ^ HCLK (in)
                                                         HCLK (net)
                      0.272238    0.000000    0.194671 ^ clkbuf_0_HCLK/A (sky130_fd_sc_hd__clkbuf_16)
     5    0.133985    0.147811    0.278990    0.473661 ^ clkbuf_0_HCLK/X (sky130_fd_sc_hd__clkbuf_16)
                                                         clknet_0_HCLK (net)
                      0.149590    0.012878    0.486539 ^ clkbuf_2_0_0_HCLK/A (sky130_fd_sc_hd__clkbuf_8)
     2    0.039991    0.082545    0.192758    0.679297 ^ clkbuf_2_0_0_HCLK/X (sky130_fd_sc_hd__clkbuf_8)
                                                         clknet_2_0_0_HCLK (net)
                      0.082601    0.002032    0.681329 ^ clkbuf_3_0__f_HCLK/A (sky130_fd_sc_hd__clkbuf_16)
     8    0.097420    0.114015    0.194604    0.875933 ^ clkbuf_3_0__f_HCLK/X (sky130_fd_sc_hd__clkbuf_16)
                                                         clknet_3_0__leaf_HCLK (net)
                      0.114909    0.008095    0.884028 ^ _203_/CLK (sky130_fd_sc_hd__dfrtp_1)
     2    0.005046    0.062094    0.356268    1.240296 ^ _203_/Q (sky130_fd_sc_hd__dfrtp_1)
                                                         net154 (net)
                      0.062094    0.000104    1.240401 ^ hold40/A (sky130_fd_sc_hd__dlygate4sd3_1)
     1    0.002735    0.052368    0.539468    1.779869 ^ hold40/X (sky130_fd_sc_hd__dlygate4sd3_1)
                                                         net232 (net)
                      0.052368    0.000059    1.779928 ^ _136_/A1 (sky130_fd_sc_hd__mux2_1)
     1    0.002567    0.039521    0.117841    1.897769 ^ _136_/X (sky130_fd_sc_hd__mux2_1)
                                                         _052_ (net)
                      0.039521    0.000074    1.897843 ^ _203_/D (sky130_fd_sc_hd__dfrtp_1)
                                              1.897843   data arrival time

                                  0.000000    0.000000   clock HCLK (rise edge)
                                  0.000000    0.000000   clock source latency
     1    0.059370    0.271235    0.194671    0.194671 ^ HCLK (in)
                                                         HCLK (net)
                      0.272238    0.000000    0.194671 ^ clkbuf_0_HCLK/A (sky130_fd_sc_hd__clkbuf_16)
     5    0.133985    0.147811    0.278990    0.473661 ^ clkbuf_0_HCLK/X (sky130_fd_sc_hd__clkbuf_16)
                                                         clknet_0_HCLK (net)
                      0.149590    0.012878    0.486539 ^ clkbuf_2_0_0_HCLK/A (sky130_fd_sc_hd__clkbuf_8)
     2    0.039991    0.082545    0.192758    0.679297 ^ clkbuf_2_0_0_HCLK/X (sky130_fd_sc_hd__clkbuf_8)
                                                         clknet_2_0_0_HCLK (net)
                      0.082601    0.002032    0.681329 ^ clkbuf_3_0__f_HCLK/A (sky130_fd_sc_hd__clkbuf_16)
     8    0.097420    0.114015    0.194604    0.875933 ^ clkbuf_3_0__f_HCLK/X (sky130_fd_sc_hd__clkbuf_16)
                                                         clknet_3_0__leaf_HCLK (net)
                      0.114909    0.008095    0.884028 ^ _203_/CLK (sky130_fd_sc_hd__dfrtp_1)
                                  0.250000    1.134028   clock uncertainty
                                  0.000000    1.134028   clock reconvergence pessimism
                                 -0.024073    1.109955   library hold time
                                              1.109955   data required time
---------------------------------------------------------------------------------------------
                                              1.109955   data required time
                                             -1.897843   data arrival time
---------------------------------------------------------------------------------------------
                                              0.787888   slack (MET)


Startpoint: _202_ (rising edge-triggered flip-flop clocked by HCLK)
Endpoint: _202_ (rising edge-triggered flip-flop clocked by HCLK)
Path Group: HCLK
Path Type: min

Fanout         Cap        Slew       Delay        Time   Description
---------------------------------------------------------------------------------------------
                                  0.000000    0.000000   clock HCLK (rise edge)
                                  0.000000    0.000000   clock source latency
     1    0.059370    0.271235    0.194671    0.194671 ^ HCLK (in)
                                                         HCLK (net)
                      0.272238    0.000000    0.194671 ^ clkbuf_0_HCLK/A (sky130_fd_sc_hd__clkbuf_16)
     5    0.133985    0.147811    0.278990    0.473661 ^ clkbuf_0_HCLK/X (sky130_fd_sc_hd__clkbuf_16)
                                                         clknet_0_HCLK (net)
                      0.149590    0.012878    0.486539 ^ clkbuf_2_0_0_HCLK/A (sky130_fd_sc_hd__clkbuf_8)
     2    0.039991    0.082545    0.192758    0.679297 ^ clkbuf_2_0_0_HCLK/X (sky130_fd_sc_hd__clkbuf_8)
                                                         clknet_2_0_0_HCLK (net)
                      0.082829    0.003462    0.682759 ^ clkbuf_3_1__f_HCLK/A (sky130_fd_sc_hd__clkbuf_16)
     7    0.035020    0.055187    0.150817    0.833576 ^ clkbuf_3_1__f_HCLK/X (sky130_fd_sc_hd__clkbuf_16)
                                                         clknet_3_1__leaf_HCLK (net)
                      0.055719    0.004083    0.837659 ^ _202_/CLK (sky130_fd_sc_hd__dfrtp_1)
     2    0.006003    0.069555    0.340614    1.178272 ^ _202_/Q (sky130_fd_sc_hd__dfrtp_1)
                                                         net152 (net)
                      0.069555    0.000124    1.178397 ^ hold35/A (sky130_fd_sc_hd__dlygate4sd3_1)
     1    0.002763    0.052605    0.541873    1.720270 ^ hold35/X (sky130_fd_sc_hd__dlygate4sd3_1)
                                                         net227 (net)
                      0.052605    0.000084    1.720354 ^ _135_/A1 (sky130_fd_sc_hd__mux2_1)
     1    0.003226    0.044535    0.123156    1.843510 ^ _135_/X (sky130_fd_sc_hd__mux2_1)
                                                         _051_ (net)
                      0.044535    0.000102    1.843612 ^ _202_/D (sky130_fd_sc_hd__dfrtp_1)
                                              1.843612   data arrival time

                                  0.000000    0.000000   clock HCLK (rise edge)
                                  0.000000    0.000000   clock source latency
     1    0.059370    0.271235    0.194671    0.194671 ^ HCLK (in)
                                                         HCLK (net)
                      0.272238    0.000000    0.194671 ^ clkbuf_0_HCLK/A (sky130_fd_sc_hd__clkbuf_16)
     5    0.133985    0.147811    0.278990    0.473661 ^ clkbuf_0_HCLK/X (sky130_fd_sc_hd__clkbuf_16)
                                                         clknet_0_HCLK (net)
                      0.149590    0.012878    0.486539 ^ clkbuf_2_0_0_HCLK/A (sky130_fd_sc_hd__clkbuf_8)
     2    0.039991    0.082545    0.192758    0.679297 ^ clkbuf_2_0_0_HCLK/X (sky130_fd_sc_hd__clkbuf_8)
                                                         clknet_2_0_0_HCLK (net)
                      0.082829    0.003462    0.682759 ^ clkbuf_3_1__f_HCLK/A (sky130_fd_sc_hd__clkbuf_16)
     7    0.035020    0.055187    0.150817    0.833576 ^ clkbuf_3_1__f_HCLK/X (sky130_fd_sc_hd__clkbuf_16)
                                                         clknet_3_1__leaf_HCLK (net)
                      0.055719    0.004083    0.837659 ^ _202_/CLK (sky130_fd_sc_hd__dfrtp_1)
                                  0.250000    1.087659   clock uncertainty
                                  0.000000    1.087659   clock reconvergence pessimism
                                 -0.033202    1.054457   library hold time
                                              1.054457   data required time
---------------------------------------------------------------------------------------------
                                              1.054457   data required time
                                             -1.843612   data arrival time
---------------------------------------------------------------------------------------------
                                              0.789156   slack (MET)


Startpoint: _162_ (rising edge-triggered flip-flop clocked by HCLK)
Endpoint: _162_ (rising edge-triggered flip-flop clocked by HCLK)
Path Group: HCLK
Path Type: min

Fanout         Cap        Slew       Delay        Time   Description
---------------------------------------------------------------------------------------------
                                  0.000000    0.000000   clock HCLK (rise edge)
                                  0.000000    0.000000   clock source latency
     1    0.059370    0.271235    0.194671    0.194671 ^ HCLK (in)
                                                         HCLK (net)
                      0.272238    0.000000    0.194671 ^ clkbuf_0_HCLK/A (sky130_fd_sc_hd__clkbuf_16)
     5    0.133985    0.147811    0.278990    0.473661 ^ clkbuf_0_HCLK/X (sky130_fd_sc_hd__clkbuf_16)
                                                         clknet_0_HCLK (net)
                      0.149171    0.011290    0.484951 ^ clkbuf_2_2_0_HCLK/A (sky130_fd_sc_hd__clkbuf_8)
     2    0.035281    0.075148    0.186583    0.671534 ^ clkbuf_2_2_0_HCLK/X (sky130_fd_sc_hd__clkbuf_8)
                                                         clknet_2_2_0_HCLK (net)
                      0.075449    0.003322    0.674856 ^ clkbuf_3_4__f_HCLK/A (sky130_fd_sc_hd__clkbuf_16)
    11    0.039034    0.058892    0.152107    0.826962 ^ clkbuf_3_4__f_HCLK/X (sky130_fd_sc_hd__clkbuf_16)
                                                         clknet_3_4__leaf_HCLK (net)
                      0.058917    0.001069    0.828032 ^ _162_/CLK (sky130_fd_sc_hd__dfrtp_1)
     2    0.006844    0.076189    0.347436    1.175467 ^ _162_/Q (sky130_fd_sc_hd__dfrtp_1)
                                                         net107 (net)
                      0.076189    0.000186    1.175654 ^ hold21/A (sky130_fd_sc_hd__dlygate4sd3_1)
     1    0.002553    0.050832    0.541821    1.717475 ^ hold21/X (sky130_fd_sc_hd__dlygate4sd3_1)
                                                         net213 (net)
                      0.050832    0.000051    1.717526 ^ _095_/A1 (sky130_fd_sc_hd__mux2_1)
     1    0.002648    0.040132    0.117956    1.835482 ^ _095_/X (sky130_fd_sc_hd__mux2_1)
                                                         _011_ (net)
                      0.040132    0.000079    1.835560 ^ _162_/D (sky130_fd_sc_hd__dfrtp_1)
                                              1.835560   data arrival time

                                  0.000000    0.000000   clock HCLK (rise edge)
                                  0.000000    0.000000   clock source latency
     1    0.059370    0.271235    0.194671    0.194671 ^ HCLK (in)
                                                         HCLK (net)
                      0.272238    0.000000    0.194671 ^ clkbuf_0_HCLK/A (sky130_fd_sc_hd__clkbuf_16)
     5    0.133985    0.147811    0.278990    0.473661 ^ clkbuf_0_HCLK/X (sky130_fd_sc_hd__clkbuf_16)
                                                         clknet_0_HCLK (net)
                      0.149171    0.011290    0.484951 ^ clkbuf_2_2_0_HCLK/A (sky130_fd_sc_hd__clkbuf_8)
     2    0.035281    0.075148    0.186583    0.671534 ^ clkbuf_2_2_0_HCLK/X (sky130_fd_sc_hd__clkbuf_8)
                                                         clknet_2_2_0_HCLK (net)
                      0.075449    0.003322    0.674856 ^ clkbuf_3_4__f_HCLK/A (sky130_fd_sc_hd__clkbuf_16)
    11    0.039034    0.058892    0.152107    0.826962 ^ clkbuf_3_4__f_HCLK/X (sky130_fd_sc_hd__clkbuf_16)
                                                         clknet_3_4__leaf_HCLK (net)
                      0.058917    0.001069    0.828032 ^ _162_/CLK (sky130_fd_sc_hd__dfrtp_1)
                                  0.250000    1.078032   clock uncertainty
                                  0.000000    1.078032   clock reconvergence pessimism
                                 -0.031844    1.046188   library hold time
                                              1.046188   data required time
---------------------------------------------------------------------------------------------
                                              1.046188   data required time
                                             -1.835560   data arrival time
---------------------------------------------------------------------------------------------
                                              0.789373   slack (MET)


Startpoint: _158_ (rising edge-triggered flip-flop clocked by HCLK)
Endpoint: _158_ (rising edge-triggered flip-flop clocked by HCLK)
Path Group: HCLK
Path Type: min

Fanout         Cap        Slew       Delay        Time   Description
---------------------------------------------------------------------------------------------
                                  0.000000    0.000000   clock HCLK (rise edge)
                                  0.000000    0.000000   clock source latency
     1    0.059370    0.271235    0.194671    0.194671 ^ HCLK (in)
                                                         HCLK (net)
                      0.272238    0.000000    0.194671 ^ clkbuf_0_HCLK/A (sky130_fd_sc_hd__clkbuf_16)
     5    0.133985    0.147811    0.278990    0.473661 ^ clkbuf_0_HCLK/X (sky130_fd_sc_hd__clkbuf_16)
                                                         clknet_0_HCLK (net)
                      0.149720    0.013334    0.486995 ^ clkbuf_2_1_0_HCLK/A (sky130_fd_sc_hd__clkbuf_8)
     2    0.036798    0.077541    0.188224    0.675219 ^ clkbuf_2_1_0_HCLK/X (sky130_fd_sc_hd__clkbuf_8)
                                                         clknet_2_1_0_HCLK (net)
                      0.077988    0.004251    0.679471 ^ clkbuf_3_3__f_HCLK/A (sky130_fd_sc_hd__clkbuf_16)
    10    0.027154    0.048291    0.144194    0.823665 ^ clkbuf_3_3__f_HCLK/X (sky130_fd_sc_hd__clkbuf_16)
                                                         clknet_3_3__leaf_HCLK (net)
                      0.048301    0.000603    0.824268 ^ _158_/CLK (sky130_fd_sc_hd__dfrtp_1)
     2    0.007951    0.085006    0.350919    1.175187 ^ _158_/Q (sky130_fd_sc_hd__dfrtp_1)
                                                         net134 (net)
                      0.085006    0.000152    1.175339 ^ hold44/A (sky130_fd_sc_hd__dlygate4sd3_1)
     1    0.002416    0.049681    0.543071    1.718410 ^ hold44/X (sky130_fd_sc_hd__dlygate4sd3_1)
                                                         net236 (net)
                      0.049681    0.000048    1.718458 ^ _091_/A1 (sky130_fd_sc_hd__mux2_1)
     1    0.002266    0.037326    0.114531    1.832990 ^ _091_/X (sky130_fd_sc_hd__mux2_1)
                                                         _007_ (net)
                      0.037326    0.000064    1.833053 ^ _158_/D (sky130_fd_sc_hd__dfrtp_1)
                                              1.833053   data arrival time

                                  0.000000    0.000000   clock HCLK (rise edge)
                                  0.000000    0.000000   clock source latency
     1    0.059370    0.271235    0.194671    0.194671 ^ HCLK (in)
                                                         HCLK (net)
                      0.272238    0.000000    0.194671 ^ clkbuf_0_HCLK/A (sky130_fd_sc_hd__clkbuf_16)
     5    0.133985    0.147811    0.278990    0.473661 ^ clkbuf_0_HCLK/X (sky130_fd_sc_hd__clkbuf_16)
                                                         clknet_0_HCLK (net)
                      0.149720    0.013334    0.486995 ^ clkbuf_2_1_0_HCLK/A (sky130_fd_sc_hd__clkbuf_8)
     2    0.036798    0.077541    0.188224    0.675219 ^ clkbuf_2_1_0_HCLK/X (sky130_fd_sc_hd__clkbuf_8)
                                                         clknet_2_1_0_HCLK (net)
                      0.077988    0.004251    0.679471 ^ clkbuf_3_3__f_HCLK/A (sky130_fd_sc_hd__clkbuf_16)
    10    0.027154    0.048291    0.144194    0.823665 ^ clkbuf_3_3__f_HCLK/X (sky130_fd_sc_hd__clkbuf_16)
                                                         clknet_3_3__leaf_HCLK (net)
                      0.048301    0.000603    0.824268 ^ _158_/CLK (sky130_fd_sc_hd__dfrtp_1)
                                  0.250000    1.074268   clock uncertainty
                                  0.000000    1.074268   clock reconvergence pessimism
                                 -0.032705    1.041563   library hold time
                                              1.041563   data required time
---------------------------------------------------------------------------------------------
                                              1.041563   data required time
                                             -1.833053   data arrival time
---------------------------------------------------------------------------------------------
                                              0.791491   slack (MET)


Startpoint: _172_ (rising edge-triggered flip-flop clocked by HCLK)
Endpoint: _172_ (rising edge-triggered flip-flop clocked by HCLK)
Path Group: HCLK
Path Type: min

Fanout         Cap        Slew       Delay        Time   Description
---------------------------------------------------------------------------------------------
                                  0.000000    0.000000   clock HCLK (rise edge)
                                  0.000000    0.000000   clock source latency
     1    0.059370    0.271235    0.194671    0.194671 ^ HCLK (in)
                                                         HCLK (net)
                      0.272238    0.000000    0.194671 ^ clkbuf_0_HCLK/A (sky130_fd_sc_hd__clkbuf_16)
     5    0.133985    0.147811    0.278990    0.473661 ^ clkbuf_0_HCLK/X (sky130_fd_sc_hd__clkbuf_16)
                                                         clknet_0_HCLK (net)
                      0.149590    0.012878    0.486539 ^ clkbuf_2_0_0_HCLK/A (sky130_fd_sc_hd__clkbuf_8)
     2    0.039991    0.082545    0.192758    0.679297 ^ clkbuf_2_0_0_HCLK/X (sky130_fd_sc_hd__clkbuf_8)
                                                         clknet_2_0_0_HCLK (net)
                      0.082601    0.002032    0.681329 ^ clkbuf_3_0__f_HCLK/A (sky130_fd_sc_hd__clkbuf_16)
     8    0.097420    0.114015    0.194604    0.875933 ^ clkbuf_3_0__f_HCLK/X (sky130_fd_sc_hd__clkbuf_16)
                                                         clknet_3_0__leaf_HCLK (net)
                      0.115411    0.010060    0.885992 ^ _172_/CLK (sky130_fd_sc_hd__dfrtp_1)
     2    0.005406    0.064855    0.358882    1.244875 ^ _172_/Q (sky130_fd_sc_hd__dfrtp_1)
                                                         net118 (net)
                      0.064855    0.000077    1.244951 ^ hold49/A (sky130_fd_sc_hd__dlygate4sd3_1)
     1    0.002986    0.054526    0.542622    1.787574 ^ hold49/X (sky130_fd_sc_hd__dlygate4sd3_1)
                                                         net241 (net)
                      0.054526    0.000087    1.787661 ^ _105_/A1 (sky130_fd_sc_hd__mux2_1)
     1    0.002313    0.037664    0.116562    1.904223 ^ _105_/X (sky130_fd_sc_hd__mux2_1)
                                                         _021_ (net)
                      0.037664    0.000066    1.904289 ^ _172_/D (sky130_fd_sc_hd__dfrtp_1)
                                              1.904289   data arrival time

                                  0.000000    0.000000   clock HCLK (rise edge)
                                  0.000000    0.000000   clock source latency
     1    0.059370    0.271235    0.194671    0.194671 ^ HCLK (in)
                                                         HCLK (net)
                      0.272238    0.000000    0.194671 ^ clkbuf_0_HCLK/A (sky130_fd_sc_hd__clkbuf_16)
     5    0.133985    0.147811    0.278990    0.473661 ^ clkbuf_0_HCLK/X (sky130_fd_sc_hd__clkbuf_16)
                                                         clknet_0_HCLK (net)
                      0.149590    0.012878    0.486539 ^ clkbuf_2_0_0_HCLK/A (sky130_fd_sc_hd__clkbuf_8)
     2    0.039991    0.082545    0.192758    0.679297 ^ clkbuf_2_0_0_HCLK/X (sky130_fd_sc_hd__clkbuf_8)
                                                         clknet_2_0_0_HCLK (net)
                      0.082601    0.002032    0.681329 ^ clkbuf_3_0__f_HCLK/A (sky130_fd_sc_hd__clkbuf_16)
     8    0.097420    0.114015    0.194604    0.875933 ^ clkbuf_3_0__f_HCLK/X (sky130_fd_sc_hd__clkbuf_16)
                                                         clknet_3_0__leaf_HCLK (net)
                      0.115411    0.010060    0.885992 ^ _172_/CLK (sky130_fd_sc_hd__dfrtp_1)
                                  0.250000    1.135992   clock uncertainty
                                  0.000000    1.135992   clock reconvergence pessimism
                                 -0.023618    1.112374   library hold time
                                              1.112374   data required time
---------------------------------------------------------------------------------------------
                                              1.112374   data required time
                                             -1.904289   data arrival time
---------------------------------------------------------------------------------------------
                                              0.791915   slack (MET)


Startpoint: _207_ (rising edge-triggered flip-flop clocked by HCLK)
Endpoint: _207_ (rising edge-triggered flip-flop clocked by HCLK)
Path Group: HCLK
Path Type: min

Fanout         Cap        Slew       Delay        Time   Description
---------------------------------------------------------------------------------------------
                                  0.000000    0.000000   clock HCLK (rise edge)
                                  0.000000    0.000000   clock source latency
     1    0.059370    0.271235    0.194671    0.194671 ^ HCLK (in)
                                                         HCLK (net)
                      0.272238    0.000000    0.194671 ^ clkbuf_0_HCLK/A (sky130_fd_sc_hd__clkbuf_16)
     5    0.133985    0.147811    0.278990    0.473661 ^ clkbuf_0_HCLK/X (sky130_fd_sc_hd__clkbuf_16)
                                                         clknet_0_HCLK (net)
                      0.149590    0.012878    0.486539 ^ clkbuf_2_0_0_HCLK/A (sky130_fd_sc_hd__clkbuf_8)
     2    0.039991    0.082545    0.192758    0.679297 ^ clkbuf_2_0_0_HCLK/X (sky130_fd_sc_hd__clkbuf_8)
                                                         clknet_2_0_0_HCLK (net)
                      0.082601    0.002032    0.681329 ^ clkbuf_3_0__f_HCLK/A (sky130_fd_sc_hd__clkbuf_16)
     8    0.097420    0.114015    0.194604    0.875933 ^ clkbuf_3_0__f_HCLK/X (sky130_fd_sc_hd__clkbuf_16)
                                                         clknet_3_0__leaf_HCLK (net)
                      0.115418    0.010082    0.886015 ^ _207_/CLK (sky130_fd_sc_hd__dfrtp_1)
     2    0.006587    0.074148    0.366809    1.252824 ^ _207_/Q (sky130_fd_sc_hd__dfrtp_1)
                                                         net158 (net)
                      0.074148    0.000130    1.252954 ^ hold54/A (sky130_fd_sc_hd__dlygate4sd3_1)
     1    0.002331    0.049019    0.539136    1.792090 ^ hold54/X (sky130_fd_sc_hd__dlygate4sd3_1)
                                                         net246 (net)
                      0.049019    0.000046    1.792135 ^ _140_/A1 (sky130_fd_sc_hd__mux2_1)
     1    0.002279    0.037424    0.114406    1.906541 ^ _140_/X (sky130_fd_sc_hd__mux2_1)
                                                         _056_ (net)
                      0.037424    0.000065    1.906606 ^ _207_/D (sky130_fd_sc_hd__dfrtp_1)
                                              1.906606   data arrival time

                                  0.000000    0.000000   clock HCLK (rise edge)
                                  0.000000    0.000000   clock source latency
     1    0.059370    0.271235    0.194671    0.194671 ^ HCLK (in)
                                                         HCLK (net)
                      0.272238    0.000000    0.194671 ^ clkbuf_0_HCLK/A (sky130_fd_sc_hd__clkbuf_16)
     5    0.133985    0.147811    0.278990    0.473661 ^ clkbuf_0_HCLK/X (sky130_fd_sc_hd__clkbuf_16)
                                                         clknet_0_HCLK (net)
                      0.149590    0.012878    0.486539 ^ clkbuf_2_0_0_HCLK/A (sky130_fd_sc_hd__clkbuf_8)
     2    0.039991    0.082545    0.192758    0.679297 ^ clkbuf_2_0_0_HCLK/X (sky130_fd_sc_hd__clkbuf_8)
                                                         clknet_2_0_0_HCLK (net)
                      0.082601    0.002032    0.681329 ^ clkbuf_3_0__f_HCLK/A (sky130_fd_sc_hd__clkbuf_16)
     8    0.097420    0.114015    0.194604    0.875933 ^ clkbuf_3_0__f_HCLK/X (sky130_fd_sc_hd__clkbuf_16)
                                                         clknet_3_0__leaf_HCLK (net)
                      0.115418    0.010082    0.886015 ^ _207_/CLK (sky130_fd_sc_hd__dfrtp_1)
                                  0.250000    1.136015   clock uncertainty
                                  0.000000    1.136015   clock reconvergence pessimism
                                 -0.023568    1.112447   library hold time
                                              1.112447   data required time
---------------------------------------------------------------------------------------------
                                              1.112447   data required time
                                             -1.906606   data arrival time
---------------------------------------------------------------------------------------------
                                              0.794159   slack (MET)


Startpoint: _209_ (rising edge-triggered flip-flop clocked by HCLK)
Endpoint: _209_ (rising edge-triggered flip-flop clocked by HCLK)
Path Group: HCLK
Path Type: min

Fanout         Cap        Slew       Delay        Time   Description
---------------------------------------------------------------------------------------------
                                  0.000000    0.000000   clock HCLK (rise edge)
                                  0.000000    0.000000   clock source latency
     1    0.059370    0.271235    0.194671    0.194671 ^ HCLK (in)
                                                         HCLK (net)
                      0.272238    0.000000    0.194671 ^ clkbuf_0_HCLK/A (sky130_fd_sc_hd__clkbuf_16)
     5    0.133985    0.147811    0.278990    0.473661 ^ clkbuf_0_HCLK/X (sky130_fd_sc_hd__clkbuf_16)
                                                         clknet_0_HCLK (net)
                      0.149132    0.011130    0.484791 ^ clkbuf_2_3_0_HCLK/A (sky130_fd_sc_hd__clkbuf_8)
     2    0.038985    0.080656    0.191808    0.676599 ^ clkbuf_2_3_0_HCLK/X (sky130_fd_sc_hd__clkbuf_8)
                                                         clknet_2_3_0_HCLK (net)
                      0.080861    0.002748    0.679347 ^ clkbuf_3_6__f_HCLK/A (sky130_fd_sc_hd__clkbuf_16)
     8    0.072287    0.089992    0.175724    0.855070 ^ clkbuf_3_6__f_HCLK/X (sky130_fd_sc_hd__clkbuf_16)
                                                         clknet_3_6__leaf_HCLK (net)
                      0.090629    0.006003    0.861074 ^ _209_/CLK (sky130_fd_sc_hd__dfrtp_1)
     2    0.006738    0.075344    0.358568    1.219642 ^ _209_/Q (sky130_fd_sc_hd__dfrtp_1)
                                                         net160 (net)
                      0.075344    0.000136    1.219778 ^ hold55/A (sky130_fd_sc_hd__dlygate4sd3_1)
     1    0.002490    0.050302    0.540985    1.760763 ^ hold55/X (sky130_fd_sc_hd__dlygate4sd3_1)
                                                         net247 (net)
                      0.050302    0.000049    1.760811 ^ _142_/A1 (sky130_fd_sc_hd__mux2_1)
     1    0.002610    0.039844    0.117474    1.878285 ^ _142_/X (sky130_fd_sc_hd__mux2_1)
                                                         _058_ (net)
                      0.039844    0.000074    1.878360 ^ _209_/D (sky130_fd_sc_hd__dfrtp_1)
                                              1.878360   data arrival time

                                  0.000000    0.000000   clock HCLK (rise edge)
                                  0.000000    0.000000   clock source latency
     1    0.059370    0.271235    0.194671    0.194671 ^ HCLK (in)
                                                         HCLK (net)
                      0.272238    0.000000    0.194671 ^ clkbuf_0_HCLK/A (sky130_fd_sc_hd__clkbuf_16)
     5    0.133985    0.147811    0.278990    0.473661 ^ clkbuf_0_HCLK/X (sky130_fd_sc_hd__clkbuf_16)
                                                         clknet_0_HCLK (net)
                      0.149132    0.011130    0.484791 ^ clkbuf_2_3_0_HCLK/A (sky130_fd_sc_hd__clkbuf_8)
     2    0.038985    0.080656    0.191808    0.676599 ^ clkbuf_2_3_0_HCLK/X (sky130_fd_sc_hd__clkbuf_8)
                                                         clknet_2_3_0_HCLK (net)
                      0.080861    0.002748    0.679347 ^ clkbuf_3_6__f_HCLK/A (sky130_fd_sc_hd__clkbuf_16)
     8    0.072287    0.089992    0.175724    0.855070 ^ clkbuf_3_6__f_HCLK/X (sky130_fd_sc_hd__clkbuf_16)
                                                         clknet_3_6__leaf_HCLK (net)
                      0.090629    0.006003    0.861074 ^ _209_/CLK (sky130_fd_sc_hd__dfrtp_1)
                                  0.250000    1.111074   clock uncertainty
                                  0.000000    1.111074   clock reconvergence pessimism
                                 -0.027455    1.083619   library hold time
                                              1.083619   data required time
---------------------------------------------------------------------------------------------
                                              1.083619   data required time
                                             -1.878360   data arrival time
---------------------------------------------------------------------------------------------
                                              0.794740   slack (MET)


Startpoint: _185_ (rising edge-triggered flip-flop clocked by HCLK)
Endpoint: _185_ (rising edge-triggered flip-flop clocked by HCLK)
Path Group: HCLK
Path Type: min

Fanout         Cap        Slew       Delay        Time   Description
---------------------------------------------------------------------------------------------
                                  0.000000    0.000000   clock HCLK (rise edge)
                                  0.000000    0.000000   clock source latency
     1    0.059370    0.271235    0.194671    0.194671 ^ HCLK (in)
                                                         HCLK (net)
                      0.272238    0.000000    0.194671 ^ clkbuf_0_HCLK/A (sky130_fd_sc_hd__clkbuf_16)
     5    0.133985    0.147811    0.278990    0.473661 ^ clkbuf_0_HCLK/X (sky130_fd_sc_hd__clkbuf_16)
                                                         clknet_0_HCLK (net)
                      0.149171    0.011290    0.484951 ^ clkbuf_2_2_0_HCLK/A (sky130_fd_sc_hd__clkbuf_8)
     2    0.035281    0.075148    0.186583    0.671534 ^ clkbuf_2_2_0_HCLK/X (sky130_fd_sc_hd__clkbuf_8)
                                                         clknet_2_2_0_HCLK (net)
                      0.075526    0.003826    0.675360 ^ clkbuf_3_5__f_HCLK/A (sky130_fd_sc_hd__clkbuf_16)
    11    0.034216    0.054644    0.148324    0.823684 ^ clkbuf_3_5__f_HCLK/X (sky130_fd_sc_hd__clkbuf_16)
                                                         clknet_3_5__leaf_HCLK (net)
                      0.054665    0.001106    0.824790 ^ _185_/CLK (sky130_fd_sc_hd__dfrtp_1)
     2    0.007063    0.077939    0.347304    1.172094 ^ _185_/Q (sky130_fd_sc_hd__dfrtp_1)
                                                         net164 (net)
                      0.077939    0.000168    1.172262 ^ hold47/A (sky130_fd_sc_hd__dlygate4sd3_1)
     1    0.002947    0.054195    0.546014    1.718276 ^ hold47/X (sky130_fd_sc_hd__dlygate4sd3_1)
                                                         net239 (net)
                      0.054195    0.000092    1.718368 ^ _118_/A1 (sky130_fd_sc_hd__mux2_1)
     1    0.002623    0.039948    0.118913    1.837281 ^ _118_/X (sky130_fd_sc_hd__mux2_1)
                                                         _034_ (net)
                      0.039948    0.000077    1.837358 ^ _185_/D (sky130_fd_sc_hd__dfrtp_1)
                                              1.837358   data arrival time

                                  0.000000    0.000000   clock HCLK (rise edge)
                                  0.000000    0.000000   clock source latency
     1    0.059370    0.271235    0.194671    0.194671 ^ HCLK (in)
                                                         HCLK (net)
                      0.272238    0.000000    0.194671 ^ clkbuf_0_HCLK/A (sky130_fd_sc_hd__clkbuf_16)
     5    0.133985    0.147811    0.278990    0.473661 ^ clkbuf_0_HCLK/X (sky130_fd_sc_hd__clkbuf_16)
                                                         clknet_0_HCLK (net)
                      0.149171    0.011290    0.484951 ^ clkbuf_2_2_0_HCLK/A (sky130_fd_sc_hd__clkbuf_8)
     2    0.035281    0.075148    0.186583    0.671534 ^ clkbuf_2_2_0_HCLK/X (sky130_fd_sc_hd__clkbuf_8)
                                                         clknet_2_2_0_HCLK (net)
                      0.075526    0.003826    0.675360 ^ clkbuf_3_5__f_HCLK/A (sky130_fd_sc_hd__clkbuf_16)
    11    0.034216    0.054644    0.148324    0.823684 ^ clkbuf_3_5__f_HCLK/X (sky130_fd_sc_hd__clkbuf_16)
                                                         clknet_3_5__leaf_HCLK (net)
                      0.054665    0.001106    0.824790 ^ _185_/CLK (sky130_fd_sc_hd__dfrtp_1)
                                  0.250000    1.074790   clock uncertainty
                                  0.000000    1.074790   clock reconvergence pessimism
                                 -0.032386    1.042404   library hold time
                                              1.042404   data required time
---------------------------------------------------------------------------------------------
                                              1.042404   data required time
                                             -1.837358   data arrival time
---------------------------------------------------------------------------------------------
                                              0.794954   slack (MET)


Startpoint: _174_ (rising edge-triggered flip-flop clocked by HCLK)
Endpoint: _174_ (rising edge-triggered flip-flop clocked by HCLK)
Path Group: HCLK
Path Type: min

Fanout         Cap        Slew       Delay        Time   Description
---------------------------------------------------------------------------------------------
                                  0.000000    0.000000   clock HCLK (rise edge)
                                  0.000000    0.000000   clock source latency
     1    0.059370    0.271235    0.194671    0.194671 ^ HCLK (in)
                                                         HCLK (net)
                      0.272238    0.000000    0.194671 ^ clkbuf_0_HCLK/A (sky130_fd_sc_hd__clkbuf_16)
     5    0.133985    0.147811    0.278990    0.473661 ^ clkbuf_0_HCLK/X (sky130_fd_sc_hd__clkbuf_16)
                                                         clknet_0_HCLK (net)
                      0.149590    0.012878    0.486539 ^ clkbuf_2_0_0_HCLK/A (sky130_fd_sc_hd__clkbuf_8)
     2    0.039991    0.082545    0.192758    0.679297 ^ clkbuf_2_0_0_HCLK/X (sky130_fd_sc_hd__clkbuf_8)
                                                         clknet_2_0_0_HCLK (net)
                      0.082601    0.002032    0.681329 ^ clkbuf_3_0__f_HCLK/A (sky130_fd_sc_hd__clkbuf_16)
     8    0.097420    0.114015    0.194604    0.875933 ^ clkbuf_3_0__f_HCLK/X (sky130_fd_sc_hd__clkbuf_16)
                                                         clknet_3_0__leaf_HCLK (net)
                      0.114905    0.008078    0.884011 ^ _174_/CLK (sky130_fd_sc_hd__dfrtp_1)
     2    0.004946    0.061333    0.355595    1.239606 ^ _174_/Q (sky130_fd_sc_hd__dfrtp_1)
                                                         net120 (net)
                      0.061333    0.000076    1.239682 ^ hold51/A (sky130_fd_sc_hd__dlygate4sd3_1)
     1    0.003565    0.059448    0.546760    1.786441 ^ hold51/X (sky130_fd_sc_hd__dlygate4sd3_1)
                                                         net243 (net)
                      0.059448    0.000111    1.786552 ^ _107_/A1 (sky130_fd_sc_hd__mux2_1)
     1    0.002560    0.039469    0.120196    1.906748 ^ _107_/X (sky130_fd_sc_hd__mux2_1)
                                                         _023_ (net)
                      0.039469    0.000074    1.906822 ^ _174_/D (sky130_fd_sc_hd__dfrtp_1)
                                              1.906822   data arrival time

                                  0.000000    0.000000   clock HCLK (rise edge)
                                  0.000000    0.000000   clock source latency
     1    0.059370    0.271235    0.194671    0.194671 ^ HCLK (in)
                                                         HCLK (net)
                      0.272238    0.000000    0.194671 ^ clkbuf_0_HCLK/A (sky130_fd_sc_hd__clkbuf_16)
     5    0.133985    0.147811    0.278990    0.473661 ^ clkbuf_0_HCLK/X (sky130_fd_sc_hd__clkbuf_16)
                                                         clknet_0_HCLK (net)
                      0.149590    0.012878    0.486539 ^ clkbuf_2_0_0_HCLK/A (sky130_fd_sc_hd__clkbuf_8)
     2    0.039991    0.082545    0.192758    0.679297 ^ clkbuf_2_0_0_HCLK/X (sky130_fd_sc_hd__clkbuf_8)
                                                         clknet_2_0_0_HCLK (net)
                      0.082601    0.002032    0.681329 ^ clkbuf_3_0__f_HCLK/A (sky130_fd_sc_hd__clkbuf_16)
     8    0.097420    0.114015    0.194604    0.875933 ^ clkbuf_3_0__f_HCLK/X (sky130_fd_sc_hd__clkbuf_16)
                                                         clknet_3_0__leaf_HCLK (net)
                      0.114905    0.008078    0.884011 ^ _174_/CLK (sky130_fd_sc_hd__dfrtp_1)
                                  0.250000    1.134011   clock uncertainty
                                  0.000000    1.134011   clock reconvergence pessimism
                                 -0.024063    1.109948   library hold time
                                              1.109948   data required time
---------------------------------------------------------------------------------------------
                                              1.109948   data required time
                                             -1.906822   data arrival time
---------------------------------------------------------------------------------------------
                                              0.796874   slack (MET)


Startpoint: _165_ (rising edge-triggered flip-flop clocked by HCLK)
Endpoint: _165_ (rising edge-triggered flip-flop clocked by HCLK)
Path Group: HCLK
Path Type: min

Fanout         Cap        Slew       Delay        Time   Description
---------------------------------------------------------------------------------------------
                                  0.000000    0.000000   clock HCLK (rise edge)
                                  0.000000    0.000000   clock source latency
     1    0.059370    0.271235    0.194671    0.194671 ^ HCLK (in)
                                                         HCLK (net)
                      0.272238    0.000000    0.194671 ^ clkbuf_0_HCLK/A (sky130_fd_sc_hd__clkbuf_16)
     5    0.133985    0.147811    0.278990    0.473661 ^ clkbuf_0_HCLK/X (sky130_fd_sc_hd__clkbuf_16)
                                                         clknet_0_HCLK (net)
                      0.149590    0.012878    0.486539 ^ clkbuf_2_0_0_HCLK/A (sky130_fd_sc_hd__clkbuf_8)
     2    0.039991    0.082545    0.192758    0.679297 ^ clkbuf_2_0_0_HCLK/X (sky130_fd_sc_hd__clkbuf_8)
                                                         clknet_2_0_0_HCLK (net)
                      0.082829    0.003462    0.682759 ^ clkbuf_3_1__f_HCLK/A (sky130_fd_sc_hd__clkbuf_16)
     7    0.035020    0.055187    0.150817    0.833576 ^ clkbuf_3_1__f_HCLK/X (sky130_fd_sc_hd__clkbuf_16)
                                                         clknet_3_1__leaf_HCLK (net)
                      0.055763    0.004295    0.837871 ^ _165_/CLK (sky130_fd_sc_hd__dfrtp_1)
     2    0.007433    0.080857    0.350269    1.188140 ^ _165_/Q (sky130_fd_sc_hd__dfrtp_1)
                                                         net110 (net)
                      0.080857    0.000103    1.188243 ^ hold34/A (sky130_fd_sc_hd__dlygate4sd3_1)
     1    0.003052    0.055111    0.547841    1.736083 ^ hold34/X (sky130_fd_sc_hd__dlygate4sd3_1)
                                                         net226 (net)
                      0.055111    0.000092    1.736175 ^ _098_/A1 (sky130_fd_sc_hd__mux2_1)
     1    0.002444    0.038619    0.117804    1.853979 ^ _098_/X (sky130_fd_sc_hd__mux2_1)
                                                         _014_ (net)
                      0.038619    0.000070    1.854049 ^ _165_/D (sky130_fd_sc_hd__dfrtp_1)
                                              1.854049   data arrival time

                                  0.000000    0.000000   clock HCLK (rise edge)
                                  0.000000    0.000000   clock source latency
     1    0.059370    0.271235    0.194671    0.194671 ^ HCLK (in)
                                                         HCLK (net)
                      0.272238    0.000000    0.194671 ^ clkbuf_0_HCLK/A (sky130_fd_sc_hd__clkbuf_16)
     5    0.133985    0.147811    0.278990    0.473661 ^ clkbuf_0_HCLK/X (sky130_fd_sc_hd__clkbuf_16)
                                                         clknet_0_HCLK (net)
                      0.149590    0.012878    0.486539 ^ clkbuf_2_0_0_HCLK/A (sky130_fd_sc_hd__clkbuf_8)
     2    0.039991    0.082545    0.192758    0.679297 ^ clkbuf_2_0_0_HCLK/X (sky130_fd_sc_hd__clkbuf_8)
                                                         clknet_2_0_0_HCLK (net)
                      0.082829    0.003462    0.682759 ^ clkbuf_3_1__f_HCLK/A (sky130_fd_sc_hd__clkbuf_16)
     7    0.035020    0.055187    0.150817    0.833576 ^ clkbuf_3_1__f_HCLK/X (sky130_fd_sc_hd__clkbuf_16)
                                                         clknet_3_1__leaf_HCLK (net)
                      0.055763    0.004295    0.837871 ^ _165_/CLK (sky130_fd_sc_hd__dfrtp_1)
                                  0.250000    1.087871   clock uncertainty
                                  0.000000    1.087871   clock reconvergence pessimism
                                 -0.031958    1.055913   library hold time
                                              1.055913   data required time
---------------------------------------------------------------------------------------------
                                              1.055913   data required time
                                             -1.854049   data arrival time
---------------------------------------------------------------------------------------------
                                              0.798136   slack (MET)


Startpoint: _175_ (rising edge-triggered flip-flop clocked by HCLK)
Endpoint: _175_ (rising edge-triggered flip-flop clocked by HCLK)
Path Group: HCLK
Path Type: min

Fanout         Cap        Slew       Delay        Time   Description
---------------------------------------------------------------------------------------------
                                  0.000000    0.000000   clock HCLK (rise edge)
                                  0.000000    0.000000   clock source latency
     1    0.059370    0.271235    0.194671    0.194671 ^ HCLK (in)
                                                         HCLK (net)
                      0.272238    0.000000    0.194671 ^ clkbuf_0_HCLK/A (sky130_fd_sc_hd__clkbuf_16)
     5    0.133985    0.147811    0.278990    0.473661 ^ clkbuf_0_HCLK/X (sky130_fd_sc_hd__clkbuf_16)
                                                         clknet_0_HCLK (net)
                      0.149720    0.013334    0.486995 ^ clkbuf_2_1_0_HCLK/A (sky130_fd_sc_hd__clkbuf_8)
     2    0.036798    0.077541    0.188224    0.675219 ^ clkbuf_2_1_0_HCLK/X (sky130_fd_sc_hd__clkbuf_8)
                                                         clknet_2_1_0_HCLK (net)
                      0.078017    0.004412    0.679631 ^ clkbuf_3_2__f_HCLK/A (sky130_fd_sc_hd__clkbuf_16)
    10    0.035944    0.056112    0.150441    0.830072 ^ clkbuf_3_2__f_HCLK/X (sky130_fd_sc_hd__clkbuf_16)
                                                         clknet_3_2__leaf_HCLK (net)
                      0.056262    0.002006    0.832078 ^ _175_/CLK (sky130_fd_sc_hd__dfrtp_1)
     2    0.007575    0.081993    0.351387    1.183465 ^ _175_/Q (sky130_fd_sc_hd__dfrtp_1)
                                                         net121 (net)
                      0.081993    0.000096    1.183560 ^ hold41/A (sky130_fd_sc_hd__dlygate4sd3_1)
     1    0.003096    0.055503    0.548587    1.732148 ^ hold41/X (sky130_fd_sc_hd__dlygate4sd3_1)
                                                         net233 (net)
                      0.055503    0.000091    1.732239 ^ _108_/A1 (sky130_fd_sc_hd__mux2_1)
     1    0.002330    0.037791    0.117032    1.849271 ^ _108_/X (sky130_fd_sc_hd__mux2_1)
                                                         _024_ (net)
                      0.037791    0.000067    1.849337 ^ _175_/D (sky130_fd_sc_hd__dfrtp_1)
                                              1.849337   data arrival time

                                  0.000000    0.000000   clock HCLK (rise edge)
                                  0.000000    0.000000   clock source latency
     1    0.059370    0.271235    0.194671    0.194671 ^ HCLK (in)
                                                         HCLK (net)
                      0.272238    0.000000    0.194671 ^ clkbuf_0_HCLK/A (sky130_fd_sc_hd__clkbuf_16)
     5    0.133985    0.147811    0.278990    0.473661 ^ clkbuf_0_HCLK/X (sky130_fd_sc_hd__clkbuf_16)
                                                         clknet_0_HCLK (net)
                      0.149720    0.013334    0.486995 ^ clkbuf_2_1_0_HCLK/A (sky130_fd_sc_hd__clkbuf_8)
     2    0.036798    0.077541    0.188224    0.675219 ^ clkbuf_2_1_0_HCLK/X (sky130_fd_sc_hd__clkbuf_8)
                                                         clknet_2_1_0_HCLK (net)
                      0.078017    0.004412    0.679631 ^ clkbuf_3_2__f_HCLK/A (sky130_fd_sc_hd__clkbuf_16)
    10    0.035944    0.056112    0.150441    0.830072 ^ clkbuf_3_2__f_HCLK/X (sky130_fd_sc_hd__clkbuf_16)
                                                         clknet_3_2__leaf_HCLK (net)
                      0.056262    0.002006    0.832078 ^ _175_/CLK (sky130_fd_sc_hd__dfrtp_1)
                                  0.250000    1.082078   clock uncertainty
                                  0.000000    1.082078   clock reconvergence pessimism
                                 -0.031716    1.050361   library hold time
                                              1.050361   data required time
---------------------------------------------------------------------------------------------
                                              1.050361   data required time
                                             -1.849337   data arrival time
---------------------------------------------------------------------------------------------
                                              0.798976   slack (MET)


Startpoint: _208_ (rising edge-triggered flip-flop clocked by HCLK)
Endpoint: _208_ (rising edge-triggered flip-flop clocked by HCLK)
Path Group: HCLK
Path Type: min

Fanout         Cap        Slew       Delay        Time   Description
---------------------------------------------------------------------------------------------
                                  0.000000    0.000000   clock HCLK (rise edge)
                                  0.000000    0.000000   clock source latency
     1    0.059370    0.271235    0.194671    0.194671 ^ HCLK (in)
                                                         HCLK (net)
                      0.272238    0.000000    0.194671 ^ clkbuf_0_HCLK/A (sky130_fd_sc_hd__clkbuf_16)
     5    0.133985    0.147811    0.278990    0.473661 ^ clkbuf_0_HCLK/X (sky130_fd_sc_hd__clkbuf_16)
                                                         clknet_0_HCLK (net)
                      0.149171    0.011290    0.484951 ^ clkbuf_2_2_0_HCLK/A (sky130_fd_sc_hd__clkbuf_8)
     2    0.035281    0.075148    0.186583    0.671534 ^ clkbuf_2_2_0_HCLK/X (sky130_fd_sc_hd__clkbuf_8)
                                                         clknet_2_2_0_HCLK (net)
                      0.075526    0.003826    0.675360 ^ clkbuf_3_5__f_HCLK/A (sky130_fd_sc_hd__clkbuf_16)
    11    0.034216    0.054644    0.148324    0.823684 ^ clkbuf_3_5__f_HCLK/X (sky130_fd_sc_hd__clkbuf_16)
                                                         clknet_3_5__leaf_HCLK (net)
                      0.054666    0.001113    0.824796 ^ _208_/CLK (sky130_fd_sc_hd__dfrtp_1)
     2    0.007707    0.083058    0.351658    1.176455 ^ _208_/Q (sky130_fd_sc_hd__dfrtp_1)
                                                         net159 (net)
                      0.083058    0.000176    1.176630 ^ hold50/A (sky130_fd_sc_hd__dlygate4sd3_1)
     1    0.002999    0.054652    0.547980    1.724610 ^ hold50/X (sky130_fd_sc_hd__dlygate4sd3_1)
                                                         net242 (net)
                      0.054652    0.000088    1.724698 ^ _141_/A1 (sky130_fd_sc_hd__mux2_1)
     1    0.003044    0.043144    0.122411    1.847110 ^ _141_/X (sky130_fd_sc_hd__mux2_1)
                                                         _057_ (net)
                      0.043144    0.000087    1.847197 ^ _208_/D (sky130_fd_sc_hd__dfrtp_1)
                                              1.847197   data arrival time

                                  0.000000    0.000000   clock HCLK (rise edge)
                                  0.000000    0.000000   clock source latency
     1    0.059370    0.271235    0.194671    0.194671 ^ HCLK (in)
                                                         HCLK (net)
                      0.272238    0.000000    0.194671 ^ clkbuf_0_HCLK/A (sky130_fd_sc_hd__clkbuf_16)
     5    0.133985    0.147811    0.278990    0.473661 ^ clkbuf_0_HCLK/X (sky130_fd_sc_hd__clkbuf_16)
                                                         clknet_0_HCLK (net)
                      0.149171    0.011290    0.484951 ^ clkbuf_2_2_0_HCLK/A (sky130_fd_sc_hd__clkbuf_8)
     2    0.035281    0.075148    0.186583    0.671534 ^ clkbuf_2_2_0_HCLK/X (sky130_fd_sc_hd__clkbuf_8)
                                                         clknet_2_2_0_HCLK (net)
                      0.075526    0.003826    0.675360 ^ clkbuf_3_5__f_HCLK/A (sky130_fd_sc_hd__clkbuf_16)
    11    0.034216    0.054644    0.148324    0.823684 ^ clkbuf_3_5__f_HCLK/X (sky130_fd_sc_hd__clkbuf_16)
                                                         clknet_3_5__leaf_HCLK (net)
                      0.054666    0.001113    0.824796 ^ _208_/CLK (sky130_fd_sc_hd__dfrtp_1)
                                  0.250000    1.074796   clock uncertainty
                                  0.000000    1.074796   clock reconvergence pessimism
                                 -0.033055    1.041741   library hold time
                                              1.041741   data required time
---------------------------------------------------------------------------------------------
                                              1.041741   data required time
                                             -1.847197   data arrival time
---------------------------------------------------------------------------------------------
                                              0.805456   slack (MET)


Startpoint: _210_ (rising edge-triggered flip-flop clocked by HCLK)
Endpoint: _210_ (rising edge-triggered flip-flop clocked by HCLK)
Path Group: HCLK
Path Type: min

Fanout         Cap        Slew       Delay        Time   Description
---------------------------------------------------------------------------------------------
                                  0.000000    0.000000   clock HCLK (rise edge)
                                  0.000000    0.000000   clock source latency
     1    0.059370    0.271235    0.194671    0.194671 ^ HCLK (in)
                                                         HCLK (net)
                      0.272238    0.000000    0.194671 ^ clkbuf_0_HCLK/A (sky130_fd_sc_hd__clkbuf_16)
     5    0.133985    0.147811    0.278990    0.473661 ^ clkbuf_0_HCLK/X (sky130_fd_sc_hd__clkbuf_16)
                                                         clknet_0_HCLK (net)
                      0.149720    0.013334    0.486995 ^ clkbuf_2_1_0_HCLK/A (sky130_fd_sc_hd__clkbuf_8)
     2    0.036798    0.077541    0.188224    0.675219 ^ clkbuf_2_1_0_HCLK/X (sky130_fd_sc_hd__clkbuf_8)
                                                         clknet_2_1_0_HCLK (net)
                      0.077988    0.004251    0.679471 ^ clkbuf_3_3__f_HCLK/A (sky130_fd_sc_hd__clkbuf_16)
    10    0.027154    0.048291    0.144194    0.823665 ^ clkbuf_3_3__f_HCLK/X (sky130_fd_sc_hd__clkbuf_16)
                                                         clknet_3_3__leaf_HCLK (net)
                      0.048295    0.000439    0.824104 ^ _210_/CLK (sky130_fd_sc_hd__dfrtp_1)
     2    0.010011    0.100387    0.364378    1.188481 ^ _210_/Q (sky130_fd_sc_hd__dfrtp_1)
                                                         net161 (net)
                      0.100387    0.000221    1.188702 ^ hold53/A (sky130_fd_sc_hd__dlygate4sd3_1)
     1    0.002331    0.049025    0.546715    1.735417 ^ hold53/X (sky130_fd_sc_hd__dlygate4sd3_1)
                                                         net245 (net)
                      0.049025    0.000047    1.735464 ^ _143_/A1 (sky130_fd_sc_hd__mux2_1)
     1    0.003770    0.048691    0.125907    1.861371 ^ _143_/X (sky130_fd_sc_hd__mux2_1)
                                                         _059_ (net)
                      0.048717    0.000114    1.861485 ^ _210_/D (sky130_fd_sc_hd__dfrtp_1)
                                              1.861485   data arrival time

                                  0.000000    0.000000   clock HCLK (rise edge)
                                  0.000000    0.000000   clock source latency
     1    0.059370    0.271235    0.194671    0.194671 ^ HCLK (in)
                                                         HCLK (net)
                      0.272238    0.000000    0.194671 ^ clkbuf_0_HCLK/A (sky130_fd_sc_hd__clkbuf_16)
     5    0.133985    0.147811    0.278990    0.473661 ^ clkbuf_0_HCLK/X (sky130_fd_sc_hd__clkbuf_16)
                                                         clknet_0_HCLK (net)
                      0.149720    0.013334    0.486995 ^ clkbuf_2_1_0_HCLK/A (sky130_fd_sc_hd__clkbuf_8)
     2    0.036798    0.077541    0.188224    0.675219 ^ clkbuf_2_1_0_HCLK/X (sky130_fd_sc_hd__clkbuf_8)
                                                         clknet_2_1_0_HCLK (net)
                      0.077988    0.004251    0.679471 ^ clkbuf_3_3__f_HCLK/A (sky130_fd_sc_hd__clkbuf_16)
    10    0.027154    0.048291    0.144194    0.823665 ^ clkbuf_3_3__f_HCLK/X (sky130_fd_sc_hd__clkbuf_16)
                                                         clknet_3_3__leaf_HCLK (net)
                      0.048295    0.000439    0.824104 ^ _210_/CLK (sky130_fd_sc_hd__dfrtp_1)
                                  0.250000    1.074104   clock uncertainty
                                  0.000000    1.074104   clock reconvergence pessimism
                                 -0.035093    1.039011   library hold time
                                              1.039011   data required time
---------------------------------------------------------------------------------------------
                                              1.039011   data required time
                                             -1.861485   data arrival time
---------------------------------------------------------------------------------------------
                                              0.822475   slack (MET)


Startpoint: _153_ (rising edge-triggered flip-flop clocked by HCLK)
Endpoint: _153_ (rising edge-triggered flip-flop clocked by HCLK)
Path Group: HCLK
Path Type: min

Fanout         Cap        Slew       Delay        Time   Description
---------------------------------------------------------------------------------------------
                                  0.000000    0.000000   clock HCLK (rise edge)
                                  0.000000    0.000000   clock source latency
     1    0.059370    0.271235    0.194671    0.194671 ^ HCLK (in)
                                                         HCLK (net)
                      0.272238    0.000000    0.194671 ^ clkbuf_0_HCLK/A (sky130_fd_sc_hd__clkbuf_16)
     5    0.133985    0.147811    0.278990    0.473661 ^ clkbuf_0_HCLK/X (sky130_fd_sc_hd__clkbuf_16)
                                                         clknet_0_HCLK (net)
                      0.149171    0.011290    0.484951 ^ clkbuf_2_2_0_HCLK/A (sky130_fd_sc_hd__clkbuf_8)
     2    0.035281    0.075148    0.186583    0.671534 ^ clkbuf_2_2_0_HCLK/X (sky130_fd_sc_hd__clkbuf_8)
                                                         clknet_2_2_0_HCLK (net)
                      0.075526    0.003826    0.675360 ^ clkbuf_3_5__f_HCLK/A (sky130_fd_sc_hd__clkbuf_16)
    11    0.034216    0.054644    0.148324    0.823684 ^ clkbuf_3_5__f_HCLK/X (sky130_fd_sc_hd__clkbuf_16)
                                                         clknet_3_5__leaf_HCLK (net)
                      0.054717    0.001711    0.825395 ^ _153_/CLK (sky130_fd_sc_hd__dfrtp_1)
     2    0.011503    0.112633    0.375660    1.201054 ^ _153_/Q (sky130_fd_sc_hd__dfrtp_1)
                                                         net127 (net)
                      0.112633    0.000259    1.201313 ^ hold56/A (sky130_fd_sc_hd__dlygate4sd3_1)
     1    0.002854    0.053401    0.555125    1.756438 ^ hold56/X (sky130_fd_sc_hd__dlygate4sd3_1)
                                                         net248 (net)
                      0.053401    0.000089    1.756526 ^ _086_/A1 (sky130_fd_sc_hd__mux2_1)
     1    0.002573    0.039566    0.118242    1.874769 ^ _086_/X (sky130_fd_sc_hd__mux2_1)
                                                         _002_ (net)
                      0.039566    0.000075    1.874844 ^ _153_/D (sky130_fd_sc_hd__dfrtp_1)
                                              1.874844   data arrival time

                                  0.000000    0.000000   clock HCLK (rise edge)
                                  0.000000    0.000000   clock source latency
     1    0.059370    0.271235    0.194671    0.194671 ^ HCLK (in)
                                                         HCLK (net)
                      0.272238    0.000000    0.194671 ^ clkbuf_0_HCLK/A (sky130_fd_sc_hd__clkbuf_16)
     5    0.133985    0.147811    0.278990    0.473661 ^ clkbuf_0_HCLK/X (sky130_fd_sc_hd__clkbuf_16)
                                                         clknet_0_HCLK (net)
                      0.149171    0.011290    0.484951 ^ clkbuf_2_2_0_HCLK/A (sky130_fd_sc_hd__clkbuf_8)
     2    0.035281    0.075148    0.186583    0.671534 ^ clkbuf_2_2_0_HCLK/X (sky130_fd_sc_hd__clkbuf_8)
                                                         clknet_2_2_0_HCLK (net)
                      0.075526    0.003826    0.675360 ^ clkbuf_3_5__f_HCLK/A (sky130_fd_sc_hd__clkbuf_16)
    11    0.034216    0.054644    0.148324    0.823684 ^ clkbuf_3_5__f_HCLK/X (sky130_fd_sc_hd__clkbuf_16)
                                                         clknet_3_5__leaf_HCLK (net)
                      0.054717    0.001711    0.825395 ^ _153_/CLK (sky130_fd_sc_hd__dfrtp_1)
                                  0.250000    1.075395   clock uncertainty
                                  0.000000    1.075395   clock reconvergence pessimism
                                 -0.032299    1.043096   library hold time
                                              1.043096   data required time
---------------------------------------------------------------------------------------------
                                              1.043096   data required time
                                             -1.874844   data arrival time
---------------------------------------------------------------------------------------------
                                              0.831748   slack (MET)


Startpoint: _173_ (rising edge-triggered flip-flop clocked by HCLK)
Endpoint: _173_ (rising edge-triggered flip-flop clocked by HCLK)
Path Group: HCLK
Path Type: min

Fanout         Cap        Slew       Delay        Time   Description
---------------------------------------------------------------------------------------------
                                  0.000000    0.000000   clock HCLK (rise edge)
                                  0.000000    0.000000   clock source latency
     1    0.059370    0.271235    0.194671    0.194671 ^ HCLK (in)
                                                         HCLK (net)
                      0.272238    0.000000    0.194671 ^ clkbuf_0_HCLK/A (sky130_fd_sc_hd__clkbuf_16)
     5    0.133985    0.147811    0.278990    0.473661 ^ clkbuf_0_HCLK/X (sky130_fd_sc_hd__clkbuf_16)
                                                         clknet_0_HCLK (net)
                      0.149171    0.011290    0.484951 ^ clkbuf_2_2_0_HCLK/A (sky130_fd_sc_hd__clkbuf_8)
     2    0.035281    0.075148    0.186583    0.671534 ^ clkbuf_2_2_0_HCLK/X (sky130_fd_sc_hd__clkbuf_8)
                                                         clknet_2_2_0_HCLK (net)
                      0.075526    0.003826    0.675360 ^ clkbuf_3_5__f_HCLK/A (sky130_fd_sc_hd__clkbuf_16)
    11    0.034216    0.054644    0.148324    0.823684 ^ clkbuf_3_5__f_HCLK/X (sky130_fd_sc_hd__clkbuf_16)
                                                         clknet_3_5__leaf_HCLK (net)
                      0.054707    0.001595    0.825279 ^ _173_/CLK (sky130_fd_sc_hd__dfrtp_1)
     2    0.011827    0.115293    0.377586    1.202865 ^ _173_/Q (sky130_fd_sc_hd__dfrtp_1)
                                                         net119 (net)
                      0.115293    0.000271    1.203135 ^ hold57/A (sky130_fd_sc_hd__dlygate4sd3_1)
     1    0.002939    0.054137    0.556682    1.759817 ^ hold57/X (sky130_fd_sc_hd__dlygate4sd3_1)
                                                         net249 (net)
                      0.054137    0.000087    1.759904 ^ _106_/A1 (sky130_fd_sc_hd__mux2_1)
     1    0.003282    0.044963    0.124126    1.884030 ^ _106_/X (sky130_fd_sc_hd__mux2_1)
                                                         _022_ (net)
                      0.044963    0.000098    1.884128 ^ _173_/D (sky130_fd_sc_hd__dfrtp_1)
                                              1.884128   data arrival time

                                  0.000000    0.000000   clock HCLK (rise edge)
                                  0.000000    0.000000   clock source latency
     1    0.059370    0.271235    0.194671    0.194671 ^ HCLK (in)
                                                         HCLK (net)
                      0.272238    0.000000    0.194671 ^ clkbuf_0_HCLK/A (sky130_fd_sc_hd__clkbuf_16)
     5    0.133985    0.147811    0.278990    0.473661 ^ clkbuf_0_HCLK/X (sky130_fd_sc_hd__clkbuf_16)
                                                         clknet_0_HCLK (net)
                      0.149171    0.011290    0.484951 ^ clkbuf_2_2_0_HCLK/A (sky130_fd_sc_hd__clkbuf_8)
     2    0.035281    0.075148    0.186583    0.671534 ^ clkbuf_2_2_0_HCLK/X (sky130_fd_sc_hd__clkbuf_8)
                                                         clknet_2_2_0_HCLK (net)
                      0.075526    0.003826    0.675360 ^ clkbuf_3_5__f_HCLK/A (sky130_fd_sc_hd__clkbuf_16)
    11    0.034216    0.054644    0.148324    0.823684 ^ clkbuf_3_5__f_HCLK/X (sky130_fd_sc_hd__clkbuf_16)
                                                         clknet_3_5__leaf_HCLK (net)
                      0.054707    0.001595    0.825279 ^ _173_/CLK (sky130_fd_sc_hd__dfrtp_1)
                                  0.250000    1.075279   clock uncertainty
                                  0.000000    1.075279   clock reconvergence pessimism
                                 -0.033430    1.041849   library hold time
                                              1.041849   data required time
---------------------------------------------------------------------------------------------
                                              1.041849   data required time
                                             -1.884128   data arrival time
---------------------------------------------------------------------------------------------
                                              0.842279   slack (MET)


Startpoint: _183_ (rising edge-triggered flip-flop clocked by HCLK)
Endpoint: _183_ (rising edge-triggered flip-flop clocked by HCLK)
Path Group: HCLK
Path Type: min

Fanout         Cap        Slew       Delay        Time   Description
---------------------------------------------------------------------------------------------
                                  0.000000    0.000000   clock HCLK (rise edge)
                                  0.000000    0.000000   clock source latency
     1    0.059370    0.271235    0.194671    0.194671 ^ HCLK (in)
                                                         HCLK (net)
                      0.272238    0.000000    0.194671 ^ clkbuf_0_HCLK/A (sky130_fd_sc_hd__clkbuf_16)
     5    0.133985    0.147811    0.278990    0.473661 ^ clkbuf_0_HCLK/X (sky130_fd_sc_hd__clkbuf_16)
                                                         clknet_0_HCLK (net)
                      0.149171    0.011290    0.484951 ^ clkbuf_2_2_0_HCLK/A (sky130_fd_sc_hd__clkbuf_8)
     2    0.035281    0.075148    0.186583    0.671534 ^ clkbuf_2_2_0_HCLK/X (sky130_fd_sc_hd__clkbuf_8)
                                                         clknet_2_2_0_HCLK (net)
                      0.075526    0.003826    0.675360 ^ clkbuf_3_5__f_HCLK/A (sky130_fd_sc_hd__clkbuf_16)
    11    0.034216    0.054644    0.148324    0.823684 ^ clkbuf_3_5__f_HCLK/X (sky130_fd_sc_hd__clkbuf_16)
                                                         clknet_3_5__leaf_HCLK (net)
                      0.054669    0.001154    0.824838 ^ _183_/CLK (sky130_fd_sc_hd__dfrtp_1)
     2    0.012471    0.120548    0.381541    1.206378 ^ _183_/Q (sky130_fd_sc_hd__dfrtp_1)
                                                         net142 (net)
                      0.120548    0.000180    1.206559 ^ hold52/A (sky130_fd_sc_hd__dlygate4sd3_1)
     1    0.002998    0.054654    0.558743    1.765301 ^ hold52/X (sky130_fd_sc_hd__dlygate4sd3_1)
                                                         net244 (net)
                      0.054654    0.000089    1.765391 ^ _116_/A1 (sky130_fd_sc_hd__mux2_1)
     1    0.002976    0.042630    0.121878    1.887269 ^ _116_/X (sky130_fd_sc_hd__mux2_1)
                                                         _032_ (net)
                      0.042630    0.000083    1.887352 ^ _183_/D (sky130_fd_sc_hd__dfrtp_1)
                                              1.887352   data arrival time

                                  0.000000    0.000000   clock HCLK (rise edge)
                                  0.000000    0.000000   clock source latency
     1    0.059370    0.271235    0.194671    0.194671 ^ HCLK (in)
                                                         HCLK (net)
                      0.272238    0.000000    0.194671 ^ clkbuf_0_HCLK/A (sky130_fd_sc_hd__clkbuf_16)
     5    0.133985    0.147811    0.278990    0.473661 ^ clkbuf_0_HCLK/X (sky130_fd_sc_hd__clkbuf_16)
                                                         clknet_0_HCLK (net)
                      0.149171    0.011290    0.484951 ^ clkbuf_2_2_0_HCLK/A (sky130_fd_sc_hd__clkbuf_8)
     2    0.035281    0.075148    0.186583    0.671534 ^ clkbuf_2_2_0_HCLK/X (sky130_fd_sc_hd__clkbuf_8)
                                                         clknet_2_2_0_HCLK (net)
                      0.075526    0.003826    0.675360 ^ clkbuf_3_5__f_HCLK/A (sky130_fd_sc_hd__clkbuf_16)
    11    0.034216    0.054644    0.148324    0.823684 ^ clkbuf_3_5__f_HCLK/X (sky130_fd_sc_hd__clkbuf_16)
                                                         clknet_3_5__leaf_HCLK (net)
                      0.054669    0.001154    0.824838 ^ _183_/CLK (sky130_fd_sc_hd__dfrtp_1)
                                  0.250000    1.074837   clock uncertainty
                                  0.000000    1.074837   clock reconvergence pessimism
                                 -0.032947    1.041891   library hold time
                                              1.041891   data required time
---------------------------------------------------------------------------------------------
                                              1.041891   data required time
                                             -1.887352   data arrival time
---------------------------------------------------------------------------------------------
                                              0.845462   slack (MET)


Startpoint: _215_ (rising edge-triggered flip-flop clocked by HCLK)
Endpoint: _215_ (rising edge-triggered flip-flop clocked by HCLK)
Path Group: HCLK
Path Type: min

Fanout         Cap        Slew       Delay        Time   Description
---------------------------------------------------------------------------------------------
                                  0.000000    0.000000   clock HCLK (rise edge)
                                  0.000000    0.000000   clock source latency
     1    0.059370    0.271235    0.194671    0.194671 ^ HCLK (in)
                                                         HCLK (net)
                      0.272238    0.000000    0.194671 ^ clkbuf_0_HCLK/A (sky130_fd_sc_hd__clkbuf_16)
     5    0.133985    0.147811    0.278990    0.473661 ^ clkbuf_0_HCLK/X (sky130_fd_sc_hd__clkbuf_16)
                                                         clknet_0_HCLK (net)
                      0.149132    0.011130    0.484791 ^ clkbuf_2_3_0_HCLK/A (sky130_fd_sc_hd__clkbuf_8)
     2    0.038985    0.080656    0.191808    0.676599 ^ clkbuf_2_3_0_HCLK/X (sky130_fd_sc_hd__clkbuf_8)
                                                         clknet_2_3_0_HCLK (net)
                      0.080672    0.001240    0.677839 ^ clkbuf_3_7__f_HCLK/A (sky130_fd_sc_hd__clkbuf_16)
     7    0.049661    0.068487    0.159910    0.837748 ^ clkbuf_3_7__f_HCLK/X (sky130_fd_sc_hd__clkbuf_16)
                                                         clknet_3_7__leaf_HCLK (net)
                      0.069843    0.007482    0.845231 ^ _215_/CLK (sky130_fd_sc_hd__dfrtp_1)
     2    0.012102    0.117524    0.384958    1.230188 ^ _215_/Q (sky130_fd_sc_hd__dfrtp_1)
                                                         net174 (net)
                      0.117524    0.000272    1.230460 ^ hold58/A (sky130_fd_sc_hd__dlygate4sd3_1)
     1    0.003345    0.057738    0.561114    1.791575 ^ hold58/X (sky130_fd_sc_hd__dlygate4sd3_1)
                                                         net250 (net)
                      0.057738    0.000109    1.791684 ^ _148_/A1 (sky130_fd_sc_hd__mux2_1)
     1    0.002620    0.039927    0.120092    1.911776 ^ _148_/X (sky130_fd_sc_hd__mux2_1)
                                                         _064_ (net)
                      0.039927    0.000077    1.911853 ^ _215_/D (sky130_fd_sc_hd__dfrtp_1)
                                              1.911853   data arrival time

                                  0.000000    0.000000   clock HCLK (rise edge)
                                  0.000000    0.000000   clock source latency
     1    0.059370    0.271235    0.194671    0.194671 ^ HCLK (in)
                                                         HCLK (net)
                      0.272238    0.000000    0.194671 ^ clkbuf_0_HCLK/A (sky130_fd_sc_hd__clkbuf_16)
     5    0.133985    0.147811    0.278990    0.473661 ^ clkbuf_0_HCLK/X (sky130_fd_sc_hd__clkbuf_16)
                                                         clknet_0_HCLK (net)
                      0.149132    0.011130    0.484791 ^ clkbuf_2_3_0_HCLK/A (sky130_fd_sc_hd__clkbuf_8)
     2    0.038985    0.080656    0.191808    0.676599 ^ clkbuf_2_3_0_HCLK/X (sky130_fd_sc_hd__clkbuf_8)
                                                         clknet_2_3_0_HCLK (net)
                      0.080672    0.001240    0.677839 ^ clkbuf_3_7__f_HCLK/A (sky130_fd_sc_hd__clkbuf_16)
     7    0.049661    0.068487    0.159910    0.837748 ^ clkbuf_3_7__f_HCLK/X (sky130_fd_sc_hd__clkbuf_16)
                                                         clknet_3_7__leaf_HCLK (net)
                      0.069843    0.007482    0.845231 ^ _215_/CLK (sky130_fd_sc_hd__dfrtp_1)
                                  0.250000    1.095231   clock uncertainty
                                  0.000000    1.095231   clock reconvergence pessimism
                                 -0.030309    1.064921   library hold time
                                              1.064921   data required time
---------------------------------------------------------------------------------------------
                                              1.064921   data required time
                                             -1.911853   data arrival time
---------------------------------------------------------------------------------------------
                                              0.846932   slack (MET)


Startpoint: _167_ (rising edge-triggered flip-flop clocked by HCLK)
Endpoint: _167_ (rising edge-triggered flip-flop clocked by HCLK)
Path Group: HCLK
Path Type: min

Fanout         Cap        Slew       Delay        Time   Description
---------------------------------------------------------------------------------------------
                                  0.000000    0.000000   clock HCLK (rise edge)
                                  0.000000    0.000000   clock source latency
     1    0.059370    0.271235    0.194671    0.194671 ^ HCLK (in)
                                                         HCLK (net)
                      0.272238    0.000000    0.194671 ^ clkbuf_0_HCLK/A (sky130_fd_sc_hd__clkbuf_16)
     5    0.133985    0.147811    0.278990    0.473661 ^ clkbuf_0_HCLK/X (sky130_fd_sc_hd__clkbuf_16)
                                                         clknet_0_HCLK (net)
                      0.149171    0.011290    0.484951 ^ clkbuf_2_2_0_HCLK/A (sky130_fd_sc_hd__clkbuf_8)
     2    0.035281    0.075148    0.186583    0.671534 ^ clkbuf_2_2_0_HCLK/X (sky130_fd_sc_hd__clkbuf_8)
                                                         clknet_2_2_0_HCLK (net)
                      0.075449    0.003322    0.674856 ^ clkbuf_3_4__f_HCLK/A (sky130_fd_sc_hd__clkbuf_16)
    11    0.039034    0.058892    0.152107    0.826962 ^ clkbuf_3_4__f_HCLK/X (sky130_fd_sc_hd__clkbuf_16)
                                                         clknet_3_4__leaf_HCLK (net)
                      0.058918    0.001085    0.828048 ^ _167_/CLK (sky130_fd_sc_hd__dfrtp_1)
     2    0.013773    0.131291    0.390810    1.218858 ^ _167_/Q (sky130_fd_sc_hd__dfrtp_1)
                                                         net112 (net)
                      0.131291    0.000319    1.219176 ^ hold59/A (sky130_fd_sc_hd__dlygate4sd3_1)
     1    0.002996    0.054632    0.561151    1.780327 ^ hold59/X (sky130_fd_sc_hd__dlygate4sd3_1)
                                                         net251 (net)
                      0.054632    0.000088    1.780415 ^ _100_/A1 (sky130_fd_sc_hd__mux2_1)
     1    0.003087    0.043473    0.122746    1.903161 ^ _100_/X (sky130_fd_sc_hd__mux2_1)
                                                         _016_ (net)
                      0.043473    0.000089    1.903251 ^ _167_/D (sky130_fd_sc_hd__dfrtp_1)
                                              1.903251   data arrival time

                                  0.000000    0.000000   clock HCLK (rise edge)
                                  0.000000    0.000000   clock source latency
     1    0.059370    0.271235    0.194671    0.194671 ^ HCLK (in)
                                                         HCLK (net)
                      0.272238    0.000000    0.194671 ^ clkbuf_0_HCLK/A (sky130_fd_sc_hd__clkbuf_16)
     5    0.133985    0.147811    0.278990    0.473661 ^ clkbuf_0_HCLK/X (sky130_fd_sc_hd__clkbuf_16)
                                                         clknet_0_HCLK (net)
                      0.149171    0.011290    0.484951 ^ clkbuf_2_2_0_HCLK/A (sky130_fd_sc_hd__clkbuf_8)
     2    0.035281    0.075148    0.186583    0.671534 ^ clkbuf_2_2_0_HCLK/X (sky130_fd_sc_hd__clkbuf_8)
                                                         clknet_2_2_0_HCLK (net)
                      0.075449    0.003322    0.674856 ^ clkbuf_3_4__f_HCLK/A (sky130_fd_sc_hd__clkbuf_16)
    11    0.039034    0.058892    0.152107    0.826962 ^ clkbuf_3_4__f_HCLK/X (sky130_fd_sc_hd__clkbuf_16)
                                                         clknet_3_4__leaf_HCLK (net)
                      0.058918    0.001085    0.828048 ^ _167_/CLK (sky130_fd_sc_hd__dfrtp_1)
                                  0.250000    1.078048   clock uncertainty
                                  0.000000    1.078048   clock reconvergence pessimism
                                 -0.032543    1.045505   library hold time
                                              1.045505   data required time
---------------------------------------------------------------------------------------------
                                              1.045505   data required time
                                             -1.903251   data arrival time
---------------------------------------------------------------------------------------------
                                              0.857746   slack (MET)


Startpoint: _211_ (rising edge-triggered flip-flop clocked by HCLK)
Endpoint: _211_ (rising edge-triggered flip-flop clocked by HCLK)
Path Group: HCLK
Path Type: min

Fanout         Cap        Slew       Delay        Time   Description
---------------------------------------------------------------------------------------------
                                  0.000000    0.000000   clock HCLK (rise edge)
                                  0.000000    0.000000   clock source latency
     1    0.059370    0.271235    0.194671    0.194671 ^ HCLK (in)
                                                         HCLK (net)
                      0.272238    0.000000    0.194671 ^ clkbuf_0_HCLK/A (sky130_fd_sc_hd__clkbuf_16)
     5    0.133985    0.147811    0.278990    0.473661 ^ clkbuf_0_HCLK/X (sky130_fd_sc_hd__clkbuf_16)
                                                         clknet_0_HCLK (net)
                      0.149720    0.013334    0.486995 ^ clkbuf_2_1_0_HCLK/A (sky130_fd_sc_hd__clkbuf_8)
     2    0.036798    0.077541    0.188224    0.675219 ^ clkbuf_2_1_0_HCLK/X (sky130_fd_sc_hd__clkbuf_8)
                                                         clknet_2_1_0_HCLK (net)
                      0.077988    0.004251    0.679471 ^ clkbuf_3_3__f_HCLK/A (sky130_fd_sc_hd__clkbuf_16)
    10    0.027154    0.048291    0.144194    0.823665 ^ clkbuf_3_3__f_HCLK/X (sky130_fd_sc_hd__clkbuf_16)
                                                         clknet_3_3__leaf_HCLK (net)
                      0.048302    0.000625    0.824290 ^ _211_/CLK (sky130_fd_sc_hd__dfrtp_1)
     2    0.017850    0.164865    0.411498    1.235788 ^ _211_/Q (sky130_fd_sc_hd__dfrtp_1)
                                                         net162 (net)
                      0.164865    0.000253    1.236041 ^ hold61/A (sky130_fd_sc_hd__dlygate4sd3_1)
     1    0.002305    0.048784    0.561813    1.797854 ^ hold61/X (sky130_fd_sc_hd__dlygate4sd3_1)
                                                         net253 (net)
                      0.048784    0.000045    1.797899 ^ _144_/A1 (sky130_fd_sc_hd__mux2_1)
     1    0.002324    0.037746    0.114681    1.912580 ^ _144_/X (sky130_fd_sc_hd__mux2_1)
                                                         _060_ (net)
                      0.037746    0.000066    1.912646 ^ _211_/D (sky130_fd_sc_hd__dfrtp_1)
                                              1.912646   data arrival time

                                  0.000000    0.000000   clock HCLK (rise edge)
                                  0.000000    0.000000   clock source latency
     1    0.059370    0.271235    0.194671    0.194671 ^ HCLK (in)
                                                         HCLK (net)
                      0.272238    0.000000    0.194671 ^ clkbuf_0_HCLK/A (sky130_fd_sc_hd__clkbuf_16)
     5    0.133985    0.147811    0.278990    0.473661 ^ clkbuf_0_HCLK/X (sky130_fd_sc_hd__clkbuf_16)
                                                         clknet_0_HCLK (net)
                      0.149720    0.013334    0.486995 ^ clkbuf_2_1_0_HCLK/A (sky130_fd_sc_hd__clkbuf_8)
     2    0.036798    0.077541    0.188224    0.675219 ^ clkbuf_2_1_0_HCLK/X (sky130_fd_sc_hd__clkbuf_8)
                                                         clknet_2_1_0_HCLK (net)
                      0.077988    0.004251    0.679471 ^ clkbuf_3_3__f_HCLK/A (sky130_fd_sc_hd__clkbuf_16)
    10    0.027154    0.048291    0.144194    0.823665 ^ clkbuf_3_3__f_HCLK/X (sky130_fd_sc_hd__clkbuf_16)
                                                         clknet_3_3__leaf_HCLK (net)
                      0.048302    0.000625    0.824290 ^ _211_/CLK (sky130_fd_sc_hd__dfrtp_1)
                                  0.250000    1.074289   clock uncertainty
                                  0.000000    1.074289   clock reconvergence pessimism
                                 -0.032793    1.041496   library hold time
                                              1.041496   data required time
---------------------------------------------------------------------------------------------
                                              1.041496   data required time
                                             -1.912646   data arrival time
---------------------------------------------------------------------------------------------
                                              0.871150   slack (MET)


Startpoint: _191_ (rising edge-triggered flip-flop clocked by HCLK)
Endpoint: _191_ (rising edge-triggered flip-flop clocked by HCLK)
Path Group: HCLK
Path Type: min

Fanout         Cap        Slew       Delay        Time   Description
---------------------------------------------------------------------------------------------
                                  0.000000    0.000000   clock HCLK (rise edge)
                                  0.000000    0.000000   clock source latency
     1    0.059370    0.271235    0.194671    0.194671 ^ HCLK (in)
                                                         HCLK (net)
                      0.272238    0.000000    0.194671 ^ clkbuf_0_HCLK/A (sky130_fd_sc_hd__clkbuf_16)
     5    0.133985    0.147811    0.278990    0.473661 ^ clkbuf_0_HCLK/X (sky130_fd_sc_hd__clkbuf_16)
                                                         clknet_0_HCLK (net)
                      0.149171    0.011290    0.484951 ^ clkbuf_2_2_0_HCLK/A (sky130_fd_sc_hd__clkbuf_8)
     2    0.035281    0.075148    0.186583    0.671534 ^ clkbuf_2_2_0_HCLK/X (sky130_fd_sc_hd__clkbuf_8)
                                                         clknet_2_2_0_HCLK (net)
                      0.075449    0.003322    0.674856 ^ clkbuf_3_4__f_HCLK/A (sky130_fd_sc_hd__clkbuf_16)
    11    0.039034    0.058892    0.152107    0.826962 ^ clkbuf_3_4__f_HCLK/X (sky130_fd_sc_hd__clkbuf_16)
                                                         clknet_3_4__leaf_HCLK (net)
                      0.058919    0.001099    0.828062 ^ _191_/CLK (sky130_fd_sc_hd__dfrtp_1)
     2    0.017606    0.162828    0.414057    1.242119 ^ _191_/Q (sky130_fd_sc_hd__dfrtp_1)
                                                         net172 (net)
                      0.162828    0.000250    1.242369 ^ hold60/A (sky130_fd_sc_hd__dlygate4sd3_1)
     1    0.002469    0.050085    0.562916    1.805284 ^ hold60/X (sky130_fd_sc_hd__dlygate4sd3_1)
                                                         net252 (net)
                      0.050085    0.000050    1.805335 ^ _124_/A1 (sky130_fd_sc_hd__mux2_1)
     1    0.002525    0.039209    0.116728    1.922063 ^ _124_/X (sky130_fd_sc_hd__mux2_1)
                                                         _040_ (net)
                      0.039209    0.000073    1.922136 ^ _191_/D (sky130_fd_sc_hd__dfrtp_1)
                                              1.922136   data arrival time

                                  0.000000    0.000000   clock HCLK (rise edge)
                                  0.000000    0.000000   clock source latency
     1    0.059370    0.271235    0.194671    0.194671 ^ HCLK (in)
                                                         HCLK (net)
                      0.272238    0.000000    0.194671 ^ clkbuf_0_HCLK/A (sky130_fd_sc_hd__clkbuf_16)
     5    0.133985    0.147811    0.278990    0.473661 ^ clkbuf_0_HCLK/X (sky130_fd_sc_hd__clkbuf_16)
                                                         clknet_0_HCLK (net)
                      0.149171    0.011290    0.484951 ^ clkbuf_2_2_0_HCLK/A (sky130_fd_sc_hd__clkbuf_8)
     2    0.035281    0.075148    0.186583    0.671534 ^ clkbuf_2_2_0_HCLK/X (sky130_fd_sc_hd__clkbuf_8)
                                                         clknet_2_2_0_HCLK (net)
                      0.075449    0.003322    0.674856 ^ clkbuf_3_4__f_HCLK/A (sky130_fd_sc_hd__clkbuf_16)
    11    0.039034    0.058892    0.152107    0.826962 ^ clkbuf_3_4__f_HCLK/X (sky130_fd_sc_hd__clkbuf_16)
                                                         clknet_3_4__leaf_HCLK (net)
                      0.058919    0.001099    0.828062 ^ _191_/CLK (sky130_fd_sc_hd__dfrtp_1)
                                  0.250000    1.078062   clock uncertainty
                                  0.000000    1.078062   clock reconvergence pessimism
                                 -0.031651    1.046411   library hold time
                                              1.046411   data required time
---------------------------------------------------------------------------------------------
                                              1.046411   data required time
                                             -1.922136   data arrival time
---------------------------------------------------------------------------------------------
                                              0.875725   slack (MET)


Startpoint: _181_ (rising edge-triggered flip-flop clocked by HCLK)
Endpoint: _181_ (rising edge-triggered flip-flop clocked by HCLK)
Path Group: HCLK
Path Type: min

Fanout         Cap        Slew       Delay        Time   Description
---------------------------------------------------------------------------------------------
                                  0.000000    0.000000   clock HCLK (rise edge)
                                  0.000000    0.000000   clock source latency
     1    0.059370    0.271235    0.194671    0.194671 ^ HCLK (in)
                                                         HCLK (net)
                      0.272238    0.000000    0.194671 ^ clkbuf_0_HCLK/A (sky130_fd_sc_hd__clkbuf_16)
     5    0.133985    0.147811    0.278990    0.473661 ^ clkbuf_0_HCLK/X (sky130_fd_sc_hd__clkbuf_16)
                                                         clknet_0_HCLK (net)
                      0.149171    0.011290    0.484951 ^ clkbuf_2_2_0_HCLK/A (sky130_fd_sc_hd__clkbuf_8)
     2    0.035281    0.075148    0.186583    0.671534 ^ clkbuf_2_2_0_HCLK/X (sky130_fd_sc_hd__clkbuf_8)
                                                         clknet_2_2_0_HCLK (net)
                      0.075449    0.003322    0.674856 ^ clkbuf_3_4__f_HCLK/A (sky130_fd_sc_hd__clkbuf_16)
    11    0.039034    0.058892    0.152107    0.826962 ^ clkbuf_3_4__f_HCLK/X (sky130_fd_sc_hd__clkbuf_16)
                                                         clknet_3_4__leaf_HCLK (net)
                      0.058915    0.001029    0.827991 ^ _181_/CLK (sky130_fd_sc_hd__dfrtp_1)
     2    0.019493    0.178458    0.425278    1.253269 ^ _181_/Q (sky130_fd_sc_hd__dfrtp_1)
                                                         net128 (net)
                      0.178458    0.000270    1.253538 ^ hold62/A (sky130_fd_sc_hd__dlygate4sd3_1)
     1    0.002583    0.051020    0.567278    1.820817 ^ hold62/X (sky130_fd_sc_hd__dlygate4sd3_1)
                                                         net254 (net)
                      0.051020    0.000074    1.820891 ^ _114_/A1 (sky130_fd_sc_hd__mux2_1)
     1    0.002564    0.039499    0.117356    1.938247 ^ _114_/X (sky130_fd_sc_hd__mux2_1)
                                                         _030_ (net)
                      0.039499    0.000072    1.938319 ^ _181_/D (sky130_fd_sc_hd__dfrtp_1)
                                              1.938319   data arrival time

                                  0.000000    0.000000   clock HCLK (rise edge)
                                  0.000000    0.000000   clock source latency
     1    0.059370    0.271235    0.194671    0.194671 ^ HCLK (in)
                                                         HCLK (net)
                      0.272238    0.000000    0.194671 ^ clkbuf_0_HCLK/A (sky130_fd_sc_hd__clkbuf_16)
     5    0.133985    0.147811    0.278990    0.473661 ^ clkbuf_0_HCLK/X (sky130_fd_sc_hd__clkbuf_16)
                                                         clknet_0_HCLK (net)
                      0.149171    0.011290    0.484951 ^ clkbuf_2_2_0_HCLK/A (sky130_fd_sc_hd__clkbuf_8)
     2    0.035281    0.075148    0.186583    0.671534 ^ clkbuf_2_2_0_HCLK/X (sky130_fd_sc_hd__clkbuf_8)
                                                         clknet_2_2_0_HCLK (net)
                      0.075449    0.003322    0.674856 ^ clkbuf_3_4__f_HCLK/A (sky130_fd_sc_hd__clkbuf_16)
    11    0.039034    0.058892    0.152107    0.826962 ^ clkbuf_3_4__f_HCLK/X (sky130_fd_sc_hd__clkbuf_16)
                                                         clknet_3_4__leaf_HCLK (net)
                      0.058915    0.001029    0.827991 ^ _181_/CLK (sky130_fd_sc_hd__dfrtp_1)
                                  0.250000    1.077991   clock uncertainty
                                  0.000000    1.077991   clock reconvergence pessimism
                                 -0.031712    1.046279   library hold time
                                              1.046279   data required time
---------------------------------------------------------------------------------------------
                                              1.046279   data required time
                                             -1.938319   data arrival time
---------------------------------------------------------------------------------------------
                                              0.892040   slack (MET)


Startpoint: HRESETn (input port clocked by HCLK)
Endpoint: _165_ (removal check against rising-edge clock HCLK)
Path Group: asynchronous
Path Type: min

Fanout         Cap        Slew       Delay        Time   Description
---------------------------------------------------------------------------------------------
                                  0.000000    0.000000   clock HCLK (rise edge)
                                  0.000000    0.000000   clock network delay (propagated)
                                  2.000000    2.000000 ^ input external delay
     1    0.002958    0.020413    0.010873    2.010873 ^ HRESETn (in)
                                                         HRESETn (net)
                      0.020413    0.000000    2.010873 ^ input34/A (sky130_fd_sc_hd__buf_1)
     1    0.011144    0.137652    0.137999    2.148872 ^ input34/X (sky130_fd_sc_hd__buf_1)
                                                         net34 (net)
                      0.137655    0.000501    2.149373 ^ fanout192/A (sky130_fd_sc_hd__buf_8)
     6    0.134493    0.216747    0.225786    2.375159 ^ fanout192/X (sky130_fd_sc_hd__buf_8)
                                                         net192 (net)
                      0.240216    0.054601    2.429759 ^ _165_/RESET_B (sky130_fd_sc_hd__dfrtp_1)
                                              2.429759   data arrival time

                                  0.000000    0.000000   clock HCLK (rise edge)
                                  0.000000    0.000000   clock source latency
     1    0.059370    0.271235    0.194671    0.194671 ^ HCLK (in)
                                                         HCLK (net)
                      0.272238    0.000000    0.194671 ^ clkbuf_0_HCLK/A (sky130_fd_sc_hd__clkbuf_16)
     5    0.133985    0.147811    0.278990    0.473661 ^ clkbuf_0_HCLK/X (sky130_fd_sc_hd__clkbuf_16)
                                                         clknet_0_HCLK (net)
                      0.149590    0.012878    0.486539 ^ clkbuf_2_0_0_HCLK/A (sky130_fd_sc_hd__clkbuf_8)
     2    0.039991    0.082545    0.192758    0.679297 ^ clkbuf_2_0_0_HCLK/X (sky130_fd_sc_hd__clkbuf_8)
                                                         clknet_2_0_0_HCLK (net)
                      0.082829    0.003462    0.682759 ^ clkbuf_3_1__f_HCLK/A (sky130_fd_sc_hd__clkbuf_16)
     7    0.035020    0.055187    0.150817    0.833576 ^ clkbuf_3_1__f_HCLK/X (sky130_fd_sc_hd__clkbuf_16)
                                                         clknet_3_1__leaf_HCLK (net)
                      0.055763    0.004295    0.837871 ^ _165_/CLK (sky130_fd_sc_hd__dfrtp_1)
                                  0.250000    1.087871   clock uncertainty
                                  0.000000    1.087871   clock reconvergence pessimism
                                  0.376880    1.464751   library removal time
                                              1.464751   data required time
---------------------------------------------------------------------------------------------
                                              1.464751   data required time
                                             -2.429759   data arrival time
---------------------------------------------------------------------------------------------
                                              0.965009   slack (MET)


Startpoint: HRESETn (input port clocked by HCLK)
Endpoint: _163_ (removal check against rising-edge clock HCLK)
Path Group: asynchronous
Path Type: min

Fanout         Cap        Slew       Delay        Time   Description
---------------------------------------------------------------------------------------------
                                  0.000000    0.000000   clock HCLK (rise edge)
                                  0.000000    0.000000   clock network delay (propagated)
                                  2.000000    2.000000 ^ input external delay
     1    0.002958    0.020413    0.010873    2.010873 ^ HRESETn (in)
                                                         HRESETn (net)
                      0.020413    0.000000    2.010873 ^ input34/A (sky130_fd_sc_hd__buf_1)
     1    0.011144    0.137652    0.137999    2.148872 ^ input34/X (sky130_fd_sc_hd__buf_1)
                                                         net34 (net)
                      0.137655    0.000501    2.149373 ^ fanout192/A (sky130_fd_sc_hd__buf_8)
     6    0.134493    0.216747    0.225786    2.375159 ^ fanout192/X (sky130_fd_sc_hd__buf_8)
                                                         net192 (net)
                      0.216796    0.003127    2.378285 ^ fanout190/A (sky130_fd_sc_hd__buf_8)
    13    0.129239    0.210021    0.246997    2.625282 ^ fanout190/X (sky130_fd_sc_hd__buf_8)
                                                         net190 (net)
                      0.210071    0.003031    2.628313 ^ _163_/RESET_B (sky130_fd_sc_hd__dfrtp_1)
                                              2.628313   data arrival time

                                  0.000000    0.000000   clock HCLK (rise edge)
                                  0.000000    0.000000   clock source latency
     1    0.059370    0.271235    0.194671    0.194671 ^ HCLK (in)
                                                         HCLK (net)
                      0.272238    0.000000    0.194671 ^ clkbuf_0_HCLK/A (sky130_fd_sc_hd__clkbuf_16)
     5    0.133985    0.147811    0.278990    0.473661 ^ clkbuf_0_HCLK/X (sky130_fd_sc_hd__clkbuf_16)
                                                         clknet_0_HCLK (net)
                      0.149132    0.011130    0.484791 ^ clkbuf_2_3_0_HCLK/A (sky130_fd_sc_hd__clkbuf_8)
     2    0.038985    0.080656    0.191808    0.676599 ^ clkbuf_2_3_0_HCLK/X (sky130_fd_sc_hd__clkbuf_8)
                                                         clknet_2_3_0_HCLK (net)
                      0.080672    0.001240    0.677839 ^ clkbuf_3_7__f_HCLK/A (sky130_fd_sc_hd__clkbuf_16)
     7    0.049661    0.068487    0.159910    0.837748 ^ clkbuf_3_7__f_HCLK/X (sky130_fd_sc_hd__clkbuf_16)
                                                         clknet_3_7__leaf_HCLK (net)
                      0.069749    0.007191    0.844939 ^ _163_/CLK (sky130_fd_sc_hd__dfrtp_1)
                                  0.250000    1.094939   clock uncertainty
                                  0.000000    1.094939   clock reconvergence pessimism
                                  0.372389    1.467328   library removal time
                                              1.467328   data required time
---------------------------------------------------------------------------------------------
                                              1.467328   data required time
                                             -2.628313   data arrival time
---------------------------------------------------------------------------------------------
                                              1.160985   slack (MET)


Startpoint: HRESETn (input port clocked by HCLK)
Endpoint: _156_ (removal check against rising-edge clock HCLK)
Path Group: asynchronous
Path Type: min

Fanout         Cap        Slew       Delay        Time   Description
---------------------------------------------------------------------------------------------
                                  0.000000    0.000000   clock HCLK (rise edge)
                                  0.000000    0.000000   clock network delay (propagated)
                                  2.000000    2.000000 ^ input external delay
     1    0.002958    0.020413    0.010873    2.010873 ^ HRESETn (in)
                                                         HRESETn (net)
                      0.020413    0.000000    2.010873 ^ input34/A (sky130_fd_sc_hd__buf_1)
     1    0.011144    0.137652    0.137999    2.148872 ^ input34/X (sky130_fd_sc_hd__buf_1)
                                                         net34 (net)
                      0.137655    0.000501    2.149373 ^ fanout192/A (sky130_fd_sc_hd__buf_8)
     6    0.134493    0.216747    0.225786    2.375159 ^ fanout192/X (sky130_fd_sc_hd__buf_8)
                                                         net192 (net)
                      0.216796    0.003127    2.378285 ^ fanout190/A (sky130_fd_sc_hd__buf_8)
    13    0.129239    0.210021    0.246997    2.625282 ^ fanout190/X (sky130_fd_sc_hd__buf_8)
                                                         net190 (net)
                      0.224328    0.042416    2.667698 ^ _156_/RESET_B (sky130_fd_sc_hd__dfrtp_1)
                                              2.667698   data arrival time

                                  0.000000    0.000000   clock HCLK (rise edge)
                                  0.000000    0.000000   clock source latency
     1    0.059370    0.271235    0.194671    0.194671 ^ HCLK (in)
                                                         HCLK (net)
                      0.272238    0.000000    0.194671 ^ clkbuf_0_HCLK/A (sky130_fd_sc_hd__clkbuf_16)
     5    0.133985    0.147811    0.278990    0.473661 ^ clkbuf_0_HCLK/X (sky130_fd_sc_hd__clkbuf_16)
                                                         clknet_0_HCLK (net)
                      0.149132    0.011130    0.484791 ^ clkbuf_2_3_0_HCLK/A (sky130_fd_sc_hd__clkbuf_8)
     2    0.038985    0.080656    0.191808    0.676599 ^ clkbuf_2_3_0_HCLK/X (sky130_fd_sc_hd__clkbuf_8)
                                                         clknet_2_3_0_HCLK (net)
                      0.080861    0.002748    0.679347 ^ clkbuf_3_6__f_HCLK/A (sky130_fd_sc_hd__clkbuf_16)
     8    0.072287    0.089992    0.175724    0.855070 ^ clkbuf_3_6__f_HCLK/X (sky130_fd_sc_hd__clkbuf_16)
                                                         clknet_3_6__leaf_HCLK (net)
                      0.090807    0.006776    0.861846 ^ _156_/CLK (sky130_fd_sc_hd__dfrtp_1)
                                  0.250000    1.111846   clock uncertainty
                                  0.000000    1.111846   clock reconvergence pessimism
                                  0.382030    1.493876   library removal time
                                              1.493876   data required time
---------------------------------------------------------------------------------------------
                                              1.493876   data required time
                                             -2.667698   data arrival time
---------------------------------------------------------------------------------------------
                                              1.173821   slack (MET)


Startpoint: HRESETn (input port clocked by HCLK)
Endpoint: _190_ (removal check against rising-edge clock HCLK)
Path Group: asynchronous
Path Type: min

Fanout         Cap        Slew       Delay        Time   Description
---------------------------------------------------------------------------------------------
                                  0.000000    0.000000   clock HCLK (rise edge)
                                  0.000000    0.000000   clock network delay (propagated)
                                  2.000000    2.000000 ^ input external delay
     1    0.002958    0.020413    0.010873    2.010873 ^ HRESETn (in)
                                                         HRESETn (net)
                      0.020413    0.000000    2.010873 ^ input34/A (sky130_fd_sc_hd__buf_1)
     1    0.011144    0.137652    0.137999    2.148872 ^ input34/X (sky130_fd_sc_hd__buf_1)
                                                         net34 (net)
                      0.137655    0.000501    2.149373 ^ fanout192/A (sky130_fd_sc_hd__buf_8)
     6    0.134493    0.216747    0.225786    2.375159 ^ fanout192/X (sky130_fd_sc_hd__buf_8)
                                                         net192 (net)
                      0.216796    0.003127    2.378285 ^ fanout190/A (sky130_fd_sc_hd__buf_8)
    13    0.129239    0.210021    0.246997    2.625282 ^ fanout190/X (sky130_fd_sc_hd__buf_8)
                                                         net190 (net)
                      0.224223    0.042260    2.667542 ^ _190_/RESET_B (sky130_fd_sc_hd__dfrtp_1)
                                              2.667542   data arrival time

                                  0.000000    0.000000   clock HCLK (rise edge)
                                  0.000000    0.000000   clock source latency
     1    0.059370    0.271235    0.194671    0.194671 ^ HCLK (in)
                                                         HCLK (net)
                      0.272238    0.000000    0.194671 ^ clkbuf_0_HCLK/A (sky130_fd_sc_hd__clkbuf_16)
     5    0.133985    0.147811    0.278990    0.473661 ^ clkbuf_0_HCLK/X (sky130_fd_sc_hd__clkbuf_16)
                                                         clknet_0_HCLK (net)
                      0.149132    0.011130    0.484791 ^ clkbuf_2_3_0_HCLK/A (sky130_fd_sc_hd__clkbuf_8)
     2    0.038985    0.080656    0.191808    0.676599 ^ clkbuf_2_3_0_HCLK/X (sky130_fd_sc_hd__clkbuf_8)
                                                         clknet_2_3_0_HCLK (net)
                      0.080861    0.002748    0.679347 ^ clkbuf_3_6__f_HCLK/A (sky130_fd_sc_hd__clkbuf_16)
     8    0.072287    0.089992    0.175724    0.855070 ^ clkbuf_3_6__f_HCLK/X (sky130_fd_sc_hd__clkbuf_16)
                                                         clknet_3_6__leaf_HCLK (net)
                      0.090768    0.006615    0.861685 ^ _190_/CLK (sky130_fd_sc_hd__dfrtp_1)
                                  0.250000    1.111685   clock uncertainty
                                  0.000000    1.111685   clock reconvergence pessimism
                                  0.381991    1.493676   library removal time
                                              1.493676   data required time
---------------------------------------------------------------------------------------------
                                              1.493676   data required time
                                             -2.667542   data arrival time
---------------------------------------------------------------------------------------------
                                              1.173866   slack (MET)


Startpoint: HRESETn (input port clocked by HCLK)
Endpoint: _171_ (removal check against rising-edge clock HCLK)
Path Group: asynchronous
Path Type: min

Fanout         Cap        Slew       Delay        Time   Description
---------------------------------------------------------------------------------------------
                                  0.000000    0.000000   clock HCLK (rise edge)
                                  0.000000    0.000000   clock network delay (propagated)
                                  2.000000    2.000000 ^ input external delay
     1    0.002958    0.020413    0.010873    2.010873 ^ HRESETn (in)
                                                         HRESETn (net)
                      0.020413    0.000000    2.010873 ^ input34/A (sky130_fd_sc_hd__buf_1)
     1    0.011144    0.137652    0.137999    2.148872 ^ input34/X (sky130_fd_sc_hd__buf_1)
                                                         net34 (net)
                      0.137655    0.000501    2.149373 ^ fanout192/A (sky130_fd_sc_hd__buf_8)
     6    0.134493    0.216747    0.225786    2.375159 ^ fanout192/X (sky130_fd_sc_hd__buf_8)
                                                         net192 (net)
                      0.216796    0.003127    2.378285 ^ fanout190/A (sky130_fd_sc_hd__buf_8)
    13    0.129239    0.210021    0.246997    2.625282 ^ fanout190/X (sky130_fd_sc_hd__buf_8)
                                                         net190 (net)
                      0.224593    0.042810    2.668092 ^ _171_/RESET_B (sky130_fd_sc_hd__dfrtp_1)
                                              2.668092   data arrival time

                                  0.000000    0.000000   clock HCLK (rise edge)
                                  0.000000    0.000000   clock source latency
     1    0.059370    0.271235    0.194671    0.194671 ^ HCLK (in)
                                                         HCLK (net)
                      0.272238    0.000000    0.194671 ^ clkbuf_0_HCLK/A (sky130_fd_sc_hd__clkbuf_16)
     5    0.133985    0.147811    0.278990    0.473661 ^ clkbuf_0_HCLK/X (sky130_fd_sc_hd__clkbuf_16)
                                                         clknet_0_HCLK (net)
                      0.149132    0.011130    0.484791 ^ clkbuf_2_3_0_HCLK/A (sky130_fd_sc_hd__clkbuf_8)
     2    0.038985    0.080656    0.191808    0.676599 ^ clkbuf_2_3_0_HCLK/X (sky130_fd_sc_hd__clkbuf_8)
                                                         clknet_2_3_0_HCLK (net)
                      0.080861    0.002748    0.679347 ^ clkbuf_3_6__f_HCLK/A (sky130_fd_sc_hd__clkbuf_16)
     8    0.072287    0.089992    0.175724    0.855070 ^ clkbuf_3_6__f_HCLK/X (sky130_fd_sc_hd__clkbuf_16)
                                                         clknet_3_6__leaf_HCLK (net)
                      0.090830    0.006867    0.861937 ^ _171_/CLK (sky130_fd_sc_hd__dfrtp_1)
                                  0.250000    1.111937   clock uncertainty
                                  0.000000    1.111937   clock reconvergence pessimism
                                  0.382109    1.494047   library removal time
                                              1.494047   data required time
---------------------------------------------------------------------------------------------
                                              1.494047   data required time
                                             -2.668092   data arrival time
---------------------------------------------------------------------------------------------
                                              1.174045   slack (MET)


Startpoint: HRESETn (input port clocked by HCLK)
Endpoint: _206_ (removal check against rising-edge clock HCLK)
Path Group: asynchronous
Path Type: min

Fanout         Cap        Slew       Delay        Time   Description
---------------------------------------------------------------------------------------------
                                  0.000000    0.000000   clock HCLK (rise edge)
                                  0.000000    0.000000   clock network delay (propagated)
                                  2.000000    2.000000 ^ input external delay
     1    0.002958    0.020413    0.010873    2.010873 ^ HRESETn (in)
                                                         HRESETn (net)
                      0.020413    0.000000    2.010873 ^ input34/A (sky130_fd_sc_hd__buf_1)
     1    0.011144    0.137652    0.137999    2.148872 ^ input34/X (sky130_fd_sc_hd__buf_1)
                                                         net34 (net)
                      0.137655    0.000501    2.149373 ^ fanout192/A (sky130_fd_sc_hd__buf_8)
     6    0.134493    0.216747    0.225786    2.375159 ^ fanout192/X (sky130_fd_sc_hd__buf_8)
                                                         net192 (net)
                      0.216796    0.003127    2.378285 ^ fanout190/A (sky130_fd_sc_hd__buf_8)
    13    0.129239    0.210021    0.246997    2.625282 ^ fanout190/X (sky130_fd_sc_hd__buf_8)
                                                         net190 (net)
                      0.224517    0.042697    2.667979 ^ _206_/RESET_B (sky130_fd_sc_hd__dfrtp_1)
                                              2.667979   data arrival time

                                  0.000000    0.000000   clock HCLK (rise edge)
                                  0.000000    0.000000   clock source latency
     1    0.059370    0.271235    0.194671    0.194671 ^ HCLK (in)
                                                         HCLK (net)
                      0.272238    0.000000    0.194671 ^ clkbuf_0_HCLK/A (sky130_fd_sc_hd__clkbuf_16)
     5    0.133985    0.147811    0.278990    0.473661 ^ clkbuf_0_HCLK/X (sky130_fd_sc_hd__clkbuf_16)
                                                         clknet_0_HCLK (net)
                      0.149132    0.011130    0.484791 ^ clkbuf_2_3_0_HCLK/A (sky130_fd_sc_hd__clkbuf_8)
     2    0.038985    0.080656    0.191808    0.676599 ^ clkbuf_2_3_0_HCLK/X (sky130_fd_sc_hd__clkbuf_8)
                                                         clknet_2_3_0_HCLK (net)
                      0.080861    0.002748    0.679347 ^ clkbuf_3_6__f_HCLK/A (sky130_fd_sc_hd__clkbuf_16)
     8    0.072287    0.089992    0.175724    0.855070 ^ clkbuf_3_6__f_HCLK/X (sky130_fd_sc_hd__clkbuf_16)
                                                         clknet_3_6__leaf_HCLK (net)
                      0.090808    0.006779    0.861849 ^ _206_/CLK (sky130_fd_sc_hd__dfrtp_1)
                                  0.250000    1.111849   clock uncertainty
                                  0.000000    1.111849   clock reconvergence pessimism
                                  0.382082    1.493932   library removal time
                                              1.493932   data required time
---------------------------------------------------------------------------------------------
                                              1.493932   data required time
                                             -2.667979   data arrival time
---------------------------------------------------------------------------------------------
                                              1.174048   slack (MET)


Startpoint: HRESETn (input port clocked by HCLK)
Endpoint: _199_ (removal check against rising-edge clock HCLK)
Path Group: asynchronous
Path Type: min

Fanout         Cap        Slew       Delay        Time   Description
---------------------------------------------------------------------------------------------
                                  0.000000    0.000000   clock HCLK (rise edge)
                                  0.000000    0.000000   clock network delay (propagated)
                                  2.000000    2.000000 ^ input external delay
     1    0.002958    0.020413    0.010873    2.010873 ^ HRESETn (in)
                                                         HRESETn (net)
                      0.020413    0.000000    2.010873 ^ input34/A (sky130_fd_sc_hd__buf_1)
     1    0.011144    0.137652    0.137999    2.148872 ^ input34/X (sky130_fd_sc_hd__buf_1)
                                                         net34 (net)
                      0.137655    0.000501    2.149373 ^ fanout192/A (sky130_fd_sc_hd__buf_8)
     6    0.134493    0.216747    0.225786    2.375159 ^ fanout192/X (sky130_fd_sc_hd__buf_8)
                                                         net192 (net)
                      0.216796    0.003127    2.378285 ^ fanout190/A (sky130_fd_sc_hd__buf_8)
    13    0.129239    0.210021    0.246997    2.625282 ^ fanout190/X (sky130_fd_sc_hd__buf_8)
                                                         net190 (net)
                      0.224142    0.042139    2.667421 ^ _199_/RESET_B (sky130_fd_sc_hd__dfrtp_1)
                                              2.667421   data arrival time

                                  0.000000    0.000000   clock HCLK (rise edge)
                                  0.000000    0.000000   clock source latency
     1    0.059370    0.271235    0.194671    0.194671 ^ HCLK (in)
                                                         HCLK (net)
                      0.272238    0.000000    0.194671 ^ clkbuf_0_HCLK/A (sky130_fd_sc_hd__clkbuf_16)
     5    0.133985    0.147811    0.278990    0.473661 ^ clkbuf_0_HCLK/X (sky130_fd_sc_hd__clkbuf_16)
                                                         clknet_0_HCLK (net)
                      0.149132    0.011130    0.484791 ^ clkbuf_2_3_0_HCLK/A (sky130_fd_sc_hd__clkbuf_8)
     2    0.038985    0.080656    0.191808    0.676599 ^ clkbuf_2_3_0_HCLK/X (sky130_fd_sc_hd__clkbuf_8)
                                                         clknet_2_3_0_HCLK (net)
                      0.080861    0.002748    0.679347 ^ clkbuf_3_6__f_HCLK/A (sky130_fd_sc_hd__clkbuf_16)
     8    0.072287    0.089992    0.175724    0.855070 ^ clkbuf_3_6__f_HCLK/X (sky130_fd_sc_hd__clkbuf_16)
                                                         clknet_3_6__leaf_HCLK (net)
                      0.090705    0.006345    0.861415 ^ _199_/CLK (sky130_fd_sc_hd__dfrtp_1)
                                  0.250000    1.111415   clock uncertainty
                                  0.000000    1.111415   clock reconvergence pessimism
                                  0.381951    1.493367   library removal time
                                              1.493367   data required time
---------------------------------------------------------------------------------------------
                                              1.493367   data required time
                                             -2.667421   data arrival time
---------------------------------------------------------------------------------------------
                                              1.174054   slack (MET)


Startpoint: HRESETn (input port clocked by HCLK)
Endpoint: _200_ (removal check against rising-edge clock HCLK)
Path Group: asynchronous
Path Type: min

Fanout         Cap        Slew       Delay        Time   Description
---------------------------------------------------------------------------------------------
                                  0.000000    0.000000   clock HCLK (rise edge)
                                  0.000000    0.000000   clock network delay (propagated)
                                  2.000000    2.000000 ^ input external delay
     1    0.002958    0.020413    0.010873    2.010873 ^ HRESETn (in)
                                                         HRESETn (net)
                      0.020413    0.000000    2.010873 ^ input34/A (sky130_fd_sc_hd__buf_1)
     1    0.011144    0.137652    0.137999    2.148872 ^ input34/X (sky130_fd_sc_hd__buf_1)
                                                         net34 (net)
                      0.137655    0.000501    2.149373 ^ fanout192/A (sky130_fd_sc_hd__buf_8)
     6    0.134493    0.216747    0.225786    2.375159 ^ fanout192/X (sky130_fd_sc_hd__buf_8)
                                                         net192 (net)
                      0.216796    0.003127    2.378285 ^ fanout190/A (sky130_fd_sc_hd__buf_8)
    13    0.129239    0.210021    0.246997    2.625282 ^ fanout190/X (sky130_fd_sc_hd__buf_8)
                                                         net190 (net)
                      0.224575    0.042784    2.668066 ^ _200_/RESET_B (sky130_fd_sc_hd__dfrtp_1)
                                              2.668066   data arrival time

                                  0.000000    0.000000   clock HCLK (rise edge)
                                  0.000000    0.000000   clock source latency
     1    0.059370    0.271235    0.194671    0.194671 ^ HCLK (in)
                                                         HCLK (net)
                      0.272238    0.000000    0.194671 ^ clkbuf_0_HCLK/A (sky130_fd_sc_hd__clkbuf_16)
     5    0.133985    0.147811    0.278990    0.473661 ^ clkbuf_0_HCLK/X (sky130_fd_sc_hd__clkbuf_16)
                                                         clknet_0_HCLK (net)
                      0.149132    0.011130    0.484791 ^ clkbuf_2_3_0_HCLK/A (sky130_fd_sc_hd__clkbuf_8)
     2    0.038985    0.080656    0.191808    0.676599 ^ clkbuf_2_3_0_HCLK/X (sky130_fd_sc_hd__clkbuf_8)
                                                         clknet_2_3_0_HCLK (net)
                      0.080861    0.002748    0.679347 ^ clkbuf_3_6__f_HCLK/A (sky130_fd_sc_hd__clkbuf_16)
     8    0.072287    0.089992    0.175724    0.855070 ^ clkbuf_3_6__f_HCLK/X (sky130_fd_sc_hd__clkbuf_16)
                                                         clknet_3_6__leaf_HCLK (net)
                      0.090820    0.006829    0.861899 ^ _200_/CLK (sky130_fd_sc_hd__dfrtp_1)
                                  0.250000    1.111899   clock uncertainty
                                  0.000000    1.111899   clock reconvergence pessimism
                                  0.382102    1.494001   library removal time
                                              1.494001   data required time
---------------------------------------------------------------------------------------------
                                              1.494001   data required time
                                             -2.668066   data arrival time
---------------------------------------------------------------------------------------------
                                              1.174065   slack (MET)


Startpoint: HRESETn (input port clocked by HCLK)
Endpoint: _209_ (removal check against rising-edge clock HCLK)
Path Group: asynchronous
Path Type: min

Fanout         Cap        Slew       Delay        Time   Description
---------------------------------------------------------------------------------------------
                                  0.000000    0.000000   clock HCLK (rise edge)
                                  0.000000    0.000000   clock network delay (propagated)
                                  2.000000    2.000000 ^ input external delay
     1    0.002958    0.020413    0.010873    2.010873 ^ HRESETn (in)
                                                         HRESETn (net)
                      0.020413    0.000000    2.010873 ^ input34/A (sky130_fd_sc_hd__buf_1)
     1    0.011144    0.137652    0.137999    2.148872 ^ input34/X (sky130_fd_sc_hd__buf_1)
                                                         net34 (net)
                      0.137655    0.000501    2.149373 ^ fanout192/A (sky130_fd_sc_hd__buf_8)
     6    0.134493    0.216747    0.225786    2.375159 ^ fanout192/X (sky130_fd_sc_hd__buf_8)
                                                         net192 (net)
                      0.216796    0.003127    2.378285 ^ fanout190/A (sky130_fd_sc_hd__buf_8)
    13    0.129239    0.210021    0.246997    2.625282 ^ fanout190/X (sky130_fd_sc_hd__buf_8)
                                                         net190 (net)
                      0.223995    0.041917    2.667199 ^ _209_/RESET_B (sky130_fd_sc_hd__dfrtp_1)
                                              2.667199   data arrival time

                                  0.000000    0.000000   clock HCLK (rise edge)
                                  0.000000    0.000000   clock source latency
     1    0.059370    0.271235    0.194671    0.194671 ^ HCLK (in)
                                                         HCLK (net)
                      0.272238    0.000000    0.194671 ^ clkbuf_0_HCLK/A (sky130_fd_sc_hd__clkbuf_16)
     5    0.133985    0.147811    0.278990    0.473661 ^ clkbuf_0_HCLK/X (sky130_fd_sc_hd__clkbuf_16)
                                                         clknet_0_HCLK (net)
                      0.149132    0.011130    0.484791 ^ clkbuf_2_3_0_HCLK/A (sky130_fd_sc_hd__clkbuf_8)
     2    0.038985    0.080656    0.191808    0.676599 ^ clkbuf_2_3_0_HCLK/X (sky130_fd_sc_hd__clkbuf_8)
                                                         clknet_2_3_0_HCLK (net)
                      0.080861    0.002748    0.679347 ^ clkbuf_3_6__f_HCLK/A (sky130_fd_sc_hd__clkbuf_16)
     8    0.072287    0.089992    0.175724    0.855070 ^ clkbuf_3_6__f_HCLK/X (sky130_fd_sc_hd__clkbuf_16)
                                                         clknet_3_6__leaf_HCLK (net)
                      0.090629    0.006003    0.861074 ^ _209_/CLK (sky130_fd_sc_hd__dfrtp_1)
                                  0.250000    1.111074   clock uncertainty
                                  0.000000    1.111074   clock reconvergence pessimism
                                  0.381890    1.492964   library removal time
                                              1.492964   data required time
---------------------------------------------------------------------------------------------
                                              1.492964   data required time
                                             -2.667199   data arrival time
---------------------------------------------------------------------------------------------
                                              1.174235   slack (MET)


Startpoint: HRESETn (input port clocked by HCLK)
Endpoint: _162_ (removal check against rising-edge clock HCLK)
Path Group: asynchronous
Path Type: min

Fanout         Cap        Slew       Delay        Time   Description
---------------------------------------------------------------------------------------------
                                  0.000000    0.000000   clock HCLK (rise edge)
                                  0.000000    0.000000   clock network delay (propagated)
                                  2.000000    2.000000 ^ input external delay
     1    0.002958    0.020413    0.010873    2.010873 ^ HRESETn (in)
                                                         HRESETn (net)
                      0.020413    0.000000    2.010873 ^ input34/A (sky130_fd_sc_hd__buf_1)
     1    0.011144    0.137652    0.137999    2.148872 ^ input34/X (sky130_fd_sc_hd__buf_1)
                                                         net34 (net)
                      0.137655    0.000501    2.149373 ^ fanout192/A (sky130_fd_sc_hd__buf_8)
     6    0.134493    0.216747    0.225786    2.375159 ^ fanout192/X (sky130_fd_sc_hd__buf_8)
                                                         net192 (net)
                      0.216796    0.003127    2.378285 ^ fanout190/A (sky130_fd_sc_hd__buf_8)
    13    0.129239    0.210021    0.246997    2.625282 ^ fanout190/X (sky130_fd_sc_hd__buf_8)
                                                         net190 (net)
                      0.210049    0.002306    2.627589 ^ _162_/RESET_B (sky130_fd_sc_hd__dfrtp_1)
                                              2.627589   data arrival time

                                  0.000000    0.000000   clock HCLK (rise edge)
                                  0.000000    0.000000   clock source latency
     1    0.059370    0.271235    0.194671    0.194671 ^ HCLK (in)
                                                         HCLK (net)
                      0.272238    0.000000    0.194671 ^ clkbuf_0_HCLK/A (sky130_fd_sc_hd__clkbuf_16)
     5    0.133985    0.147811    0.278990    0.473661 ^ clkbuf_0_HCLK/X (sky130_fd_sc_hd__clkbuf_16)
                                                         clknet_0_HCLK (net)
                      0.149171    0.011290    0.484951 ^ clkbuf_2_2_0_HCLK/A (sky130_fd_sc_hd__clkbuf_8)
     2    0.035281    0.075148    0.186583    0.671534 ^ clkbuf_2_2_0_HCLK/X (sky130_fd_sc_hd__clkbuf_8)
                                                         clknet_2_2_0_HCLK (net)
                      0.075449    0.003322    0.674856 ^ clkbuf_3_4__f_HCLK/A (sky130_fd_sc_hd__clkbuf_16)
    11    0.039034    0.058892    0.152107    0.826962 ^ clkbuf_3_4__f_HCLK/X (sky130_fd_sc_hd__clkbuf_16)
                                                         clknet_3_4__leaf_HCLK (net)
                      0.058917    0.001069    0.828032 ^ _162_/CLK (sky130_fd_sc_hd__dfrtp_1)
                                  0.250000    1.078032   clock uncertainty
                                  0.000000    1.078032   clock reconvergence pessimism
                                  0.369439    1.447471   library removal time
                                              1.447471   data required time
---------------------------------------------------------------------------------------------
                                              1.447471   data required time
                                             -2.627589   data arrival time
---------------------------------------------------------------------------------------------
                                              1.180118   slack (MET)


Startpoint: HRESETn (input port clocked by HCLK)
Endpoint: _154_ (removal check against rising-edge clock HCLK)
Path Group: asynchronous
Path Type: min

Fanout         Cap        Slew       Delay        Time   Description
---------------------------------------------------------------------------------------------
                                  0.000000    0.000000   clock HCLK (rise edge)
                                  0.000000    0.000000   clock network delay (propagated)
                                  2.000000    2.000000 ^ input external delay
     1    0.002958    0.020413    0.010873    2.010873 ^ HRESETn (in)
                                                         HRESETn (net)
                      0.020413    0.000000    2.010873 ^ input34/A (sky130_fd_sc_hd__buf_1)
     1    0.011144    0.137652    0.137999    2.148872 ^ input34/X (sky130_fd_sc_hd__buf_1)
                                                         net34 (net)
                      0.137655    0.000501    2.149373 ^ fanout192/A (sky130_fd_sc_hd__buf_8)
     6    0.134493    0.216747    0.225786    2.375159 ^ fanout192/X (sky130_fd_sc_hd__buf_8)
                                                         net192 (net)
                      0.216796    0.003127    2.378285 ^ fanout190/A (sky130_fd_sc_hd__buf_8)
    13    0.129239    0.210021    0.246997    2.625282 ^ fanout190/X (sky130_fd_sc_hd__buf_8)
                                                         net190 (net)
                      0.210053    0.002473    2.627755 ^ _154_/RESET_B (sky130_fd_sc_hd__dfrtp_1)
                                              2.627755   data arrival time

                                  0.000000    0.000000   clock HCLK (rise edge)
                                  0.000000    0.000000   clock source latency
     1    0.059370    0.271235    0.194671    0.194671 ^ HCLK (in)
                                                         HCLK (net)
                      0.272238    0.000000    0.194671 ^ clkbuf_0_HCLK/A (sky130_fd_sc_hd__clkbuf_16)
     5    0.133985    0.147811    0.278990    0.473661 ^ clkbuf_0_HCLK/X (sky130_fd_sc_hd__clkbuf_16)
                                                         clknet_0_HCLK (net)
                      0.149171    0.011290    0.484951 ^ clkbuf_2_2_0_HCLK/A (sky130_fd_sc_hd__clkbuf_8)
     2    0.035281    0.075148    0.186583    0.671534 ^ clkbuf_2_2_0_HCLK/X (sky130_fd_sc_hd__clkbuf_8)
                                                         clknet_2_2_0_HCLK (net)
                      0.075449    0.003322    0.674856 ^ clkbuf_3_4__f_HCLK/A (sky130_fd_sc_hd__clkbuf_16)
    11    0.039034    0.058892    0.152107    0.826962 ^ clkbuf_3_4__f_HCLK/X (sky130_fd_sc_hd__clkbuf_16)
                                                         clknet_3_4__leaf_HCLK (net)
                      0.058902    0.000765    0.827727 ^ _154_/CLK (sky130_fd_sc_hd__dfrtp_1)
                                  0.250000    1.077727   clock uncertainty
                                  0.000000    1.077727   clock reconvergence pessimism
                                  0.369436    1.447163   library removal time
                                              1.447163   data required time
---------------------------------------------------------------------------------------------
                                              1.447163   data required time
                                             -2.627755   data arrival time
---------------------------------------------------------------------------------------------
                                              1.180591   slack (MET)


Startpoint: HRESETn (input port clocked by HCLK)
Endpoint: _195_ (removal check against rising-edge clock HCLK)
Path Group: asynchronous
Path Type: min

Fanout         Cap        Slew       Delay        Time   Description
---------------------------------------------------------------------------------------------
                                  0.000000    0.000000   clock HCLK (rise edge)
                                  0.000000    0.000000   clock network delay (propagated)
                                  2.000000    2.000000 ^ input external delay
     1    0.002958    0.020413    0.010873    2.010873 ^ HRESETn (in)
                                                         HRESETn (net)
                      0.020413    0.000000    2.010873 ^ input34/A (sky130_fd_sc_hd__buf_1)
     1    0.011144    0.137652    0.137999    2.148872 ^ input34/X (sky130_fd_sc_hd__buf_1)
                                                         net34 (net)
                      0.137655    0.000501    2.149373 ^ fanout192/A (sky130_fd_sc_hd__buf_8)
     6    0.134493    0.216747    0.225786    2.375159 ^ fanout192/X (sky130_fd_sc_hd__buf_8)
                                                         net192 (net)
                      0.227103    0.036393    2.411552 ^ fanout187/A (sky130_fd_sc_hd__buf_8)
     6    0.151289    0.245383    0.274166    2.685718 ^ fanout187/X (sky130_fd_sc_hd__buf_8)
                                                         net187 (net)
                      0.245407    0.002171    2.687889 ^ _195_/RESET_B (sky130_fd_sc_hd__dfrtp_4)
                                              2.687889   data arrival time

                                  0.000000    0.000000   clock HCLK (rise edge)
                                  0.000000    0.000000   clock source latency
     1    0.059370    0.271235    0.194671    0.194671 ^ HCLK (in)
                                                         HCLK (net)
                      0.272238    0.000000    0.194671 ^ clkbuf_0_HCLK/A (sky130_fd_sc_hd__clkbuf_16)
     5    0.133985    0.147811    0.278990    0.473661 ^ clkbuf_0_HCLK/X (sky130_fd_sc_hd__clkbuf_16)
                                                         clknet_0_HCLK (net)
                      0.149132    0.011130    0.484791 ^ clkbuf_2_3_0_HCLK/A (sky130_fd_sc_hd__clkbuf_8)
     2    0.038985    0.080656    0.191808    0.676599 ^ clkbuf_2_3_0_HCLK/X (sky130_fd_sc_hd__clkbuf_8)
                                                         clknet_2_3_0_HCLK (net)
                      0.080861    0.002748    0.679347 ^ clkbuf_3_6__f_HCLK/A (sky130_fd_sc_hd__clkbuf_16)
     8    0.072287    0.089992    0.175724    0.855070 ^ clkbuf_3_6__f_HCLK/X (sky130_fd_sc_hd__clkbuf_16)
                                                         clknet_3_6__leaf_HCLK (net)
                      0.091241    0.008378    0.863449 ^ _195_/CLK (sky130_fd_sc_hd__dfrtp_4)
                                  0.250000    1.113449   clock uncertainty
                                  0.000000    1.113449   clock reconvergence pessimism
                                  0.388048    1.501496   library removal time
                                              1.501496   data required time
---------------------------------------------------------------------------------------------
                                              1.501496   data required time
                                             -2.687889   data arrival time
---------------------------------------------------------------------------------------------
                                              1.186393   slack (MET)


Startpoint: HRESETn (input port clocked by HCLK)
Endpoint: _217_ (removal check against rising-edge clock HCLK)
Path Group: asynchronous
Path Type: min

Fanout         Cap        Slew       Delay        Time   Description
---------------------------------------------------------------------------------------------
                                  0.000000    0.000000   clock HCLK (rise edge)
                                  0.000000    0.000000   clock network delay (propagated)
                                  2.000000    2.000000 ^ input external delay
     1    0.002958    0.020413    0.010873    2.010873 ^ HRESETn (in)
                                                         HRESETn (net)
                      0.020413    0.000000    2.010873 ^ input34/A (sky130_fd_sc_hd__buf_1)
     1    0.011144    0.137652    0.137999    2.148872 ^ input34/X (sky130_fd_sc_hd__buf_1)
                                                         net34 (net)
                      0.137655    0.000501    2.149373 ^ fanout192/A (sky130_fd_sc_hd__buf_8)
     6    0.134493    0.216747    0.225786    2.375159 ^ fanout192/X (sky130_fd_sc_hd__buf_8)
                                                         net192 (net)
                      0.216867    0.004798    2.379957 ^ fanout191/A (sky130_fd_sc_hd__clkbuf_4)
     7    0.048344    0.152431    0.274161    2.654117 ^ fanout191/X (sky130_fd_sc_hd__clkbuf_4)
                                                         net191 (net)
                      0.152432    0.000842    2.654959 ^ _217_/RESET_B (sky130_fd_sc_hd__dfrtp_2)
                                              2.654959   data arrival time

                                  0.000000    0.000000   clock HCLK (rise edge)
                                  0.000000    0.000000   clock source latency
     1    0.059370    0.271235    0.194671    0.194671 ^ HCLK (in)
                                                         HCLK (net)
                      0.272238    0.000000    0.194671 ^ clkbuf_0_HCLK/A (sky130_fd_sc_hd__clkbuf_16)
     5    0.133985    0.147811    0.278990    0.473661 ^ clkbuf_0_HCLK/X (sky130_fd_sc_hd__clkbuf_16)
                                                         clknet_0_HCLK (net)
                      0.149132    0.011130    0.484791 ^ clkbuf_2_3_0_HCLK/A (sky130_fd_sc_hd__clkbuf_8)
     2    0.038985    0.080656    0.191808    0.676599 ^ clkbuf_2_3_0_HCLK/X (sky130_fd_sc_hd__clkbuf_8)
                                                         clknet_2_3_0_HCLK (net)
                      0.080672    0.001240    0.677839 ^ clkbuf_3_7__f_HCLK/A (sky130_fd_sc_hd__clkbuf_16)
     7    0.049661    0.068487    0.159910    0.837748 ^ clkbuf_3_7__f_HCLK/X (sky130_fd_sc_hd__clkbuf_16)
                                                         clknet_3_7__leaf_HCLK (net)
                      0.069809    0.007378    0.845127 ^ _217_/CLK (sky130_fd_sc_hd__dfrtp_2)
                                  0.250000    1.095127   clock uncertainty
                                  0.000000    1.095127   clock reconvergence pessimism
                                  0.356349    1.451476   library removal time
                                              1.451476   data required time
---------------------------------------------------------------------------------------------
                                              1.451476   data required time
                                             -2.654959   data arrival time
---------------------------------------------------------------------------------------------
                                              1.203484   slack (MET)


Startpoint: HRESETn (input port clocked by HCLK)
Endpoint: _216_ (removal check against rising-edge clock HCLK)
Path Group: asynchronous
Path Type: min

Fanout         Cap        Slew       Delay        Time   Description
---------------------------------------------------------------------------------------------
                                  0.000000    0.000000   clock HCLK (rise edge)
                                  0.000000    0.000000   clock network delay (propagated)
                                  2.000000    2.000000 ^ input external delay
     1    0.002958    0.020413    0.010873    2.010873 ^ HRESETn (in)
                                                         HRESETn (net)
                      0.020413    0.000000    2.010873 ^ input34/A (sky130_fd_sc_hd__buf_1)
     1    0.011144    0.137652    0.137999    2.148872 ^ input34/X (sky130_fd_sc_hd__buf_1)
                                                         net34 (net)
                      0.137655    0.000501    2.149373 ^ fanout192/A (sky130_fd_sc_hd__buf_8)
     6    0.134493    0.216747    0.225786    2.375159 ^ fanout192/X (sky130_fd_sc_hd__buf_8)
                                                         net192 (net)
                      0.216867    0.004798    2.379957 ^ fanout191/A (sky130_fd_sc_hd__clkbuf_4)
     7    0.048344    0.152431    0.274161    2.654117 ^ fanout191/X (sky130_fd_sc_hd__clkbuf_4)
                                                         net191 (net)
                      0.152436    0.001118    2.655236 ^ _216_/RESET_B (sky130_fd_sc_hd__dfrtp_2)
                                              2.655236   data arrival time

                                  0.000000    0.000000   clock HCLK (rise edge)
                                  0.000000    0.000000   clock source latency
     1    0.059370    0.271235    0.194671    0.194671 ^ HCLK (in)
                                                         HCLK (net)
                      0.272238    0.000000    0.194671 ^ clkbuf_0_HCLK/A (sky130_fd_sc_hd__clkbuf_16)
     5    0.133985    0.147811    0.278990    0.473661 ^ clkbuf_0_HCLK/X (sky130_fd_sc_hd__clkbuf_16)
                                                         clknet_0_HCLK (net)
                      0.149132    0.011130    0.484791 ^ clkbuf_2_3_0_HCLK/A (sky130_fd_sc_hd__clkbuf_8)
     2    0.038985    0.080656    0.191808    0.676599 ^ clkbuf_2_3_0_HCLK/X (sky130_fd_sc_hd__clkbuf_8)
                                                         clknet_2_3_0_HCLK (net)
                      0.080672    0.001240    0.677839 ^ clkbuf_3_7__f_HCLK/A (sky130_fd_sc_hd__clkbuf_16)
     7    0.049661    0.068487    0.159910    0.837748 ^ clkbuf_3_7__f_HCLK/X (sky130_fd_sc_hd__clkbuf_16)
                                                         clknet_3_7__leaf_HCLK (net)
                      0.069816    0.007399    0.845148 ^ _216_/CLK (sky130_fd_sc_hd__dfrtp_2)
                                  0.250000    1.095148   clock uncertainty
                                  0.000000    1.095148   clock reconvergence pessimism
                                  0.356352    1.451499   library removal time
                                              1.451499   data required time
---------------------------------------------------------------------------------------------
                                              1.451499   data required time
                                             -2.655236   data arrival time
---------------------------------------------------------------------------------------------
                                              1.203736   slack (MET)


Startpoint: HRESETn (input port clocked by HCLK)
Endpoint: _215_ (removal check against rising-edge clock HCLK)
Path Group: asynchronous
Path Type: min

Fanout         Cap        Slew       Delay        Time   Description
---------------------------------------------------------------------------------------------
                                  0.000000    0.000000   clock HCLK (rise edge)
                                  0.000000    0.000000   clock network delay (propagated)
                                  2.000000    2.000000 ^ input external delay
     1    0.002958    0.020413    0.010873    2.010873 ^ HRESETn (in)
                                                         HRESETn (net)
                      0.020413    0.000000    2.010873 ^ input34/A (sky130_fd_sc_hd__buf_1)
     1    0.011144    0.137652    0.137999    2.148872 ^ input34/X (sky130_fd_sc_hd__buf_1)
                                                         net34 (net)
                      0.137655    0.000501    2.149373 ^ fanout192/A (sky130_fd_sc_hd__buf_8)
     6    0.134493    0.216747    0.225786    2.375159 ^ fanout192/X (sky130_fd_sc_hd__buf_8)
                                                         net192 (net)
                      0.216867    0.004798    2.379957 ^ fanout191/A (sky130_fd_sc_hd__clkbuf_4)
     7    0.048344    0.152431    0.274161    2.654117 ^ fanout191/X (sky130_fd_sc_hd__clkbuf_4)
                                                         net191 (net)
                      0.152446    0.001637    2.655754 ^ _215_/RESET_B (sky130_fd_sc_hd__dfrtp_1)
                                              2.655754   data arrival time

                                  0.000000    0.000000   clock HCLK (rise edge)
                                  0.000000    0.000000   clock source latency
     1    0.059370    0.271235    0.194671    0.194671 ^ HCLK (in)
                                                         HCLK (net)
                      0.272238    0.000000    0.194671 ^ clkbuf_0_HCLK/A (sky130_fd_sc_hd__clkbuf_16)
     5    0.133985    0.147811    0.278990    0.473661 ^ clkbuf_0_HCLK/X (sky130_fd_sc_hd__clkbuf_16)
                                                         clknet_0_HCLK (net)
                      0.149132    0.011130    0.484791 ^ clkbuf_2_3_0_HCLK/A (sky130_fd_sc_hd__clkbuf_8)
     2    0.038985    0.080656    0.191808    0.676599 ^ clkbuf_2_3_0_HCLK/X (sky130_fd_sc_hd__clkbuf_8)
                                                         clknet_2_3_0_HCLK (net)
                      0.080672    0.001240    0.677839 ^ clkbuf_3_7__f_HCLK/A (sky130_fd_sc_hd__clkbuf_16)
     7    0.049661    0.068487    0.159910    0.837748 ^ clkbuf_3_7__f_HCLK/X (sky130_fd_sc_hd__clkbuf_16)
                                                         clknet_3_7__leaf_HCLK (net)
                      0.069843    0.007482    0.845231 ^ _215_/CLK (sky130_fd_sc_hd__dfrtp_1)
                                  0.250000    1.095231   clock uncertainty
                                  0.000000    1.095231   clock reconvergence pessimism
                                  0.356568    1.451798   library removal time
                                              1.451798   data required time
---------------------------------------------------------------------------------------------
                                              1.451798   data required time
                                             -2.655754   data arrival time
---------------------------------------------------------------------------------------------
                                              1.203956   slack (MET)


Startpoint: HRESETn (input port clocked by HCLK)
Endpoint: _164_ (removal check against rising-edge clock HCLK)
Path Group: asynchronous
Path Type: min

Fanout         Cap        Slew       Delay        Time   Description
---------------------------------------------------------------------------------------------
                                  0.000000    0.000000   clock HCLK (rise edge)
                                  0.000000    0.000000   clock network delay (propagated)
                                  2.000000    2.000000 ^ input external delay
     1    0.002958    0.020413    0.010873    2.010873 ^ HRESETn (in)
                                                         HRESETn (net)
                      0.020413    0.000000    2.010873 ^ input34/A (sky130_fd_sc_hd__buf_1)
     1    0.011144    0.137652    0.137999    2.148872 ^ input34/X (sky130_fd_sc_hd__buf_1)
                                                         net34 (net)
                      0.137655    0.000501    2.149373 ^ fanout192/A (sky130_fd_sc_hd__buf_8)
     6    0.134493    0.216747    0.225786    2.375159 ^ fanout192/X (sky130_fd_sc_hd__buf_8)
                                                         net192 (net)
                      0.216867    0.004798    2.379957 ^ fanout191/A (sky130_fd_sc_hd__clkbuf_4)
     7    0.048344    0.152431    0.274161    2.654117 ^ fanout191/X (sky130_fd_sc_hd__clkbuf_4)
                                                         net191 (net)
                      0.152440    0.001371    2.655489 ^ _164_/RESET_B (sky130_fd_sc_hd__dfrtp_4)
                                              2.655489   data arrival time

                                  0.000000    0.000000   clock HCLK (rise edge)
                                  0.000000    0.000000   clock source latency
     1    0.059370    0.271235    0.194671    0.194671 ^ HCLK (in)
                                                         HCLK (net)
                      0.272238    0.000000    0.194671 ^ clkbuf_0_HCLK/A (sky130_fd_sc_hd__clkbuf_16)
     5    0.133985    0.147811    0.278990    0.473661 ^ clkbuf_0_HCLK/X (sky130_fd_sc_hd__clkbuf_16)
                                                         clknet_0_HCLK (net)
                      0.149132    0.011130    0.484791 ^ clkbuf_2_3_0_HCLK/A (sky130_fd_sc_hd__clkbuf_8)
     2    0.038985    0.080656    0.191808    0.676599 ^ clkbuf_2_3_0_HCLK/X (sky130_fd_sc_hd__clkbuf_8)
                                                         clknet_2_3_0_HCLK (net)
                      0.080672    0.001240    0.677839 ^ clkbuf_3_7__f_HCLK/A (sky130_fd_sc_hd__clkbuf_16)
     7    0.049661    0.068487    0.159910    0.837748 ^ clkbuf_3_7__f_HCLK/X (sky130_fd_sc_hd__clkbuf_16)
                                                         clknet_3_7__leaf_HCLK (net)
                      0.069212    0.005297    0.843046 ^ _164_/CLK (sky130_fd_sc_hd__dfrtp_4)
                                  0.250000    1.093046   clock uncertainty
                                  0.000000    1.093046   clock reconvergence pessimism
                                  0.356499    1.449545   library removal time
                                              1.449545   data required time
---------------------------------------------------------------------------------------------
                                              1.449545   data required time
                                             -2.655489   data arrival time
---------------------------------------------------------------------------------------------
                                              1.205944   slack (MET)


Startpoint: HRESETn (input port clocked by HCLK)
Endpoint: _167_ (removal check against rising-edge clock HCLK)
Path Group: asynchronous
Path Type: min

Fanout         Cap        Slew       Delay        Time   Description
---------------------------------------------------------------------------------------------
                                  0.000000    0.000000   clock HCLK (rise edge)
                                  0.000000    0.000000   clock network delay (propagated)
                                  2.000000    2.000000 ^ input external delay
     1    0.002958    0.020413    0.010873    2.010873 ^ HRESETn (in)
                                                         HRESETn (net)
                      0.020413    0.000000    2.010873 ^ input34/A (sky130_fd_sc_hd__buf_1)
     1    0.011144    0.137652    0.137999    2.148872 ^ input34/X (sky130_fd_sc_hd__buf_1)
                                                         net34 (net)
                      0.137655    0.000501    2.149373 ^ fanout192/A (sky130_fd_sc_hd__buf_8)
     6    0.134493    0.216747    0.225786    2.375159 ^ fanout192/X (sky130_fd_sc_hd__buf_8)
                                                         net192 (net)
                      0.216867    0.004798    2.379957 ^ fanout191/A (sky130_fd_sc_hd__clkbuf_4)
     7    0.048344    0.152431    0.274161    2.654117 ^ fanout191/X (sky130_fd_sc_hd__clkbuf_4)
                                                         net191 (net)
                      0.152456    0.001986    2.656103 ^ _167_/RESET_B (sky130_fd_sc_hd__dfrtp_1)
                                              2.656103   data arrival time

                                  0.000000    0.000000   clock HCLK (rise edge)
                                  0.000000    0.000000   clock source latency
     1    0.059370    0.271235    0.194671    0.194671 ^ HCLK (in)
                                                         HCLK (net)
                      0.272238    0.000000    0.194671 ^ clkbuf_0_HCLK/A (sky130_fd_sc_hd__clkbuf_16)
     5    0.133985    0.147811    0.278990    0.473661 ^ clkbuf_0_HCLK/X (sky130_fd_sc_hd__clkbuf_16)
                                                         clknet_0_HCLK (net)
                      0.149171    0.011290    0.484951 ^ clkbuf_2_2_0_HCLK/A (sky130_fd_sc_hd__clkbuf_8)
     2    0.035281    0.075148    0.186583    0.671534 ^ clkbuf_2_2_0_HCLK/X (sky130_fd_sc_hd__clkbuf_8)
                                                         clknet_2_2_0_HCLK (net)
                      0.075449    0.003322    0.674856 ^ clkbuf_3_4__f_HCLK/A (sky130_fd_sc_hd__clkbuf_16)
    11    0.039034    0.058892    0.152107    0.826962 ^ clkbuf_3_4__f_HCLK/X (sky130_fd_sc_hd__clkbuf_16)
                                                         clknet_3_4__leaf_HCLK (net)
                      0.058918    0.001085    0.828048 ^ _167_/CLK (sky130_fd_sc_hd__dfrtp_1)
                                  0.250000    1.078048   clock uncertainty
                                  0.000000    1.078048   clock reconvergence pessimism
                                  0.353598    1.431646   library removal time
                                              1.431646   data required time
---------------------------------------------------------------------------------------------
                                              1.431646   data required time
                                             -2.656103   data arrival time
---------------------------------------------------------------------------------------------
                                              1.224457   slack (MET)


Startpoint: HRESETn (input port clocked by HCLK)
Endpoint: _193_ (removal check against rising-edge clock HCLK)
Path Group: asynchronous
Path Type: min

Fanout         Cap        Slew       Delay        Time   Description
---------------------------------------------------------------------------------------------
                                  0.000000    0.000000   clock HCLK (rise edge)
                                  0.000000    0.000000   clock network delay (propagated)
                                  2.000000    2.000000 ^ input external delay
     1    0.002958    0.020413    0.010873    2.010873 ^ HRESETn (in)
                                                         HRESETn (net)
                      0.020413    0.000000    2.010873 ^ input34/A (sky130_fd_sc_hd__buf_1)
     1    0.011144    0.137652    0.137999    2.148872 ^ input34/X (sky130_fd_sc_hd__buf_1)
                                                         net34 (net)
                      0.137655    0.000501    2.149373 ^ fanout192/A (sky130_fd_sc_hd__buf_8)
     6    0.134493    0.216747    0.225786    2.375159 ^ fanout192/X (sky130_fd_sc_hd__buf_8)
                                                         net192 (net)
                      0.216867    0.004798    2.379957 ^ fanout191/A (sky130_fd_sc_hd__clkbuf_4)
     7    0.048344    0.152431    0.274161    2.654117 ^ fanout191/X (sky130_fd_sc_hd__clkbuf_4)
                                                         net191 (net)
                      0.152463    0.002181    2.656299 ^ _193_/RESET_B (sky130_fd_sc_hd__dfrtp_1)
                                              2.656299   data arrival time

                                  0.000000    0.000000   clock HCLK (rise edge)
                                  0.000000    0.000000   clock source latency
     1    0.059370    0.271235    0.194671    0.194671 ^ HCLK (in)
                                                         HCLK (net)
                      0.272238    0.000000    0.194671 ^ clkbuf_0_HCLK/A (sky130_fd_sc_hd__clkbuf_16)
     5    0.133985    0.147811    0.278990    0.473661 ^ clkbuf_0_HCLK/X (sky130_fd_sc_hd__clkbuf_16)
                                                         clknet_0_HCLK (net)
                      0.149171    0.011290    0.484951 ^ clkbuf_2_2_0_HCLK/A (sky130_fd_sc_hd__clkbuf_8)
     2    0.035281    0.075148    0.186583    0.671534 ^ clkbuf_2_2_0_HCLK/X (sky130_fd_sc_hd__clkbuf_8)
                                                         clknet_2_2_0_HCLK (net)
                      0.075449    0.003322    0.674856 ^ clkbuf_3_4__f_HCLK/A (sky130_fd_sc_hd__clkbuf_16)
    11    0.039034    0.058892    0.152107    0.826962 ^ clkbuf_3_4__f_HCLK/X (sky130_fd_sc_hd__clkbuf_16)
                                                         clknet_3_4__leaf_HCLK (net)
                      0.058911    0.000959    0.827921 ^ _193_/CLK (sky130_fd_sc_hd__dfrtp_1)
                                  0.250000    1.077921   clock uncertainty
                                  0.000000    1.077921   clock reconvergence pessimism
                                  0.353598    1.431520   library removal time
                                              1.431520   data required time
---------------------------------------------------------------------------------------------
                                              1.431520   data required time
                                             -2.656299   data arrival time
---------------------------------------------------------------------------------------------
                                              1.224779   slack (MET)


Startpoint: HRESETn (input port clocked by HCLK)
Endpoint: _198_ (removal check against rising-edge clock HCLK)
Path Group: asynchronous
Path Type: min

Fanout         Cap        Slew       Delay        Time   Description
---------------------------------------------------------------------------------------------
                                  0.000000    0.000000   clock HCLK (rise edge)
                                  0.000000    0.000000   clock network delay (propagated)
                                  2.000000    2.000000 ^ input external delay
     1    0.002958    0.020413    0.010873    2.010873 ^ HRESETn (in)
                                                         HRESETn (net)
                      0.020413    0.000000    2.010873 ^ input34/A (sky130_fd_sc_hd__buf_1)
     1    0.011144    0.137652    0.137999    2.148872 ^ input34/X (sky130_fd_sc_hd__buf_1)
                                                         net34 (net)
                      0.137655    0.000501    2.149373 ^ fanout192/A (sky130_fd_sc_hd__buf_8)
     6    0.134493    0.216747    0.225786    2.375159 ^ fanout192/X (sky130_fd_sc_hd__buf_8)
                                                         net192 (net)
                      0.216867    0.004798    2.379957 ^ fanout191/A (sky130_fd_sc_hd__clkbuf_4)
     7    0.048344    0.152431    0.274161    2.654117 ^ fanout191/X (sky130_fd_sc_hd__clkbuf_4)
                                                         net191 (net)
                      0.152471    0.002400    2.656518 ^ _198_/RESET_B (sky130_fd_sc_hd__dfrtp_1)
                                              2.656518   data arrival time

                                  0.000000    0.000000   clock HCLK (rise edge)
                                  0.000000    0.000000   clock source latency
     1    0.059370    0.271235    0.194671    0.194671 ^ HCLK (in)
                                                         HCLK (net)
                      0.272238    0.000000    0.194671 ^ clkbuf_0_HCLK/A (sky130_fd_sc_hd__clkbuf_16)
     5    0.133985    0.147811    0.278990    0.473661 ^ clkbuf_0_HCLK/X (sky130_fd_sc_hd__clkbuf_16)
                                                         clknet_0_HCLK (net)
                      0.149171    0.011290    0.484951 ^ clkbuf_2_2_0_HCLK/A (sky130_fd_sc_hd__clkbuf_8)
     2    0.035281    0.075148    0.186583    0.671534 ^ clkbuf_2_2_0_HCLK/X (sky130_fd_sc_hd__clkbuf_8)
                                                         clknet_2_2_0_HCLK (net)
                      0.075449    0.003322    0.674856 ^ clkbuf_3_4__f_HCLK/A (sky130_fd_sc_hd__clkbuf_16)
    11    0.039034    0.058892    0.152107    0.826962 ^ clkbuf_3_4__f_HCLK/X (sky130_fd_sc_hd__clkbuf_16)
                                                         clknet_3_4__leaf_HCLK (net)
                      0.058899    0.000668    0.827630 ^ _198_/CLK (sky130_fd_sc_hd__dfrtp_1)
                                  0.250000    1.077630   clock uncertainty
                                  0.000000    1.077630   clock reconvergence pessimism
                                  0.353597    1.431228   library removal time
                                              1.431228   data required time
---------------------------------------------------------------------------------------------
                                              1.431228   data required time
                                             -2.656518   data arrival time
---------------------------------------------------------------------------------------------
                                              1.225290   slack (MET)


Startpoint: HRESETn (input port clocked by HCLK)
Endpoint: _194_ (removal check against rising-edge clock HCLK)
Path Group: asynchronous
Path Type: min

Fanout         Cap        Slew       Delay        Time   Description
---------------------------------------------------------------------------------------------
                                  0.000000    0.000000   clock HCLK (rise edge)
                                  0.000000    0.000000   clock network delay (propagated)
                                  2.000000    2.000000 ^ input external delay
     1    0.002958    0.020413    0.010873    2.010873 ^ HRESETn (in)
                                                         HRESETn (net)
                      0.020413    0.000000    2.010873 ^ input34/A (sky130_fd_sc_hd__buf_1)
     1    0.011144    0.137652    0.137999    2.148872 ^ input34/X (sky130_fd_sc_hd__buf_1)
                                                         net34 (net)
                      0.137655    0.000501    2.149373 ^ fanout192/A (sky130_fd_sc_hd__buf_8)
     6    0.134493    0.216747    0.225786    2.375159 ^ fanout192/X (sky130_fd_sc_hd__buf_8)
                                                         net192 (net)
                      0.216933    0.005924    2.381083 ^ fanout189/A (sky130_fd_sc_hd__clkbuf_4)
     8    0.051974    0.161563    0.280022    2.661104 ^ fanout189/X (sky130_fd_sc_hd__clkbuf_4)
                                                         net189 (net)
                      0.161575    0.001163    2.662267 ^ _194_/RESET_B (sky130_fd_sc_hd__dfrtp_1)
                                              2.662267   data arrival time

                                  0.000000    0.000000   clock HCLK (rise edge)
                                  0.000000    0.000000   clock source latency
     1    0.059370    0.271235    0.194671    0.194671 ^ HCLK (in)
                                                         HCLK (net)
                      0.272238    0.000000    0.194671 ^ clkbuf_0_HCLK/A (sky130_fd_sc_hd__clkbuf_16)
     5    0.133985    0.147811    0.278990    0.473661 ^ clkbuf_0_HCLK/X (sky130_fd_sc_hd__clkbuf_16)
                                                         clknet_0_HCLK (net)
                      0.149171    0.011290    0.484951 ^ clkbuf_2_2_0_HCLK/A (sky130_fd_sc_hd__clkbuf_8)
     2    0.035281    0.075148    0.186583    0.671534 ^ clkbuf_2_2_0_HCLK/X (sky130_fd_sc_hd__clkbuf_8)
                                                         clknet_2_2_0_HCLK (net)
                      0.075449    0.003322    0.674856 ^ clkbuf_3_4__f_HCLK/A (sky130_fd_sc_hd__clkbuf_16)
    11    0.039034    0.058892    0.152107    0.826962 ^ clkbuf_3_4__f_HCLK/X (sky130_fd_sc_hd__clkbuf_16)
                                                         clknet_3_4__leaf_HCLK (net)
                      0.058900    0.000708    0.827670 ^ _194_/CLK (sky130_fd_sc_hd__dfrtp_1)
                                  0.250000    1.077670   clock uncertainty
                                  0.000000    1.077670   clock reconvergence pessimism
                                  0.356101    1.433772   library removal time
                                              1.433772   data required time
---------------------------------------------------------------------------------------------
                                              1.433772   data required time
                                             -2.662267   data arrival time
---------------------------------------------------------------------------------------------
                                              1.228496   slack (MET)


Startpoint: HRESETn (input port clocked by HCLK)
Endpoint: _191_ (removal check against rising-edge clock HCLK)
Path Group: asynchronous
Path Type: min

Fanout         Cap        Slew       Delay        Time   Description
---------------------------------------------------------------------------------------------
                                  0.000000    0.000000   clock HCLK (rise edge)
                                  0.000000    0.000000   clock network delay (propagated)
                                  2.000000    2.000000 ^ input external delay
     1    0.002958    0.020413    0.010873    2.010873 ^ HRESETn (in)
                                                         HRESETn (net)
                      0.020413    0.000000    2.010873 ^ input34/A (sky130_fd_sc_hd__buf_1)
     1    0.011144    0.137652    0.137999    2.148872 ^ input34/X (sky130_fd_sc_hd__buf_1)
                                                         net34 (net)
                      0.137655    0.000501    2.149373 ^ fanout192/A (sky130_fd_sc_hd__buf_8)
     6    0.134493    0.216747    0.225786    2.375159 ^ fanout192/X (sky130_fd_sc_hd__buf_8)
                                                         net192 (net)
                      0.216933    0.005924    2.381083 ^ fanout189/A (sky130_fd_sc_hd__clkbuf_4)
     8    0.051974    0.161563    0.280022    2.661104 ^ fanout189/X (sky130_fd_sc_hd__clkbuf_4)
                                                         net189 (net)
                      0.161623    0.002580    2.663684 ^ _191_/RESET_B (sky130_fd_sc_hd__dfrtp_1)
                                              2.663684   data arrival time

                                  0.000000    0.000000   clock HCLK (rise edge)
                                  0.000000    0.000000   clock source latency
     1    0.059370    0.271235    0.194671    0.194671 ^ HCLK (in)
                                                         HCLK (net)
                      0.272238    0.000000    0.194671 ^ clkbuf_0_HCLK/A (sky130_fd_sc_hd__clkbuf_16)
     5    0.133985    0.147811    0.278990    0.473661 ^ clkbuf_0_HCLK/X (sky130_fd_sc_hd__clkbuf_16)
                                                         clknet_0_HCLK (net)
                      0.149171    0.011290    0.484951 ^ clkbuf_2_2_0_HCLK/A (sky130_fd_sc_hd__clkbuf_8)
     2    0.035281    0.075148    0.186583    0.671534 ^ clkbuf_2_2_0_HCLK/X (sky130_fd_sc_hd__clkbuf_8)
                                                         clknet_2_2_0_HCLK (net)
                      0.075449    0.003322    0.674856 ^ clkbuf_3_4__f_HCLK/A (sky130_fd_sc_hd__clkbuf_16)
    11    0.039034    0.058892    0.152107    0.826962 ^ clkbuf_3_4__f_HCLK/X (sky130_fd_sc_hd__clkbuf_16)
                                                         clknet_3_4__leaf_HCLK (net)
                      0.058919    0.001099    0.828062 ^ _191_/CLK (sky130_fd_sc_hd__dfrtp_1)
                                  0.250000    1.078062   clock uncertainty
                                  0.000000    1.078062   clock reconvergence pessimism
                                  0.356120    1.434181   library removal time
                                              1.434181   data required time
---------------------------------------------------------------------------------------------
                                              1.434181   data required time
                                             -2.663684   data arrival time
---------------------------------------------------------------------------------------------
                                              1.229503   slack (MET)


Startpoint: HRESETn (input port clocked by HCLK)
Endpoint: _183_ (removal check against rising-edge clock HCLK)
Path Group: asynchronous
Path Type: min

Fanout         Cap        Slew       Delay        Time   Description
---------------------------------------------------------------------------------------------
                                  0.000000    0.000000   clock HCLK (rise edge)
                                  0.000000    0.000000   clock network delay (propagated)
                                  2.000000    2.000000 ^ input external delay
     1    0.002958    0.020413    0.010873    2.010873 ^ HRESETn (in)
                                                         HRESETn (net)
                      0.020413    0.000000    2.010873 ^ input34/A (sky130_fd_sc_hd__buf_1)
     1    0.011144    0.137652    0.137999    2.148872 ^ input34/X (sky130_fd_sc_hd__buf_1)
                                                         net34 (net)
                      0.137655    0.000501    2.149373 ^ fanout192/A (sky130_fd_sc_hd__buf_8)
     6    0.134493    0.216747    0.225786    2.375159 ^ fanout192/X (sky130_fd_sc_hd__buf_8)
                                                         net192 (net)
                      0.216933    0.005924    2.381083 ^ fanout189/A (sky130_fd_sc_hd__clkbuf_4)
     8    0.051974    0.161563    0.280022    2.661104 ^ fanout189/X (sky130_fd_sc_hd__clkbuf_4)
                                                         net189 (net)
                      0.161674    0.003485    2.664589 ^ _183_/RESET_B (sky130_fd_sc_hd__dfrtp_1)
                                              2.664589   data arrival time

                                  0.000000    0.000000   clock HCLK (rise edge)
                                  0.000000    0.000000   clock source latency
     1    0.059370    0.271235    0.194671    0.194671 ^ HCLK (in)
                                                         HCLK (net)
                      0.272238    0.000000    0.194671 ^ clkbuf_0_HCLK/A (sky130_fd_sc_hd__clkbuf_16)
     5    0.133985    0.147811    0.278990    0.473661 ^ clkbuf_0_HCLK/X (sky130_fd_sc_hd__clkbuf_16)
                                                         clknet_0_HCLK (net)
                      0.149171    0.011290    0.484951 ^ clkbuf_2_2_0_HCLK/A (sky130_fd_sc_hd__clkbuf_8)
     2    0.035281    0.075148    0.186583    0.671534 ^ clkbuf_2_2_0_HCLK/X (sky130_fd_sc_hd__clkbuf_8)
                                                         clknet_2_2_0_HCLK (net)
                      0.075526    0.003826    0.675360 ^ clkbuf_3_5__f_HCLK/A (sky130_fd_sc_hd__clkbuf_16)
    11    0.034216    0.054644    0.148324    0.823684 ^ clkbuf_3_5__f_HCLK/X (sky130_fd_sc_hd__clkbuf_16)
                                                         clknet_3_5__leaf_HCLK (net)
                      0.054669    0.001154    0.824838 ^ _183_/CLK (sky130_fd_sc_hd__dfrtp_1)
                                  0.250000    1.074837   clock uncertainty
                                  0.000000    1.074837   clock reconvergence pessimism
                                  0.354978    1.429815   library removal time
                                              1.429815   data required time
---------------------------------------------------------------------------------------------
                                              1.429815   data required time
                                             -2.664589   data arrival time
---------------------------------------------------------------------------------------------
                                              1.234774   slack (MET)


Startpoint: HRESETn (input port clocked by HCLK)
Endpoint: _196_ (removal check against rising-edge clock HCLK)
Path Group: asynchronous
Path Type: min

Fanout         Cap        Slew       Delay        Time   Description
---------------------------------------------------------------------------------------------
                                  0.000000    0.000000   clock HCLK (rise edge)
                                  0.000000    0.000000   clock network delay (propagated)
                                  2.000000    2.000000 ^ input external delay
     1    0.002958    0.020413    0.010873    2.010873 ^ HRESETn (in)
                                                         HRESETn (net)
                      0.020413    0.000000    2.010873 ^ input34/A (sky130_fd_sc_hd__buf_1)
     1    0.011144    0.137652    0.137999    2.148872 ^ input34/X (sky130_fd_sc_hd__buf_1)
                                                         net34 (net)
                      0.137655    0.000501    2.149373 ^ fanout192/A (sky130_fd_sc_hd__buf_8)
     6    0.134493    0.216747    0.225786    2.375159 ^ fanout192/X (sky130_fd_sc_hd__buf_8)
                                                         net192 (net)
                      0.216933    0.005924    2.381083 ^ fanout189/A (sky130_fd_sc_hd__clkbuf_4)
     8    0.051974    0.161563    0.280022    2.661104 ^ fanout189/X (sky130_fd_sc_hd__clkbuf_4)
                                                         net189 (net)
                      0.161838    0.005424    2.666528 ^ _196_/RESET_B (sky130_fd_sc_hd__dfrtp_1)
                                              2.666528   data arrival time

                                  0.000000    0.000000   clock HCLK (rise edge)
                                  0.000000    0.000000   clock source latency
     1    0.059370    0.271235    0.194671    0.194671 ^ HCLK (in)
                                                         HCLK (net)
                      0.272238    0.000000    0.194671 ^ clkbuf_0_HCLK/A (sky130_fd_sc_hd__clkbuf_16)
     5    0.133985    0.147811    0.278990    0.473661 ^ clkbuf_0_HCLK/X (sky130_fd_sc_hd__clkbuf_16)
                                                         clknet_0_HCLK (net)
                      0.149171    0.011290    0.484951 ^ clkbuf_2_2_0_HCLK/A (sky130_fd_sc_hd__clkbuf_8)
     2    0.035281    0.075148    0.186583    0.671534 ^ clkbuf_2_2_0_HCLK/X (sky130_fd_sc_hd__clkbuf_8)
                                                         clknet_2_2_0_HCLK (net)
                      0.075526    0.003826    0.675360 ^ clkbuf_3_5__f_HCLK/A (sky130_fd_sc_hd__clkbuf_16)
    11    0.034216    0.054644    0.148324    0.823684 ^ clkbuf_3_5__f_HCLK/X (sky130_fd_sc_hd__clkbuf_16)
                                                         clknet_3_5__leaf_HCLK (net)
                      0.054730    0.001851    0.825534 ^ _196_/CLK (sky130_fd_sc_hd__dfrtp_1)
                                  0.250000    1.075534   clock uncertainty
                                  0.000000    1.075534   clock reconvergence pessimism
                                  0.355040    1.430574   library removal time
                                              1.430574   data required time
---------------------------------------------------------------------------------------------
                                              1.430574   data required time
                                             -2.666528   data arrival time
---------------------------------------------------------------------------------------------
                                              1.235954   slack (MET)


Startpoint: HRESETn (input port clocked by HCLK)
Endpoint: _152_ (removal check against rising-edge clock HCLK)
Path Group: asynchronous
Path Type: min

Fanout         Cap        Slew       Delay        Time   Description
---------------------------------------------------------------------------------------------
                                  0.000000    0.000000   clock HCLK (rise edge)
                                  0.000000    0.000000   clock network delay (propagated)
                                  2.000000    2.000000 ^ input external delay
     1    0.002958    0.020413    0.010873    2.010873 ^ HRESETn (in)
                                                         HRESETn (net)
                      0.020413    0.000000    2.010873 ^ input34/A (sky130_fd_sc_hd__buf_1)
     1    0.011144    0.137652    0.137999    2.148872 ^ input34/X (sky130_fd_sc_hd__buf_1)
                                                         net34 (net)
                      0.137655    0.000501    2.149373 ^ fanout192/A (sky130_fd_sc_hd__buf_8)
     6    0.134493    0.216747    0.225786    2.375159 ^ fanout192/X (sky130_fd_sc_hd__buf_8)
                                                         net192 (net)
                      0.216933    0.005924    2.381083 ^ fanout189/A (sky130_fd_sc_hd__clkbuf_4)
     8    0.051974    0.161563    0.280022    2.661104 ^ fanout189/X (sky130_fd_sc_hd__clkbuf_4)
                                                         net189 (net)
                      0.161873    0.005749    2.666853 ^ _152_/RESET_B (sky130_fd_sc_hd__dfrtp_1)
                                              2.666853   data arrival time

                                  0.000000    0.000000   clock HCLK (rise edge)
                                  0.000000    0.000000   clock source latency
     1    0.059370    0.271235    0.194671    0.194671 ^ HCLK (in)
                                                         HCLK (net)
                      0.272238    0.000000    0.194671 ^ clkbuf_0_HCLK/A (sky130_fd_sc_hd__clkbuf_16)
     5    0.133985    0.147811    0.278990    0.473661 ^ clkbuf_0_HCLK/X (sky130_fd_sc_hd__clkbuf_16)
                                                         clknet_0_HCLK (net)
                      0.149171    0.011290    0.484951 ^ clkbuf_2_2_0_HCLK/A (sky130_fd_sc_hd__clkbuf_8)
     2    0.035281    0.075148    0.186583    0.671534 ^ clkbuf_2_2_0_HCLK/X (sky130_fd_sc_hd__clkbuf_8)
                                                         clknet_2_2_0_HCLK (net)
                      0.075526    0.003826    0.675360 ^ clkbuf_3_5__f_HCLK/A (sky130_fd_sc_hd__clkbuf_16)
    11    0.034216    0.054644    0.148324    0.823684 ^ clkbuf_3_5__f_HCLK/X (sky130_fd_sc_hd__clkbuf_16)
                                                         clknet_3_5__leaf_HCLK (net)
                      0.054742    0.001976    0.825659 ^ _152_/CLK (sky130_fd_sc_hd__dfrtp_1)
                                  0.250000    1.075659   clock uncertainty
                                  0.000000    1.075659   clock reconvergence pessimism
                                  0.355052    1.430712   library removal time
                                              1.430712   data required time
---------------------------------------------------------------------------------------------
                                              1.430712   data required time
                                             -2.666853   data arrival time
---------------------------------------------------------------------------------------------
                                              1.236142   slack (MET)


Startpoint: HRESETn (input port clocked by HCLK)
Endpoint: _186_ (removal check against rising-edge clock HCLK)
Path Group: asynchronous
Path Type: min

Fanout         Cap        Slew       Delay        Time   Description
---------------------------------------------------------------------------------------------
                                  0.000000    0.000000   clock HCLK (rise edge)
                                  0.000000    0.000000   clock network delay (propagated)
                                  2.000000    2.000000 ^ input external delay
     1    0.002958    0.020413    0.010873    2.010873 ^ HRESETn (in)
                                                         HRESETn (net)
                      0.020413    0.000000    2.010873 ^ input34/A (sky130_fd_sc_hd__buf_1)
     1    0.011144    0.137652    0.137999    2.148872 ^ input34/X (sky130_fd_sc_hd__buf_1)
                                                         net34 (net)
                      0.137655    0.000501    2.149373 ^ fanout192/A (sky130_fd_sc_hd__buf_8)
     6    0.134493    0.216747    0.225786    2.375159 ^ fanout192/X (sky130_fd_sc_hd__buf_8)
                                                         net192 (net)
                      0.216933    0.005924    2.381083 ^ fanout189/A (sky130_fd_sc_hd__clkbuf_4)
     8    0.051974    0.161563    0.280022    2.661104 ^ fanout189/X (sky130_fd_sc_hd__clkbuf_4)
                                                         net189 (net)
                      0.161883    0.005836    2.666941 ^ _186_/RESET_B (sky130_fd_sc_hd__dfrtp_1)
                                              2.666941   data arrival time

                                  0.000000    0.000000   clock HCLK (rise edge)
                                  0.000000    0.000000   clock source latency
     1    0.059370    0.271235    0.194671    0.194671 ^ HCLK (in)
                                                         HCLK (net)
                      0.272238    0.000000    0.194671 ^ clkbuf_0_HCLK/A (sky130_fd_sc_hd__clkbuf_16)
     5    0.133985    0.147811    0.278990    0.473661 ^ clkbuf_0_HCLK/X (sky130_fd_sc_hd__clkbuf_16)
                                                         clknet_0_HCLK (net)
                      0.149171    0.011290    0.484951 ^ clkbuf_2_2_0_HCLK/A (sky130_fd_sc_hd__clkbuf_8)
     2    0.035281    0.075148    0.186583    0.671534 ^ clkbuf_2_2_0_HCLK/X (sky130_fd_sc_hd__clkbuf_8)
                                                         clknet_2_2_0_HCLK (net)
                      0.075526    0.003826    0.675360 ^ clkbuf_3_5__f_HCLK/A (sky130_fd_sc_hd__clkbuf_16)
    11    0.034216    0.054644    0.148324    0.823684 ^ clkbuf_3_5__f_HCLK/X (sky130_fd_sc_hd__clkbuf_16)
                                                         clknet_3_5__leaf_HCLK (net)
                      0.054747    0.002028    0.825712 ^ _186_/CLK (sky130_fd_sc_hd__dfrtp_1)
                                  0.250000    1.075712   clock uncertainty
                                  0.000000    1.075712   clock reconvergence pessimism
                                  0.355056    1.430768   library removal time
                                              1.430768   data required time
---------------------------------------------------------------------------------------------
                                              1.430768   data required time
                                             -2.666941   data arrival time
---------------------------------------------------------------------------------------------
                                              1.236173   slack (MET)


Startpoint: HRESETn (input port clocked by HCLK)
Endpoint: _169_ (removal check against rising-edge clock HCLK)
Path Group: asynchronous
Path Type: min

Fanout         Cap        Slew       Delay        Time   Description
---------------------------------------------------------------------------------------------
                                  0.000000    0.000000   clock HCLK (rise edge)
                                  0.000000    0.000000   clock network delay (propagated)
                                  2.000000    2.000000 ^ input external delay
     1    0.002958    0.020413    0.010873    2.010873 ^ HRESETn (in)
                                                         HRESETn (net)
                      0.020413    0.000000    2.010873 ^ input34/A (sky130_fd_sc_hd__buf_1)
     1    0.011144    0.137652    0.137999    2.148872 ^ input34/X (sky130_fd_sc_hd__buf_1)
                                                         net34 (net)
                      0.137655    0.000501    2.149373 ^ fanout192/A (sky130_fd_sc_hd__buf_8)
     6    0.134493    0.216747    0.225786    2.375159 ^ fanout192/X (sky130_fd_sc_hd__buf_8)
                                                         net192 (net)
                      0.216933    0.005924    2.381083 ^ fanout189/A (sky130_fd_sc_hd__clkbuf_4)
     8    0.051974    0.161563    0.280022    2.661104 ^ fanout189/X (sky130_fd_sc_hd__clkbuf_4)
                                                         net189 (net)
                      0.161886    0.005868    2.666973 ^ _169_/RESET_B (sky130_fd_sc_hd__dfrtp_1)
                                              2.666973   data arrival time

                                  0.000000    0.000000   clock HCLK (rise edge)
                                  0.000000    0.000000   clock source latency
     1    0.059370    0.271235    0.194671    0.194671 ^ HCLK (in)
                                                         HCLK (net)
                      0.272238    0.000000    0.194671 ^ clkbuf_0_HCLK/A (sky130_fd_sc_hd__clkbuf_16)
     5    0.133985    0.147811    0.278990    0.473661 ^ clkbuf_0_HCLK/X (sky130_fd_sc_hd__clkbuf_16)
                                                         clknet_0_HCLK (net)
                      0.149171    0.011290    0.484951 ^ clkbuf_2_2_0_HCLK/A (sky130_fd_sc_hd__clkbuf_8)
     2    0.035281    0.075148    0.186583    0.671534 ^ clkbuf_2_2_0_HCLK/X (sky130_fd_sc_hd__clkbuf_8)
                                                         clknet_2_2_0_HCLK (net)
                      0.075526    0.003826    0.675360 ^ clkbuf_3_5__f_HCLK/A (sky130_fd_sc_hd__clkbuf_16)
    11    0.034216    0.054644    0.148324    0.823684 ^ clkbuf_3_5__f_HCLK/X (sky130_fd_sc_hd__clkbuf_16)
                                                         clknet_3_5__leaf_HCLK (net)
                      0.054749    0.002057    0.825740 ^ _169_/CLK (sky130_fd_sc_hd__dfrtp_1)
                                  0.250000    1.075740   clock uncertainty
                                  0.000000    1.075740   clock reconvergence pessimism
                                  0.355058    1.430799   library removal time
                                              1.430799   data required time
---------------------------------------------------------------------------------------------
                                              1.430799   data required time
                                             -2.666973   data arrival time
---------------------------------------------------------------------------------------------
                                              1.236174   slack (MET)


Startpoint: HRESETn (input port clocked by HCLK)
Endpoint: _184_ (removal check against rising-edge clock HCLK)
Path Group: asynchronous
Path Type: min

Fanout         Cap        Slew       Delay        Time   Description
---------------------------------------------------------------------------------------------
                                  0.000000    0.000000   clock HCLK (rise edge)
                                  0.000000    0.000000   clock network delay (propagated)
                                  2.000000    2.000000 ^ input external delay
     1    0.002958    0.020413    0.010873    2.010873 ^ HRESETn (in)
                                                         HRESETn (net)
                      0.020413    0.000000    2.010873 ^ input34/A (sky130_fd_sc_hd__buf_1)
     1    0.011144    0.137652    0.137999    2.148872 ^ input34/X (sky130_fd_sc_hd__buf_1)
                                                         net34 (net)
                      0.137655    0.000501    2.149373 ^ fanout192/A (sky130_fd_sc_hd__buf_8)
     6    0.134493    0.216747    0.225786    2.375159 ^ fanout192/X (sky130_fd_sc_hd__buf_8)
                                                         net192 (net)
                      0.227103    0.036393    2.411552 ^ fanout187/A (sky130_fd_sc_hd__buf_8)
     6    0.151289    0.245383    0.274166    2.685718 ^ fanout187/X (sky130_fd_sc_hd__buf_8)
                                                         net187 (net)
                      0.247704    0.019461    2.705179 ^ _184_/RESET_B (sky130_fd_sc_hd__dfrtp_1)
                                              2.705179   data arrival time

                                  0.000000    0.000000   clock HCLK (rise edge)
                                  0.000000    0.000000   clock source latency
     1    0.059370    0.271235    0.194671    0.194671 ^ HCLK (in)
                                                         HCLK (net)
                      0.272238    0.000000    0.194671 ^ clkbuf_0_HCLK/A (sky130_fd_sc_hd__clkbuf_16)
     5    0.133985    0.147811    0.278990    0.473661 ^ clkbuf_0_HCLK/X (sky130_fd_sc_hd__clkbuf_16)
                                                         clknet_0_HCLK (net)
                      0.149720    0.013334    0.486995 ^ clkbuf_2_1_0_HCLK/A (sky130_fd_sc_hd__clkbuf_8)
     2    0.036798    0.077541    0.188224    0.675219 ^ clkbuf_2_1_0_HCLK/X (sky130_fd_sc_hd__clkbuf_8)
                                                         clknet_2_1_0_HCLK (net)
                      0.078017    0.004412    0.679631 ^ clkbuf_3_2__f_HCLK/A (sky130_fd_sc_hd__clkbuf_16)
    10    0.035944    0.056112    0.150441    0.830072 ^ clkbuf_3_2__f_HCLK/X (sky130_fd_sc_hd__clkbuf_16)
                                                         clknet_3_2__leaf_HCLK (net)
                      0.056245    0.001836    0.831908 ^ _184_/CLK (sky130_fd_sc_hd__dfrtp_1)
                                  0.250000    1.081908   clock uncertainty
                                  0.000000    1.081908   clock reconvergence pessimism
                                  0.379070    1.460978   library removal time
                                              1.460978   data required time
---------------------------------------------------------------------------------------------
                                              1.460978   data required time
                                             -2.705179   data arrival time
---------------------------------------------------------------------------------------------
                                              1.244201   slack (MET)


Startpoint: HRESETn (input port clocked by HCLK)
Endpoint: _182_ (removal check against rising-edge clock HCLK)
Path Group: asynchronous
Path Type: min

Fanout         Cap        Slew       Delay        Time   Description
---------------------------------------------------------------------------------------------
                                  0.000000    0.000000   clock HCLK (rise edge)
                                  0.000000    0.000000   clock network delay (propagated)
                                  2.000000    2.000000 ^ input external delay
     1    0.002958    0.020413    0.010873    2.010873 ^ HRESETn (in)
                                                         HRESETn (net)
                      0.020413    0.000000    2.010873 ^ input34/A (sky130_fd_sc_hd__buf_1)
     1    0.011144    0.137652    0.137999    2.148872 ^ input34/X (sky130_fd_sc_hd__buf_1)
                                                         net34 (net)
                      0.137655    0.000501    2.149373 ^ fanout192/A (sky130_fd_sc_hd__buf_8)
     6    0.134493    0.216747    0.225786    2.375159 ^ fanout192/X (sky130_fd_sc_hd__buf_8)
                                                         net192 (net)
                      0.227103    0.036393    2.411552 ^ fanout187/A (sky130_fd_sc_hd__buf_8)
     6    0.151289    0.245383    0.274166    2.685718 ^ fanout187/X (sky130_fd_sc_hd__buf_8)
                                                         net187 (net)
                      0.247848    0.020013    2.705731 ^ _182_/RESET_B (sky130_fd_sc_hd__dfrtp_1)
                                              2.705731   data arrival time

                                  0.000000    0.000000   clock HCLK (rise edge)
                                  0.000000    0.000000   clock source latency
     1    0.059370    0.271235    0.194671    0.194671 ^ HCLK (in)
                                                         HCLK (net)
                      0.272238    0.000000    0.194671 ^ clkbuf_0_HCLK/A (sky130_fd_sc_hd__clkbuf_16)
     5    0.133985    0.147811    0.278990    0.473661 ^ clkbuf_0_HCLK/X (sky130_fd_sc_hd__clkbuf_16)
                                                         clknet_0_HCLK (net)
                      0.149720    0.013334    0.486995 ^ clkbuf_2_1_0_HCLK/A (sky130_fd_sc_hd__clkbuf_8)
     2    0.036798    0.077541    0.188224    0.675219 ^ clkbuf_2_1_0_HCLK/X (sky130_fd_sc_hd__clkbuf_8)
                                                         clknet_2_1_0_HCLK (net)
                      0.078017    0.004412    0.679631 ^ clkbuf_3_2__f_HCLK/A (sky130_fd_sc_hd__clkbuf_16)
    10    0.035944    0.056112    0.150441    0.830072 ^ clkbuf_3_2__f_HCLK/X (sky130_fd_sc_hd__clkbuf_16)
                                                         clknet_3_2__leaf_HCLK (net)
                      0.056291    0.002276    0.832348 ^ _182_/CLK (sky130_fd_sc_hd__dfrtp_1)
                                  0.250000    1.082348   clock uncertainty
                                  0.000000    1.082348   clock reconvergence pessimism
                                  0.379122    1.461470   library removal time
                                              1.461470   data required time
---------------------------------------------------------------------------------------------
                                              1.461470   data required time
                                             -2.705731   data arrival time
---------------------------------------------------------------------------------------------
                                              1.244261   slack (MET)


Startpoint: HRESETn (input port clocked by HCLK)
Endpoint: _174_ (removal check against rising-edge clock HCLK)
Path Group: asynchronous
Path Type: min

Fanout         Cap        Slew       Delay        Time   Description
---------------------------------------------------------------------------------------------
                                  0.000000    0.000000   clock HCLK (rise edge)
                                  0.000000    0.000000   clock network delay (propagated)
                                  2.000000    2.000000 ^ input external delay
     1    0.002958    0.020413    0.010873    2.010873 ^ HRESETn (in)
                                                         HRESETn (net)
                      0.020413    0.000000    2.010873 ^ input34/A (sky130_fd_sc_hd__buf_1)
     1    0.011144    0.137652    0.137999    2.148872 ^ input34/X (sky130_fd_sc_hd__buf_1)
                                                         net34 (net)
                      0.137655    0.000501    2.149373 ^ fanout192/A (sky130_fd_sc_hd__buf_8)
     6    0.134493    0.216747    0.225786    2.375159 ^ fanout192/X (sky130_fd_sc_hd__buf_8)
                                                         net192 (net)
                      0.227103    0.036393    2.411552 ^ fanout187/A (sky130_fd_sc_hd__buf_8)
     6    0.151289    0.245383    0.274166    2.685718 ^ fanout187/X (sky130_fd_sc_hd__buf_8)
                                                         net187 (net)
                      0.253146    0.034440    2.720158 ^ fanout185/A (sky130_fd_sc_hd__buf_8)
    11    0.136191    0.221388    0.258245    2.978402 ^ fanout185/X (sky130_fd_sc_hd__buf_8)
                                                         net185 (net)
                      0.222142    0.011101    2.989503 ^ _174_/RESET_B (sky130_fd_sc_hd__dfrtp_1)
                                              2.989503   data arrival time

                                  0.000000    0.000000   clock HCLK (rise edge)
                                  0.000000    0.000000   clock source latency
     1    0.059370    0.271235    0.194671    0.194671 ^ HCLK (in)
                                                         HCLK (net)
                      0.272238    0.000000    0.194671 ^ clkbuf_0_HCLK/A (sky130_fd_sc_hd__clkbuf_16)
     5    0.133985    0.147811    0.278990    0.473661 ^ clkbuf_0_HCLK/X (sky130_fd_sc_hd__clkbuf_16)
                                                         clknet_0_HCLK (net)
                      0.149590    0.012878    0.486539 ^ clkbuf_2_0_0_HCLK/A (sky130_fd_sc_hd__clkbuf_8)
     2    0.039991    0.082545    0.192758    0.679297 ^ clkbuf_2_0_0_HCLK/X (sky130_fd_sc_hd__clkbuf_8)
                                                         clknet_2_0_0_HCLK (net)
                      0.082601    0.002032    0.681329 ^ clkbuf_3_0__f_HCLK/A (sky130_fd_sc_hd__clkbuf_16)
     8    0.097420    0.114015    0.194604    0.875933 ^ clkbuf_3_0__f_HCLK/X (sky130_fd_sc_hd__clkbuf_16)
                                                         clknet_3_0__leaf_HCLK (net)
                      0.114905    0.008078    0.884011 ^ _174_/CLK (sky130_fd_sc_hd__dfrtp_1)
                                  0.250000    1.134011   clock uncertainty
                                  0.000000    1.134011   clock reconvergence pessimism
                                  0.387976    1.521987   library removal time
                                              1.521987   data required time
---------------------------------------------------------------------------------------------
                                              1.521987   data required time
                                             -2.989503   data arrival time
---------------------------------------------------------------------------------------------
                                              1.467516   slack (MET)


Startpoint: HRESETn (input port clocked by HCLK)
Endpoint: _203_ (removal check against rising-edge clock HCLK)
Path Group: asynchronous
Path Type: min

Fanout         Cap        Slew       Delay        Time   Description
---------------------------------------------------------------------------------------------
                                  0.000000    0.000000   clock HCLK (rise edge)
                                  0.000000    0.000000   clock network delay (propagated)
                                  2.000000    2.000000 ^ input external delay
     1    0.002958    0.020413    0.010873    2.010873 ^ HRESETn (in)
                                                         HRESETn (net)
                      0.020413    0.000000    2.010873 ^ input34/A (sky130_fd_sc_hd__buf_1)
     1    0.011144    0.137652    0.137999    2.148872 ^ input34/X (sky130_fd_sc_hd__buf_1)
                                                         net34 (net)
                      0.137655    0.000501    2.149373 ^ fanout192/A (sky130_fd_sc_hd__buf_8)
     6    0.134493    0.216747    0.225786    2.375159 ^ fanout192/X (sky130_fd_sc_hd__buf_8)
                                                         net192 (net)
                      0.227103    0.036393    2.411552 ^ fanout187/A (sky130_fd_sc_hd__buf_8)
     6    0.151289    0.245383    0.274166    2.685718 ^ fanout187/X (sky130_fd_sc_hd__buf_8)
                                                         net187 (net)
                      0.253146    0.034440    2.720158 ^ fanout185/A (sky130_fd_sc_hd__buf_8)
    11    0.136191    0.221388    0.258245    2.978402 ^ fanout185/X (sky130_fd_sc_hd__buf_8)
                                                         net185 (net)
                      0.222218    0.011605    2.990007 ^ _203_/RESET_B (sky130_fd_sc_hd__dfrtp_1)
                                              2.990007   data arrival time

                                  0.000000    0.000000   clock HCLK (rise edge)
                                  0.000000    0.000000   clock source latency
     1    0.059370    0.271235    0.194671    0.194671 ^ HCLK (in)
                                                         HCLK (net)
                      0.272238    0.000000    0.194671 ^ clkbuf_0_HCLK/A (sky130_fd_sc_hd__clkbuf_16)
     5    0.133985    0.147811    0.278990    0.473661 ^ clkbuf_0_HCLK/X (sky130_fd_sc_hd__clkbuf_16)
                                                         clknet_0_HCLK (net)
                      0.149590    0.012878    0.486539 ^ clkbuf_2_0_0_HCLK/A (sky130_fd_sc_hd__clkbuf_8)
     2    0.039991    0.082545    0.192758    0.679297 ^ clkbuf_2_0_0_HCLK/X (sky130_fd_sc_hd__clkbuf_8)
                                                         clknet_2_0_0_HCLK (net)
                      0.082601    0.002032    0.681329 ^ clkbuf_3_0__f_HCLK/A (sky130_fd_sc_hd__clkbuf_16)
     8    0.097420    0.114015    0.194604    0.875933 ^ clkbuf_3_0__f_HCLK/X (sky130_fd_sc_hd__clkbuf_16)
                                                         clknet_3_0__leaf_HCLK (net)
                      0.114909    0.008095    0.884028 ^ _203_/CLK (sky130_fd_sc_hd__dfrtp_1)
                                  0.250000    1.134028   clock uncertainty
                                  0.000000    1.134028   clock reconvergence pessimism
                                  0.387999    1.522027   library removal time
                                              1.522027   data required time
---------------------------------------------------------------------------------------------
                                              1.522027   data required time
                                             -2.990007   data arrival time
---------------------------------------------------------------------------------------------
                                              1.467981   slack (MET)


Startpoint: HRESETn (input port clocked by HCLK)
Endpoint: _155_ (removal check against rising-edge clock HCLK)
Path Group: asynchronous
Path Type: min

Fanout         Cap        Slew       Delay        Time   Description
---------------------------------------------------------------------------------------------
                                  0.000000    0.000000   clock HCLK (rise edge)
                                  0.000000    0.000000   clock network delay (propagated)
                                  2.000000    2.000000 ^ input external delay
     1    0.002958    0.020413    0.010873    2.010873 ^ HRESETn (in)
                                                         HRESETn (net)
                      0.020413    0.000000    2.010873 ^ input34/A (sky130_fd_sc_hd__buf_1)
     1    0.011144    0.137652    0.137999    2.148872 ^ input34/X (sky130_fd_sc_hd__buf_1)
                                                         net34 (net)
                      0.137655    0.000501    2.149373 ^ fanout192/A (sky130_fd_sc_hd__buf_8)
     6    0.134493    0.216747    0.225786    2.375159 ^ fanout192/X (sky130_fd_sc_hd__buf_8)
                                                         net192 (net)
                      0.216933    0.005924    2.381083 ^ fanout189/A (sky130_fd_sc_hd__clkbuf_4)
     8    0.051974    0.161563    0.280022    2.661104 ^ fanout189/X (sky130_fd_sc_hd__clkbuf_4)
                                                         net189 (net)
                      0.161572    0.001033    2.662138 ^ fanout188/A (sky130_fd_sc_hd__clkbuf_4)
    10    0.051605    0.159693    0.261722    2.923859 ^ fanout188/X (sky130_fd_sc_hd__clkbuf_4)
                                                         net188 (net)
                      0.159693    0.000522    2.924381 ^ _155_/RESET_B (sky130_fd_sc_hd__dfrtp_1)
                                              2.924381   data arrival time

                                  0.000000    0.000000   clock HCLK (rise edge)
                                  0.000000    0.000000   clock source latency
     1    0.059370    0.271235    0.194671    0.194671 ^ HCLK (in)
                                                         HCLK (net)
                      0.272238    0.000000    0.194671 ^ clkbuf_0_HCLK/A (sky130_fd_sc_hd__clkbuf_16)
     5    0.133985    0.147811    0.278990    0.473661 ^ clkbuf_0_HCLK/X (sky130_fd_sc_hd__clkbuf_16)
                                                         clknet_0_HCLK (net)
                      0.149171    0.011290    0.484951 ^ clkbuf_2_2_0_HCLK/A (sky130_fd_sc_hd__clkbuf_8)
     2    0.035281    0.075148    0.186583    0.671534 ^ clkbuf_2_2_0_HCLK/X (sky130_fd_sc_hd__clkbuf_8)
                                                         clknet_2_2_0_HCLK (net)
                      0.075449    0.003322    0.674856 ^ clkbuf_3_4__f_HCLK/A (sky130_fd_sc_hd__clkbuf_16)
    11    0.039034    0.058892    0.152107    0.826962 ^ clkbuf_3_4__f_HCLK/X (sky130_fd_sc_hd__clkbuf_16)
                                                         clknet_3_4__leaf_HCLK (net)
                      0.058897    0.000623    0.827585 ^ _155_/CLK (sky130_fd_sc_hd__dfrtp_1)
                                  0.250000    1.077585   clock uncertainty
                                  0.000000    1.077585   clock reconvergence pessimism
                                  0.355583    1.433168   library removal time
                                              1.433168   data required time
---------------------------------------------------------------------------------------------
                                              1.433168   data required time
                                             -2.924381   data arrival time
---------------------------------------------------------------------------------------------
                                              1.491213   slack (MET)


Startpoint: HRESETn (input port clocked by HCLK)
Endpoint: _176_ (removal check against rising-edge clock HCLK)
Path Group: asynchronous
Path Type: min

Fanout         Cap        Slew       Delay        Time   Description
---------------------------------------------------------------------------------------------
                                  0.000000    0.000000   clock HCLK (rise edge)
                                  0.000000    0.000000   clock network delay (propagated)
                                  2.000000    2.000000 ^ input external delay
     1    0.002958    0.020413    0.010873    2.010873 ^ HRESETn (in)
                                                         HRESETn (net)
                      0.020413    0.000000    2.010873 ^ input34/A (sky130_fd_sc_hd__buf_1)
     1    0.011144    0.137652    0.137999    2.148872 ^ input34/X (sky130_fd_sc_hd__buf_1)
                                                         net34 (net)
                      0.137655    0.000501    2.149373 ^ fanout192/A (sky130_fd_sc_hd__buf_8)
     6    0.134493    0.216747    0.225786    2.375159 ^ fanout192/X (sky130_fd_sc_hd__buf_8)
                                                         net192 (net)
                      0.216933    0.005924    2.381083 ^ fanout189/A (sky130_fd_sc_hd__clkbuf_4)
     8    0.051974    0.161563    0.280022    2.661104 ^ fanout189/X (sky130_fd_sc_hd__clkbuf_4)
                                                         net189 (net)
                      0.161572    0.001033    2.662138 ^ fanout188/A (sky130_fd_sc_hd__clkbuf_4)
    10    0.051605    0.159693    0.261722    2.923859 ^ fanout188/X (sky130_fd_sc_hd__clkbuf_4)
                                                         net188 (net)
                      0.159701    0.001429    2.925289 ^ _176_/RESET_B (sky130_fd_sc_hd__dfrtp_1)
                                              2.925289   data arrival time

                                  0.000000    0.000000   clock HCLK (rise edge)
                                  0.000000    0.000000   clock source latency
     1    0.059370    0.271235    0.194671    0.194671 ^ HCLK (in)
                                                         HCLK (net)
                      0.272238    0.000000    0.194671 ^ clkbuf_0_HCLK/A (sky130_fd_sc_hd__clkbuf_16)
     5    0.133985    0.147811    0.278990    0.473661 ^ clkbuf_0_HCLK/X (sky130_fd_sc_hd__clkbuf_16)
                                                         clknet_0_HCLK (net)
                      0.149171    0.011290    0.484951 ^ clkbuf_2_2_0_HCLK/A (sky130_fd_sc_hd__clkbuf_8)
     2    0.035281    0.075148    0.186583    0.671534 ^ clkbuf_2_2_0_HCLK/X (sky130_fd_sc_hd__clkbuf_8)
                                                         clknet_2_2_0_HCLK (net)
                      0.075449    0.003322    0.674856 ^ clkbuf_3_4__f_HCLK/A (sky130_fd_sc_hd__clkbuf_16)
    11    0.039034    0.058892    0.152107    0.826962 ^ clkbuf_3_4__f_HCLK/X (sky130_fd_sc_hd__clkbuf_16)
                                                         clknet_3_4__leaf_HCLK (net)
                      0.058906    0.000845    0.827808 ^ _176_/CLK (sky130_fd_sc_hd__dfrtp_1)
                                  0.250000    1.077808   clock uncertainty
                                  0.000000    1.077808   clock reconvergence pessimism
                                  0.355588    1.433395   library removal time
                                              1.433395   data required time
---------------------------------------------------------------------------------------------
                                              1.433395   data required time
                                             -2.925289   data arrival time
---------------------------------------------------------------------------------------------
                                              1.491893   slack (MET)


Startpoint: HRESETn (input port clocked by HCLK)
Endpoint: _181_ (removal check against rising-edge clock HCLK)
Path Group: asynchronous
Path Type: min

Fanout         Cap        Slew       Delay        Time   Description
---------------------------------------------------------------------------------------------
                                  0.000000    0.000000   clock HCLK (rise edge)
                                  0.000000    0.000000   clock network delay (propagated)
                                  2.000000    2.000000 ^ input external delay
     1    0.002958    0.020413    0.010873    2.010873 ^ HRESETn (in)
                                                         HRESETn (net)
                      0.020413    0.000000    2.010873 ^ input34/A (sky130_fd_sc_hd__buf_1)
     1    0.011144    0.137652    0.137999    2.148872 ^ input34/X (sky130_fd_sc_hd__buf_1)
                                                         net34 (net)
                      0.137655    0.000501    2.149373 ^ fanout192/A (sky130_fd_sc_hd__buf_8)
     6    0.134493    0.216747    0.225786    2.375159 ^ fanout192/X (sky130_fd_sc_hd__buf_8)
                                                         net192 (net)
                      0.216933    0.005924    2.381083 ^ fanout189/A (sky130_fd_sc_hd__clkbuf_4)
     8    0.051974    0.161563    0.280022    2.661104 ^ fanout189/X (sky130_fd_sc_hd__clkbuf_4)
                                                         net189 (net)
                      0.161572    0.001033    2.662138 ^ fanout188/A (sky130_fd_sc_hd__clkbuf_4)
    10    0.051605    0.159693    0.261722    2.923859 ^ fanout188/X (sky130_fd_sc_hd__clkbuf_4)
                                                         net188 (net)
                      0.159707    0.001688    2.925547 ^ _181_/RESET_B (sky130_fd_sc_hd__dfrtp_1)
                                              2.925547   data arrival time

                                  0.000000    0.000000   clock HCLK (rise edge)
                                  0.000000    0.000000   clock source latency
     1    0.059370    0.271235    0.194671    0.194671 ^ HCLK (in)
                                                         HCLK (net)
                      0.272238    0.000000    0.194671 ^ clkbuf_0_HCLK/A (sky130_fd_sc_hd__clkbuf_16)
     5    0.133985    0.147811    0.278990    0.473661 ^ clkbuf_0_HCLK/X (sky130_fd_sc_hd__clkbuf_16)
                                                         clknet_0_HCLK (net)
                      0.149171    0.011290    0.484951 ^ clkbuf_2_2_0_HCLK/A (sky130_fd_sc_hd__clkbuf_8)
     2    0.035281    0.075148    0.186583    0.671534 ^ clkbuf_2_2_0_HCLK/X (sky130_fd_sc_hd__clkbuf_8)
                                                         clknet_2_2_0_HCLK (net)
                      0.075449    0.003322    0.674856 ^ clkbuf_3_4__f_HCLK/A (sky130_fd_sc_hd__clkbuf_16)
    11    0.039034    0.058892    0.152107    0.826962 ^ clkbuf_3_4__f_HCLK/X (sky130_fd_sc_hd__clkbuf_16)
                                                         clknet_3_4__leaf_HCLK (net)
                      0.058915    0.001029    0.827991 ^ _181_/CLK (sky130_fd_sc_hd__dfrtp_1)
                                  0.250000    1.077991   clock uncertainty
                                  0.000000    1.077991   clock reconvergence pessimism
                                  0.355592    1.433583   library removal time
                                              1.433583   data required time
---------------------------------------------------------------------------------------------
                                              1.433583   data required time
                                             -2.925547   data arrival time
---------------------------------------------------------------------------------------------
                                              1.491964   slack (MET)


Startpoint: HRESETn (input port clocked by HCLK)
Endpoint: _170_ (removal check against rising-edge clock HCLK)
Path Group: asynchronous
Path Type: min

Fanout         Cap        Slew       Delay        Time   Description
---------------------------------------------------------------------------------------------
                                  0.000000    0.000000   clock HCLK (rise edge)
                                  0.000000    0.000000   clock network delay (propagated)
                                  2.000000    2.000000 ^ input external delay
     1    0.002958    0.020413    0.010873    2.010873 ^ HRESETn (in)
                                                         HRESETn (net)
                      0.020413    0.000000    2.010873 ^ input34/A (sky130_fd_sc_hd__buf_1)
     1    0.011144    0.137652    0.137999    2.148872 ^ input34/X (sky130_fd_sc_hd__buf_1)
                                                         net34 (net)
                      0.137655    0.000501    2.149373 ^ fanout192/A (sky130_fd_sc_hd__buf_8)
     6    0.134493    0.216747    0.225786    2.375159 ^ fanout192/X (sky130_fd_sc_hd__buf_8)
                                                         net192 (net)
                      0.216933    0.005924    2.381083 ^ fanout189/A (sky130_fd_sc_hd__clkbuf_4)
     8    0.051974    0.161563    0.280022    2.661104 ^ fanout189/X (sky130_fd_sc_hd__clkbuf_4)
                                                         net189 (net)
                      0.161572    0.001033    2.662138 ^ fanout188/A (sky130_fd_sc_hd__clkbuf_4)
    10    0.051605    0.159693    0.261722    2.923859 ^ fanout188/X (sky130_fd_sc_hd__clkbuf_4)
                                                         net188 (net)
                      0.159718    0.002087    2.925946 ^ _170_/RESET_B (sky130_fd_sc_hd__dfrtp_1)
                                              2.925946   data arrival time

                                  0.000000    0.000000   clock HCLK (rise edge)
                                  0.000000    0.000000   clock source latency
     1    0.059370    0.271235    0.194671    0.194671 ^ HCLK (in)
                                                         HCLK (net)
                      0.272238    0.000000    0.194671 ^ clkbuf_0_HCLK/A (sky130_fd_sc_hd__clkbuf_16)
     5    0.133985    0.147811    0.278990    0.473661 ^ clkbuf_0_HCLK/X (sky130_fd_sc_hd__clkbuf_16)
                                                         clknet_0_HCLK (net)
                      0.149171    0.011290    0.484951 ^ clkbuf_2_2_0_HCLK/A (sky130_fd_sc_hd__clkbuf_8)
     2    0.035281    0.075148    0.186583    0.671534 ^ clkbuf_2_2_0_HCLK/X (sky130_fd_sc_hd__clkbuf_8)
                                                         clknet_2_2_0_HCLK (net)
                      0.075449    0.003322    0.674856 ^ clkbuf_3_4__f_HCLK/A (sky130_fd_sc_hd__clkbuf_16)
    11    0.039034    0.058892    0.152107    0.826962 ^ clkbuf_3_4__f_HCLK/X (sky130_fd_sc_hd__clkbuf_16)
                                                         clknet_3_4__leaf_HCLK (net)
                      0.058922    0.001154    0.828116 ^ _170_/CLK (sky130_fd_sc_hd__dfrtp_1)
                                  0.250000    1.078116   clock uncertainty
                                  0.000000    1.078116   clock reconvergence pessimism
                                  0.355597    1.433713   library removal time
                                              1.433713   data required time
---------------------------------------------------------------------------------------------
                                              1.433713   data required time
                                             -2.925946   data arrival time
---------------------------------------------------------------------------------------------
                                              1.492233   slack (MET)


Startpoint: HRESETn (input port clocked by HCLK)
Endpoint: _185_ (removal check against rising-edge clock HCLK)
Path Group: asynchronous
Path Type: min

Fanout         Cap        Slew       Delay        Time   Description
---------------------------------------------------------------------------------------------
                                  0.000000    0.000000   clock HCLK (rise edge)
                                  0.000000    0.000000   clock network delay (propagated)
                                  2.000000    2.000000 ^ input external delay
     1    0.002958    0.020413    0.010873    2.010873 ^ HRESETn (in)
                                                         HRESETn (net)
                      0.020413    0.000000    2.010873 ^ input34/A (sky130_fd_sc_hd__buf_1)
     1    0.011144    0.137652    0.137999    2.148872 ^ input34/X (sky130_fd_sc_hd__buf_1)
                                                         net34 (net)
                      0.137655    0.000501    2.149373 ^ fanout192/A (sky130_fd_sc_hd__buf_8)
     6    0.134493    0.216747    0.225786    2.375159 ^ fanout192/X (sky130_fd_sc_hd__buf_8)
                                                         net192 (net)
                      0.216933    0.005924    2.381083 ^ fanout189/A (sky130_fd_sc_hd__clkbuf_4)
     8    0.051974    0.161563    0.280022    2.661104 ^ fanout189/X (sky130_fd_sc_hd__clkbuf_4)
                                                         net189 (net)
                      0.161572    0.001033    2.662138 ^ fanout188/A (sky130_fd_sc_hd__clkbuf_4)
    10    0.051605    0.159693    0.261722    2.923859 ^ fanout188/X (sky130_fd_sc_hd__clkbuf_4)
                                                         net188 (net)
                      0.159820    0.002587    2.926447 ^ _185_/RESET_B (sky130_fd_sc_hd__dfrtp_1)
                                              2.926447   data arrival time

                                  0.000000    0.000000   clock HCLK (rise edge)
                                  0.000000    0.000000   clock source latency
     1    0.059370    0.271235    0.194671    0.194671 ^ HCLK (in)
                                                         HCLK (net)
                      0.272238    0.000000    0.194671 ^ clkbuf_0_HCLK/A (sky130_fd_sc_hd__clkbuf_16)
     5    0.133985    0.147811    0.278990    0.473661 ^ clkbuf_0_HCLK/X (sky130_fd_sc_hd__clkbuf_16)
                                                         clknet_0_HCLK (net)
                      0.149171    0.011290    0.484951 ^ clkbuf_2_2_0_HCLK/A (sky130_fd_sc_hd__clkbuf_8)
     2    0.035281    0.075148    0.186583    0.671534 ^ clkbuf_2_2_0_HCLK/X (sky130_fd_sc_hd__clkbuf_8)
                                                         clknet_2_2_0_HCLK (net)
                      0.075526    0.003826    0.675360 ^ clkbuf_3_5__f_HCLK/A (sky130_fd_sc_hd__clkbuf_16)
    11    0.034216    0.054644    0.148324    0.823684 ^ clkbuf_3_5__f_HCLK/X (sky130_fd_sc_hd__clkbuf_16)
                                                         clknet_3_5__leaf_HCLK (net)
                      0.054665    0.001106    0.824790 ^ _185_/CLK (sky130_fd_sc_hd__dfrtp_1)
                                  0.250000    1.074790   clock uncertainty
                                  0.000000    1.074790   clock reconvergence pessimism
                                  0.354467    1.429257   library removal time
                                              1.429257   data required time
---------------------------------------------------------------------------------------------
                                              1.429257   data required time
                                             -2.926447   data arrival time
---------------------------------------------------------------------------------------------
                                              1.497190   slack (MET)


Startpoint: HRESETn (input port clocked by HCLK)
Endpoint: _153_ (removal check against rising-edge clock HCLK)
Path Group: asynchronous
Path Type: min

Fanout         Cap        Slew       Delay        Time   Description
---------------------------------------------------------------------------------------------
                                  0.000000    0.000000   clock HCLK (rise edge)
                                  0.000000    0.000000   clock network delay (propagated)
                                  2.000000    2.000000 ^ input external delay
     1    0.002958    0.020413    0.010873    2.010873 ^ HRESETn (in)
                                                         HRESETn (net)
                      0.020413    0.000000    2.010873 ^ input34/A (sky130_fd_sc_hd__buf_1)
     1    0.011144    0.137652    0.137999    2.148872 ^ input34/X (sky130_fd_sc_hd__buf_1)
                                                         net34 (net)
                      0.137655    0.000501    2.149373 ^ fanout192/A (sky130_fd_sc_hd__buf_8)
     6    0.134493    0.216747    0.225786    2.375159 ^ fanout192/X (sky130_fd_sc_hd__buf_8)
                                                         net192 (net)
                      0.216933    0.005924    2.381083 ^ fanout189/A (sky130_fd_sc_hd__clkbuf_4)
     8    0.051974    0.161563    0.280022    2.661104 ^ fanout189/X (sky130_fd_sc_hd__clkbuf_4)
                                                         net189 (net)
                      0.161572    0.001033    2.662138 ^ fanout188/A (sky130_fd_sc_hd__clkbuf_4)
    10    0.051605    0.159693    0.261722    2.923859 ^ fanout188/X (sky130_fd_sc_hd__clkbuf_4)
                                                         net188 (net)
                      0.159880    0.003602    2.927461 ^ _153_/RESET_B (sky130_fd_sc_hd__dfrtp_1)
                                              2.927461   data arrival time

                                  0.000000    0.000000   clock HCLK (rise edge)
                                  0.000000    0.000000   clock source latency
     1    0.059370    0.271235    0.194671    0.194671 ^ HCLK (in)
                                                         HCLK (net)
                      0.272238    0.000000    0.194671 ^ clkbuf_0_HCLK/A (sky130_fd_sc_hd__clkbuf_16)
     5    0.133985    0.147811    0.278990    0.473661 ^ clkbuf_0_HCLK/X (sky130_fd_sc_hd__clkbuf_16)
                                                         clknet_0_HCLK (net)
                      0.149171    0.011290    0.484951 ^ clkbuf_2_2_0_HCLK/A (sky130_fd_sc_hd__clkbuf_8)
     2    0.035281    0.075148    0.186583    0.671534 ^ clkbuf_2_2_0_HCLK/X (sky130_fd_sc_hd__clkbuf_8)
                                                         clknet_2_2_0_HCLK (net)
                      0.075526    0.003826    0.675360 ^ clkbuf_3_5__f_HCLK/A (sky130_fd_sc_hd__clkbuf_16)
    11    0.034216    0.054644    0.148324    0.823684 ^ clkbuf_3_5__f_HCLK/X (sky130_fd_sc_hd__clkbuf_16)
                                                         clknet_3_5__leaf_HCLK (net)
                      0.054717    0.001711    0.825395 ^ _153_/CLK (sky130_fd_sc_hd__dfrtp_1)
                                  0.250000    1.075395   clock uncertainty
                                  0.000000    1.075395   clock reconvergence pessimism
                                  0.354497    1.429892   library removal time
                                              1.429892   data required time
---------------------------------------------------------------------------------------------
                                              1.429892   data required time
                                             -2.927461   data arrival time
---------------------------------------------------------------------------------------------
                                              1.497569   slack (MET)


Startpoint: HRESETn (input port clocked by HCLK)
Endpoint: _173_ (removal check against rising-edge clock HCLK)
Path Group: asynchronous
Path Type: min

Fanout         Cap        Slew       Delay        Time   Description
---------------------------------------------------------------------------------------------
                                  0.000000    0.000000   clock HCLK (rise edge)
                                  0.000000    0.000000   clock network delay (propagated)
                                  2.000000    2.000000 ^ input external delay
     1    0.002958    0.020413    0.010873    2.010873 ^ HRESETn (in)
                                                         HRESETn (net)
                      0.020413    0.000000    2.010873 ^ input34/A (sky130_fd_sc_hd__buf_1)
     1    0.011144    0.137652    0.137999    2.148872 ^ input34/X (sky130_fd_sc_hd__buf_1)
                                                         net34 (net)
                      0.137655    0.000501    2.149373 ^ fanout192/A (sky130_fd_sc_hd__buf_8)
     6    0.134493    0.216747    0.225786    2.375159 ^ fanout192/X (sky130_fd_sc_hd__buf_8)
                                                         net192 (net)
                      0.216933    0.005924    2.381083 ^ fanout189/A (sky130_fd_sc_hd__clkbuf_4)
     8    0.051974    0.161563    0.280022    2.661104 ^ fanout189/X (sky130_fd_sc_hd__clkbuf_4)
                                                         net189 (net)
                      0.161572    0.001033    2.662138 ^ fanout188/A (sky130_fd_sc_hd__clkbuf_4)
    10    0.051605    0.159693    0.261722    2.923859 ^ fanout188/X (sky130_fd_sc_hd__clkbuf_4)
                                                         net188 (net)
                      0.159871    0.003481    2.927341 ^ _173_/RESET_B (sky130_fd_sc_hd__dfrtp_1)
                                              2.927341   data arrival time

                                  0.000000    0.000000   clock HCLK (rise edge)
                                  0.000000    0.000000   clock source latency
     1    0.059370    0.271235    0.194671    0.194671 ^ HCLK (in)
                                                         HCLK (net)
                      0.272238    0.000000    0.194671 ^ clkbuf_0_HCLK/A (sky130_fd_sc_hd__clkbuf_16)
     5    0.133985    0.147811    0.278990    0.473661 ^ clkbuf_0_HCLK/X (sky130_fd_sc_hd__clkbuf_16)
                                                         clknet_0_HCLK (net)
                      0.149171    0.011290    0.484951 ^ clkbuf_2_2_0_HCLK/A (sky130_fd_sc_hd__clkbuf_8)
     2    0.035281    0.075148    0.186583    0.671534 ^ clkbuf_2_2_0_HCLK/X (sky130_fd_sc_hd__clkbuf_8)
                                                         clknet_2_2_0_HCLK (net)
                      0.075526    0.003826    0.675360 ^ clkbuf_3_5__f_HCLK/A (sky130_fd_sc_hd__clkbuf_16)
    11    0.034216    0.054644    0.148324    0.823684 ^ clkbuf_3_5__f_HCLK/X (sky130_fd_sc_hd__clkbuf_16)
                                                         clknet_3_5__leaf_HCLK (net)
                      0.054707    0.001595    0.825279 ^ _173_/CLK (sky130_fd_sc_hd__dfrtp_1)
                                  0.250000    1.075279   clock uncertainty
                                  0.000000    1.075279   clock reconvergence pessimism
                                  0.354492    1.429771   library removal time
                                              1.429771   data required time
---------------------------------------------------------------------------------------------
                                              1.429771   data required time
                                             -2.927341   data arrival time
---------------------------------------------------------------------------------------------
                                              1.497570   slack (MET)


Startpoint: HRESETn (input port clocked by HCLK)
Endpoint: _192_ (removal check against rising-edge clock HCLK)
Path Group: asynchronous
Path Type: min

Fanout         Cap        Slew       Delay        Time   Description
---------------------------------------------------------------------------------------------
                                  0.000000    0.000000   clock HCLK (rise edge)
                                  0.000000    0.000000   clock network delay (propagated)
                                  2.000000    2.000000 ^ input external delay
     1    0.002958    0.020413    0.010873    2.010873 ^ HRESETn (in)
                                                         HRESETn (net)
                      0.020413    0.000000    2.010873 ^ input34/A (sky130_fd_sc_hd__buf_1)
     1    0.011144    0.137652    0.137999    2.148872 ^ input34/X (sky130_fd_sc_hd__buf_1)
                                                         net34 (net)
                      0.137655    0.000501    2.149373 ^ fanout192/A (sky130_fd_sc_hd__buf_8)
     6    0.134493    0.216747    0.225786    2.375159 ^ fanout192/X (sky130_fd_sc_hd__buf_8)
                                                         net192 (net)
                      0.216933    0.005924    2.381083 ^ fanout189/A (sky130_fd_sc_hd__clkbuf_4)
     8    0.051974    0.161563    0.280022    2.661104 ^ fanout189/X (sky130_fd_sc_hd__clkbuf_4)
                                                         net189 (net)
                      0.161572    0.001033    2.662138 ^ fanout188/A (sky130_fd_sc_hd__clkbuf_4)
    10    0.051605    0.159693    0.261722    2.923859 ^ fanout188/X (sky130_fd_sc_hd__clkbuf_4)
                                                         net188 (net)
                      0.159840    0.002963    2.926823 ^ _192_/RESET_B (sky130_fd_sc_hd__dfrtp_1)
                                              2.926823   data arrival time

                                  0.000000    0.000000   clock HCLK (rise edge)
                                  0.000000    0.000000   clock source latency
     1    0.059370    0.271235    0.194671    0.194671 ^ HCLK (in)
                                                         HCLK (net)
                      0.272238    0.000000    0.194671 ^ clkbuf_0_HCLK/A (sky130_fd_sc_hd__clkbuf_16)
     5    0.133985    0.147811    0.278990    0.473661 ^ clkbuf_0_HCLK/X (sky130_fd_sc_hd__clkbuf_16)
                                                         clknet_0_HCLK (net)
                      0.149171    0.011290    0.484951 ^ clkbuf_2_2_0_HCLK/A (sky130_fd_sc_hd__clkbuf_8)
     2    0.035281    0.075148    0.186583    0.671534 ^ clkbuf_2_2_0_HCLK/X (sky130_fd_sc_hd__clkbuf_8)
                                                         clknet_2_2_0_HCLK (net)
                      0.075526    0.003826    0.675360 ^ clkbuf_3_5__f_HCLK/A (sky130_fd_sc_hd__clkbuf_16)
    11    0.034216    0.054644    0.148324    0.823684 ^ clkbuf_3_5__f_HCLK/X (sky130_fd_sc_hd__clkbuf_16)
                                                         clknet_3_5__leaf_HCLK (net)
                      0.054662    0.001067    0.824750 ^ _192_/CLK (sky130_fd_sc_hd__dfrtp_1)
                                  0.250000    1.074750   clock uncertainty
                                  0.000000    1.074750   clock reconvergence pessimism
                                  0.354471    1.429221   library removal time
                                              1.429221   data required time
---------------------------------------------------------------------------------------------
                                              1.429221   data required time
                                             -2.926823   data arrival time
---------------------------------------------------------------------------------------------
                                              1.497601   slack (MET)


Startpoint: HRESETn (input port clocked by HCLK)
Endpoint: _188_ (removal check against rising-edge clock HCLK)
Path Group: asynchronous
Path Type: min

Fanout         Cap        Slew       Delay        Time   Description
---------------------------------------------------------------------------------------------
                                  0.000000    0.000000   clock HCLK (rise edge)
                                  0.000000    0.000000   clock network delay (propagated)
                                  2.000000    2.000000 ^ input external delay
     1    0.002958    0.020413    0.010873    2.010873 ^ HRESETn (in)
                                                         HRESETn (net)
                      0.020413    0.000000    2.010873 ^ input34/A (sky130_fd_sc_hd__buf_1)
     1    0.011144    0.137652    0.137999    2.148872 ^ input34/X (sky130_fd_sc_hd__buf_1)
                                                         net34 (net)
                      0.137655    0.000501    2.149373 ^ fanout192/A (sky130_fd_sc_hd__buf_8)
     6    0.134493    0.216747    0.225786    2.375159 ^ fanout192/X (sky130_fd_sc_hd__buf_8)
                                                         net192 (net)
                      0.216933    0.005924    2.381083 ^ fanout189/A (sky130_fd_sc_hd__clkbuf_4)
     8    0.051974    0.161563    0.280022    2.661104 ^ fanout189/X (sky130_fd_sc_hd__clkbuf_4)
                                                         net189 (net)
                      0.161572    0.001033    2.662138 ^ fanout188/A (sky130_fd_sc_hd__clkbuf_4)
    10    0.051605    0.159693    0.261722    2.923859 ^ fanout188/X (sky130_fd_sc_hd__clkbuf_4)
                                                         net188 (net)
                      0.159863    0.003352    2.927212 ^ _188_/RESET_B (sky130_fd_sc_hd__dfrtp_1)
                                              2.927212   data arrival time

                                  0.000000    0.000000   clock HCLK (rise edge)
                                  0.000000    0.000000   clock source latency
     1    0.059370    0.271235    0.194671    0.194671 ^ HCLK (in)
                                                         HCLK (net)
                      0.272238    0.000000    0.194671 ^ clkbuf_0_HCLK/A (sky130_fd_sc_hd__clkbuf_16)
     5    0.133985    0.147811    0.278990    0.473661 ^ clkbuf_0_HCLK/X (sky130_fd_sc_hd__clkbuf_16)
                                                         clknet_0_HCLK (net)
                      0.149171    0.011290    0.484951 ^ clkbuf_2_2_0_HCLK/A (sky130_fd_sc_hd__clkbuf_8)
     2    0.035281    0.075148    0.186583    0.671534 ^ clkbuf_2_2_0_HCLK/X (sky130_fd_sc_hd__clkbuf_8)
                                                         clknet_2_2_0_HCLK (net)
                      0.075526    0.003826    0.675360 ^ clkbuf_3_5__f_HCLK/A (sky130_fd_sc_hd__clkbuf_16)
    11    0.034216    0.054644    0.148324    0.823684 ^ clkbuf_3_5__f_HCLK/X (sky130_fd_sc_hd__clkbuf_16)
                                                         clknet_3_5__leaf_HCLK (net)
                      0.054685    0.001344    0.825028 ^ _188_/CLK (sky130_fd_sc_hd__dfrtp_1)
                                  0.250000    1.075028   clock uncertainty
                                  0.000000    1.075028   clock reconvergence pessimism
                                  0.354484    1.429512   library removal time
                                              1.429512   data required time
---------------------------------------------------------------------------------------------
                                              1.429512   data required time
                                             -2.927212   data arrival time
---------------------------------------------------------------------------------------------
                                              1.497700   slack (MET)


Startpoint: HRESETn (input port clocked by HCLK)
Endpoint: _208_ (removal check against rising-edge clock HCLK)
Path Group: asynchronous
Path Type: min

Fanout         Cap        Slew       Delay        Time   Description
---------------------------------------------------------------------------------------------
                                  0.000000    0.000000   clock HCLK (rise edge)
                                  0.000000    0.000000   clock network delay (propagated)
                                  2.000000    2.000000 ^ input external delay
     1    0.002958    0.020413    0.010873    2.010873 ^ HRESETn (in)
                                                         HRESETn (net)
                      0.020413    0.000000    2.010873 ^ input34/A (sky130_fd_sc_hd__buf_1)
     1    0.011144    0.137652    0.137999    2.148872 ^ input34/X (sky130_fd_sc_hd__buf_1)
                                                         net34 (net)
                      0.137655    0.000501    2.149373 ^ fanout192/A (sky130_fd_sc_hd__buf_8)
     6    0.134493    0.216747    0.225786    2.375159 ^ fanout192/X (sky130_fd_sc_hd__buf_8)
                                                         net192 (net)
                      0.216933    0.005924    2.381083 ^ fanout189/A (sky130_fd_sc_hd__clkbuf_4)
     8    0.051974    0.161563    0.280022    2.661104 ^ fanout189/X (sky130_fd_sc_hd__clkbuf_4)
                                                         net189 (net)
                      0.161572    0.001033    2.662138 ^ fanout188/A (sky130_fd_sc_hd__clkbuf_4)
    10    0.051605    0.159693    0.261722    2.923859 ^ fanout188/X (sky130_fd_sc_hd__clkbuf_4)
                                                         net188 (net)
                      0.159857    0.003264    2.927124 ^ _208_/RESET_B (sky130_fd_sc_hd__dfrtp_1)
                                              2.927124   data arrival time

                                  0.000000    0.000000   clock HCLK (rise edge)
                                  0.000000    0.000000   clock source latency
     1    0.059370    0.271235    0.194671    0.194671 ^ HCLK (in)
                                                         HCLK (net)
                      0.272238    0.000000    0.194671 ^ clkbuf_0_HCLK/A (sky130_fd_sc_hd__clkbuf_16)
     5    0.133985    0.147811    0.278990    0.473661 ^ clkbuf_0_HCLK/X (sky130_fd_sc_hd__clkbuf_16)
                                                         clknet_0_HCLK (net)
                      0.149171    0.011290    0.484951 ^ clkbuf_2_2_0_HCLK/A (sky130_fd_sc_hd__clkbuf_8)
     2    0.035281    0.075148    0.186583    0.671534 ^ clkbuf_2_2_0_HCLK/X (sky130_fd_sc_hd__clkbuf_8)
                                                         clknet_2_2_0_HCLK (net)
                      0.075526    0.003826    0.675360 ^ clkbuf_3_5__f_HCLK/A (sky130_fd_sc_hd__clkbuf_16)
    11    0.034216    0.054644    0.148324    0.823684 ^ clkbuf_3_5__f_HCLK/X (sky130_fd_sc_hd__clkbuf_16)
                                                         clknet_3_5__leaf_HCLK (net)
                      0.054666    0.001113    0.824796 ^ _208_/CLK (sky130_fd_sc_hd__dfrtp_1)
                                  0.250000    1.074796   clock uncertainty
                                  0.000000    1.074796   clock reconvergence pessimism
                                  0.354477    1.429273   library removal time
                                              1.429273   data required time
---------------------------------------------------------------------------------------------
                                              1.429273   data required time
                                             -2.927124   data arrival time
---------------------------------------------------------------------------------------------
                                              1.497851   slack (MET)


Startpoint: HRESETn (input port clocked by HCLK)
Endpoint: _197_ (removal check against rising-edge clock HCLK)
Path Group: asynchronous
Path Type: min

Fanout         Cap        Slew       Delay        Time   Description
---------------------------------------------------------------------------------------------
                                  0.000000    0.000000   clock HCLK (rise edge)
                                  0.000000    0.000000   clock network delay (propagated)
                                  2.000000    2.000000 ^ input external delay
     1    0.002958    0.020413    0.010873    2.010873 ^ HRESETn (in)
                                                         HRESETn (net)
                      0.020413    0.000000    2.010873 ^ input34/A (sky130_fd_sc_hd__buf_1)
     1    0.011144    0.137652    0.137999    2.148872 ^ input34/X (sky130_fd_sc_hd__buf_1)
                                                         net34 (net)
                      0.137655    0.000501    2.149373 ^ fanout192/A (sky130_fd_sc_hd__buf_8)
     6    0.134493    0.216747    0.225786    2.375159 ^ fanout192/X (sky130_fd_sc_hd__buf_8)
                                                         net192 (net)
                      0.227103    0.036393    2.411552 ^ fanout187/A (sky130_fd_sc_hd__buf_8)
     6    0.151289    0.245383    0.274166    2.685718 ^ fanout187/X (sky130_fd_sc_hd__buf_8)
                                                         net187 (net)
                      0.253146    0.034440    2.720158 ^ fanout185/A (sky130_fd_sc_hd__buf_8)
    11    0.136191    0.221388    0.258245    2.978402 ^ fanout185/X (sky130_fd_sc_hd__buf_8)
                                                         net185 (net)
                      0.221400    0.001563    2.979965 ^ _197_/RESET_B (sky130_fd_sc_hd__dfrtp_1)
                                              2.979965   data arrival time

                                  0.000000    0.000000   clock HCLK (rise edge)
                                  0.000000    0.000000   clock source latency
     1    0.059370    0.271235    0.194671    0.194671 ^ HCLK (in)
                                                         HCLK (net)
                      0.272238    0.000000    0.194671 ^ clkbuf_0_HCLK/A (sky130_fd_sc_hd__clkbuf_16)
     5    0.133985    0.147811    0.278990    0.473661 ^ clkbuf_0_HCLK/X (sky130_fd_sc_hd__clkbuf_16)
                                                         clknet_0_HCLK (net)
                      0.149590    0.012878    0.486539 ^ clkbuf_2_0_0_HCLK/A (sky130_fd_sc_hd__clkbuf_8)
     2    0.039991    0.082545    0.192758    0.679297 ^ clkbuf_2_0_0_HCLK/X (sky130_fd_sc_hd__clkbuf_8)
                                                         clknet_2_0_0_HCLK (net)
                      0.082829    0.003462    0.682759 ^ clkbuf_3_1__f_HCLK/A (sky130_fd_sc_hd__clkbuf_16)
     7    0.035020    0.055187    0.150817    0.833576 ^ clkbuf_3_1__f_HCLK/X (sky130_fd_sc_hd__clkbuf_16)
                                                         clknet_3_1__leaf_HCLK (net)
                      0.055768    0.004319    0.837895 ^ _197_/CLK (sky130_fd_sc_hd__dfrtp_1)
                                  0.250000    1.087896   clock uncertainty
                                  0.000000    1.087896   clock reconvergence pessimism
                                  0.371705    1.459601   library removal time
                                              1.459601   data required time
---------------------------------------------------------------------------------------------
                                              1.459601   data required time
                                             -2.979965   data arrival time
---------------------------------------------------------------------------------------------
                                              1.520364   slack (MET)


Startpoint: HRESETn (input port clocked by HCLK)
Endpoint: _161_ (removal check against rising-edge clock HCLK)
Path Group: asynchronous
Path Type: min

Fanout         Cap        Slew       Delay        Time   Description
---------------------------------------------------------------------------------------------
                                  0.000000    0.000000   clock HCLK (rise edge)
                                  0.000000    0.000000   clock network delay (propagated)
                                  2.000000    2.000000 ^ input external delay
     1    0.002958    0.020413    0.010873    2.010873 ^ HRESETn (in)
                                                         HRESETn (net)
                      0.020413    0.000000    2.010873 ^ input34/A (sky130_fd_sc_hd__buf_1)
     1    0.011144    0.137652    0.137999    2.148872 ^ input34/X (sky130_fd_sc_hd__buf_1)
                                                         net34 (net)
                      0.137655    0.000501    2.149373 ^ fanout192/A (sky130_fd_sc_hd__buf_8)
     6    0.134493    0.216747    0.225786    2.375159 ^ fanout192/X (sky130_fd_sc_hd__buf_8)
                                                         net192 (net)
                      0.227103    0.036393    2.411552 ^ fanout187/A (sky130_fd_sc_hd__buf_8)
     6    0.151289    0.245383    0.274166    2.685718 ^ fanout187/X (sky130_fd_sc_hd__buf_8)
                                                         net187 (net)
                      0.253146    0.034440    2.720158 ^ fanout185/A (sky130_fd_sc_hd__buf_8)
    11    0.136191    0.221388    0.258245    2.978402 ^ fanout185/X (sky130_fd_sc_hd__buf_8)
                                                         net185 (net)
                      0.221480    0.004091    2.982493 ^ _161_/RESET_B (sky130_fd_sc_hd__dfrtp_1)
                                              2.982493   data arrival time

                                  0.000000    0.000000   clock HCLK (rise edge)
                                  0.000000    0.000000   clock source latency
     1    0.059370    0.271235    0.194671    0.194671 ^ HCLK (in)
                                                         HCLK (net)
                      0.272238    0.000000    0.194671 ^ clkbuf_0_HCLK/A (sky130_fd_sc_hd__clkbuf_16)
     5    0.133985    0.147811    0.278990    0.473661 ^ clkbuf_0_HCLK/X (sky130_fd_sc_hd__clkbuf_16)
                                                         clknet_0_HCLK (net)
                      0.149590    0.012878    0.486539 ^ clkbuf_2_0_0_HCLK/A (sky130_fd_sc_hd__clkbuf_8)
     2    0.039991    0.082545    0.192758    0.679297 ^ clkbuf_2_0_0_HCLK/X (sky130_fd_sc_hd__clkbuf_8)
                                                         clknet_2_0_0_HCLK (net)
                      0.082829    0.003462    0.682759 ^ clkbuf_3_1__f_HCLK/A (sky130_fd_sc_hd__clkbuf_16)
     7    0.035020    0.055187    0.150817    0.833576 ^ clkbuf_3_1__f_HCLK/X (sky130_fd_sc_hd__clkbuf_16)
                                                         clknet_3_1__leaf_HCLK (net)
                      0.055738    0.004174    0.837750 ^ _161_/CLK (sky130_fd_sc_hd__dfrtp_1)
                                  0.250000    1.087750   clock uncertainty
                                  0.000000    1.087750   clock reconvergence pessimism
                                  0.371719    1.459470   library removal time
                                              1.459470   data required time
---------------------------------------------------------------------------------------------
                                              1.459470   data required time
                                             -2.982493   data arrival time
---------------------------------------------------------------------------------------------
                                              1.523024   slack (MET)


Startpoint: HRESETn (input port clocked by HCLK)
Endpoint: _202_ (removal check against rising-edge clock HCLK)
Path Group: asynchronous
Path Type: min

Fanout         Cap        Slew       Delay        Time   Description
---------------------------------------------------------------------------------------------
                                  0.000000    0.000000   clock HCLK (rise edge)
                                  0.000000    0.000000   clock network delay (propagated)
                                  2.000000    2.000000 ^ input external delay
     1    0.002958    0.020413    0.010873    2.010873 ^ HRESETn (in)
                                                         HRESETn (net)
                      0.020413    0.000000    2.010873 ^ input34/A (sky130_fd_sc_hd__buf_1)
     1    0.011144    0.137652    0.137999    2.148872 ^ input34/X (sky130_fd_sc_hd__buf_1)
                                                         net34 (net)
                      0.137655    0.000501    2.149373 ^ fanout192/A (sky130_fd_sc_hd__buf_8)
     6    0.134493    0.216747    0.225786    2.375159 ^ fanout192/X (sky130_fd_sc_hd__buf_8)
                                                         net192 (net)
                      0.227103    0.036393    2.411552 ^ fanout187/A (sky130_fd_sc_hd__buf_8)
     6    0.151289    0.245383    0.274166    2.685718 ^ fanout187/X (sky130_fd_sc_hd__buf_8)
                                                         net187 (net)
                      0.253146    0.034440    2.720158 ^ fanout185/A (sky130_fd_sc_hd__buf_8)
    11    0.136191    0.221388    0.258245    2.978402 ^ fanout185/X (sky130_fd_sc_hd__buf_8)
                                                         net185 (net)
                      0.221533    0.005090    2.983492 ^ _202_/RESET_B (sky130_fd_sc_hd__dfrtp_1)
                                              2.983492   data arrival time

                                  0.000000    0.000000   clock HCLK (rise edge)
                                  0.000000    0.000000   clock source latency
     1    0.059370    0.271235    0.194671    0.194671 ^ HCLK (in)
                                                         HCLK (net)
                      0.272238    0.000000    0.194671 ^ clkbuf_0_HCLK/A (sky130_fd_sc_hd__clkbuf_16)
     5    0.133985    0.147811    0.278990    0.473661 ^ clkbuf_0_HCLK/X (sky130_fd_sc_hd__clkbuf_16)
                                                         clknet_0_HCLK (net)
                      0.149590    0.012878    0.486539 ^ clkbuf_2_0_0_HCLK/A (sky130_fd_sc_hd__clkbuf_8)
     2    0.039991    0.082545    0.192758    0.679297 ^ clkbuf_2_0_0_HCLK/X (sky130_fd_sc_hd__clkbuf_8)
                                                         clknet_2_0_0_HCLK (net)
                      0.082829    0.003462    0.682759 ^ clkbuf_3_1__f_HCLK/A (sky130_fd_sc_hd__clkbuf_16)
     7    0.035020    0.055187    0.150817    0.833576 ^ clkbuf_3_1__f_HCLK/X (sky130_fd_sc_hd__clkbuf_16)
                                                         clknet_3_1__leaf_HCLK (net)
                      0.055719    0.004083    0.837659 ^ _202_/CLK (sky130_fd_sc_hd__dfrtp_1)
                                  0.250000    1.087659   clock uncertainty
                                  0.000000    1.087659   clock reconvergence pessimism
                                  0.371729    1.459388   library removal time
                                              1.459388   data required time
---------------------------------------------------------------------------------------------
                                              1.459388   data required time
                                             -2.983492   data arrival time
---------------------------------------------------------------------------------------------
                                              1.524104   slack (MET)


Startpoint: HRESETn (input port clocked by HCLK)
Endpoint: _160_ (removal check against rising-edge clock HCLK)
Path Group: asynchronous
Path Type: min

Fanout         Cap        Slew       Delay        Time   Description
---------------------------------------------------------------------------------------------
                                  0.000000    0.000000   clock HCLK (rise edge)
                                  0.000000    0.000000   clock network delay (propagated)
                                  2.000000    2.000000 ^ input external delay
     1    0.002958    0.020413    0.010873    2.010873 ^ HRESETn (in)
                                                         HRESETn (net)
                      0.020413    0.000000    2.010873 ^ input34/A (sky130_fd_sc_hd__buf_1)
     1    0.011144    0.137652    0.137999    2.148872 ^ input34/X (sky130_fd_sc_hd__buf_1)
                                                         net34 (net)
                      0.137655    0.000501    2.149373 ^ fanout192/A (sky130_fd_sc_hd__buf_8)
     6    0.134493    0.216747    0.225786    2.375159 ^ fanout192/X (sky130_fd_sc_hd__buf_8)
                                                         net192 (net)
                      0.227103    0.036393    2.411552 ^ fanout187/A (sky130_fd_sc_hd__buf_8)
     6    0.151289    0.245383    0.274166    2.685718 ^ fanout187/X (sky130_fd_sc_hd__buf_8)
                                                         net187 (net)
                      0.253146    0.034440    2.720158 ^ fanout185/A (sky130_fd_sc_hd__buf_8)
    11    0.136191    0.221388    0.258245    2.978402 ^ fanout185/X (sky130_fd_sc_hd__buf_8)
                                                         net185 (net)
                      0.221600    0.006115    2.984517 ^ _160_/RESET_B (sky130_fd_sc_hd__dfrtp_1)
                                              2.984517   data arrival time

                                  0.000000    0.000000   clock HCLK (rise edge)
                                  0.000000    0.000000   clock source latency
     1    0.059370    0.271235    0.194671    0.194671 ^ HCLK (in)
                                                         HCLK (net)
                      0.272238    0.000000    0.194671 ^ clkbuf_0_HCLK/A (sky130_fd_sc_hd__clkbuf_16)
     5    0.133985    0.147811    0.278990    0.473661 ^ clkbuf_0_HCLK/X (sky130_fd_sc_hd__clkbuf_16)
                                                         clknet_0_HCLK (net)
                      0.149590    0.012878    0.486539 ^ clkbuf_2_0_0_HCLK/A (sky130_fd_sc_hd__clkbuf_8)
     2    0.039991    0.082545    0.192758    0.679297 ^ clkbuf_2_0_0_HCLK/X (sky130_fd_sc_hd__clkbuf_8)
                                                         clknet_2_0_0_HCLK (net)
                      0.082829    0.003462    0.682759 ^ clkbuf_3_1__f_HCLK/A (sky130_fd_sc_hd__clkbuf_16)
     7    0.035020    0.055187    0.150817    0.833576 ^ clkbuf_3_1__f_HCLK/X (sky130_fd_sc_hd__clkbuf_16)
                                                         clknet_3_1__leaf_HCLK (net)
                      0.055697    0.003972    0.837548 ^ _160_/CLK (sky130_fd_sc_hd__dfrtp_1)
                                  0.250000    1.087548   clock uncertainty
                                  0.000000    1.087548   clock reconvergence pessimism
                                  0.371741    1.459289   library removal time
                                              1.459289   data required time
---------------------------------------------------------------------------------------------
                                              1.459289   data required time
                                             -2.984517   data arrival time
---------------------------------------------------------------------------------------------
                                              1.525228   slack (MET)


Startpoint: HRESETn (input port clocked by HCLK)
Endpoint: _187_ (removal check against rising-edge clock HCLK)
Path Group: asynchronous
Path Type: min

Fanout         Cap        Slew       Delay        Time   Description
---------------------------------------------------------------------------------------------
                                  0.000000    0.000000   clock HCLK (rise edge)
                                  0.000000    0.000000   clock network delay (propagated)
                                  2.000000    2.000000 ^ input external delay
     1    0.002958    0.020413    0.010873    2.010873 ^ HRESETn (in)
                                                         HRESETn (net)
                      0.020413    0.000000    2.010873 ^ input34/A (sky130_fd_sc_hd__buf_1)
     1    0.011144    0.137652    0.137999    2.148872 ^ input34/X (sky130_fd_sc_hd__buf_1)
                                                         net34 (net)
                      0.137655    0.000501    2.149373 ^ fanout192/A (sky130_fd_sc_hd__buf_8)
     6    0.134493    0.216747    0.225786    2.375159 ^ fanout192/X (sky130_fd_sc_hd__buf_8)
                                                         net192 (net)
                      0.227103    0.036393    2.411552 ^ fanout187/A (sky130_fd_sc_hd__buf_8)
     6    0.151289    0.245383    0.274166    2.685718 ^ fanout187/X (sky130_fd_sc_hd__buf_8)
                                                         net187 (net)
                      0.253146    0.034440    2.720158 ^ fanout185/A (sky130_fd_sc_hd__buf_8)
    11    0.136191    0.221388    0.258245    2.978402 ^ fanout185/X (sky130_fd_sc_hd__buf_8)
                                                         net185 (net)
                      0.221952    0.009707    2.988109 ^ _187_/RESET_B (sky130_fd_sc_hd__dfrtp_1)
                                              2.988109   data arrival time

                                  0.000000    0.000000   clock HCLK (rise edge)
                                  0.000000    0.000000   clock source latency
     1    0.059370    0.271235    0.194671    0.194671 ^ HCLK (in)
                                                         HCLK (net)
                      0.272238    0.000000    0.194671 ^ clkbuf_0_HCLK/A (sky130_fd_sc_hd__clkbuf_16)
     5    0.133985    0.147811    0.278990    0.473661 ^ clkbuf_0_HCLK/X (sky130_fd_sc_hd__clkbuf_16)
                                                         clknet_0_HCLK (net)
                      0.149590    0.012878    0.486539 ^ clkbuf_2_0_0_HCLK/A (sky130_fd_sc_hd__clkbuf_8)
     2    0.039991    0.082545    0.192758    0.679297 ^ clkbuf_2_0_0_HCLK/X (sky130_fd_sc_hd__clkbuf_8)
                                                         clknet_2_0_0_HCLK (net)
                      0.082829    0.003462    0.682759 ^ clkbuf_3_1__f_HCLK/A (sky130_fd_sc_hd__clkbuf_16)
     7    0.035020    0.055187    0.150817    0.833576 ^ clkbuf_3_1__f_HCLK/X (sky130_fd_sc_hd__clkbuf_16)
                                                         clknet_3_1__leaf_HCLK (net)
                      0.055649    0.003721    0.837298 ^ _187_/CLK (sky130_fd_sc_hd__dfrtp_1)
                                  0.250000    1.087298   clock uncertainty
                                  0.000000    1.087298   clock reconvergence pessimism
                                  0.371825    1.459122   library removal time
                                              1.459122   data required time
---------------------------------------------------------------------------------------------
                                              1.459122   data required time
                                             -2.988109   data arrival time
---------------------------------------------------------------------------------------------
                                              1.528987   slack (MET)


Startpoint: HRESETn (input port clocked by HCLK)
Endpoint: _212_ (removal check against rising-edge clock HCLK)
Path Group: asynchronous
Path Type: min

Fanout         Cap        Slew       Delay        Time   Description
---------------------------------------------------------------------------------------------
                                  0.000000    0.000000   clock HCLK (rise edge)
                                  0.000000    0.000000   clock network delay (propagated)
                                  2.000000    2.000000 ^ input external delay
     1    0.002958    0.020413    0.010873    2.010873 ^ HRESETn (in)
                                                         HRESETn (net)
                      0.020413    0.000000    2.010873 ^ input34/A (sky130_fd_sc_hd__buf_1)
     1    0.011144    0.137652    0.137999    2.148872 ^ input34/X (sky130_fd_sc_hd__buf_1)
                                                         net34 (net)
                      0.137655    0.000501    2.149373 ^ fanout192/A (sky130_fd_sc_hd__buf_8)
     6    0.134493    0.216747    0.225786    2.375159 ^ fanout192/X (sky130_fd_sc_hd__buf_8)
                                                         net192 (net)
                      0.227103    0.036393    2.411552 ^ fanout187/A (sky130_fd_sc_hd__buf_8)
     6    0.151289    0.245383    0.274166    2.685718 ^ fanout187/X (sky130_fd_sc_hd__buf_8)
                                                         net187 (net)
                      0.253146    0.034440    2.720158 ^ fanout185/A (sky130_fd_sc_hd__buf_8)
    11    0.136191    0.221388    0.258245    2.978402 ^ fanout185/X (sky130_fd_sc_hd__buf_8)
                                                         net185 (net)
                      0.222223    0.011632    2.990035 ^ _212_/RESET_B (sky130_fd_sc_hd__dfrtp_1)
                                              2.990035   data arrival time

                                  0.000000    0.000000   clock HCLK (rise edge)
                                  0.000000    0.000000   clock source latency
     1    0.059370    0.271235    0.194671    0.194671 ^ HCLK (in)
                                                         HCLK (net)
                      0.272238    0.000000    0.194671 ^ clkbuf_0_HCLK/A (sky130_fd_sc_hd__clkbuf_16)
     5    0.133985    0.147811    0.278990    0.473661 ^ clkbuf_0_HCLK/X (sky130_fd_sc_hd__clkbuf_16)
                                                         clknet_0_HCLK (net)
                      0.149590    0.012878    0.486539 ^ clkbuf_2_0_0_HCLK/A (sky130_fd_sc_hd__clkbuf_8)
     2    0.039991    0.082545    0.192758    0.679297 ^ clkbuf_2_0_0_HCLK/X (sky130_fd_sc_hd__clkbuf_8)
                                                         clknet_2_0_0_HCLK (net)
                      0.082829    0.003462    0.682759 ^ clkbuf_3_1__f_HCLK/A (sky130_fd_sc_hd__clkbuf_16)
     7    0.035020    0.055187    0.150817    0.833576 ^ clkbuf_3_1__f_HCLK/X (sky130_fd_sc_hd__clkbuf_16)
                                                         clknet_3_1__leaf_HCLK (net)
                      0.055609    0.003507    0.837083 ^ _212_/CLK (sky130_fd_sc_hd__dfrtp_1)
                                  0.250000    1.087083   clock uncertainty
                                  0.000000    1.087083   clock reconvergence pessimism
                                  0.371888    1.458971   library removal time
                                              1.458971   data required time
---------------------------------------------------------------------------------------------
                                              1.458971   data required time
                                             -2.990035   data arrival time
---------------------------------------------------------------------------------------------
                                              1.531063   slack (MET)


Startpoint: HRESETn (input port clocked by HCLK)
Endpoint: _168_ (removal check against rising-edge clock HCLK)
Path Group: asynchronous
Path Type: min

Fanout         Cap        Slew       Delay        Time   Description
---------------------------------------------------------------------------------------------
                                  0.000000    0.000000   clock HCLK (rise edge)
                                  0.000000    0.000000   clock network delay (propagated)
                                  2.000000    2.000000 ^ input external delay
     1    0.002958    0.020413    0.010873    2.010873 ^ HRESETn (in)
                                                         HRESETn (net)
                      0.020413    0.000000    2.010873 ^ input34/A (sky130_fd_sc_hd__buf_1)
     1    0.011144    0.137652    0.137999    2.148872 ^ input34/X (sky130_fd_sc_hd__buf_1)
                                                         net34 (net)
                      0.137655    0.000501    2.149373 ^ fanout192/A (sky130_fd_sc_hd__buf_8)
     6    0.134493    0.216747    0.225786    2.375159 ^ fanout192/X (sky130_fd_sc_hd__buf_8)
                                                         net192 (net)
                      0.227103    0.036393    2.411552 ^ fanout187/A (sky130_fd_sc_hd__buf_8)
     6    0.151289    0.245383    0.274166    2.685718 ^ fanout187/X (sky130_fd_sc_hd__buf_8)
                                                         net187 (net)
                      0.247808    0.019861    2.705579 ^ fanout186/A (sky130_fd_sc_hd__clkbuf_4)
    10    0.045204    0.143937    0.277906    2.983485 ^ fanout186/X (sky130_fd_sc_hd__clkbuf_4)
                                                         net186 (net)
                      0.143939    0.000768    2.984253 ^ _168_/RESET_B (sky130_fd_sc_hd__dfrtp_1)
                                              2.984253   data arrival time

                                  0.000000    0.000000   clock HCLK (rise edge)
                                  0.000000    0.000000   clock source latency
     1    0.059370    0.271235    0.194671    0.194671 ^ HCLK (in)
                                                         HCLK (net)
                      0.272238    0.000000    0.194671 ^ clkbuf_0_HCLK/A (sky130_fd_sc_hd__clkbuf_16)
     5    0.133985    0.147811    0.278990    0.473661 ^ clkbuf_0_HCLK/X (sky130_fd_sc_hd__clkbuf_16)
                                                         clknet_0_HCLK (net)
                      0.149720    0.013334    0.486995 ^ clkbuf_2_1_0_HCLK/A (sky130_fd_sc_hd__clkbuf_8)
     2    0.036798    0.077541    0.188224    0.675219 ^ clkbuf_2_1_0_HCLK/X (sky130_fd_sc_hd__clkbuf_8)
                                                         clknet_2_1_0_HCLK (net)
                      0.078017    0.004412    0.679631 ^ clkbuf_3_2__f_HCLK/A (sky130_fd_sc_hd__clkbuf_16)
    10    0.035944    0.056112    0.150441    0.830072 ^ clkbuf_3_2__f_HCLK/X (sky130_fd_sc_hd__clkbuf_16)
                                                         clknet_3_2__leaf_HCLK (net)
                      0.056270    0.002077    0.832148 ^ _168_/CLK (sky130_fd_sc_hd__dfrtp_1)
                                  0.250000    1.082149   clock uncertainty
                                  0.000000    1.082149   clock reconvergence pessimism
                                  0.350535    1.432683   library removal time
                                              1.432683   data required time
---------------------------------------------------------------------------------------------
                                              1.432683   data required time
                                             -2.984253   data arrival time
---------------------------------------------------------------------------------------------
                                              1.551569   slack (MET)


Startpoint: HRESETn (input port clocked by HCLK)
Endpoint: _175_ (removal check against rising-edge clock HCLK)
Path Group: asynchronous
Path Type: min

Fanout         Cap        Slew       Delay        Time   Description
---------------------------------------------------------------------------------------------
                                  0.000000    0.000000   clock HCLK (rise edge)
                                  0.000000    0.000000   clock network delay (propagated)
                                  2.000000    2.000000 ^ input external delay
     1    0.002958    0.020413    0.010873    2.010873 ^ HRESETn (in)
                                                         HRESETn (net)
                      0.020413    0.000000    2.010873 ^ input34/A (sky130_fd_sc_hd__buf_1)
     1    0.011144    0.137652    0.137999    2.148872 ^ input34/X (sky130_fd_sc_hd__buf_1)
                                                         net34 (net)
                      0.137655    0.000501    2.149373 ^ fanout192/A (sky130_fd_sc_hd__buf_8)
     6    0.134493    0.216747    0.225786    2.375159 ^ fanout192/X (sky130_fd_sc_hd__buf_8)
                                                         net192 (net)
                      0.227103    0.036393    2.411552 ^ fanout187/A (sky130_fd_sc_hd__buf_8)
     6    0.151289    0.245383    0.274166    2.685718 ^ fanout187/X (sky130_fd_sc_hd__buf_8)
                                                         net187 (net)
                      0.247808    0.019861    2.705579 ^ fanout186/A (sky130_fd_sc_hd__clkbuf_4)
    10    0.045204    0.143937    0.277906    2.983485 ^ fanout186/X (sky130_fd_sc_hd__clkbuf_4)
                                                         net186 (net)
                      0.143942    0.001058    2.984543 ^ _175_/RESET_B (sky130_fd_sc_hd__dfrtp_1)
                                              2.984543   data arrival time

                                  0.000000    0.000000   clock HCLK (rise edge)
                                  0.000000    0.000000   clock source latency
     1    0.059370    0.271235    0.194671    0.194671 ^ HCLK (in)
                                                         HCLK (net)
                      0.272238    0.000000    0.194671 ^ clkbuf_0_HCLK/A (sky130_fd_sc_hd__clkbuf_16)
     5    0.133985    0.147811    0.278990    0.473661 ^ clkbuf_0_HCLK/X (sky130_fd_sc_hd__clkbuf_16)
                                                         clknet_0_HCLK (net)
                      0.149720    0.013334    0.486995 ^ clkbuf_2_1_0_HCLK/A (sky130_fd_sc_hd__clkbuf_8)
     2    0.036798    0.077541    0.188224    0.675219 ^ clkbuf_2_1_0_HCLK/X (sky130_fd_sc_hd__clkbuf_8)
                                                         clknet_2_1_0_HCLK (net)
                      0.078017    0.004412    0.679631 ^ clkbuf_3_2__f_HCLK/A (sky130_fd_sc_hd__clkbuf_16)
    10    0.035944    0.056112    0.150441    0.830072 ^ clkbuf_3_2__f_HCLK/X (sky130_fd_sc_hd__clkbuf_16)
                                                         clknet_3_2__leaf_HCLK (net)
                      0.056262    0.002006    0.832078 ^ _175_/CLK (sky130_fd_sc_hd__dfrtp_1)
                                  0.250000    1.082078   clock uncertainty
                                  0.000000    1.082078   clock reconvergence pessimism
                                  0.350534    1.432611   library removal time
                                              1.432611   data required time
---------------------------------------------------------------------------------------------
                                              1.432611   data required time
                                             -2.984543   data arrival time
---------------------------------------------------------------------------------------------
                                              1.551932   slack (MET)


Startpoint: HRESETn (input port clocked by HCLK)
Endpoint: _180_ (removal check against rising-edge clock HCLK)
Path Group: asynchronous
Path Type: min

Fanout         Cap        Slew       Delay        Time   Description
---------------------------------------------------------------------------------------------
                                  0.000000    0.000000   clock HCLK (rise edge)
                                  0.000000    0.000000   clock network delay (propagated)
                                  2.000000    2.000000 ^ input external delay
     1    0.002958    0.020413    0.010873    2.010873 ^ HRESETn (in)
                                                         HRESETn (net)
                      0.020413    0.000000    2.010873 ^ input34/A (sky130_fd_sc_hd__buf_1)
     1    0.011144    0.137652    0.137999    2.148872 ^ input34/X (sky130_fd_sc_hd__buf_1)
                                                         net34 (net)
                      0.137655    0.000501    2.149373 ^ fanout192/A (sky130_fd_sc_hd__buf_8)
     6    0.134493    0.216747    0.225786    2.375159 ^ fanout192/X (sky130_fd_sc_hd__buf_8)
                                                         net192 (net)
                      0.227103    0.036393    2.411552 ^ fanout187/A (sky130_fd_sc_hd__buf_8)
     6    0.151289    0.245383    0.274166    2.685718 ^ fanout187/X (sky130_fd_sc_hd__buf_8)
                                                         net187 (net)
                      0.247808    0.019861    2.705579 ^ fanout186/A (sky130_fd_sc_hd__clkbuf_4)
    10    0.045204    0.143937    0.277906    2.983485 ^ fanout186/X (sky130_fd_sc_hd__clkbuf_4)
                                                         net186 (net)
                      0.143945    0.001239    2.984724 ^ _180_/RESET_B (sky130_fd_sc_hd__dfrtp_1)
                                              2.984724   data arrival time

                                  0.000000    0.000000   clock HCLK (rise edge)
                                  0.000000    0.000000   clock source latency
     1    0.059370    0.271235    0.194671    0.194671 ^ HCLK (in)
                                                         HCLK (net)
                      0.272238    0.000000    0.194671 ^ clkbuf_0_HCLK/A (sky130_fd_sc_hd__clkbuf_16)
     5    0.133985    0.147811    0.278990    0.473661 ^ clkbuf_0_HCLK/X (sky130_fd_sc_hd__clkbuf_16)
                                                         clknet_0_HCLK (net)
                      0.149720    0.013334    0.486995 ^ clkbuf_2_1_0_HCLK/A (sky130_fd_sc_hd__clkbuf_8)
     2    0.036798    0.077541    0.188224    0.675219 ^ clkbuf_2_1_0_HCLK/X (sky130_fd_sc_hd__clkbuf_8)
                                                         clknet_2_1_0_HCLK (net)
                      0.078017    0.004412    0.679631 ^ clkbuf_3_2__f_HCLK/A (sky130_fd_sc_hd__clkbuf_16)
    10    0.035944    0.056112    0.150441    0.830072 ^ clkbuf_3_2__f_HCLK/X (sky130_fd_sc_hd__clkbuf_16)
                                                         clknet_3_2__leaf_HCLK (net)
                      0.056256    0.001946    0.832018 ^ _180_/CLK (sky130_fd_sc_hd__dfrtp_1)
                                  0.250000    1.082018   clock uncertainty
                                  0.000000    1.082018   clock reconvergence pessimism
                                  0.350533    1.432551   library removal time
                                              1.432551   data required time
---------------------------------------------------------------------------------------------
                                              1.432551   data required time
                                             -2.984724   data arrival time
---------------------------------------------------------------------------------------------
                                              1.552173   slack (MET)


Startpoint: HRESETn (input port clocked by HCLK)
Endpoint: _159_ (removal check against rising-edge clock HCLK)
Path Group: asynchronous
Path Type: min

Fanout         Cap        Slew       Delay        Time   Description
---------------------------------------------------------------------------------------------
                                  0.000000    0.000000   clock HCLK (rise edge)
                                  0.000000    0.000000   clock network delay (propagated)
                                  2.000000    2.000000 ^ input external delay
     1    0.002958    0.020413    0.010873    2.010873 ^ HRESETn (in)
                                                         HRESETn (net)
                      0.020413    0.000000    2.010873 ^ input34/A (sky130_fd_sc_hd__buf_1)
     1    0.011144    0.137652    0.137999    2.148872 ^ input34/X (sky130_fd_sc_hd__buf_1)
                                                         net34 (net)
                      0.137655    0.000501    2.149373 ^ fanout192/A (sky130_fd_sc_hd__buf_8)
     6    0.134493    0.216747    0.225786    2.375159 ^ fanout192/X (sky130_fd_sc_hd__buf_8)
                                                         net192 (net)
                      0.227103    0.036393    2.411552 ^ fanout187/A (sky130_fd_sc_hd__buf_8)
     6    0.151289    0.245383    0.274166    2.685718 ^ fanout187/X (sky130_fd_sc_hd__buf_8)
                                                         net187 (net)
                      0.247808    0.019861    2.705579 ^ fanout186/A (sky130_fd_sc_hd__clkbuf_4)
    10    0.045204    0.143937    0.277906    2.983485 ^ fanout186/X (sky130_fd_sc_hd__clkbuf_4)
                                                         net186 (net)
                      0.143955    0.001639    2.985124 ^ _159_/RESET_B (sky130_fd_sc_hd__dfrtp_1)
                                              2.985124   data arrival time

                                  0.000000    0.000000   clock HCLK (rise edge)
                                  0.000000    0.000000   clock source latency
     1    0.059370    0.271235    0.194671    0.194671 ^ HCLK (in)
                                                         HCLK (net)
                      0.272238    0.000000    0.194671 ^ clkbuf_0_HCLK/A (sky130_fd_sc_hd__clkbuf_16)
     5    0.133985    0.147811    0.278990    0.473661 ^ clkbuf_0_HCLK/X (sky130_fd_sc_hd__clkbuf_16)
                                                         clknet_0_HCLK (net)
                      0.149720    0.013334    0.486995 ^ clkbuf_2_1_0_HCLK/A (sky130_fd_sc_hd__clkbuf_8)
     2    0.036798    0.077541    0.188224    0.675219 ^ clkbuf_2_1_0_HCLK/X (sky130_fd_sc_hd__clkbuf_8)
                                                         clknet_2_1_0_HCLK (net)
                      0.078017    0.004412    0.679631 ^ clkbuf_3_2__f_HCLK/A (sky130_fd_sc_hd__clkbuf_16)
    10    0.035944    0.056112    0.150441    0.830072 ^ clkbuf_3_2__f_HCLK/X (sky130_fd_sc_hd__clkbuf_16)
                                                         clknet_3_2__leaf_HCLK (net)
                      0.056236    0.001748    0.831820 ^ _159_/CLK (sky130_fd_sc_hd__dfrtp_1)
                                  0.250000    1.081820   clock uncertainty
                                  0.000000    1.081820   clock reconvergence pessimism
                                  0.350530    1.432350   library removal time
                                              1.432350   data required time
---------------------------------------------------------------------------------------------
                                              1.432350   data required time
                                             -2.985124   data arrival time
---------------------------------------------------------------------------------------------
                                              1.552774   slack (MET)


Startpoint: HRESETn (input port clocked by HCLK)
Endpoint: _157_ (removal check against rising-edge clock HCLK)
Path Group: asynchronous
Path Type: min

Fanout         Cap        Slew       Delay        Time   Description
---------------------------------------------------------------------------------------------
                                  0.000000    0.000000   clock HCLK (rise edge)
                                  0.000000    0.000000   clock network delay (propagated)
                                  2.000000    2.000000 ^ input external delay
     1    0.002958    0.020413    0.010873    2.010873 ^ HRESETn (in)
                                                         HRESETn (net)
                      0.020413    0.000000    2.010873 ^ input34/A (sky130_fd_sc_hd__buf_1)
     1    0.011144    0.137652    0.137999    2.148872 ^ input34/X (sky130_fd_sc_hd__buf_1)
                                                         net34 (net)
                      0.137655    0.000501    2.149373 ^ fanout192/A (sky130_fd_sc_hd__buf_8)
     6    0.134493    0.216747    0.225786    2.375159 ^ fanout192/X (sky130_fd_sc_hd__buf_8)
                                                         net192 (net)
                      0.227103    0.036393    2.411552 ^ fanout187/A (sky130_fd_sc_hd__buf_8)
     6    0.151289    0.245383    0.274166    2.685718 ^ fanout187/X (sky130_fd_sc_hd__buf_8)
                                                         net187 (net)
                      0.247808    0.019861    2.705579 ^ fanout186/A (sky130_fd_sc_hd__clkbuf_4)
    10    0.045204    0.143937    0.277906    2.983485 ^ fanout186/X (sky130_fd_sc_hd__clkbuf_4)
                                                         net186 (net)
                      0.143960    0.001829    2.985314 ^ _157_/RESET_B (sky130_fd_sc_hd__dfrtp_1)
                                              2.985314   data arrival time

                                  0.000000    0.000000   clock HCLK (rise edge)
                                  0.000000    0.000000   clock source latency
     1    0.059370    0.271235    0.194671    0.194671 ^ HCLK (in)
                                                         HCLK (net)
                      0.272238    0.000000    0.194671 ^ clkbuf_0_HCLK/A (sky130_fd_sc_hd__clkbuf_16)
     5    0.133985    0.147811    0.278990    0.473661 ^ clkbuf_0_HCLK/X (sky130_fd_sc_hd__clkbuf_16)
                                                         clknet_0_HCLK (net)
                      0.149720    0.013334    0.486995 ^ clkbuf_2_1_0_HCLK/A (sky130_fd_sc_hd__clkbuf_8)
     2    0.036798    0.077541    0.188224    0.675219 ^ clkbuf_2_1_0_HCLK/X (sky130_fd_sc_hd__clkbuf_8)
                                                         clknet_2_1_0_HCLK (net)
                      0.078017    0.004412    0.679631 ^ clkbuf_3_2__f_HCLK/A (sky130_fd_sc_hd__clkbuf_16)
    10    0.035944    0.056112    0.150441    0.830072 ^ clkbuf_3_2__f_HCLK/X (sky130_fd_sc_hd__clkbuf_16)
                                                         clknet_3_2__leaf_HCLK (net)
                      0.056222    0.001598    0.831670 ^ _157_/CLK (sky130_fd_sc_hd__dfrtp_1)
                                  0.250000    1.081670   clock uncertainty
                                  0.000000    1.081670   clock reconvergence pessimism
                                  0.350528    1.432198   library removal time
                                              1.432198   data required time
---------------------------------------------------------------------------------------------
                                              1.432198   data required time
                                             -2.985314   data arrival time
---------------------------------------------------------------------------------------------
                                              1.553116   slack (MET)


Startpoint: HRESETn (input port clocked by HCLK)
Endpoint: _189_ (removal check against rising-edge clock HCLK)
Path Group: asynchronous
Path Type: min

Fanout         Cap        Slew       Delay        Time   Description
---------------------------------------------------------------------------------------------
                                  0.000000    0.000000   clock HCLK (rise edge)
                                  0.000000    0.000000   clock network delay (propagated)
                                  2.000000    2.000000 ^ input external delay
     1    0.002958    0.020413    0.010873    2.010873 ^ HRESETn (in)
                                                         HRESETn (net)
                      0.020413    0.000000    2.010873 ^ input34/A (sky130_fd_sc_hd__buf_1)
     1    0.011144    0.137652    0.137999    2.148872 ^ input34/X (sky130_fd_sc_hd__buf_1)
                                                         net34 (net)
                      0.137655    0.000501    2.149373 ^ fanout192/A (sky130_fd_sc_hd__buf_8)
     6    0.134493    0.216747    0.225786    2.375159 ^ fanout192/X (sky130_fd_sc_hd__buf_8)
                                                         net192 (net)
                      0.227103    0.036393    2.411552 ^ fanout187/A (sky130_fd_sc_hd__buf_8)
     6    0.151289    0.245383    0.274166    2.685718 ^ fanout187/X (sky130_fd_sc_hd__buf_8)
                                                         net187 (net)
                      0.247808    0.019861    2.705579 ^ fanout186/A (sky130_fd_sc_hd__clkbuf_4)
    10    0.045204    0.143937    0.277906    2.983485 ^ fanout186/X (sky130_fd_sc_hd__clkbuf_4)
                                                         net186 (net)
                      0.143967    0.002027    2.985512 ^ _189_/RESET_B (sky130_fd_sc_hd__dfrtp_1)
                                              2.985512   data arrival time

                                  0.000000    0.000000   clock HCLK (rise edge)
                                  0.000000    0.000000   clock source latency
     1    0.059370    0.271235    0.194671    0.194671 ^ HCLK (in)
                                                         HCLK (net)
                      0.272238    0.000000    0.194671 ^ clkbuf_0_HCLK/A (sky130_fd_sc_hd__clkbuf_16)
     5    0.133985    0.147811    0.278990    0.473661 ^ clkbuf_0_HCLK/X (sky130_fd_sc_hd__clkbuf_16)
                                                         clknet_0_HCLK (net)
                      0.149720    0.013334    0.486995 ^ clkbuf_2_1_0_HCLK/A (sky130_fd_sc_hd__clkbuf_8)
     2    0.036798    0.077541    0.188224    0.675219 ^ clkbuf_2_1_0_HCLK/X (sky130_fd_sc_hd__clkbuf_8)
                                                         clknet_2_1_0_HCLK (net)
                      0.078017    0.004412    0.679631 ^ clkbuf_3_2__f_HCLK/A (sky130_fd_sc_hd__clkbuf_16)
    10    0.035944    0.056112    0.150441    0.830072 ^ clkbuf_3_2__f_HCLK/X (sky130_fd_sc_hd__clkbuf_16)
                                                         clknet_3_2__leaf_HCLK (net)
                      0.056216    0.001529    0.831601 ^ _189_/CLK (sky130_fd_sc_hd__dfrtp_1)
                                  0.250000    1.081601   clock uncertainty
                                  0.000000    1.081601   clock reconvergence pessimism
                                  0.350528    1.432129   library removal time
                                              1.432129   data required time
---------------------------------------------------------------------------------------------
                                              1.432129   data required time
                                             -2.985512   data arrival time
---------------------------------------------------------------------------------------------
                                              1.553383   slack (MET)


Startpoint: HRESETn (input port clocked by HCLK)
Endpoint: _178_ (removal check against rising-edge clock HCLK)
Path Group: asynchronous
Path Type: min

Fanout         Cap        Slew       Delay        Time   Description
---------------------------------------------------------------------------------------------
                                  0.000000    0.000000   clock HCLK (rise edge)
                                  0.000000    0.000000   clock network delay (propagated)
                                  2.000000    2.000000 ^ input external delay
     1    0.002958    0.020413    0.010873    2.010873 ^ HRESETn (in)
                                                         HRESETn (net)
                      0.020413    0.000000    2.010873 ^ input34/A (sky130_fd_sc_hd__buf_1)
     1    0.011144    0.137652    0.137999    2.148872 ^ input34/X (sky130_fd_sc_hd__buf_1)
                                                         net34 (net)
                      0.137655    0.000501    2.149373 ^ fanout192/A (sky130_fd_sc_hd__buf_8)
     6    0.134493    0.216747    0.225786    2.375159 ^ fanout192/X (sky130_fd_sc_hd__buf_8)
                                                         net192 (net)
                      0.227103    0.036393    2.411552 ^ fanout187/A (sky130_fd_sc_hd__buf_8)
     6    0.151289    0.245383    0.274166    2.685718 ^ fanout187/X (sky130_fd_sc_hd__buf_8)
                                                         net187 (net)
                      0.247808    0.019861    2.705579 ^ fanout186/A (sky130_fd_sc_hd__clkbuf_4)
    10    0.045204    0.143937    0.277906    2.983485 ^ fanout186/X (sky130_fd_sc_hd__clkbuf_4)
                                                         net186 (net)
                      0.143964    0.001939    2.985424 ^ _178_/RESET_B (sky130_fd_sc_hd__dfrtp_1)
                                              2.985424   data arrival time

                                  0.000000    0.000000   clock HCLK (rise edge)
                                  0.000000    0.000000   clock source latency
     1    0.059370    0.271235    0.194671    0.194671 ^ HCLK (in)
                                                         HCLK (net)
                      0.272238    0.000000    0.194671 ^ clkbuf_0_HCLK/A (sky130_fd_sc_hd__clkbuf_16)
     5    0.133985    0.147811    0.278990    0.473661 ^ clkbuf_0_HCLK/X (sky130_fd_sc_hd__clkbuf_16)
                                                         clknet_0_HCLK (net)
                      0.149720    0.013334    0.486995 ^ clkbuf_2_1_0_HCLK/A (sky130_fd_sc_hd__clkbuf_8)
     2    0.036798    0.077541    0.188224    0.675219 ^ clkbuf_2_1_0_HCLK/X (sky130_fd_sc_hd__clkbuf_8)
                                                         clknet_2_1_0_HCLK (net)
                      0.078017    0.004412    0.679631 ^ clkbuf_3_2__f_HCLK/A (sky130_fd_sc_hd__clkbuf_16)
    10    0.035944    0.056112    0.150441    0.830072 ^ clkbuf_3_2__f_HCLK/X (sky130_fd_sc_hd__clkbuf_16)
                                                         clknet_3_2__leaf_HCLK (net)
                      0.056202    0.001381    0.831453 ^ _178_/CLK (sky130_fd_sc_hd__dfrtp_1)
                                  0.250000    1.081453   clock uncertainty
                                  0.000000    1.081453   clock reconvergence pessimism
                                  0.350523    1.431976   library removal time
                                              1.431976   data required time
---------------------------------------------------------------------------------------------
                                              1.431976   data required time
                                             -2.985424   data arrival time
---------------------------------------------------------------------------------------------
                                              1.553447   slack (MET)


Startpoint: HRESETn (input port clocked by HCLK)
Endpoint: _211_ (removal check against rising-edge clock HCLK)
Path Group: asynchronous
Path Type: min

Fanout         Cap        Slew       Delay        Time   Description
---------------------------------------------------------------------------------------------
                                  0.000000    0.000000   clock HCLK (rise edge)
                                  0.000000    0.000000   clock network delay (propagated)
                                  2.000000    2.000000 ^ input external delay
     1    0.002958    0.020413    0.010873    2.010873 ^ HRESETn (in)
                                                         HRESETn (net)
                      0.020413    0.000000    2.010873 ^ input34/A (sky130_fd_sc_hd__buf_1)
     1    0.011144    0.137652    0.137999    2.148872 ^ input34/X (sky130_fd_sc_hd__buf_1)
                                                         net34 (net)
                      0.137655    0.000501    2.149373 ^ fanout192/A (sky130_fd_sc_hd__buf_8)
     6    0.134493    0.216747    0.225786    2.375159 ^ fanout192/X (sky130_fd_sc_hd__buf_8)
                                                         net192 (net)
                      0.227103    0.036393    2.411552 ^ fanout187/A (sky130_fd_sc_hd__buf_8)
     6    0.151289    0.245383    0.274166    2.685718 ^ fanout187/X (sky130_fd_sc_hd__buf_8)
                                                         net187 (net)
                      0.247808    0.019861    2.705579 ^ fanout186/A (sky130_fd_sc_hd__clkbuf_4)
    10    0.045204    0.143937    0.277906    2.983485 ^ fanout186/X (sky130_fd_sc_hd__clkbuf_4)
                                                         net186 (net)
                      0.143971    0.002130    2.985615 ^ _211_/RESET_B (sky130_fd_sc_hd__dfrtp_1)
                                              2.985615   data arrival time

                                  0.000000    0.000000   clock HCLK (rise edge)
                                  0.000000    0.000000   clock source latency
     1    0.059370    0.271235    0.194671    0.194671 ^ HCLK (in)
                                                         HCLK (net)
                      0.272238    0.000000    0.194671 ^ clkbuf_0_HCLK/A (sky130_fd_sc_hd__clkbuf_16)
     5    0.133985    0.147811    0.278990    0.473661 ^ clkbuf_0_HCLK/X (sky130_fd_sc_hd__clkbuf_16)
                                                         clknet_0_HCLK (net)
                      0.149720    0.013334    0.486995 ^ clkbuf_2_1_0_HCLK/A (sky130_fd_sc_hd__clkbuf_8)
     2    0.036798    0.077541    0.188224    0.675219 ^ clkbuf_2_1_0_HCLK/X (sky130_fd_sc_hd__clkbuf_8)
                                                         clknet_2_1_0_HCLK (net)
                      0.077988    0.004251    0.679471 ^ clkbuf_3_3__f_HCLK/A (sky130_fd_sc_hd__clkbuf_16)
    10    0.027154    0.048291    0.144194    0.823665 ^ clkbuf_3_3__f_HCLK/X (sky130_fd_sc_hd__clkbuf_16)
                                                         clknet_3_3__leaf_HCLK (net)
                      0.048302    0.000625    0.824290 ^ _211_/CLK (sky130_fd_sc_hd__dfrtp_1)
                                  0.250000    1.074289   clock uncertainty
                                  0.000000    1.074289   clock reconvergence pessimism
                                  0.348376    1.422665   library removal time
                                              1.422665   data required time
---------------------------------------------------------------------------------------------
                                              1.422665   data required time
                                             -2.985615   data arrival time
---------------------------------------------------------------------------------------------
                                              1.562950   slack (MET)


Startpoint: HRESETn (input port clocked by HCLK)
Endpoint: _166_ (removal check against rising-edge clock HCLK)
Path Group: asynchronous
Path Type: min

Fanout         Cap        Slew       Delay        Time   Description
---------------------------------------------------------------------------------------------
                                  0.000000    0.000000   clock HCLK (rise edge)
                                  0.000000    0.000000   clock network delay (propagated)
                                  2.000000    2.000000 ^ input external delay
     1    0.002958    0.020413    0.010873    2.010873 ^ HRESETn (in)
                                                         HRESETn (net)
                      0.020413    0.000000    2.010873 ^ input34/A (sky130_fd_sc_hd__buf_1)
     1    0.011144    0.137652    0.137999    2.148872 ^ input34/X (sky130_fd_sc_hd__buf_1)
                                                         net34 (net)
                      0.137655    0.000501    2.149373 ^ fanout192/A (sky130_fd_sc_hd__buf_8)
     6    0.134493    0.216747    0.225786    2.375159 ^ fanout192/X (sky130_fd_sc_hd__buf_8)
                                                         net192 (net)
                      0.227103    0.036393    2.411552 ^ fanout187/A (sky130_fd_sc_hd__buf_8)
     6    0.151289    0.245383    0.274166    2.685718 ^ fanout187/X (sky130_fd_sc_hd__buf_8)
                                                         net187 (net)
                      0.247808    0.019861    2.705579 ^ fanout186/A (sky130_fd_sc_hd__clkbuf_4)
    10    0.045204    0.143937    0.277906    2.983485 ^ fanout186/X (sky130_fd_sc_hd__clkbuf_4)
                                                         net186 (net)
                      0.143974    0.002217    2.985702 ^ _166_/RESET_B (sky130_fd_sc_hd__dfrtp_1)
                                              2.985702   data arrival time

                                  0.000000    0.000000   clock HCLK (rise edge)
                                  0.000000    0.000000   clock source latency
     1    0.059370    0.271235    0.194671    0.194671 ^ HCLK (in)
                                                         HCLK (net)
                      0.272238    0.000000    0.194671 ^ clkbuf_0_HCLK/A (sky130_fd_sc_hd__clkbuf_16)
     5    0.133985    0.147811    0.278990    0.473661 ^ clkbuf_0_HCLK/X (sky130_fd_sc_hd__clkbuf_16)
                                                         clknet_0_HCLK (net)
                      0.149720    0.013334    0.486995 ^ clkbuf_2_1_0_HCLK/A (sky130_fd_sc_hd__clkbuf_8)
     2    0.036798    0.077541    0.188224    0.675219 ^ clkbuf_2_1_0_HCLK/X (sky130_fd_sc_hd__clkbuf_8)
                                                         clknet_2_1_0_HCLK (net)
                      0.077988    0.004251    0.679471 ^ clkbuf_3_3__f_HCLK/A (sky130_fd_sc_hd__clkbuf_16)
    10    0.027154    0.048291    0.144194    0.823665 ^ clkbuf_3_3__f_HCLK/X (sky130_fd_sc_hd__clkbuf_16)
                                                         clknet_3_3__leaf_HCLK (net)
                      0.048301    0.000593    0.824257 ^ _166_/CLK (sky130_fd_sc_hd__dfrtp_1)
                                  0.250000    1.074257   clock uncertainty
                                  0.000000    1.074257   clock reconvergence pessimism
                                  0.348376    1.422634   library removal time
                                              1.422634   data required time
---------------------------------------------------------------------------------------------
                                              1.422634   data required time
                                             -2.985702   data arrival time
---------------------------------------------------------------------------------------------
                                              1.563068   slack (MET)


Startpoint: HRESETn (input port clocked by HCLK)
Endpoint: _204_ (removal check against rising-edge clock HCLK)
Path Group: asynchronous
Path Type: min

Fanout         Cap        Slew       Delay        Time   Description
---------------------------------------------------------------------------------------------
                                  0.000000    0.000000   clock HCLK (rise edge)
                                  0.000000    0.000000   clock network delay (propagated)
                                  2.000000    2.000000 ^ input external delay
     1    0.002958    0.020413    0.010873    2.010873 ^ HRESETn (in)
                                                         HRESETn (net)
                      0.020413    0.000000    2.010873 ^ input34/A (sky130_fd_sc_hd__buf_1)
     1    0.011144    0.137652    0.137999    2.148872 ^ input34/X (sky130_fd_sc_hd__buf_1)
                                                         net34 (net)
                      0.137655    0.000501    2.149373 ^ fanout192/A (sky130_fd_sc_hd__buf_8)
     6    0.134493    0.216747    0.225786    2.375159 ^ fanout192/X (sky130_fd_sc_hd__buf_8)
                                                         net192 (net)
                      0.227103    0.036393    2.411552 ^ fanout187/A (sky130_fd_sc_hd__buf_8)
     6    0.151289    0.245383    0.274166    2.685718 ^ fanout187/X (sky130_fd_sc_hd__buf_8)
                                                         net187 (net)
                      0.247808    0.019861    2.705579 ^ fanout186/A (sky130_fd_sc_hd__clkbuf_4)
    10    0.045204    0.143937    0.277906    2.983485 ^ fanout186/X (sky130_fd_sc_hd__clkbuf_4)
                                                         net186 (net)
                      0.143975    0.002249    2.985734 ^ _204_/RESET_B (sky130_fd_sc_hd__dfrtp_1)
                                              2.985734   data arrival time

                                  0.000000    0.000000   clock HCLK (rise edge)
                                  0.000000    0.000000   clock source latency
     1    0.059370    0.271235    0.194671    0.194671 ^ HCLK (in)
                                                         HCLK (net)
                      0.272238    0.000000    0.194671 ^ clkbuf_0_HCLK/A (sky130_fd_sc_hd__clkbuf_16)
     5    0.133985    0.147811    0.278990    0.473661 ^ clkbuf_0_HCLK/X (sky130_fd_sc_hd__clkbuf_16)
                                                         clknet_0_HCLK (net)
                      0.149720    0.013334    0.486995 ^ clkbuf_2_1_0_HCLK/A (sky130_fd_sc_hd__clkbuf_8)
     2    0.036798    0.077541    0.188224    0.675219 ^ clkbuf_2_1_0_HCLK/X (sky130_fd_sc_hd__clkbuf_8)
                                                         clknet_2_1_0_HCLK (net)
                      0.077988    0.004251    0.679471 ^ clkbuf_3_3__f_HCLK/A (sky130_fd_sc_hd__clkbuf_16)
    10    0.027154    0.048291    0.144194    0.823665 ^ clkbuf_3_3__f_HCLK/X (sky130_fd_sc_hd__clkbuf_16)
                                                         clknet_3_3__leaf_HCLK (net)
                      0.048299    0.000553    0.824218 ^ _204_/CLK (sky130_fd_sc_hd__dfrtp_1)
                                  0.250000    1.074218   clock uncertainty
                                  0.000000    1.074218   clock reconvergence pessimism
                                  0.348376    1.422594   library removal time
                                              1.422594   data required time
---------------------------------------------------------------------------------------------
                                              1.422594   data required time
                                             -2.985734   data arrival time
---------------------------------------------------------------------------------------------
                                              1.563139   slack (MET)


Startpoint: HRESETn (input port clocked by HCLK)
Endpoint: _213_ (removal check against rising-edge clock HCLK)
Path Group: asynchronous
Path Type: min

Fanout         Cap        Slew       Delay        Time   Description
---------------------------------------------------------------------------------------------
                                  0.000000    0.000000   clock HCLK (rise edge)
                                  0.000000    0.000000   clock network delay (propagated)
                                  2.000000    2.000000 ^ input external delay
     1    0.002958    0.020413    0.010873    2.010873 ^ HRESETn (in)
                                                         HRESETn (net)
                      0.020413    0.000000    2.010873 ^ input34/A (sky130_fd_sc_hd__buf_1)
     1    0.011144    0.137652    0.137999    2.148872 ^ input34/X (sky130_fd_sc_hd__buf_1)
                                                         net34 (net)
                      0.137655    0.000501    2.149373 ^ fanout192/A (sky130_fd_sc_hd__buf_8)
     6    0.134493    0.216747    0.225786    2.375159 ^ fanout192/X (sky130_fd_sc_hd__buf_8)
                                                         net192 (net)
                      0.227103    0.036393    2.411552 ^ fanout187/A (sky130_fd_sc_hd__buf_8)
     6    0.151289    0.245383    0.274166    2.685718 ^ fanout187/X (sky130_fd_sc_hd__buf_8)
                                                         net187 (net)
                      0.253146    0.034440    2.720158 ^ fanout185/A (sky130_fd_sc_hd__buf_8)
    11    0.136191    0.221388    0.258245    2.978402 ^ fanout185/X (sky130_fd_sc_hd__buf_8)
                                                         net185 (net)
                      0.236981    0.045601    3.024003 ^ _213_/RESET_B (sky130_fd_sc_hd__dfrtp_1)
                                              3.024003   data arrival time

                                  0.000000    0.000000   clock HCLK (rise edge)
                                  0.000000    0.000000   clock source latency
     1    0.059370    0.271235    0.194671    0.194671 ^ HCLK (in)
                                                         HCLK (net)
                      0.272238    0.000000    0.194671 ^ clkbuf_0_HCLK/A (sky130_fd_sc_hd__clkbuf_16)
     5    0.133985    0.147811    0.278990    0.473661 ^ clkbuf_0_HCLK/X (sky130_fd_sc_hd__clkbuf_16)
                                                         clknet_0_HCLK (net)
                      0.149720    0.013334    0.486995 ^ clkbuf_2_1_0_HCLK/A (sky130_fd_sc_hd__clkbuf_8)
     2    0.036798    0.077541    0.188224    0.675219 ^ clkbuf_2_1_0_HCLK/X (sky130_fd_sc_hd__clkbuf_8)
                                                         clknet_2_1_0_HCLK (net)
                      0.077988    0.004251    0.679471 ^ clkbuf_3_3__f_HCLK/A (sky130_fd_sc_hd__clkbuf_16)
    10    0.027154    0.048291    0.144194    0.823665 ^ clkbuf_3_3__f_HCLK/X (sky130_fd_sc_hd__clkbuf_16)
                                                         clknet_3_3__leaf_HCLK (net)
                      0.048296    0.000467    0.824132 ^ _213_/CLK (sky130_fd_sc_hd__dfrtp_1)
                                  0.250000    1.074132   clock uncertainty
                                  0.000000    1.074132   clock reconvergence pessimism
                                  0.373962    1.448094   library removal time
                                              1.448094   data required time
---------------------------------------------------------------------------------------------
                                              1.448094   data required time
                                             -3.024003   data arrival time
---------------------------------------------------------------------------------------------
                                              1.575909   slack (MET)


Startpoint: HRESETn (input port clocked by HCLK)
Endpoint: _207_ (removal check against rising-edge clock HCLK)
Path Group: asynchronous
Path Type: min

Fanout         Cap        Slew       Delay        Time   Description
---------------------------------------------------------------------------------------------
                                  0.000000    0.000000   clock HCLK (rise edge)
                                  0.000000    0.000000   clock network delay (propagated)
                                  2.000000    2.000000 ^ input external delay
     1    0.002958    0.020413    0.010873    2.010873 ^ HRESETn (in)
                                                         HRESETn (net)
                      0.020413    0.000000    2.010873 ^ input34/A (sky130_fd_sc_hd__buf_1)
     1    0.011144    0.137652    0.137999    2.148872 ^ input34/X (sky130_fd_sc_hd__buf_1)
                                                         net34 (net)
                      0.137655    0.000501    2.149373 ^ fanout192/A (sky130_fd_sc_hd__buf_8)
     6    0.134493    0.216747    0.225786    2.375159 ^ fanout192/X (sky130_fd_sc_hd__buf_8)
                                                         net192 (net)
                      0.227103    0.036393    2.411552 ^ fanout187/A (sky130_fd_sc_hd__buf_8)
     6    0.151289    0.245383    0.274166    2.685718 ^ fanout187/X (sky130_fd_sc_hd__buf_8)
                                                         net187 (net)
                      0.253146    0.034440    2.720158 ^ fanout185/A (sky130_fd_sc_hd__buf_8)
    11    0.136191    0.221388    0.258245    2.978402 ^ fanout185/X (sky130_fd_sc_hd__buf_8)
                                                         net185 (net)
                      0.237081    0.045748    3.024150 ^ fanout184/A (sky130_fd_sc_hd__clkbuf_4)
    10    0.045997    0.146081    0.275915    3.300066 ^ fanout184/X (sky130_fd_sc_hd__clkbuf_4)
                                                         net184 (net)
                      0.146115    0.002170    3.302236 ^ _207_/RESET_B (sky130_fd_sc_hd__dfrtp_1)
                                              3.302236   data arrival time

                                  0.000000    0.000000   clock HCLK (rise edge)
                                  0.000000    0.000000   clock source latency
     1    0.059370    0.271235    0.194671    0.194671 ^ HCLK (in)
                                                         HCLK (net)
                      0.272238    0.000000    0.194671 ^ clkbuf_0_HCLK/A (sky130_fd_sc_hd__clkbuf_16)
     5    0.133985    0.147811    0.278990    0.473661 ^ clkbuf_0_HCLK/X (sky130_fd_sc_hd__clkbuf_16)
                                                         clknet_0_HCLK (net)
                      0.149590    0.012878    0.486539 ^ clkbuf_2_0_0_HCLK/A (sky130_fd_sc_hd__clkbuf_8)
     2    0.039991    0.082545    0.192758    0.679297 ^ clkbuf_2_0_0_HCLK/X (sky130_fd_sc_hd__clkbuf_8)
                                                         clknet_2_0_0_HCLK (net)
                      0.082601    0.002032    0.681329 ^ clkbuf_3_0__f_HCLK/A (sky130_fd_sc_hd__clkbuf_16)
     8    0.097420    0.114015    0.194604    0.875933 ^ clkbuf_3_0__f_HCLK/X (sky130_fd_sc_hd__clkbuf_16)
                                                         clknet_3_0__leaf_HCLK (net)
                      0.115418    0.010082    0.886015 ^ _207_/CLK (sky130_fd_sc_hd__dfrtp_1)
                                  0.250000    1.136015   clock uncertainty
                                  0.000000    1.136015   clock reconvergence pessimism
                                  0.367227    1.503241   library removal time
                                              1.503241   data required time
---------------------------------------------------------------------------------------------
                                              1.503241   data required time
                                             -3.302236   data arrival time
---------------------------------------------------------------------------------------------
                                              1.798994   slack (MET)


Startpoint: HRESETn (input port clocked by HCLK)
Endpoint: _172_ (removal check against rising-edge clock HCLK)
Path Group: asynchronous
Path Type: min

Fanout         Cap        Slew       Delay        Time   Description
---------------------------------------------------------------------------------------------
                                  0.000000    0.000000   clock HCLK (rise edge)
                                  0.000000    0.000000   clock network delay (propagated)
                                  2.000000    2.000000 ^ input external delay
     1    0.002958    0.020413    0.010873    2.010873 ^ HRESETn (in)
                                                         HRESETn (net)
                      0.020413    0.000000    2.010873 ^ input34/A (sky130_fd_sc_hd__buf_1)
     1    0.011144    0.137652    0.137999    2.148872 ^ input34/X (sky130_fd_sc_hd__buf_1)
                                                         net34 (net)
                      0.137655    0.000501    2.149373 ^ fanout192/A (sky130_fd_sc_hd__buf_8)
     6    0.134493    0.216747    0.225786    2.375159 ^ fanout192/X (sky130_fd_sc_hd__buf_8)
                                                         net192 (net)
                      0.227103    0.036393    2.411552 ^ fanout187/A (sky130_fd_sc_hd__buf_8)
     6    0.151289    0.245383    0.274166    2.685718 ^ fanout187/X (sky130_fd_sc_hd__buf_8)
                                                         net187 (net)
                      0.253146    0.034440    2.720158 ^ fanout185/A (sky130_fd_sc_hd__buf_8)
    11    0.136191    0.221388    0.258245    2.978402 ^ fanout185/X (sky130_fd_sc_hd__buf_8)
                                                         net185 (net)
                      0.237081    0.045748    3.024150 ^ fanout184/A (sky130_fd_sc_hd__clkbuf_4)
    10    0.045997    0.146081    0.275915    3.300066 ^ fanout184/X (sky130_fd_sc_hd__clkbuf_4)
                                                         net184 (net)
                      0.146119    0.002261    3.302326 ^ _172_/RESET_B (sky130_fd_sc_hd__dfrtp_1)
                                              3.302326   data arrival time

                                  0.000000    0.000000   clock HCLK (rise edge)
                                  0.000000    0.000000   clock source latency
     1    0.059370    0.271235    0.194671    0.194671 ^ HCLK (in)
                                                         HCLK (net)
                      0.272238    0.000000    0.194671 ^ clkbuf_0_HCLK/A (sky130_fd_sc_hd__clkbuf_16)
     5    0.133985    0.147811    0.278990    0.473661 ^ clkbuf_0_HCLK/X (sky130_fd_sc_hd__clkbuf_16)
                                                         clknet_0_HCLK (net)
                      0.149590    0.012878    0.486539 ^ clkbuf_2_0_0_HCLK/A (sky130_fd_sc_hd__clkbuf_8)
     2    0.039991    0.082545    0.192758    0.679297 ^ clkbuf_2_0_0_HCLK/X (sky130_fd_sc_hd__clkbuf_8)
                                                         clknet_2_0_0_HCLK (net)
                      0.082601    0.002032    0.681329 ^ clkbuf_3_0__f_HCLK/A (sky130_fd_sc_hd__clkbuf_16)
     8    0.097420    0.114015    0.194604    0.875933 ^ clkbuf_3_0__f_HCLK/X (sky130_fd_sc_hd__clkbuf_16)
                                                         clknet_3_0__leaf_HCLK (net)
                      0.115411    0.010060    0.885992 ^ _172_/CLK (sky130_fd_sc_hd__dfrtp_1)
                                  0.250000    1.135992   clock uncertainty
                                  0.000000    1.135992   clock reconvergence pessimism
                                  0.367226    1.503218   library removal time
                                              1.503218   data required time
---------------------------------------------------------------------------------------------
                                              1.503218   data required time
                                             -3.302326   data arrival time
---------------------------------------------------------------------------------------------
                                              1.799108   slack (MET)


Startpoint: HRESETn (input port clocked by HCLK)
Endpoint: _177_ (removal check against rising-edge clock HCLK)
Path Group: asynchronous
Path Type: min

Fanout         Cap        Slew       Delay        Time   Description
---------------------------------------------------------------------------------------------
                                  0.000000    0.000000   clock HCLK (rise edge)
                                  0.000000    0.000000   clock network delay (propagated)
                                  2.000000    2.000000 ^ input external delay
     1    0.002958    0.020413    0.010873    2.010873 ^ HRESETn (in)
                                                         HRESETn (net)
                      0.020413    0.000000    2.010873 ^ input34/A (sky130_fd_sc_hd__buf_1)
     1    0.011144    0.137652    0.137999    2.148872 ^ input34/X (sky130_fd_sc_hd__buf_1)
                                                         net34 (net)
                      0.137655    0.000501    2.149373 ^ fanout192/A (sky130_fd_sc_hd__buf_8)
     6    0.134493    0.216747    0.225786    2.375159 ^ fanout192/X (sky130_fd_sc_hd__buf_8)
                                                         net192 (net)
                      0.227103    0.036393    2.411552 ^ fanout187/A (sky130_fd_sc_hd__buf_8)
     6    0.151289    0.245383    0.274166    2.685718 ^ fanout187/X (sky130_fd_sc_hd__buf_8)
                                                         net187 (net)
                      0.253146    0.034440    2.720158 ^ fanout185/A (sky130_fd_sc_hd__buf_8)
    11    0.136191    0.221388    0.258245    2.978402 ^ fanout185/X (sky130_fd_sc_hd__buf_8)
                                                         net185 (net)
                      0.237081    0.045748    3.024150 ^ fanout184/A (sky130_fd_sc_hd__clkbuf_4)
    10    0.045997    0.146081    0.275915    3.300066 ^ fanout184/X (sky130_fd_sc_hd__clkbuf_4)
                                                         net184 (net)
                      0.146121    0.002325    3.302390 ^ _177_/RESET_B (sky130_fd_sc_hd__dfrtp_1)
                                              3.302390   data arrival time

                                  0.000000    0.000000   clock HCLK (rise edge)
                                  0.000000    0.000000   clock source latency
     1    0.059370    0.271235    0.194671    0.194671 ^ HCLK (in)
                                                         HCLK (net)
                      0.272238    0.000000    0.194671 ^ clkbuf_0_HCLK/A (sky130_fd_sc_hd__clkbuf_16)
     5    0.133985    0.147811    0.278990    0.473661 ^ clkbuf_0_HCLK/X (sky130_fd_sc_hd__clkbuf_16)
                                                         clknet_0_HCLK (net)
                      0.149590    0.012878    0.486539 ^ clkbuf_2_0_0_HCLK/A (sky130_fd_sc_hd__clkbuf_8)
     2    0.039991    0.082545    0.192758    0.679297 ^ clkbuf_2_0_0_HCLK/X (sky130_fd_sc_hd__clkbuf_8)
                                                         clknet_2_0_0_HCLK (net)
                      0.082601    0.002032    0.681329 ^ clkbuf_3_0__f_HCLK/A (sky130_fd_sc_hd__clkbuf_16)
     8    0.097420    0.114015    0.194604    0.875933 ^ clkbuf_3_0__f_HCLK/X (sky130_fd_sc_hd__clkbuf_16)
                                                         clknet_3_0__leaf_HCLK (net)
                      0.115401    0.010024    0.885956 ^ _177_/CLK (sky130_fd_sc_hd__dfrtp_1)
                                  0.250000    1.135956   clock uncertainty
                                  0.000000    1.135956   clock reconvergence pessimism
                                  0.367224    1.503180   library removal time
                                              1.503180   data required time
---------------------------------------------------------------------------------------------
                                              1.503180   data required time
                                             -3.302390   data arrival time
---------------------------------------------------------------------------------------------
                                              1.799210   slack (MET)


Startpoint: HRESETn (input port clocked by HCLK)
Endpoint: _214_ (removal check against rising-edge clock HCLK)
Path Group: asynchronous
Path Type: min

Fanout         Cap        Slew       Delay        Time   Description
---------------------------------------------------------------------------------------------
                                  0.000000    0.000000   clock HCLK (rise edge)
                                  0.000000    0.000000   clock network delay (propagated)
                                  2.000000    2.000000 ^ input external delay
     1    0.002958    0.020413    0.010873    2.010873 ^ HRESETn (in)
                                                         HRESETn (net)
                      0.020413    0.000000    2.010873 ^ input34/A (sky130_fd_sc_hd__buf_1)
     1    0.011144    0.137652    0.137999    2.148872 ^ input34/X (sky130_fd_sc_hd__buf_1)
                                                         net34 (net)
                      0.137655    0.000501    2.149373 ^ fanout192/A (sky130_fd_sc_hd__buf_8)
     6    0.134493    0.216747    0.225786    2.375159 ^ fanout192/X (sky130_fd_sc_hd__buf_8)
                                                         net192 (net)
                      0.227103    0.036393    2.411552 ^ fanout187/A (sky130_fd_sc_hd__buf_8)
     6    0.151289    0.245383    0.274166    2.685718 ^ fanout187/X (sky130_fd_sc_hd__buf_8)
                                                         net187 (net)
                      0.253146    0.034440    2.720158 ^ fanout185/A (sky130_fd_sc_hd__buf_8)
    11    0.136191    0.221388    0.258245    2.978402 ^ fanout185/X (sky130_fd_sc_hd__buf_8)
                                                         net185 (net)
                      0.237081    0.045748    3.024150 ^ fanout184/A (sky130_fd_sc_hd__clkbuf_4)
    10    0.045997    0.146081    0.275915    3.300066 ^ fanout184/X (sky130_fd_sc_hd__clkbuf_4)
                                                         net184 (net)
                      0.146122    0.002346    3.302411 ^ _214_/RESET_B (sky130_fd_sc_hd__dfrtp_1)
                                              3.302411   data arrival time

                                  0.000000    0.000000   clock HCLK (rise edge)
                                  0.000000    0.000000   clock source latency
     1    0.059370    0.271235    0.194671    0.194671 ^ HCLK (in)
                                                         HCLK (net)
                      0.272238    0.000000    0.194671 ^ clkbuf_0_HCLK/A (sky130_fd_sc_hd__clkbuf_16)
     5    0.133985    0.147811    0.278990    0.473661 ^ clkbuf_0_HCLK/X (sky130_fd_sc_hd__clkbuf_16)
                                                         clknet_0_HCLK (net)
                      0.149590    0.012878    0.486539 ^ clkbuf_2_0_0_HCLK/A (sky130_fd_sc_hd__clkbuf_8)
     2    0.039991    0.082545    0.192758    0.679297 ^ clkbuf_2_0_0_HCLK/X (sky130_fd_sc_hd__clkbuf_8)
                                                         clknet_2_0_0_HCLK (net)
                      0.082601    0.002032    0.681329 ^ clkbuf_3_0__f_HCLK/A (sky130_fd_sc_hd__clkbuf_16)
     8    0.097420    0.114015    0.194604    0.875933 ^ clkbuf_3_0__f_HCLK/X (sky130_fd_sc_hd__clkbuf_16)
                                                         clknet_3_0__leaf_HCLK (net)
                      0.115379    0.009945    0.885877 ^ _214_/CLK (sky130_fd_sc_hd__dfrtp_1)
                                  0.250000    1.135877   clock uncertainty
                                  0.000000    1.135877   clock reconvergence pessimism
                                  0.367218    1.503095   library removal time
                                              1.503095   data required time
---------------------------------------------------------------------------------------------
                                              1.503095   data required time
                                             -3.302411   data arrival time
---------------------------------------------------------------------------------------------
                                              1.799316   slack (MET)


Startpoint: HRESETn (input port clocked by HCLK)
Endpoint: _151_ (removal check against rising-edge clock HCLK)
Path Group: asynchronous
Path Type: min

Fanout         Cap        Slew       Delay        Time   Description
---------------------------------------------------------------------------------------------
                                  0.000000    0.000000   clock HCLK (rise edge)
                                  0.000000    0.000000   clock network delay (propagated)
                                  2.000000    2.000000 ^ input external delay
     1    0.002958    0.020413    0.010873    2.010873 ^ HRESETn (in)
                                                         HRESETn (net)
                      0.020413    0.000000    2.010873 ^ input34/A (sky130_fd_sc_hd__buf_1)
     1    0.011144    0.137652    0.137999    2.148872 ^ input34/X (sky130_fd_sc_hd__buf_1)
                                                         net34 (net)
                      0.137655    0.000501    2.149373 ^ fanout192/A (sky130_fd_sc_hd__buf_8)
     6    0.134493    0.216747    0.225786    2.375159 ^ fanout192/X (sky130_fd_sc_hd__buf_8)
                                                         net192 (net)
                      0.227103    0.036393    2.411552 ^ fanout187/A (sky130_fd_sc_hd__buf_8)
     6    0.151289    0.245383    0.274166    2.685718 ^ fanout187/X (sky130_fd_sc_hd__buf_8)
                                                         net187 (net)
                      0.253146    0.034440    2.720158 ^ fanout185/A (sky130_fd_sc_hd__buf_8)
    11    0.136191    0.221388    0.258245    2.978402 ^ fanout185/X (sky130_fd_sc_hd__buf_8)
                                                         net185 (net)
                      0.237081    0.045748    3.024150 ^ fanout184/A (sky130_fd_sc_hd__clkbuf_4)
    10    0.045997    0.146081    0.275915    3.300066 ^ fanout184/X (sky130_fd_sc_hd__clkbuf_4)
                                                         net184 (net)
                      0.146082    0.000768    3.300833 ^ _151_/RESET_B (sky130_fd_sc_hd__dfrtp_1)
                                              3.300833   data arrival time

                                  0.000000    0.000000   clock HCLK (rise edge)
                                  0.000000    0.000000   clock source latency
     1    0.059370    0.271235    0.194671    0.194671 ^ HCLK (in)
                                                         HCLK (net)
                      0.272238    0.000000    0.194671 ^ clkbuf_0_HCLK/A (sky130_fd_sc_hd__clkbuf_16)
     5    0.133985    0.147811    0.278990    0.473661 ^ clkbuf_0_HCLK/X (sky130_fd_sc_hd__clkbuf_16)
                                                         clknet_0_HCLK (net)
                      0.149720    0.013334    0.486995 ^ clkbuf_2_1_0_HCLK/A (sky130_fd_sc_hd__clkbuf_8)
     2    0.036798    0.077541    0.188224    0.675219 ^ clkbuf_2_1_0_HCLK/X (sky130_fd_sc_hd__clkbuf_8)
                                                         clknet_2_1_0_HCLK (net)
                      0.077988    0.004251    0.679471 ^ clkbuf_3_3__f_HCLK/A (sky130_fd_sc_hd__clkbuf_16)
    10    0.027154    0.048291    0.144194    0.823665 ^ clkbuf_3_3__f_HCLK/X (sky130_fd_sc_hd__clkbuf_16)
                                                         clknet_3_3__leaf_HCLK (net)
                      0.048297    0.000513    0.824178 ^ _151_/CLK (sky130_fd_sc_hd__dfrtp_1)
                                  0.250000    1.074178   clock uncertainty
                                  0.000000    1.074178   clock reconvergence pessimism
                                  0.348955    1.423133   library removal time
                                              1.423133   data required time
---------------------------------------------------------------------------------------------
                                              1.423133   data required time
                                             -3.300833   data arrival time
---------------------------------------------------------------------------------------------
                                              1.877700   slack (MET)


Startpoint: HRESETn (input port clocked by HCLK)
Endpoint: _205_ (removal check against rising-edge clock HCLK)
Path Group: asynchronous
Path Type: min

Fanout         Cap        Slew       Delay        Time   Description
---------------------------------------------------------------------------------------------
                                  0.000000    0.000000   clock HCLK (rise edge)
                                  0.000000    0.000000   clock network delay (propagated)
                                  2.000000    2.000000 ^ input external delay
     1    0.002958    0.020413    0.010873    2.010873 ^ HRESETn (in)
                                                         HRESETn (net)
                      0.020413    0.000000    2.010873 ^ input34/A (sky130_fd_sc_hd__buf_1)
     1    0.011144    0.137652    0.137999    2.148872 ^ input34/X (sky130_fd_sc_hd__buf_1)
                                                         net34 (net)
                      0.137655    0.000501    2.149373 ^ fanout192/A (sky130_fd_sc_hd__buf_8)
     6    0.134493    0.216747    0.225786    2.375159 ^ fanout192/X (sky130_fd_sc_hd__buf_8)
                                                         net192 (net)
                      0.227103    0.036393    2.411552 ^ fanout187/A (sky130_fd_sc_hd__buf_8)
     6    0.151289    0.245383    0.274166    2.685718 ^ fanout187/X (sky130_fd_sc_hd__buf_8)
                                                         net187 (net)
                      0.253146    0.034440    2.720158 ^ fanout185/A (sky130_fd_sc_hd__buf_8)
    11    0.136191    0.221388    0.258245    2.978402 ^ fanout185/X (sky130_fd_sc_hd__buf_8)
                                                         net185 (net)
                      0.237081    0.045748    3.024150 ^ fanout184/A (sky130_fd_sc_hd__clkbuf_4)
    10    0.045997    0.146081    0.275915    3.300066 ^ fanout184/X (sky130_fd_sc_hd__clkbuf_4)
                                                         net184 (net)
                      0.146086    0.001089    3.301155 ^ _205_/RESET_B (sky130_fd_sc_hd__dfrtp_1)
                                              3.301155   data arrival time

                                  0.000000    0.000000   clock HCLK (rise edge)
                                  0.000000    0.000000   clock source latency
     1    0.059370    0.271235    0.194671    0.194671 ^ HCLK (in)
                                                         HCLK (net)
                      0.272238    0.000000    0.194671 ^ clkbuf_0_HCLK/A (sky130_fd_sc_hd__clkbuf_16)
     5    0.133985    0.147811    0.278990    0.473661 ^ clkbuf_0_HCLK/X (sky130_fd_sc_hd__clkbuf_16)
                                                         clknet_0_HCLK (net)
                      0.149720    0.013334    0.486995 ^ clkbuf_2_1_0_HCLK/A (sky130_fd_sc_hd__clkbuf_8)
     2    0.036798    0.077541    0.188224    0.675219 ^ clkbuf_2_1_0_HCLK/X (sky130_fd_sc_hd__clkbuf_8)
                                                         clknet_2_1_0_HCLK (net)
                      0.077988    0.004251    0.679471 ^ clkbuf_3_3__f_HCLK/A (sky130_fd_sc_hd__clkbuf_16)
    10    0.027154    0.048291    0.144194    0.823665 ^ clkbuf_3_3__f_HCLK/X (sky130_fd_sc_hd__clkbuf_16)
                                                         clknet_3_3__leaf_HCLK (net)
                      0.048295    0.000431    0.824096 ^ _205_/CLK (sky130_fd_sc_hd__dfrtp_1)
                                  0.250000    1.074096   clock uncertainty
                                  0.000000    1.074096   clock reconvergence pessimism
                                  0.348956    1.423051   library removal time
                                              1.423051   data required time
---------------------------------------------------------------------------------------------
                                              1.423051   data required time
                                             -3.301155   data arrival time
---------------------------------------------------------------------------------------------
                                              1.878103   slack (MET)


Startpoint: HRESETn (input port clocked by HCLK)
Endpoint: _210_ (removal check against rising-edge clock HCLK)
Path Group: asynchronous
Path Type: min

Fanout         Cap        Slew       Delay        Time   Description
---------------------------------------------------------------------------------------------
                                  0.000000    0.000000   clock HCLK (rise edge)
                                  0.000000    0.000000   clock network delay (propagated)
                                  2.000000    2.000000 ^ input external delay
     1    0.002958    0.020413    0.010873    2.010873 ^ HRESETn (in)
                                                         HRESETn (net)
                      0.020413    0.000000    2.010873 ^ input34/A (sky130_fd_sc_hd__buf_1)
     1    0.011144    0.137652    0.137999    2.148872 ^ input34/X (sky130_fd_sc_hd__buf_1)
                                                         net34 (net)
                      0.137655    0.000501    2.149373 ^ fanout192/A (sky130_fd_sc_hd__buf_8)
     6    0.134493    0.216747    0.225786    2.375159 ^ fanout192/X (sky130_fd_sc_hd__buf_8)
                                                         net192 (net)
                      0.227103    0.036393    2.411552 ^ fanout187/A (sky130_fd_sc_hd__buf_8)
     6    0.151289    0.245383    0.274166    2.685718 ^ fanout187/X (sky130_fd_sc_hd__buf_8)
                                                         net187 (net)
                      0.253146    0.034440    2.720158 ^ fanout185/A (sky130_fd_sc_hd__buf_8)
    11    0.136191    0.221388    0.258245    2.978402 ^ fanout185/X (sky130_fd_sc_hd__buf_8)
                                                         net185 (net)
                      0.237081    0.045748    3.024150 ^ fanout184/A (sky130_fd_sc_hd__clkbuf_4)
    10    0.045997    0.146081    0.275915    3.300066 ^ fanout184/X (sky130_fd_sc_hd__clkbuf_4)
                                                         net184 (net)
                      0.146089    0.001273    3.301339 ^ _210_/RESET_B (sky130_fd_sc_hd__dfrtp_1)
                                              3.301339   data arrival time

                                  0.000000    0.000000   clock HCLK (rise edge)
                                  0.000000    0.000000   clock source latency
     1    0.059370    0.271235    0.194671    0.194671 ^ HCLK (in)
                                                         HCLK (net)
                      0.272238    0.000000    0.194671 ^ clkbuf_0_HCLK/A (sky130_fd_sc_hd__clkbuf_16)
     5    0.133985    0.147811    0.278990    0.473661 ^ clkbuf_0_HCLK/X (sky130_fd_sc_hd__clkbuf_16)
                                                         clknet_0_HCLK (net)
                      0.149720    0.013334    0.486995 ^ clkbuf_2_1_0_HCLK/A (sky130_fd_sc_hd__clkbuf_8)
     2    0.036798    0.077541    0.188224    0.675219 ^ clkbuf_2_1_0_HCLK/X (sky130_fd_sc_hd__clkbuf_8)
                                                         clknet_2_1_0_HCLK (net)
                      0.077988    0.004251    0.679471 ^ clkbuf_3_3__f_HCLK/A (sky130_fd_sc_hd__clkbuf_16)
    10    0.027154    0.048291    0.144194    0.823665 ^ clkbuf_3_3__f_HCLK/X (sky130_fd_sc_hd__clkbuf_16)
                                                         clknet_3_3__leaf_HCLK (net)
                      0.048295    0.000439    0.824104 ^ _210_/CLK (sky130_fd_sc_hd__dfrtp_1)
                                  0.250000    1.074104   clock uncertainty
                                  0.000000    1.074104   clock reconvergence pessimism
                                  0.348957    1.423060   library removal time
                                              1.423060   data required time
---------------------------------------------------------------------------------------------
                                              1.423060   data required time
                                             -3.301339   data arrival time
---------------------------------------------------------------------------------------------
                                              1.878278   slack (MET)


Startpoint: HRESETn (input port clocked by HCLK)
Endpoint: _179_ (removal check against rising-edge clock HCLK)
Path Group: asynchronous
Path Type: min

Fanout         Cap        Slew       Delay        Time   Description
---------------------------------------------------------------------------------------------
                                  0.000000    0.000000   clock HCLK (rise edge)
                                  0.000000    0.000000   clock network delay (propagated)
                                  2.000000    2.000000 ^ input external delay
     1    0.002958    0.020413    0.010873    2.010873 ^ HRESETn (in)
                                                         HRESETn (net)
                      0.020413    0.000000    2.010873 ^ input34/A (sky130_fd_sc_hd__buf_1)
     1    0.011144    0.137652    0.137999    2.148872 ^ input34/X (sky130_fd_sc_hd__buf_1)
                                                         net34 (net)
                      0.137655    0.000501    2.149373 ^ fanout192/A (sky130_fd_sc_hd__buf_8)
     6    0.134493    0.216747    0.225786    2.375159 ^ fanout192/X (sky130_fd_sc_hd__buf_8)
                                                         net192 (net)
                      0.227103    0.036393    2.411552 ^ fanout187/A (sky130_fd_sc_hd__buf_8)
     6    0.151289    0.245383    0.274166    2.685718 ^ fanout187/X (sky130_fd_sc_hd__buf_8)
                                                         net187 (net)
                      0.253146    0.034440    2.720158 ^ fanout185/A (sky130_fd_sc_hd__buf_8)
    11    0.136191    0.221388    0.258245    2.978402 ^ fanout185/X (sky130_fd_sc_hd__buf_8)
                                                         net185 (net)
                      0.237081    0.045748    3.024150 ^ fanout184/A (sky130_fd_sc_hd__clkbuf_4)
    10    0.045997    0.146081    0.275915    3.300066 ^ fanout184/X (sky130_fd_sc_hd__clkbuf_4)
                                                         net184 (net)
                      0.146098    0.001633    3.301698 ^ _179_/RESET_B (sky130_fd_sc_hd__dfrtp_1)
                                              3.301698   data arrival time

                                  0.000000    0.000000   clock HCLK (rise edge)
                                  0.000000    0.000000   clock source latency
     1    0.059370    0.271235    0.194671    0.194671 ^ HCLK (in)
                                                         HCLK (net)
                      0.272238    0.000000    0.194671 ^ clkbuf_0_HCLK/A (sky130_fd_sc_hd__clkbuf_16)
     5    0.133985    0.147811    0.278990    0.473661 ^ clkbuf_0_HCLK/X (sky130_fd_sc_hd__clkbuf_16)
                                                         clknet_0_HCLK (net)
                      0.149720    0.013334    0.486995 ^ clkbuf_2_1_0_HCLK/A (sky130_fd_sc_hd__clkbuf_8)
     2    0.036798    0.077541    0.188224    0.675219 ^ clkbuf_2_1_0_HCLK/X (sky130_fd_sc_hd__clkbuf_8)
                                                         clknet_2_1_0_HCLK (net)
                      0.077988    0.004251    0.679471 ^ clkbuf_3_3__f_HCLK/A (sky130_fd_sc_hd__clkbuf_16)
    10    0.027154    0.048291    0.144194    0.823665 ^ clkbuf_3_3__f_HCLK/X (sky130_fd_sc_hd__clkbuf_16)
                                                         clknet_3_3__leaf_HCLK (net)
                      0.048298    0.000535    0.824199 ^ _179_/CLK (sky130_fd_sc_hd__dfrtp_1)
                                  0.250000    1.074199   clock uncertainty
                                  0.000000    1.074199   clock reconvergence pessimism
                                  0.348960    1.423159   library removal time
                                              1.423159   data required time
---------------------------------------------------------------------------------------------
                                              1.423159   data required time
                                             -3.301698   data arrival time
---------------------------------------------------------------------------------------------
                                              1.878539   slack (MET)


Startpoint: HRESETn (input port clocked by HCLK)
Endpoint: _201_ (removal check against rising-edge clock HCLK)
Path Group: asynchronous
Path Type: min

Fanout         Cap        Slew       Delay        Time   Description
---------------------------------------------------------------------------------------------
                                  0.000000    0.000000   clock HCLK (rise edge)
                                  0.000000    0.000000   clock network delay (propagated)
                                  2.000000    2.000000 ^ input external delay
     1    0.002958    0.020413    0.010873    2.010873 ^ HRESETn (in)
                                                         HRESETn (net)
                      0.020413    0.000000    2.010873 ^ input34/A (sky130_fd_sc_hd__buf_1)
     1    0.011144    0.137652    0.137999    2.148872 ^ input34/X (sky130_fd_sc_hd__buf_1)
                                                         net34 (net)
                      0.137655    0.000501    2.149373 ^ fanout192/A (sky130_fd_sc_hd__buf_8)
     6    0.134493    0.216747    0.225786    2.375159 ^ fanout192/X (sky130_fd_sc_hd__buf_8)
                                                         net192 (net)
                      0.227103    0.036393    2.411552 ^ fanout187/A (sky130_fd_sc_hd__buf_8)
     6    0.151289    0.245383    0.274166    2.685718 ^ fanout187/X (sky130_fd_sc_hd__buf_8)
                                                         net187 (net)
                      0.253146    0.034440    2.720158 ^ fanout185/A (sky130_fd_sc_hd__buf_8)
    11    0.136191    0.221388    0.258245    2.978402 ^ fanout185/X (sky130_fd_sc_hd__buf_8)
                                                         net185 (net)
                      0.237081    0.045748    3.024150 ^ fanout184/A (sky130_fd_sc_hd__clkbuf_4)
    10    0.045997    0.146081    0.275915    3.300066 ^ fanout184/X (sky130_fd_sc_hd__clkbuf_4)
                                                         net184 (net)
                      0.146103    0.001825    3.301890 ^ _201_/RESET_B (sky130_fd_sc_hd__dfrtp_1)
                                              3.301890   data arrival time

                                  0.000000    0.000000   clock HCLK (rise edge)
                                  0.000000    0.000000   clock source latency
     1    0.059370    0.271235    0.194671    0.194671 ^ HCLK (in)
                                                         HCLK (net)
                      0.272238    0.000000    0.194671 ^ clkbuf_0_HCLK/A (sky130_fd_sc_hd__clkbuf_16)
     5    0.133985    0.147811    0.278990    0.473661 ^ clkbuf_0_HCLK/X (sky130_fd_sc_hd__clkbuf_16)
                                                         clknet_0_HCLK (net)
                      0.149720    0.013334    0.486995 ^ clkbuf_2_1_0_HCLK/A (sky130_fd_sc_hd__clkbuf_8)
     2    0.036798    0.077541    0.188224    0.675219 ^ clkbuf_2_1_0_HCLK/X (sky130_fd_sc_hd__clkbuf_8)
                                                         clknet_2_1_0_HCLK (net)
                      0.077988    0.004251    0.679471 ^ clkbuf_3_3__f_HCLK/A (sky130_fd_sc_hd__clkbuf_16)
    10    0.027154    0.048291    0.144194    0.823665 ^ clkbuf_3_3__f_HCLK/X (sky130_fd_sc_hd__clkbuf_16)
                                                         clknet_3_3__leaf_HCLK (net)
                      0.048300    0.000576    0.824241 ^ _201_/CLK (sky130_fd_sc_hd__dfrtp_1)
                                  0.250000    1.074241   clock uncertainty
                                  0.000000    1.074241   clock reconvergence pessimism
                                  0.348962    1.423203   library removal time
                                              1.423203   data required time
---------------------------------------------------------------------------------------------
                                              1.423203   data required time
                                             -3.301890   data arrival time
---------------------------------------------------------------------------------------------
                                              1.878688   slack (MET)


Startpoint: HRESETn (input port clocked by HCLK)
Endpoint: _158_ (removal check against rising-edge clock HCLK)
Path Group: asynchronous
Path Type: min

Fanout         Cap        Slew       Delay        Time   Description
---------------------------------------------------------------------------------------------
                                  0.000000    0.000000   clock HCLK (rise edge)
                                  0.000000    0.000000   clock network delay (propagated)
                                  2.000000    2.000000 ^ input external delay
     1    0.002958    0.020413    0.010873    2.010873 ^ HRESETn (in)
                                                         HRESETn (net)
                      0.020413    0.000000    2.010873 ^ input34/A (sky130_fd_sc_hd__buf_1)
     1    0.011144    0.137652    0.137999    2.148872 ^ input34/X (sky130_fd_sc_hd__buf_1)
                                                         net34 (net)
                      0.137655    0.000501    2.149373 ^ fanout192/A (sky130_fd_sc_hd__buf_8)
     6    0.134493    0.216747    0.225786    2.375159 ^ fanout192/X (sky130_fd_sc_hd__buf_8)
                                                         net192 (net)
                      0.227103    0.036393    2.411552 ^ fanout187/A (sky130_fd_sc_hd__buf_8)
     6    0.151289    0.245383    0.274166    2.685718 ^ fanout187/X (sky130_fd_sc_hd__buf_8)
                                                         net187 (net)
                      0.253146    0.034440    2.720158 ^ fanout185/A (sky130_fd_sc_hd__buf_8)
    11    0.136191    0.221388    0.258245    2.978402 ^ fanout185/X (sky130_fd_sc_hd__buf_8)
                                                         net185 (net)
                      0.237081    0.045748    3.024150 ^ fanout184/A (sky130_fd_sc_hd__clkbuf_4)
    10    0.045997    0.146081    0.275915    3.300066 ^ fanout184/X (sky130_fd_sc_hd__clkbuf_4)
                                                         net184 (net)
                      0.146109    0.001998    3.302063 ^ _158_/RESET_B (sky130_fd_sc_hd__dfrtp_1)
                                              3.302063   data arrival time

                                  0.000000    0.000000   clock HCLK (rise edge)
                                  0.000000    0.000000   clock source latency
     1    0.059370    0.271235    0.194671    0.194671 ^ HCLK (in)
                                                         HCLK (net)
                      0.272238    0.000000    0.194671 ^ clkbuf_0_HCLK/A (sky130_fd_sc_hd__clkbuf_16)
     5    0.133985    0.147811    0.278990    0.473661 ^ clkbuf_0_HCLK/X (sky130_fd_sc_hd__clkbuf_16)
                                                         clknet_0_HCLK (net)
                      0.149720    0.013334    0.486995 ^ clkbuf_2_1_0_HCLK/A (sky130_fd_sc_hd__clkbuf_8)
     2    0.036798    0.077541    0.188224    0.675219 ^ clkbuf_2_1_0_HCLK/X (sky130_fd_sc_hd__clkbuf_8)
                                                         clknet_2_1_0_HCLK (net)
                      0.077988    0.004251    0.679471 ^ clkbuf_3_3__f_HCLK/A (sky130_fd_sc_hd__clkbuf_16)
    10    0.027154    0.048291    0.144194    0.823665 ^ clkbuf_3_3__f_HCLK/X (sky130_fd_sc_hd__clkbuf_16)
                                                         clknet_3_3__leaf_HCLK (net)
                      0.048301    0.000603    0.824268 ^ _158_/CLK (sky130_fd_sc_hd__dfrtp_1)
                                  0.250000    1.074268   clock uncertainty
                                  0.000000    1.074268   clock reconvergence pessimism
                                  0.348964    1.423232   library removal time
                                              1.423232   data required time
---------------------------------------------------------------------------------------------
                                              1.423232   data required time
                                             -3.302063   data arrival time
---------------------------------------------------------------------------------------------
                                              1.878832   slack (MET)


Startpoint: _201_ (rising edge-triggered flip-flop clocked by HCLK)
Endpoint: PWDATA[18] (output port clocked by HCLK)
Path Group: HCLK
Path Type: min

Fanout         Cap        Slew       Delay        Time   Description
---------------------------------------------------------------------------------------------
                                  0.000000    0.000000   clock HCLK (rise edge)
                                  0.000000    0.000000   clock source latency
     1    0.059370    0.271235    0.194671    0.194671 ^ HCLK (in)
                                                         HCLK (net)
                      0.272238    0.000000    0.194671 ^ clkbuf_0_HCLK/A (sky130_fd_sc_hd__clkbuf_16)
     5    0.133985    0.147811    0.278990    0.473661 ^ clkbuf_0_HCLK/X (sky130_fd_sc_hd__clkbuf_16)
                                                         clknet_0_HCLK (net)
                      0.149720    0.013334    0.486995 ^ clkbuf_2_1_0_HCLK/A (sky130_fd_sc_hd__clkbuf_8)
     2    0.036798    0.077541    0.188224    0.675219 ^ clkbuf_2_1_0_HCLK/X (sky130_fd_sc_hd__clkbuf_8)
                                                         clknet_2_1_0_HCLK (net)
                      0.077988    0.004251    0.679471 ^ clkbuf_3_3__f_HCLK/A (sky130_fd_sc_hd__clkbuf_16)
    10    0.027154    0.048291    0.144194    0.823665 ^ clkbuf_3_3__f_HCLK/X (sky130_fd_sc_hd__clkbuf_16)
                                                         clknet_3_3__leaf_HCLK (net)
                      0.048300    0.000576    0.824241 ^ _201_/CLK (sky130_fd_sc_hd__dfrtp_1)
     2    0.003951    0.053846    0.324010    1.148251 ^ _201_/Q (sky130_fd_sc_hd__dfrtp_1)
                                                         net151 (net)
                      0.053846    0.000097    1.148348 ^ output151/A (sky130_fd_sc_hd__buf_2)
     1    0.035373    0.175298    0.204994    1.353343 ^ output151/X (sky130_fd_sc_hd__buf_2)
                                                         PWDATA[18] (net)
                      0.175299    0.000704    1.354047 ^ PWDATA[18] (out)
                                              1.354047   data arrival time

                                  0.000000    0.000000   clock HCLK (rise edge)
                                  0.000000    0.000000   clock network delay (propagated)
                                  0.250000    0.250000   clock uncertainty
                                  0.000000    0.250000   clock reconvergence pessimism
                                 -2.000000   -1.750000   output external delay
                                             -1.750000   data required time
---------------------------------------------------------------------------------------------
                                             -1.750000   data required time
                                             -1.354047   data arrival time
---------------------------------------------------------------------------------------------
                                              3.104047   slack (MET)


Startpoint: _205_ (rising edge-triggered flip-flop clocked by HCLK)
Endpoint: PWDATA[22] (output port clocked by HCLK)
Path Group: HCLK
Path Type: min

Fanout         Cap        Slew       Delay        Time   Description
---------------------------------------------------------------------------------------------
                                  0.000000    0.000000   clock HCLK (rise edge)
                                  0.000000    0.000000   clock source latency
     1    0.059370    0.271235    0.194671    0.194671 ^ HCLK (in)
                                                         HCLK (net)
                      0.272238    0.000000    0.194671 ^ clkbuf_0_HCLK/A (sky130_fd_sc_hd__clkbuf_16)
     5    0.133985    0.147811    0.278990    0.473661 ^ clkbuf_0_HCLK/X (sky130_fd_sc_hd__clkbuf_16)
                                                         clknet_0_HCLK (net)
                      0.149720    0.013334    0.486995 ^ clkbuf_2_1_0_HCLK/A (sky130_fd_sc_hd__clkbuf_8)
     2    0.036798    0.077541    0.188224    0.675219 ^ clkbuf_2_1_0_HCLK/X (sky130_fd_sc_hd__clkbuf_8)
                                                         clknet_2_1_0_HCLK (net)
                      0.077988    0.004251    0.679471 ^ clkbuf_3_3__f_HCLK/A (sky130_fd_sc_hd__clkbuf_16)
    10    0.027154    0.048291    0.144194    0.823665 ^ clkbuf_3_3__f_HCLK/X (sky130_fd_sc_hd__clkbuf_16)
                                                         clknet_3_3__leaf_HCLK (net)
                      0.048295    0.000431    0.824096 ^ _205_/CLK (sky130_fd_sc_hd__dfrtp_1)
     2    0.004007    0.054262    0.324400    1.148496 ^ _205_/Q (sky130_fd_sc_hd__dfrtp_1)
                                                         net156 (net)
                      0.054262    0.000058    1.148554 ^ output156/A (sky130_fd_sc_hd__buf_2)
     1    0.035802    0.177334    0.206392    1.354946 ^ output156/X (sky130_fd_sc_hd__buf_2)
                                                         PWDATA[22] (net)
                      0.177391    0.000966    1.355912 ^ PWDATA[22] (out)
                                              1.355912   data arrival time

                                  0.000000    0.000000   clock HCLK (rise edge)
                                  0.000000    0.000000   clock network delay (propagated)
                                  0.250000    0.250000   clock uncertainty
                                  0.000000    0.250000   clock reconvergence pessimism
                                 -2.000000   -1.750000   output external delay
                                             -1.750000   data required time
---------------------------------------------------------------------------------------------
                                             -1.750000   data required time
                                             -1.355912   data arrival time
---------------------------------------------------------------------------------------------
                                              3.105912   slack (MET)


Startpoint: _169_ (rising edge-triggered flip-flop clocked by HCLK)
Endpoint: PADDR[18] (output port clocked by HCLK)
Path Group: HCLK
Path Type: min

Fanout         Cap        Slew       Delay        Time   Description
---------------------------------------------------------------------------------------------
                                  0.000000    0.000000   clock HCLK (rise edge)
                                  0.000000    0.000000   clock source latency
     1    0.059370    0.271235    0.194671    0.194671 ^ HCLK (in)
                                                         HCLK (net)
                      0.272238    0.000000    0.194671 ^ clkbuf_0_HCLK/A (sky130_fd_sc_hd__clkbuf_16)
     5    0.133985    0.147811    0.278990    0.473661 ^ clkbuf_0_HCLK/X (sky130_fd_sc_hd__clkbuf_16)
                                                         clknet_0_HCLK (net)
                      0.149171    0.011290    0.484951 ^ clkbuf_2_2_0_HCLK/A (sky130_fd_sc_hd__clkbuf_8)
     2    0.035281    0.075148    0.186583    0.671534 ^ clkbuf_2_2_0_HCLK/X (sky130_fd_sc_hd__clkbuf_8)
                                                         clknet_2_2_0_HCLK (net)
                      0.075526    0.003826    0.675360 ^ clkbuf_3_5__f_HCLK/A (sky130_fd_sc_hd__clkbuf_16)
    11    0.034216    0.054644    0.148324    0.823684 ^ clkbuf_3_5__f_HCLK/X (sky130_fd_sc_hd__clkbuf_16)
                                                         clknet_3_5__leaf_HCLK (net)
                      0.054749    0.002057    0.825740 ^ _169_/CLK (sky130_fd_sc_hd__dfrtp_1)
     2    0.004532    0.058185    0.330331    1.156071 ^ _169_/Q (sky130_fd_sc_hd__dfrtp_1)
                                                         net114 (net)
                      0.058185    0.000108    1.156179 ^ output114/A (sky130_fd_sc_hd__buf_2)
     1    0.034058    0.169242    0.202272    1.358451 ^ output114/X (sky130_fd_sc_hd__buf_2)
                                                         PADDR[18] (net)
                      0.169242    0.000623    1.359074 ^ PADDR[18] (out)
                                              1.359074   data arrival time

                                  0.000000    0.000000   clock HCLK (rise edge)
                                  0.000000    0.000000   clock network delay (propagated)
                                  0.250000    0.250000   clock uncertainty
                                  0.000000    0.250000   clock reconvergence pessimism
                                 -2.000000   -1.750000   output external delay
                                             -1.750000   data required time
---------------------------------------------------------------------------------------------
                                             -1.750000   data required time
                                             -1.359074   data arrival time
---------------------------------------------------------------------------------------------
                                              3.109074   slack (MET)


Startpoint: _213_ (rising edge-triggered flip-flop clocked by HCLK)
Endpoint: PWDATA[30] (output port clocked by HCLK)
Path Group: HCLK
Path Type: min

Fanout         Cap        Slew       Delay        Time   Description
---------------------------------------------------------------------------------------------
                                  0.000000    0.000000   clock HCLK (rise edge)
                                  0.000000    0.000000   clock source latency
     1    0.059370    0.271235    0.194671    0.194671 ^ HCLK (in)
                                                         HCLK (net)
                      0.272238    0.000000    0.194671 ^ clkbuf_0_HCLK/A (sky130_fd_sc_hd__clkbuf_16)
     5    0.133985    0.147811    0.278990    0.473661 ^ clkbuf_0_HCLK/X (sky130_fd_sc_hd__clkbuf_16)
                                                         clknet_0_HCLK (net)
                      0.149720    0.013334    0.486995 ^ clkbuf_2_1_0_HCLK/A (sky130_fd_sc_hd__clkbuf_8)
     2    0.036798    0.077541    0.188224    0.675219 ^ clkbuf_2_1_0_HCLK/X (sky130_fd_sc_hd__clkbuf_8)
                                                         clknet_2_1_0_HCLK (net)
                      0.077988    0.004251    0.679471 ^ clkbuf_3_3__f_HCLK/A (sky130_fd_sc_hd__clkbuf_16)
    10    0.027154    0.048291    0.144194    0.823665 ^ clkbuf_3_3__f_HCLK/X (sky130_fd_sc_hd__clkbuf_16)
                                                         clknet_3_3__leaf_HCLK (net)
                      0.048296    0.000467    0.824132 ^ _213_/CLK (sky130_fd_sc_hd__dfrtp_1)
     2    0.004531    0.058179    0.327930    1.152063 ^ _213_/Q (sky130_fd_sc_hd__dfrtp_1)
                                                         net165 (net)
                      0.058179    0.000087    1.152150 ^ output165/A (sky130_fd_sc_hd__buf_2)
     1    0.035387    0.175445    0.206651    1.358801 ^ output165/X (sky130_fd_sc_hd__buf_2)
                                                         PWDATA[30] (net)
                      0.175445    0.000677    1.359478 ^ PWDATA[30] (out)
                                              1.359478   data arrival time

                                  0.000000    0.000000   clock HCLK (rise edge)
                                  0.000000    0.000000   clock network delay (propagated)
                                  0.250000    0.250000   clock uncertainty
                                  0.000000    0.250000   clock reconvergence pessimism
                                 -2.000000   -1.750000   output external delay
                                             -1.750000   data required time
---------------------------------------------------------------------------------------------
                                             -1.750000   data required time
                                             -1.359478   data arrival time
---------------------------------------------------------------------------------------------
                                              3.109478   slack (MET)


Startpoint: _152_ (rising edge-triggered flip-flop clocked by HCLK)
Endpoint: PADDR[1] (output port clocked by HCLK)
Path Group: HCLK
Path Type: min

Fanout         Cap        Slew       Delay        Time   Description
---------------------------------------------------------------------------------------------
                                  0.000000    0.000000   clock HCLK (rise edge)
                                  0.000000    0.000000   clock source latency
     1    0.059370    0.271235    0.194671    0.194671 ^ HCLK (in)
                                                         HCLK (net)
                      0.272238    0.000000    0.194671 ^ clkbuf_0_HCLK/A (sky130_fd_sc_hd__clkbuf_16)
     5    0.133985    0.147811    0.278990    0.473661 ^ clkbuf_0_HCLK/X (sky130_fd_sc_hd__clkbuf_16)
                                                         clknet_0_HCLK (net)
                      0.149171    0.011290    0.484951 ^ clkbuf_2_2_0_HCLK/A (sky130_fd_sc_hd__clkbuf_8)
     2    0.035281    0.075148    0.186583    0.671534 ^ clkbuf_2_2_0_HCLK/X (sky130_fd_sc_hd__clkbuf_8)
                                                         clknet_2_2_0_HCLK (net)
                      0.075526    0.003826    0.675360 ^ clkbuf_3_5__f_HCLK/A (sky130_fd_sc_hd__clkbuf_16)
    11    0.034216    0.054644    0.148324    0.823684 ^ clkbuf_3_5__f_HCLK/X (sky130_fd_sc_hd__clkbuf_16)
                                                         clknet_3_5__leaf_HCLK (net)
                      0.054742    0.001976    0.825659 ^ _152_/CLK (sky130_fd_sc_hd__dfrtp_1)
     2    0.004549    0.058314    0.330430    1.156090 ^ _152_/Q (sky130_fd_sc_hd__dfrtp_1)
                                                         net116 (net)
                      0.058314    0.000139    1.156229 ^ output116/A (sky130_fd_sc_hd__buf_2)
     1    0.034450    0.171093    0.203529    1.359758 ^ output116/X (sky130_fd_sc_hd__buf_2)
                                                         PADDR[1] (net)
                      0.171094    0.000754    1.360512 ^ PADDR[1] (out)
                                              1.360512   data arrival time

                                  0.000000    0.000000   clock HCLK (rise edge)
                                  0.000000    0.000000   clock network delay (propagated)
                                  0.250000    0.250000   clock uncertainty
                                  0.000000    0.250000   clock reconvergence pessimism
                                 -2.000000   -1.750000   output external delay
                                             -1.750000   data required time
---------------------------------------------------------------------------------------------
                                             -1.750000   data required time
                                             -1.360512   data arrival time
---------------------------------------------------------------------------------------------
                                              3.110512   slack (MET)


Startpoint: _166_ (rising edge-triggered flip-flop clocked by HCLK)
Endpoint: PADDR[15] (output port clocked by HCLK)
Path Group: HCLK
Path Type: min

Fanout         Cap        Slew       Delay        Time   Description
---------------------------------------------------------------------------------------------
                                  0.000000    0.000000   clock HCLK (rise edge)
                                  0.000000    0.000000   clock source latency
     1    0.059370    0.271235    0.194671    0.194671 ^ HCLK (in)
                                                         HCLK (net)
                      0.272238    0.000000    0.194671 ^ clkbuf_0_HCLK/A (sky130_fd_sc_hd__clkbuf_16)
     5    0.133985    0.147811    0.278990    0.473661 ^ clkbuf_0_HCLK/X (sky130_fd_sc_hd__clkbuf_16)
                                                         clknet_0_HCLK (net)
                      0.149720    0.013334    0.486995 ^ clkbuf_2_1_0_HCLK/A (sky130_fd_sc_hd__clkbuf_8)
     2    0.036798    0.077541    0.188224    0.675219 ^ clkbuf_2_1_0_HCLK/X (sky130_fd_sc_hd__clkbuf_8)
                                                         clknet_2_1_0_HCLK (net)
                      0.077988    0.004251    0.679471 ^ clkbuf_3_3__f_HCLK/A (sky130_fd_sc_hd__clkbuf_16)
    10    0.027154    0.048291    0.144194    0.823665 ^ clkbuf_3_3__f_HCLK/X (sky130_fd_sc_hd__clkbuf_16)
                                                         clknet_3_3__leaf_HCLK (net)
                      0.048301    0.000593    0.824257 ^ _166_/CLK (sky130_fd_sc_hd__dfrtp_1)
     2    0.004906    0.061020    0.330445    1.154703 ^ _166_/Q (sky130_fd_sc_hd__dfrtp_1)
                                                         net111 (net)
                      0.061020    0.000118    1.154821 ^ output111/A (sky130_fd_sc_hd__buf_2)
     1    0.034621    0.171910    0.205080    1.359901 ^ output111/X (sky130_fd_sc_hd__buf_2)
                                                         PADDR[15] (net)
                      0.171912    0.000773    1.360675 ^ PADDR[15] (out)
                                              1.360675   data arrival time

                                  0.000000    0.000000   clock HCLK (rise edge)
                                  0.000000    0.000000   clock network delay (propagated)
                                  0.250000    0.250000   clock uncertainty
                                  0.000000    0.250000   clock reconvergence pessimism
                                 -2.000000   -1.750000   output external delay
                                             -1.750000   data required time
---------------------------------------------------------------------------------------------
                                             -1.750000   data required time
                                             -1.360675   data arrival time
---------------------------------------------------------------------------------------------
                                              3.110674   slack (MET)


Startpoint: _186_ (rising edge-triggered flip-flop clocked by HCLK)
Endpoint: PWDATA[3] (output port clocked by HCLK)
Path Group: HCLK
Path Type: min

Fanout         Cap        Slew       Delay        Time   Description
---------------------------------------------------------------------------------------------
                                  0.000000    0.000000   clock HCLK (rise edge)
                                  0.000000    0.000000   clock source latency
     1    0.059370    0.271235    0.194671    0.194671 ^ HCLK (in)
                                                         HCLK (net)
                      0.272238    0.000000    0.194671 ^ clkbuf_0_HCLK/A (sky130_fd_sc_hd__clkbuf_16)
     5    0.133985    0.147811    0.278990    0.473661 ^ clkbuf_0_HCLK/X (sky130_fd_sc_hd__clkbuf_16)
                                                         clknet_0_HCLK (net)
                      0.149171    0.011290    0.484951 ^ clkbuf_2_2_0_HCLK/A (sky130_fd_sc_hd__clkbuf_8)
     2    0.035281    0.075148    0.186583    0.671534 ^ clkbuf_2_2_0_HCLK/X (sky130_fd_sc_hd__clkbuf_8)
                                                         clknet_2_2_0_HCLK (net)
                      0.075526    0.003826    0.675360 ^ clkbuf_3_5__f_HCLK/A (sky130_fd_sc_hd__clkbuf_16)
    11    0.034216    0.054644    0.148324    0.823684 ^ clkbuf_3_5__f_HCLK/X (sky130_fd_sc_hd__clkbuf_16)
                                                         clknet_3_5__leaf_HCLK (net)
                      0.054747    0.002028    0.825712 ^ _186_/CLK (sky130_fd_sc_hd__dfrtp_1)
     2    0.004546    0.058294    0.330426    1.156138 ^ _186_/Q (sky130_fd_sc_hd__dfrtp_1)
                                                         net167 (net)
                      0.058294    0.000097    1.156234 ^ output167/A (sky130_fd_sc_hd__buf_2)
     1    0.034739    0.172436    0.204497    1.360731 ^ output167/X (sky130_fd_sc_hd__buf_2)
                                                         PWDATA[3] (net)
                      0.172437    0.000734    1.361465 ^ PWDATA[3] (out)
                                              1.361465   data arrival time

                                  0.000000    0.000000   clock HCLK (rise edge)
                                  0.000000    0.000000   clock network delay (propagated)
                                  0.250000    0.250000   clock uncertainty
                                  0.000000    0.250000   clock reconvergence pessimism
                                 -2.000000   -1.750000   output external delay
                                             -1.750000   data required time
---------------------------------------------------------------------------------------------
                                             -1.750000   data required time
                                             -1.361465   data arrival time
---------------------------------------------------------------------------------------------
                                              3.111465   slack (MET)


Startpoint: _176_ (rising edge-triggered flip-flop clocked by HCLK)
Endpoint: PADDR[25] (output port clocked by HCLK)
Path Group: HCLK
Path Type: min

Fanout         Cap        Slew       Delay        Time   Description
---------------------------------------------------------------------------------------------
                                  0.000000    0.000000   clock HCLK (rise edge)
                                  0.000000    0.000000   clock source latency
     1    0.059370    0.271235    0.194671    0.194671 ^ HCLK (in)
                                                         HCLK (net)
                      0.272238    0.000000    0.194671 ^ clkbuf_0_HCLK/A (sky130_fd_sc_hd__clkbuf_16)
     5    0.133985    0.147811    0.278990    0.473661 ^ clkbuf_0_HCLK/X (sky130_fd_sc_hd__clkbuf_16)
                                                         clknet_0_HCLK (net)
                      0.149171    0.011290    0.484951 ^ clkbuf_2_2_0_HCLK/A (sky130_fd_sc_hd__clkbuf_8)
     2    0.035281    0.075148    0.186583    0.671534 ^ clkbuf_2_2_0_HCLK/X (sky130_fd_sc_hd__clkbuf_8)
                                                         clknet_2_2_0_HCLK (net)
                      0.075449    0.003322    0.674856 ^ clkbuf_3_4__f_HCLK/A (sky130_fd_sc_hd__clkbuf_16)
    11    0.039034    0.058892    0.152107    0.826962 ^ clkbuf_3_4__f_HCLK/X (sky130_fd_sc_hd__clkbuf_16)
                                                         clknet_3_4__leaf_HCLK (net)
                      0.058906    0.000845    0.827808 ^ _176_/CLK (sky130_fd_sc_hd__dfrtp_1)
     2    0.004095    0.054907    0.328938    1.156746 ^ _176_/Q (sky130_fd_sc_hd__dfrtp_1)
                                                         net122 (net)
                      0.054907    0.000099    1.156844 ^ output122/A (sky130_fd_sc_hd__buf_2)
     1    0.035487    0.175831    0.205787    1.362631 ^ output122/X (sky130_fd_sc_hd__buf_2)
                                                         PADDR[25] (net)
                      0.175831    0.000673    1.363304 ^ PADDR[25] (out)
                                              1.363304   data arrival time

                                  0.000000    0.000000   clock HCLK (rise edge)
                                  0.000000    0.000000   clock network delay (propagated)
                                  0.250000    0.250000   clock uncertainty
                                  0.000000    0.250000   clock reconvergence pessimism
                                 -2.000000   -1.750000   output external delay
                                             -1.750000   data required time
---------------------------------------------------------------------------------------------
                                             -1.750000   data required time
                                             -1.363304   data arrival time
---------------------------------------------------------------------------------------------
                                              3.113304   slack (MET)


Startpoint: _204_ (rising edge-triggered flip-flop clocked by HCLK)
Endpoint: PWDATA[21] (output port clocked by HCLK)
Path Group: HCLK
Path Type: min

Fanout         Cap        Slew       Delay        Time   Description
---------------------------------------------------------------------------------------------
                                  0.000000    0.000000   clock HCLK (rise edge)
                                  0.000000    0.000000   clock source latency
     1    0.059370    0.271235    0.194671    0.194671 ^ HCLK (in)
                                                         HCLK (net)
                      0.272238    0.000000    0.194671 ^ clkbuf_0_HCLK/A (sky130_fd_sc_hd__clkbuf_16)
     5    0.133985    0.147811    0.278990    0.473661 ^ clkbuf_0_HCLK/X (sky130_fd_sc_hd__clkbuf_16)
                                                         clknet_0_HCLK (net)
                      0.149720    0.013334    0.486995 ^ clkbuf_2_1_0_HCLK/A (sky130_fd_sc_hd__clkbuf_8)
     2    0.036798    0.077541    0.188224    0.675219 ^ clkbuf_2_1_0_HCLK/X (sky130_fd_sc_hd__clkbuf_8)
                                                         clknet_2_1_0_HCLK (net)
                      0.077988    0.004251    0.679471 ^ clkbuf_3_3__f_HCLK/A (sky130_fd_sc_hd__clkbuf_16)
    10    0.027154    0.048291    0.144194    0.823665 ^ clkbuf_3_3__f_HCLK/X (sky130_fd_sc_hd__clkbuf_16)
                                                         clknet_3_3__leaf_HCLK (net)
                      0.048299    0.000553    0.824218 ^ _204_/CLK (sky130_fd_sc_hd__dfrtp_1)
     2    0.005394    0.064810    0.333744    1.157962 ^ _204_/Q (sky130_fd_sc_hd__dfrtp_1)
                                                         net155 (net)
                      0.064810    0.000118    1.158080 ^ output155/A (sky130_fd_sc_hd__buf_2)
     1    0.034235    0.170127    0.205230    1.363310 ^ output155/X (sky130_fd_sc_hd__buf_2)
                                                         PWDATA[21] (net)
                      0.170128    0.000728    1.364038 ^ PWDATA[21] (out)
                                              1.364038   data arrival time

                                  0.000000    0.000000   clock HCLK (rise edge)
                                  0.000000    0.000000   clock network delay (propagated)
                                  0.250000    0.250000   clock uncertainty
                                  0.000000    0.250000   clock reconvergence pessimism
                                 -2.000000   -1.750000   output external delay
                                             -1.750000   data required time
---------------------------------------------------------------------------------------------
                                             -1.750000   data required time
                                             -1.364038   data arrival time
---------------------------------------------------------------------------------------------
                                              3.114038   slack (MET)


Startpoint: _179_ (rising edge-triggered flip-flop clocked by HCLK)
Endpoint: PADDR[28] (output port clocked by HCLK)
Path Group: HCLK
Path Type: min

Fanout         Cap        Slew       Delay        Time   Description
---------------------------------------------------------------------------------------------
                                  0.000000    0.000000   clock HCLK (rise edge)
                                  0.000000    0.000000   clock source latency
     1    0.059370    0.271235    0.194671    0.194671 ^ HCLK (in)
                                                         HCLK (net)
                      0.272238    0.000000    0.194671 ^ clkbuf_0_HCLK/A (sky130_fd_sc_hd__clkbuf_16)
     5    0.133985    0.147811    0.278990    0.473661 ^ clkbuf_0_HCLK/X (sky130_fd_sc_hd__clkbuf_16)
                                                         clknet_0_HCLK (net)
                      0.149720    0.013334    0.486995 ^ clkbuf_2_1_0_HCLK/A (sky130_fd_sc_hd__clkbuf_8)
     2    0.036798    0.077541    0.188224    0.675219 ^ clkbuf_2_1_0_HCLK/X (sky130_fd_sc_hd__clkbuf_8)
                                                         clknet_2_1_0_HCLK (net)
                      0.077988    0.004251    0.679471 ^ clkbuf_3_3__f_HCLK/A (sky130_fd_sc_hd__clkbuf_16)
    10    0.027154    0.048291    0.144194    0.823665 ^ clkbuf_3_3__f_HCLK/X (sky130_fd_sc_hd__clkbuf_16)
                                                         clknet_3_3__leaf_HCLK (net)
                      0.048298    0.000535    0.824199 ^ _179_/CLK (sky130_fd_sc_hd__dfrtp_1)
     2    0.005532    0.065888    0.334662    1.158862 ^ _179_/Q (sky130_fd_sc_hd__dfrtp_1)
                                                         net125 (net)
                      0.065888    0.000141    1.159003 ^ output125/A (sky130_fd_sc_hd__buf_2)
     1    0.034107    0.169531    0.205216    1.364218 ^ output125/X (sky130_fd_sc_hd__buf_2)
                                                         PADDR[28] (net)
                      0.169532    0.000706    1.364924 ^ PADDR[28] (out)
                                              1.364924   data arrival time

                                  0.000000    0.000000   clock HCLK (rise edge)
                                  0.000000    0.000000   clock network delay (propagated)
                                  0.250000    0.250000   clock uncertainty
                                  0.000000    0.250000   clock reconvergence pessimism
                                 -2.000000   -1.750000   output external delay
                                             -1.750000   data required time
---------------------------------------------------------------------------------------------
                                             -1.750000   data required time
                                             -1.364924   data arrival time
---------------------------------------------------------------------------------------------
                                              3.114924   slack (MET)


Startpoint: _193_ (rising edge-triggered flip-flop clocked by HCLK)
Endpoint: PWDATA[10] (output port clocked by HCLK)
Path Group: HCLK
Path Type: min

Fanout         Cap        Slew       Delay        Time   Description
---------------------------------------------------------------------------------------------
                                  0.000000    0.000000   clock HCLK (rise edge)
                                  0.000000    0.000000   clock source latency
     1    0.059370    0.271235    0.194671    0.194671 ^ HCLK (in)
                                                         HCLK (net)
                      0.272238    0.000000    0.194671 ^ clkbuf_0_HCLK/A (sky130_fd_sc_hd__clkbuf_16)
     5    0.133985    0.147811    0.278990    0.473661 ^ clkbuf_0_HCLK/X (sky130_fd_sc_hd__clkbuf_16)
                                                         clknet_0_HCLK (net)
                      0.149171    0.011290    0.484951 ^ clkbuf_2_2_0_HCLK/A (sky130_fd_sc_hd__clkbuf_8)
     2    0.035281    0.075148    0.186583    0.671534 ^ clkbuf_2_2_0_HCLK/X (sky130_fd_sc_hd__clkbuf_8)
                                                         clknet_2_2_0_HCLK (net)
                      0.075449    0.003322    0.674856 ^ clkbuf_3_4__f_HCLK/A (sky130_fd_sc_hd__clkbuf_16)
    11    0.039034    0.058892    0.152107    0.826962 ^ clkbuf_3_4__f_HCLK/X (sky130_fd_sc_hd__clkbuf_16)
                                                         clknet_3_4__leaf_HCLK (net)
                      0.058911    0.000959    0.827921 ^ _193_/CLK (sky130_fd_sc_hd__dfrtp_1)
     2    0.004255    0.056093    0.330020    1.157941 ^ _193_/Q (sky130_fd_sc_hd__dfrtp_1)
                                                         net143 (net)
                      0.056093    0.000097    1.158039 ^ output143/A (sky130_fd_sc_hd__buf_2)
     1    0.035846    0.177504    0.207404    1.365443 ^ output143/X (sky130_fd_sc_hd__buf_2)
                                                         PWDATA[10] (net)
                      0.177505    0.000696    1.366138 ^ PWDATA[10] (out)
                                              1.366138   data arrival time

                                  0.000000    0.000000   clock HCLK (rise edge)
                                  0.000000    0.000000   clock network delay (propagated)
                                  0.250000    0.250000   clock uncertainty
                                  0.000000    0.250000   clock reconvergence pessimism
                                 -2.000000   -1.750000   output external delay
                                             -1.750000   data required time
---------------------------------------------------------------------------------------------
                                             -1.750000   data required time
                                             -1.366138   data arrival time
---------------------------------------------------------------------------------------------
                                              3.116138   slack (MET)


Startpoint: _196_ (rising edge-triggered flip-flop clocked by HCLK)
Endpoint: PWDATA[13] (output port clocked by HCLK)
Path Group: HCLK
Path Type: min

Fanout         Cap        Slew       Delay        Time   Description
---------------------------------------------------------------------------------------------
                                  0.000000    0.000000   clock HCLK (rise edge)
                                  0.000000    0.000000   clock source latency
     1    0.059370    0.271235    0.194671    0.194671 ^ HCLK (in)
                                                         HCLK (net)
                      0.272238    0.000000    0.194671 ^ clkbuf_0_HCLK/A (sky130_fd_sc_hd__clkbuf_16)
     5    0.133985    0.147811    0.278990    0.473661 ^ clkbuf_0_HCLK/X (sky130_fd_sc_hd__clkbuf_16)
                                                         clknet_0_HCLK (net)
                      0.149171    0.011290    0.484951 ^ clkbuf_2_2_0_HCLK/A (sky130_fd_sc_hd__clkbuf_8)
     2    0.035281    0.075148    0.186583    0.671534 ^ clkbuf_2_2_0_HCLK/X (sky130_fd_sc_hd__clkbuf_8)
                                                         clknet_2_2_0_HCLK (net)
                      0.075526    0.003826    0.675360 ^ clkbuf_3_5__f_HCLK/A (sky130_fd_sc_hd__clkbuf_16)
    11    0.034216    0.054644    0.148324    0.823684 ^ clkbuf_3_5__f_HCLK/X (sky130_fd_sc_hd__clkbuf_16)
                                                         clknet_3_5__leaf_HCLK (net)
                      0.054730    0.001851    0.825534 ^ _196_/CLK (sky130_fd_sc_hd__dfrtp_1)
     2    0.005201    0.063332    0.334842    1.160376 ^ _196_/Q (sky130_fd_sc_hd__dfrtp_1)
                                                         net146 (net)
                      0.063332    0.000114    1.160490 ^ output146/A (sky130_fd_sc_hd__buf_2)
     1    0.034455    0.171125    0.205477    1.365968 ^ output146/X (sky130_fd_sc_hd__buf_2)
                                                         PWDATA[13] (net)
                      0.171125    0.000639    1.366607 ^ PWDATA[13] (out)
                                              1.366607   data arrival time

                                  0.000000    0.000000   clock HCLK (rise edge)
                                  0.000000    0.000000   clock network delay (propagated)
                                  0.250000    0.250000   clock uncertainty
                                  0.000000    0.250000   clock reconvergence pessimism
                                 -2.000000   -1.750000   output external delay
                                             -1.750000   data required time
---------------------------------------------------------------------------------------------
                                             -1.750000   data required time
                                             -1.366607   data arrival time
---------------------------------------------------------------------------------------------
                                              3.116607   slack (MET)


Startpoint: _198_ (rising edge-triggered flip-flop clocked by HCLK)
Endpoint: PWDATA[15] (output port clocked by HCLK)
Path Group: HCLK
Path Type: min

Fanout         Cap        Slew       Delay        Time   Description
---------------------------------------------------------------------------------------------
                                  0.000000    0.000000   clock HCLK (rise edge)
                                  0.000000    0.000000   clock source latency
     1    0.059370    0.271235    0.194671    0.194671 ^ HCLK (in)
                                                         HCLK (net)
                      0.272238    0.000000    0.194671 ^ clkbuf_0_HCLK/A (sky130_fd_sc_hd__clkbuf_16)
     5    0.133985    0.147811    0.278990    0.473661 ^ clkbuf_0_HCLK/X (sky130_fd_sc_hd__clkbuf_16)
                                                         clknet_0_HCLK (net)
                      0.149171    0.011290    0.484951 ^ clkbuf_2_2_0_HCLK/A (sky130_fd_sc_hd__clkbuf_8)
     2    0.035281    0.075148    0.186583    0.671534 ^ clkbuf_2_2_0_HCLK/X (sky130_fd_sc_hd__clkbuf_8)
                                                         clknet_2_2_0_HCLK (net)
                      0.075449    0.003322    0.674856 ^ clkbuf_3_4__f_HCLK/A (sky130_fd_sc_hd__clkbuf_16)
    11    0.039034    0.058892    0.152107    0.826962 ^ clkbuf_3_4__f_HCLK/X (sky130_fd_sc_hd__clkbuf_16)
                                                         clknet_3_4__leaf_HCLK (net)
                      0.058899    0.000668    0.827630 ^ _198_/CLK (sky130_fd_sc_hd__dfrtp_1)
     2    0.004563    0.058423    0.332087    1.159717 ^ _198_/Q (sky130_fd_sc_hd__dfrtp_1)
                                                         net148 (net)
                      0.058423    0.000119    1.159837 ^ output148/A (sky130_fd_sc_hd__buf_2)
     1    0.035245    0.174784    0.206269    1.366106 ^ output148/X (sky130_fd_sc_hd__buf_2)
                                                         PWDATA[15] (net)
                      0.174784    0.000675    1.366781 ^ PWDATA[15] (out)
                                              1.366781   data arrival time

                                  0.000000    0.000000   clock HCLK (rise edge)
                                  0.000000    0.000000   clock network delay (propagated)
                                  0.250000    0.250000   clock uncertainty
                                  0.000000    0.250000   clock reconvergence pessimism
                                 -2.000000   -1.750000   output external delay
                                             -1.750000   data required time
---------------------------------------------------------------------------------------------
                                             -1.750000   data required time
                                             -1.366781   data arrival time
---------------------------------------------------------------------------------------------
                                              3.116781   slack (MET)


Startpoint: _151_ (rising edge-triggered flip-flop clocked by HCLK)
Endpoint: PADDR[0] (output port clocked by HCLK)
Path Group: HCLK
Path Type: min

Fanout         Cap        Slew       Delay        Time   Description
---------------------------------------------------------------------------------------------
                                  0.000000    0.000000   clock HCLK (rise edge)
                                  0.000000    0.000000   clock source latency
     1    0.059370    0.271235    0.194671    0.194671 ^ HCLK (in)
                                                         HCLK (net)
                      0.272238    0.000000    0.194671 ^ clkbuf_0_HCLK/A (sky130_fd_sc_hd__clkbuf_16)
     5    0.133985    0.147811    0.278990    0.473661 ^ clkbuf_0_HCLK/X (sky130_fd_sc_hd__clkbuf_16)
                                                         clknet_0_HCLK (net)
                      0.149720    0.013334    0.486995 ^ clkbuf_2_1_0_HCLK/A (sky130_fd_sc_hd__clkbuf_8)
     2    0.036798    0.077541    0.188224    0.675219 ^ clkbuf_2_1_0_HCLK/X (sky130_fd_sc_hd__clkbuf_8)
                                                         clknet_2_1_0_HCLK (net)
                      0.077988    0.004251    0.679471 ^ clkbuf_3_3__f_HCLK/A (sky130_fd_sc_hd__clkbuf_16)
    10    0.027154    0.048291    0.144194    0.823665 ^ clkbuf_3_3__f_HCLK/X (sky130_fd_sc_hd__clkbuf_16)
                                                         clknet_3_3__leaf_HCLK (net)
                      0.048297    0.000513    0.824178 ^ _151_/CLK (sky130_fd_sc_hd__dfrtp_1)
     2    0.005616    0.066536    0.335242    1.159420 ^ _151_/Q (sky130_fd_sc_hd__dfrtp_1)
                                                         net105 (net)
                      0.066536    0.000134    1.159554 ^ output105/A (sky130_fd_sc_hd__buf_2)
     1    0.034785    0.172706    0.207657    1.367210 ^ output105/X (sky130_fd_sc_hd__buf_2)
                                                         PADDR[0] (net)
                      0.172707    0.000777    1.367988 ^ PADDR[0] (out)
                                              1.367988   data arrival time

                                  0.000000    0.000000   clock HCLK (rise edge)
                                  0.000000    0.000000   clock network delay (propagated)
                                  0.250000    0.250000   clock uncertainty
                                  0.000000    0.250000   clock reconvergence pessimism
                                 -2.000000   -1.750000   output external delay
                                             -1.750000   data required time
---------------------------------------------------------------------------------------------
                                             -1.750000   data required time
                                             -1.367988   data arrival time
---------------------------------------------------------------------------------------------
                                              3.117988   slack (MET)


Startpoint: _188_ (rising edge-triggered flip-flop clocked by HCLK)
Endpoint: PWDATA[5] (output port clocked by HCLK)
Path Group: HCLK
Path Type: min

Fanout         Cap        Slew       Delay        Time   Description
---------------------------------------------------------------------------------------------
                                  0.000000    0.000000   clock HCLK (rise edge)
                                  0.000000    0.000000   clock source latency
     1    0.059370    0.271235    0.194671    0.194671 ^ HCLK (in)
                                                         HCLK (net)
                      0.272238    0.000000    0.194671 ^ clkbuf_0_HCLK/A (sky130_fd_sc_hd__clkbuf_16)
     5    0.133985    0.147811    0.278990    0.473661 ^ clkbuf_0_HCLK/X (sky130_fd_sc_hd__clkbuf_16)
                                                         clknet_0_HCLK (net)
                      0.149171    0.011290    0.484951 ^ clkbuf_2_2_0_HCLK/A (sky130_fd_sc_hd__clkbuf_8)
     2    0.035281    0.075148    0.186583    0.671534 ^ clkbuf_2_2_0_HCLK/X (sky130_fd_sc_hd__clkbuf_8)
                                                         clknet_2_2_0_HCLK (net)
                      0.075526    0.003826    0.675360 ^ clkbuf_3_5__f_HCLK/A (sky130_fd_sc_hd__clkbuf_16)
    11    0.034216    0.054644    0.148324    0.823684 ^ clkbuf_3_5__f_HCLK/X (sky130_fd_sc_hd__clkbuf_16)
                                                         clknet_3_5__leaf_HCLK (net)
                      0.054685    0.001344    0.825028 ^ _188_/CLK (sky130_fd_sc_hd__dfrtp_1)
     2    0.004993    0.061681    0.333424    1.158452 ^ _188_/Q (sky130_fd_sc_hd__dfrtp_1)
                                                         net169 (net)
                      0.061681    0.000101    1.158553 ^ output169/A (sky130_fd_sc_hd__buf_2)
     1    0.035897    0.177791    0.209445    1.367998 ^ output169/X (sky130_fd_sc_hd__buf_2)
                                                         PWDATA[5] (net)
                      0.177848    0.000955    1.368953 ^ PWDATA[5] (out)
                                              1.368953   data arrival time

                                  0.000000    0.000000   clock HCLK (rise edge)
                                  0.000000    0.000000   clock network delay (propagated)
                                  0.250000    0.250000   clock uncertainty
                                  0.000000    0.250000   clock reconvergence pessimism
                                 -2.000000   -1.750000   output external delay
                                             -1.750000   data required time
---------------------------------------------------------------------------------------------
                                             -1.750000   data required time
                                             -1.368953   data arrival time
---------------------------------------------------------------------------------------------
                                              3.118953   slack (MET)


Startpoint: _182_ (rising edge-triggered flip-flop clocked by HCLK)
Endpoint: PADDR[31] (output port clocked by HCLK)
Path Group: HCLK
Path Type: min

Fanout         Cap        Slew       Delay        Time   Description
---------------------------------------------------------------------------------------------
                                  0.000000    0.000000   clock HCLK (rise edge)
                                  0.000000    0.000000   clock source latency
     1    0.059370    0.271235    0.194671    0.194671 ^ HCLK (in)
                                                         HCLK (net)
                      0.272238    0.000000    0.194671 ^ clkbuf_0_HCLK/A (sky130_fd_sc_hd__clkbuf_16)
     5    0.133985    0.147811    0.278990    0.473661 ^ clkbuf_0_HCLK/X (sky130_fd_sc_hd__clkbuf_16)
                                                         clknet_0_HCLK (net)
                      0.149720    0.013334    0.486995 ^ clkbuf_2_1_0_HCLK/A (sky130_fd_sc_hd__clkbuf_8)
     2    0.036798    0.077541    0.188224    0.675219 ^ clkbuf_2_1_0_HCLK/X (sky130_fd_sc_hd__clkbuf_8)
                                                         clknet_2_1_0_HCLK (net)
                      0.078017    0.004412    0.679631 ^ clkbuf_3_2__f_HCLK/A (sky130_fd_sc_hd__clkbuf_16)
    10    0.035944    0.056112    0.150441    0.830072 ^ clkbuf_3_2__f_HCLK/X (sky130_fd_sc_hd__clkbuf_16)
                                                         clknet_3_2__leaf_HCLK (net)
                      0.056291    0.002276    0.832348 ^ _182_/CLK (sky130_fd_sc_hd__dfrtp_1)
     2    0.005159    0.062956    0.335131    1.167478 ^ _182_/Q (sky130_fd_sc_hd__dfrtp_1)
                                                         net129 (net)
                      0.063006    0.000131    1.167609 ^ output129/A (sky130_fd_sc_hd__buf_2)
     1    0.034148    0.169697    0.204326    1.371935 ^ output129/X (sky130_fd_sc_hd__buf_2)
                                                         PADDR[31] (net)
                      0.169697    0.000656    1.372592 ^ PADDR[31] (out)
                                              1.372592   data arrival time

                                  0.000000    0.000000   clock HCLK (rise edge)
                                  0.000000    0.000000   clock network delay (propagated)
                                  0.250000    0.250000   clock uncertainty
                                  0.000000    0.250000   clock reconvergence pessimism
                                 -2.000000   -1.750000   output external delay
                                             -1.750000   data required time
---------------------------------------------------------------------------------------------
                                             -1.750000   data required time
                                             -1.372592   data arrival time
---------------------------------------------------------------------------------------------
                                              3.122591   slack (MET)


Startpoint: _194_ (rising edge-triggered flip-flop clocked by HCLK)
Endpoint: PWDATA[11] (output port clocked by HCLK)
Path Group: HCLK
Path Type: min

Fanout         Cap        Slew       Delay        Time   Description
---------------------------------------------------------------------------------------------
                                  0.000000    0.000000   clock HCLK (rise edge)
                                  0.000000    0.000000   clock source latency
     1    0.059370    0.271235    0.194671    0.194671 ^ HCLK (in)
                                                         HCLK (net)
                      0.272238    0.000000    0.194671 ^ clkbuf_0_HCLK/A (sky130_fd_sc_hd__clkbuf_16)
     5    0.133985    0.147811    0.278990    0.473661 ^ clkbuf_0_HCLK/X (sky130_fd_sc_hd__clkbuf_16)
                                                         clknet_0_HCLK (net)
                      0.149171    0.011290    0.484951 ^ clkbuf_2_2_0_HCLK/A (sky130_fd_sc_hd__clkbuf_8)
     2    0.035281    0.075148    0.186583    0.671534 ^ clkbuf_2_2_0_HCLK/X (sky130_fd_sc_hd__clkbuf_8)
                                                         clknet_2_2_0_HCLK (net)
                      0.075449    0.003322    0.674856 ^ clkbuf_3_4__f_HCLK/A (sky130_fd_sc_hd__clkbuf_16)
    11    0.039034    0.058892    0.152107    0.826962 ^ clkbuf_3_4__f_HCLK/X (sky130_fd_sc_hd__clkbuf_16)
                                                         clknet_3_4__leaf_HCLK (net)
                      0.058900    0.000708    0.827670 ^ _194_/CLK (sky130_fd_sc_hd__dfrtp_1)
     2    0.004888    0.060884    0.334279    1.161949 ^ _194_/Q (sky130_fd_sc_hd__dfrtp_1)
                                                         net144 (net)
                      0.060884    0.000105    1.162054 ^ output144/A (sky130_fd_sc_hd__buf_2)
     1    0.036304    0.179527    0.210536    1.372590 ^ output144/X (sky130_fd_sc_hd__buf_2)
                                                         PWDATA[11] (net)
                      0.179584    0.000915    1.373505 ^ PWDATA[11] (out)
                                              1.373505   data arrival time

                                  0.000000    0.000000   clock HCLK (rise edge)
                                  0.000000    0.000000   clock network delay (propagated)
                                  0.250000    0.250000   clock uncertainty
                                  0.000000    0.250000   clock reconvergence pessimism
                                 -2.000000   -1.750000   output external delay
                                             -1.750000   data required time
---------------------------------------------------------------------------------------------
                                             -1.750000   data required time
                                             -1.373505   data arrival time
---------------------------------------------------------------------------------------------
                                              3.123505   slack (MET)


Startpoint: _157_ (rising edge-triggered flip-flop clocked by HCLK)
Endpoint: PADDR[6] (output port clocked by HCLK)
Path Group: HCLK
Path Type: min

Fanout         Cap        Slew       Delay        Time   Description
---------------------------------------------------------------------------------------------
                                  0.000000    0.000000   clock HCLK (rise edge)
                                  0.000000    0.000000   clock source latency
     1    0.059370    0.271235    0.194671    0.194671 ^ HCLK (in)
                                                         HCLK (net)
                      0.272238    0.000000    0.194671 ^ clkbuf_0_HCLK/A (sky130_fd_sc_hd__clkbuf_16)
     5    0.133985    0.147811    0.278990    0.473661 ^ clkbuf_0_HCLK/X (sky130_fd_sc_hd__clkbuf_16)
                                                         clknet_0_HCLK (net)
                      0.149720    0.013334    0.486995 ^ clkbuf_2_1_0_HCLK/A (sky130_fd_sc_hd__clkbuf_8)
     2    0.036798    0.077541    0.188224    0.675219 ^ clkbuf_2_1_0_HCLK/X (sky130_fd_sc_hd__clkbuf_8)
                                                         clknet_2_1_0_HCLK (net)
                      0.078017    0.004412    0.679631 ^ clkbuf_3_2__f_HCLK/A (sky130_fd_sc_hd__clkbuf_16)
    10    0.035944    0.056112    0.150441    0.830072 ^ clkbuf_3_2__f_HCLK/X (sky130_fd_sc_hd__clkbuf_16)
                                                         clknet_3_2__leaf_HCLK (net)
                      0.056222    0.001598    0.831670 ^ _157_/CLK (sky130_fd_sc_hd__dfrtp_1)
     2    0.005094    0.062456    0.334665    1.166335 ^ _157_/Q (sky130_fd_sc_hd__dfrtp_1)
                                                         net133 (net)
                      0.062506    0.000128    1.166463 ^ output133/A (sky130_fd_sc_hd__buf_2)
     1    0.035074    0.174056    0.207052    1.373515 ^ output133/X (sky130_fd_sc_hd__buf_2)
                                                         PADDR[6] (net)
                      0.174058    0.000894    1.374408 ^ PADDR[6] (out)
                                              1.374408   data arrival time

                                  0.000000    0.000000   clock HCLK (rise edge)
                                  0.000000    0.000000   clock network delay (propagated)
                                  0.250000    0.250000   clock uncertainty
                                  0.000000    0.250000   clock reconvergence pessimism
                                 -2.000000   -1.750000   output external delay
                                             -1.750000   data required time
---------------------------------------------------------------------------------------------
                                             -1.750000   data required time
                                             -1.374408   data arrival time
---------------------------------------------------------------------------------------------
                                              3.124408   slack (MET)


Startpoint: _161_ (rising edge-triggered flip-flop clocked by HCLK)
Endpoint: PADDR[10] (output port clocked by HCLK)
Path Group: HCLK
Path Type: min

Fanout         Cap        Slew       Delay        Time   Description
---------------------------------------------------------------------------------------------
                                  0.000000    0.000000   clock HCLK (rise edge)
                                  0.000000    0.000000   clock source latency
     1    0.059370    0.271235    0.194671    0.194671 ^ HCLK (in)
                                                         HCLK (net)
                      0.272238    0.000000    0.194671 ^ clkbuf_0_HCLK/A (sky130_fd_sc_hd__clkbuf_16)
     5    0.133985    0.147811    0.278990    0.473661 ^ clkbuf_0_HCLK/X (sky130_fd_sc_hd__clkbuf_16)
                                                         clknet_0_HCLK (net)
                      0.149590    0.012878    0.486539 ^ clkbuf_2_0_0_HCLK/A (sky130_fd_sc_hd__clkbuf_8)
     2    0.039991    0.082545    0.192758    0.679297 ^ clkbuf_2_0_0_HCLK/X (sky130_fd_sc_hd__clkbuf_8)
                                                         clknet_2_0_0_HCLK (net)
                      0.082829    0.003462    0.682759 ^ clkbuf_3_1__f_HCLK/A (sky130_fd_sc_hd__clkbuf_16)
     7    0.035020    0.055187    0.150817    0.833576 ^ clkbuf_3_1__f_HCLK/X (sky130_fd_sc_hd__clkbuf_16)
                                                         clknet_3_1__leaf_HCLK (net)
                      0.055738    0.004174    0.837750 ^ _161_/CLK (sky130_fd_sc_hd__dfrtp_1)
     2    0.004725    0.059647    0.331996    1.169747 ^ _161_/Q (sky130_fd_sc_hd__dfrtp_1)
                                                         net106 (net)
                      0.059647    0.000124    1.169871 ^ output106/A (sky130_fd_sc_hd__buf_2)
     1    0.034397    0.170855    0.203851    1.373723 ^ output106/X (sky130_fd_sc_hd__buf_2)
                                                         PADDR[10] (net)
                      0.170856    0.000748    1.374471 ^ PADDR[10] (out)
                                              1.374471   data arrival time

                                  0.000000    0.000000   clock HCLK (rise edge)
                                  0.000000    0.000000   clock network delay (propagated)
                                  0.250000    0.250000   clock uncertainty
                                  0.000000    0.250000   clock reconvergence pessimism
                                 -2.000000   -1.750000   output external delay
                                             -1.750000   data required time
---------------------------------------------------------------------------------------------
                                             -1.750000   data required time
                                             -1.374471   data arrival time
---------------------------------------------------------------------------------------------
                                              3.124470   slack (MET)


Startpoint: _178_ (rising edge-triggered flip-flop clocked by HCLK)
Endpoint: PADDR[27] (output port clocked by HCLK)
Path Group: HCLK
Path Type: min

Fanout         Cap        Slew       Delay        Time   Description
---------------------------------------------------------------------------------------------
                                  0.000000    0.000000   clock HCLK (rise edge)
                                  0.000000    0.000000   clock source latency
     1    0.059370    0.271235    0.194671    0.194671 ^ HCLK (in)
                                                         HCLK (net)
                      0.272238    0.000000    0.194671 ^ clkbuf_0_HCLK/A (sky130_fd_sc_hd__clkbuf_16)
     5    0.133985    0.147811    0.278990    0.473661 ^ clkbuf_0_HCLK/X (sky130_fd_sc_hd__clkbuf_16)
                                                         clknet_0_HCLK (net)
                      0.149720    0.013334    0.486995 ^ clkbuf_2_1_0_HCLK/A (sky130_fd_sc_hd__clkbuf_8)
     2    0.036798    0.077541    0.188224    0.675219 ^ clkbuf_2_1_0_HCLK/X (sky130_fd_sc_hd__clkbuf_8)
                                                         clknet_2_1_0_HCLK (net)
                      0.078017    0.004412    0.679631 ^ clkbuf_3_2__f_HCLK/A (sky130_fd_sc_hd__clkbuf_16)
    10    0.035944    0.056112    0.150441    0.830072 ^ clkbuf_3_2__f_HCLK/X (sky130_fd_sc_hd__clkbuf_16)
                                                         clknet_3_2__leaf_HCLK (net)
                      0.056202    0.001381    0.831453 ^ _178_/CLK (sky130_fd_sc_hd__dfrtp_1)
     2    0.005319    0.064238    0.336185    1.167638 ^ _178_/Q (sky130_fd_sc_hd__dfrtp_1)
                                                         net124 (net)
                      0.064238    0.000124    1.167762 ^ output124/A (sky130_fd_sc_hd__buf_2)
     1    0.034536    0.171540    0.205971    1.373733 ^ output124/X (sky130_fd_sc_hd__buf_2)
                                                         PADDR[27] (net)
                      0.171542    0.000794    1.374527 ^ PADDR[27] (out)
                                              1.374527   data arrival time

                                  0.000000    0.000000   clock HCLK (rise edge)
                                  0.000000    0.000000   clock network delay (propagated)
                                  0.250000    0.250000   clock uncertainty
                                  0.000000    0.250000   clock reconvergence pessimism
                                 -2.000000   -1.750000   output external delay
                                             -1.750000   data required time
---------------------------------------------------------------------------------------------
                                             -1.750000   data required time
                                             -1.374527   data arrival time
---------------------------------------------------------------------------------------------
                                              3.124527   slack (MET)


Startpoint: _170_ (rising edge-triggered flip-flop clocked by HCLK)
Endpoint: PADDR[19] (output port clocked by HCLK)
Path Group: HCLK
Path Type: min

Fanout         Cap        Slew       Delay        Time   Description
---------------------------------------------------------------------------------------------
                                  0.000000    0.000000   clock HCLK (rise edge)
                                  0.000000    0.000000   clock source latency
     1    0.059370    0.271235    0.194671    0.194671 ^ HCLK (in)
                                                         HCLK (net)
                      0.272238    0.000000    0.194671 ^ clkbuf_0_HCLK/A (sky130_fd_sc_hd__clkbuf_16)
     5    0.133985    0.147811    0.278990    0.473661 ^ clkbuf_0_HCLK/X (sky130_fd_sc_hd__clkbuf_16)
                                                         clknet_0_HCLK (net)
                      0.149171    0.011290    0.484951 ^ clkbuf_2_2_0_HCLK/A (sky130_fd_sc_hd__clkbuf_8)
     2    0.035281    0.075148    0.186583    0.671534 ^ clkbuf_2_2_0_HCLK/X (sky130_fd_sc_hd__clkbuf_8)
                                                         clknet_2_2_0_HCLK (net)
                      0.075449    0.003322    0.674856 ^ clkbuf_3_4__f_HCLK/A (sky130_fd_sc_hd__clkbuf_16)
    11    0.039034    0.058892    0.152107    0.826962 ^ clkbuf_3_4__f_HCLK/X (sky130_fd_sc_hd__clkbuf_16)
                                                         clknet_3_4__leaf_HCLK (net)
                      0.058922    0.001154    0.828116 ^ _170_/CLK (sky130_fd_sc_hd__dfrtp_1)
     2    0.005163    0.062991    0.336141    1.164257 ^ _170_/Q (sky130_fd_sc_hd__dfrtp_1)
                                                         net115 (net)
                      0.063041    0.000128    1.164386 ^ output115/A (sky130_fd_sc_hd__buf_2)
     1    0.035814    0.177468    0.209853    1.374239 ^ output115/X (sky130_fd_sc_hd__buf_2)
                                                         PADDR[19] (net)
                      0.177468    0.000694    1.374933 ^ PADDR[19] (out)
                                              1.374933   data arrival time

                                  0.000000    0.000000   clock HCLK (rise edge)
                                  0.000000    0.000000   clock network delay (propagated)
                                  0.250000    0.250000   clock uncertainty
                                  0.000000    0.250000   clock reconvergence pessimism
                                 -2.000000   -1.750000   output external delay
                                             -1.750000   data required time
---------------------------------------------------------------------------------------------
                                             -1.750000   data required time
                                             -1.374933   data arrival time
---------------------------------------------------------------------------------------------
                                              3.124933   slack (MET)


Startpoint: _160_ (rising edge-triggered flip-flop clocked by HCLK)
Endpoint: PADDR[9] (output port clocked by HCLK)
Path Group: HCLK
Path Type: min

Fanout         Cap        Slew       Delay        Time   Description
---------------------------------------------------------------------------------------------
                                  0.000000    0.000000   clock HCLK (rise edge)
                                  0.000000    0.000000   clock source latency
     1    0.059370    0.271235    0.194671    0.194671 ^ HCLK (in)
                                                         HCLK (net)
                      0.272238    0.000000    0.194671 ^ clkbuf_0_HCLK/A (sky130_fd_sc_hd__clkbuf_16)
     5    0.133985    0.147811    0.278990    0.473661 ^ clkbuf_0_HCLK/X (sky130_fd_sc_hd__clkbuf_16)
                                                         clknet_0_HCLK (net)
                      0.149590    0.012878    0.486539 ^ clkbuf_2_0_0_HCLK/A (sky130_fd_sc_hd__clkbuf_8)
     2    0.039991    0.082545    0.192758    0.679297 ^ clkbuf_2_0_0_HCLK/X (sky130_fd_sc_hd__clkbuf_8)
                                                         clknet_2_0_0_HCLK (net)
                      0.082829    0.003462    0.682759 ^ clkbuf_3_1__f_HCLK/A (sky130_fd_sc_hd__clkbuf_16)
     7    0.035020    0.055187    0.150817    0.833576 ^ clkbuf_3_1__f_HCLK/X (sky130_fd_sc_hd__clkbuf_16)
                                                         clknet_3_1__leaf_HCLK (net)
                      0.055697    0.003972    0.837548 ^ _160_/CLK (sky130_fd_sc_hd__dfrtp_1)
     2    0.004829    0.060435    0.332697    1.170245 ^ _160_/Q (sky130_fd_sc_hd__dfrtp_1)
                                                         net136 (net)
                      0.060435    0.000066    1.170311 ^ output136/A (sky130_fd_sc_hd__buf_2)
     1    0.034409    0.170919    0.204176    1.374487 ^ output136/X (sky130_fd_sc_hd__buf_2)
                                                         PADDR[9] (net)
                      0.170920    0.000757    1.375244 ^ PADDR[9] (out)
                                              1.375244   data arrival time

                                  0.000000    0.000000   clock HCLK (rise edge)
                                  0.000000    0.000000   clock network delay (propagated)
                                  0.250000    0.250000   clock uncertainty
                                  0.000000    0.250000   clock reconvergence pessimism
                                 -2.000000   -1.750000   output external delay
                                             -1.750000   data required time
---------------------------------------------------------------------------------------------
                                             -1.750000   data required time
                                             -1.375244   data arrival time
---------------------------------------------------------------------------------------------
                                              3.125244   slack (MET)


Startpoint: _197_ (rising edge-triggered flip-flop clocked by HCLK)
Endpoint: PWDATA[14] (output port clocked by HCLK)
Path Group: HCLK
Path Type: min

Fanout         Cap        Slew       Delay        Time   Description
---------------------------------------------------------------------------------------------
                                  0.000000    0.000000   clock HCLK (rise edge)
                                  0.000000    0.000000   clock source latency
     1    0.059370    0.271235    0.194671    0.194671 ^ HCLK (in)
                                                         HCLK (net)
                      0.272238    0.000000    0.194671 ^ clkbuf_0_HCLK/A (sky130_fd_sc_hd__clkbuf_16)
     5    0.133985    0.147811    0.278990    0.473661 ^ clkbuf_0_HCLK/X (sky130_fd_sc_hd__clkbuf_16)
                                                         clknet_0_HCLK (net)
                      0.149590    0.012878    0.486539 ^ clkbuf_2_0_0_HCLK/A (sky130_fd_sc_hd__clkbuf_8)
     2    0.039991    0.082545    0.192758    0.679297 ^ clkbuf_2_0_0_HCLK/X (sky130_fd_sc_hd__clkbuf_8)
                                                         clknet_2_0_0_HCLK (net)
                      0.082829    0.003462    0.682759 ^ clkbuf_3_1__f_HCLK/A (sky130_fd_sc_hd__clkbuf_16)
     7    0.035020    0.055187    0.150817    0.833576 ^ clkbuf_3_1__f_HCLK/X (sky130_fd_sc_hd__clkbuf_16)
                                                         clknet_3_1__leaf_HCLK (net)
                      0.055768    0.004319    0.837895 ^ _197_/CLK (sky130_fd_sc_hd__dfrtp_1)
     2    0.004896    0.060948    0.333167    1.171063 ^ _197_/Q (sky130_fd_sc_hd__dfrtp_1)
                                                         net147 (net)
                      0.060948    0.000113    1.171176 ^ output147/A (sky130_fd_sc_hd__buf_2)
     1    0.034147    0.169686    0.203532    1.374708 ^ output147/X (sky130_fd_sc_hd__buf_2)
                                                         PWDATA[14] (net)
                      0.169687    0.000699    1.375407 ^ PWDATA[14] (out)
                                              1.375407   data arrival time

                                  0.000000    0.000000   clock HCLK (rise edge)
                                  0.000000    0.000000   clock network delay (propagated)
                                  0.250000    0.250000   clock uncertainty
                                  0.000000    0.250000   clock reconvergence pessimism
                                 -2.000000   -1.750000   output external delay
                                             -1.750000   data required time
---------------------------------------------------------------------------------------------
                                             -1.750000   data required time
                                             -1.375407   data arrival time
---------------------------------------------------------------------------------------------
                                              3.125407   slack (MET)


Startpoint: _189_ (rising edge-triggered flip-flop clocked by HCLK)
Endpoint: PWDATA[6] (output port clocked by HCLK)
Path Group: HCLK
Path Type: min

Fanout         Cap        Slew       Delay        Time   Description
---------------------------------------------------------------------------------------------
                                  0.000000    0.000000   clock HCLK (rise edge)
                                  0.000000    0.000000   clock source latency
     1    0.059370    0.271235    0.194671    0.194671 ^ HCLK (in)
                                                         HCLK (net)
                      0.272238    0.000000    0.194671 ^ clkbuf_0_HCLK/A (sky130_fd_sc_hd__clkbuf_16)
     5    0.133985    0.147811    0.278990    0.473661 ^ clkbuf_0_HCLK/X (sky130_fd_sc_hd__clkbuf_16)
                                                         clknet_0_HCLK (net)
                      0.149720    0.013334    0.486995 ^ clkbuf_2_1_0_HCLK/A (sky130_fd_sc_hd__clkbuf_8)
     2    0.036798    0.077541    0.188224    0.675219 ^ clkbuf_2_1_0_HCLK/X (sky130_fd_sc_hd__clkbuf_8)
                                                         clknet_2_1_0_HCLK (net)
                      0.078017    0.004412    0.679631 ^ clkbuf_3_2__f_HCLK/A (sky130_fd_sc_hd__clkbuf_16)
    10    0.035944    0.056112    0.150441    0.830072 ^ clkbuf_3_2__f_HCLK/X (sky130_fd_sc_hd__clkbuf_16)
                                                         clknet_3_2__leaf_HCLK (net)
                      0.056216    0.001529    0.831601 ^ _189_/CLK (sky130_fd_sc_hd__dfrtp_1)
     2    0.005591    0.066346    0.338027    1.169628 ^ _189_/Q (sky130_fd_sc_hd__dfrtp_1)
                                                         net170 (net)
                      0.066346    0.000134    1.169763 ^ output170/A (sky130_fd_sc_hd__buf_2)
     1    0.034191    0.169923    0.205669    1.375432 ^ output170/X (sky130_fd_sc_hd__buf_2)
                                                         PWDATA[6] (net)
                      0.169923    0.000696    1.376128 ^ PWDATA[6] (out)
                                              1.376128   data arrival time

                                  0.000000    0.000000   clock HCLK (rise edge)
                                  0.000000    0.000000   clock network delay (propagated)
                                  0.250000    0.250000   clock uncertainty
                                  0.000000    0.250000   clock reconvergence pessimism
                                 -2.000000   -1.750000   output external delay
                                             -1.750000   data required time
---------------------------------------------------------------------------------------------
                                             -1.750000   data required time
                                             -1.376128   data arrival time
---------------------------------------------------------------------------------------------
                                              3.126128   slack (MET)


Startpoint: _187_ (rising edge-triggered flip-flop clocked by HCLK)
Endpoint: PWDATA[4] (output port clocked by HCLK)
Path Group: HCLK
Path Type: min

Fanout         Cap        Slew       Delay        Time   Description
---------------------------------------------------------------------------------------------
                                  0.000000    0.000000   clock HCLK (rise edge)
                                  0.000000    0.000000   clock source latency
     1    0.059370    0.271235    0.194671    0.194671 ^ HCLK (in)
                                                         HCLK (net)
                      0.272238    0.000000    0.194671 ^ clkbuf_0_HCLK/A (sky130_fd_sc_hd__clkbuf_16)
     5    0.133985    0.147811    0.278990    0.473661 ^ clkbuf_0_HCLK/X (sky130_fd_sc_hd__clkbuf_16)
                                                         clknet_0_HCLK (net)
                      0.149590    0.012878    0.486539 ^ clkbuf_2_0_0_HCLK/A (sky130_fd_sc_hd__clkbuf_8)
     2    0.039991    0.082545    0.192758    0.679297 ^ clkbuf_2_0_0_HCLK/X (sky130_fd_sc_hd__clkbuf_8)
                                                         clknet_2_0_0_HCLK (net)
                      0.082829    0.003462    0.682759 ^ clkbuf_3_1__f_HCLK/A (sky130_fd_sc_hd__clkbuf_16)
     7    0.035020    0.055187    0.150817    0.833576 ^ clkbuf_3_1__f_HCLK/X (sky130_fd_sc_hd__clkbuf_16)
                                                         clknet_3_1__leaf_HCLK (net)
                      0.055649    0.003721    0.837298 ^ _187_/CLK (sky130_fd_sc_hd__dfrtp_1)
     2    0.004981    0.061591    0.333692    1.170989 ^ _187_/Q (sky130_fd_sc_hd__dfrtp_1)
                                                         net168 (net)
                      0.061591    0.000119    1.171109 ^ output168/A (sky130_fd_sc_hd__buf_2)
     1    0.034724    0.172409    0.205594    1.376703 ^ output168/X (sky130_fd_sc_hd__buf_2)
                                                         PWDATA[4] (net)
                      0.172410    0.000836    1.377539 ^ PWDATA[4] (out)
                                              1.377539   data arrival time

                                  0.000000    0.000000   clock HCLK (rise edge)
                                  0.000000    0.000000   clock network delay (propagated)
                                  0.250000    0.250000   clock uncertainty
                                  0.000000    0.250000   clock reconvergence pessimism
                                 -2.000000   -1.750000   output external delay
                                             -1.750000   data required time
---------------------------------------------------------------------------------------------
                                             -1.750000   data required time
                                             -1.377539   data arrival time
---------------------------------------------------------------------------------------------
                                              3.127538   slack (MET)


Startpoint: _155_ (rising edge-triggered flip-flop clocked by HCLK)
Endpoint: PADDR[4] (output port clocked by HCLK)
Path Group: HCLK
Path Type: min

Fanout         Cap        Slew       Delay        Time   Description
---------------------------------------------------------------------------------------------
                                  0.000000    0.000000   clock HCLK (rise edge)
                                  0.000000    0.000000   clock source latency
     1    0.059370    0.271235    0.194671    0.194671 ^ HCLK (in)
                                                         HCLK (net)
                      0.272238    0.000000    0.194671 ^ clkbuf_0_HCLK/A (sky130_fd_sc_hd__clkbuf_16)
     5    0.133985    0.147811    0.278990    0.473661 ^ clkbuf_0_HCLK/X (sky130_fd_sc_hd__clkbuf_16)
                                                         clknet_0_HCLK (net)
                      0.149171    0.011290    0.484951 ^ clkbuf_2_2_0_HCLK/A (sky130_fd_sc_hd__clkbuf_8)
     2    0.035281    0.075148    0.186583    0.671534 ^ clkbuf_2_2_0_HCLK/X (sky130_fd_sc_hd__clkbuf_8)
                                                         clknet_2_2_0_HCLK (net)
                      0.075449    0.003322    0.674856 ^ clkbuf_3_4__f_HCLK/A (sky130_fd_sc_hd__clkbuf_16)
    11    0.039034    0.058892    0.152107    0.826962 ^ clkbuf_3_4__f_HCLK/X (sky130_fd_sc_hd__clkbuf_16)
                                                         clknet_3_4__leaf_HCLK (net)
                      0.058897    0.000623    0.827585 ^ _155_/CLK (sky130_fd_sc_hd__dfrtp_1)
     2    0.005817    0.068106    0.340532    1.168118 ^ _155_/Q (sky130_fd_sc_hd__dfrtp_1)
                                                         net131 (net)
                      0.068106    0.000164    1.168282 ^ output131/A (sky130_fd_sc_hd__buf_2)
     1    0.034929    0.173366    0.208806    1.377087 ^ output131/X (sky130_fd_sc_hd__buf_2)
                                                         PADDR[4] (net)
                      0.173366    0.000651    1.377738 ^ PADDR[4] (out)
                                              1.377738   data arrival time

                                  0.000000    0.000000   clock HCLK (rise edge)
                                  0.000000    0.000000   clock network delay (propagated)
                                  0.250000    0.250000   clock uncertainty
                                  0.000000    0.250000   clock reconvergence pessimism
                                 -2.000000   -1.750000   output external delay
                                             -1.750000   data required time
---------------------------------------------------------------------------------------------
                                             -1.750000   data required time
                                             -1.377738   data arrival time
---------------------------------------------------------------------------------------------
                                              3.127738   slack (MET)


Startpoint: _154_ (rising edge-triggered flip-flop clocked by HCLK)
Endpoint: PADDR[3] (output port clocked by HCLK)
Path Group: HCLK
Path Type: min

Fanout         Cap        Slew       Delay        Time   Description
---------------------------------------------------------------------------------------------
                                  0.000000    0.000000   clock HCLK (rise edge)
                                  0.000000    0.000000   clock source latency
     1    0.059370    0.271235    0.194671    0.194671 ^ HCLK (in)
                                                         HCLK (net)
                      0.272238    0.000000    0.194671 ^ clkbuf_0_HCLK/A (sky130_fd_sc_hd__clkbuf_16)
     5    0.133985    0.147811    0.278990    0.473661 ^ clkbuf_0_HCLK/X (sky130_fd_sc_hd__clkbuf_16)
                                                         clknet_0_HCLK (net)
                      0.149171    0.011290    0.484951 ^ clkbuf_2_2_0_HCLK/A (sky130_fd_sc_hd__clkbuf_8)
     2    0.035281    0.075148    0.186583    0.671534 ^ clkbuf_2_2_0_HCLK/X (sky130_fd_sc_hd__clkbuf_8)
                                                         clknet_2_2_0_HCLK (net)
                      0.075449    0.003322    0.674856 ^ clkbuf_3_4__f_HCLK/A (sky130_fd_sc_hd__clkbuf_16)
    11    0.039034    0.058892    0.152107    0.826962 ^ clkbuf_3_4__f_HCLK/X (sky130_fd_sc_hd__clkbuf_16)
                                                         clknet_3_4__leaf_HCLK (net)
                      0.058902    0.000765    0.827727 ^ _154_/CLK (sky130_fd_sc_hd__dfrtp_1)
     2    0.005835    0.068248    0.340661    1.168388 ^ _154_/Q (sky130_fd_sc_hd__dfrtp_1)
                                                         net130 (net)
                      0.068248    0.000136    1.168525 ^ output130/A (sky130_fd_sc_hd__buf_2)
     1    0.035339    0.175289    0.210180    1.378705 ^ output130/X (sky130_fd_sc_hd__buf_2)
                                                         PADDR[3] (net)
                      0.175290    0.000708    1.379413 ^ PADDR[3] (out)
                                              1.379413   data arrival time

                                  0.000000    0.000000   clock HCLK (rise edge)
                                  0.000000    0.000000   clock network delay (propagated)
                                  0.250000    0.250000   clock uncertainty
                                  0.000000    0.250000   clock reconvergence pessimism
                                 -2.000000   -1.750000   output external delay
                                             -1.750000   data required time
---------------------------------------------------------------------------------------------
                                             -1.750000   data required time
                                             -1.379413   data arrival time
---------------------------------------------------------------------------------------------
                                              3.129413   slack (MET)


Startpoint: _192_ (rising edge-triggered flip-flop clocked by HCLK)
Endpoint: PWDATA[9] (output port clocked by HCLK)
Path Group: HCLK
Path Type: min

Fanout         Cap        Slew       Delay        Time   Description
---------------------------------------------------------------------------------------------
                                  0.000000    0.000000   clock HCLK (rise edge)
                                  0.000000    0.000000   clock source latency
     1    0.059370    0.271235    0.194671    0.194671 ^ HCLK (in)
                                                         HCLK (net)
                      0.272238    0.000000    0.194671 ^ clkbuf_0_HCLK/A (sky130_fd_sc_hd__clkbuf_16)
     5    0.133985    0.147811    0.278990    0.473661 ^ clkbuf_0_HCLK/X (sky130_fd_sc_hd__clkbuf_16)
                                                         clknet_0_HCLK (net)
                      0.149171    0.011290    0.484951 ^ clkbuf_2_2_0_HCLK/A (sky130_fd_sc_hd__clkbuf_8)
     2    0.035281    0.075148    0.186583    0.671534 ^ clkbuf_2_2_0_HCLK/X (sky130_fd_sc_hd__clkbuf_8)
                                                         clknet_2_2_0_HCLK (net)
                      0.075526    0.003826    0.675360 ^ clkbuf_3_5__f_HCLK/A (sky130_fd_sc_hd__clkbuf_16)
    11    0.034216    0.054644    0.148324    0.823684 ^ clkbuf_3_5__f_HCLK/X (sky130_fd_sc_hd__clkbuf_16)
                                                         clknet_3_5__leaf_HCLK (net)
                      0.054662    0.001067    0.824750 ^ _192_/CLK (sky130_fd_sc_hd__dfrtp_1)
     2    0.005937    0.069049    0.339752    1.164503 ^ _192_/Q (sky130_fd_sc_hd__dfrtp_1)
                                                         net173 (net)
                      0.069049    0.000179    1.164681 ^ output173/A (sky130_fd_sc_hd__buf_2)
     1    0.036421    0.180119    0.214011    1.378692 ^ output173/X (sky130_fd_sc_hd__buf_2)
                                                         PWDATA[9] (net)
                      0.180119    0.000804    1.379496 ^ PWDATA[9] (out)
                                              1.379496   data arrival time

                                  0.000000    0.000000   clock HCLK (rise edge)
                                  0.000000    0.000000   clock network delay (propagated)
                                  0.250000    0.250000   clock uncertainty
                                  0.000000    0.250000   clock reconvergence pessimism
                                 -2.000000   -1.750000   output external delay
                                             -1.750000   data required time
---------------------------------------------------------------------------------------------
                                             -1.750000   data required time
                                             -1.379496   data arrival time
---------------------------------------------------------------------------------------------
                                              3.129496   slack (MET)


Startpoint: _168_ (rising edge-triggered flip-flop clocked by HCLK)
Endpoint: PADDR[17] (output port clocked by HCLK)
Path Group: HCLK
Path Type: min

Fanout         Cap        Slew       Delay        Time   Description
---------------------------------------------------------------------------------------------
                                  0.000000    0.000000   clock HCLK (rise edge)
                                  0.000000    0.000000   clock source latency
     1    0.059370    0.271235    0.194671    0.194671 ^ HCLK (in)
                                                         HCLK (net)
                      0.272238    0.000000    0.194671 ^ clkbuf_0_HCLK/A (sky130_fd_sc_hd__clkbuf_16)
     5    0.133985    0.147811    0.278990    0.473661 ^ clkbuf_0_HCLK/X (sky130_fd_sc_hd__clkbuf_16)
                                                         clknet_0_HCLK (net)
                      0.149720    0.013334    0.486995 ^ clkbuf_2_1_0_HCLK/A (sky130_fd_sc_hd__clkbuf_8)
     2    0.036798    0.077541    0.188224    0.675219 ^ clkbuf_2_1_0_HCLK/X (sky130_fd_sc_hd__clkbuf_8)
                                                         clknet_2_1_0_HCLK (net)
                      0.078017    0.004412    0.679631 ^ clkbuf_3_2__f_HCLK/A (sky130_fd_sc_hd__clkbuf_16)
    10    0.035944    0.056112    0.150441    0.830072 ^ clkbuf_3_2__f_HCLK/X (sky130_fd_sc_hd__clkbuf_16)
                                                         clknet_3_2__leaf_HCLK (net)
                      0.056270    0.002077    0.832148 ^ _168_/CLK (sky130_fd_sc_hd__dfrtp_1)
     2    0.005833    0.068234    0.339649    1.171798 ^ _168_/Q (sky130_fd_sc_hd__dfrtp_1)
                                                         net113 (net)
                      0.068234    0.000197    1.171995 ^ output113/A (sky130_fd_sc_hd__buf_2)
     1    0.034429    0.171057    0.207111    1.379106 ^ output113/X (sky130_fd_sc_hd__buf_2)
                                                         PADDR[17] (net)
                      0.171058    0.000762    1.379868 ^ PADDR[17] (out)
                                              1.379868   data arrival time

                                  0.000000    0.000000   clock HCLK (rise edge)
                                  0.000000    0.000000   clock network delay (propagated)
                                  0.250000    0.250000   clock uncertainty
                                  0.000000    0.250000   clock reconvergence pessimism
                                 -2.000000   -1.750000   output external delay
                                             -1.750000   data required time
---------------------------------------------------------------------------------------------
                                             -1.750000   data required time
                                             -1.379868   data arrival time
---------------------------------------------------------------------------------------------
                                              3.129868   slack (MET)


Startpoint: _212_ (rising edge-triggered flip-flop clocked by HCLK)
Endpoint: PWDATA[29] (output port clocked by HCLK)
Path Group: HCLK
Path Type: min

Fanout         Cap        Slew       Delay        Time   Description
---------------------------------------------------------------------------------------------
                                  0.000000    0.000000   clock HCLK (rise edge)
                                  0.000000    0.000000   clock source latency
     1    0.059370    0.271235    0.194671    0.194671 ^ HCLK (in)
                                                         HCLK (net)
                      0.272238    0.000000    0.194671 ^ clkbuf_0_HCLK/A (sky130_fd_sc_hd__clkbuf_16)
     5    0.133985    0.147811    0.278990    0.473661 ^ clkbuf_0_HCLK/X (sky130_fd_sc_hd__clkbuf_16)
                                                         clknet_0_HCLK (net)
                      0.149590    0.012878    0.486539 ^ clkbuf_2_0_0_HCLK/A (sky130_fd_sc_hd__clkbuf_8)
     2    0.039991    0.082545    0.192758    0.679297 ^ clkbuf_2_0_0_HCLK/X (sky130_fd_sc_hd__clkbuf_8)
                                                         clknet_2_0_0_HCLK (net)
                      0.082829    0.003462    0.682759 ^ clkbuf_3_1__f_HCLK/A (sky130_fd_sc_hd__clkbuf_16)
     7    0.035020    0.055187    0.150817    0.833576 ^ clkbuf_3_1__f_HCLK/X (sky130_fd_sc_hd__clkbuf_16)
                                                         clknet_3_1__leaf_HCLK (net)
                      0.055609    0.003507    0.837083 ^ _212_/CLK (sky130_fd_sc_hd__dfrtp_1)
     2    0.005411    0.064951    0.336574    1.173657 ^ _212_/Q (sky130_fd_sc_hd__dfrtp_1)
                                                         net163 (net)
                      0.064951    0.000131    1.173789 ^ output163/A (sky130_fd_sc_hd__buf_2)
     1    0.034395    0.170874    0.205808    1.379597 ^ output163/X (sky130_fd_sc_hd__buf_2)
                                                         PWDATA[29] (net)
                      0.170875    0.000735    1.380332 ^ PWDATA[29] (out)
                                              1.380332   data arrival time

                                  0.000000    0.000000   clock HCLK (rise edge)
                                  0.000000    0.000000   clock network delay (propagated)
                                  0.250000    0.250000   clock uncertainty
                                  0.000000    0.250000   clock reconvergence pessimism
                                 -2.000000   -1.750000   output external delay
                                             -1.750000   data required time
---------------------------------------------------------------------------------------------
                                             -1.750000   data required time
                                             -1.380332   data arrival time
---------------------------------------------------------------------------------------------
                                              3.130332   slack (MET)


Startpoint: _180_ (rising edge-triggered flip-flop clocked by HCLK)
Endpoint: PADDR[29] (output port clocked by HCLK)
Path Group: HCLK
Path Type: min

Fanout         Cap        Slew       Delay        Time   Description
---------------------------------------------------------------------------------------------
                                  0.000000    0.000000   clock HCLK (rise edge)
                                  0.000000    0.000000   clock source latency
     1    0.059370    0.271235    0.194671    0.194671 ^ HCLK (in)
                                                         HCLK (net)
                      0.272238    0.000000    0.194671 ^ clkbuf_0_HCLK/A (sky130_fd_sc_hd__clkbuf_16)
     5    0.133985    0.147811    0.278990    0.473661 ^ clkbuf_0_HCLK/X (sky130_fd_sc_hd__clkbuf_16)
                                                         clknet_0_HCLK (net)
                      0.149720    0.013334    0.486995 ^ clkbuf_2_1_0_HCLK/A (sky130_fd_sc_hd__clkbuf_8)
     2    0.036798    0.077541    0.188224    0.675219 ^ clkbuf_2_1_0_HCLK/X (sky130_fd_sc_hd__clkbuf_8)
                                                         clknet_2_1_0_HCLK (net)
                      0.078017    0.004412    0.679631 ^ clkbuf_3_2__f_HCLK/A (sky130_fd_sc_hd__clkbuf_16)
    10    0.035944    0.056112    0.150441    0.830072 ^ clkbuf_3_2__f_HCLK/X (sky130_fd_sc_hd__clkbuf_16)
                                                         clknet_3_2__leaf_HCLK (net)
                      0.056256    0.001946    0.832018 ^ _180_/CLK (sky130_fd_sc_hd__dfrtp_1)
     2    0.005767    0.067710    0.339219    1.171237 ^ _180_/Q (sky130_fd_sc_hd__dfrtp_1)
                                                         net126 (net)
                      0.067710    0.000153    1.171390 ^ output126/A (sky130_fd_sc_hd__buf_2)
     1    0.035335    0.175267    0.209958    1.381348 ^ output126/X (sky130_fd_sc_hd__buf_2)
                                                         PADDR[29] (net)
                      0.175268    0.000723    1.382072 ^ PADDR[29] (out)
                                              1.382072   data arrival time

                                  0.000000    0.000000   clock HCLK (rise edge)
                                  0.000000    0.000000   clock network delay (propagated)
                                  0.250000    0.250000   clock uncertainty
                                  0.000000    0.250000   clock reconvergence pessimism
                                 -2.000000   -1.750000   output external delay
                                             -1.750000   data required time
---------------------------------------------------------------------------------------------
                                             -1.750000   data required time
                                             -1.382072   data arrival time
---------------------------------------------------------------------------------------------
                                              3.132071   slack (MET)


Startpoint: _159_ (rising edge-triggered flip-flop clocked by HCLK)
Endpoint: PADDR[8] (output port clocked by HCLK)
Path Group: HCLK
Path Type: min

Fanout         Cap        Slew       Delay        Time   Description
---------------------------------------------------------------------------------------------
                                  0.000000    0.000000   clock HCLK (rise edge)
                                  0.000000    0.000000   clock source latency
     1    0.059370    0.271235    0.194671    0.194671 ^ HCLK (in)
                                                         HCLK (net)
                      0.272238    0.000000    0.194671 ^ clkbuf_0_HCLK/A (sky130_fd_sc_hd__clkbuf_16)
     5    0.133985    0.147811    0.278990    0.473661 ^ clkbuf_0_HCLK/X (sky130_fd_sc_hd__clkbuf_16)
                                                         clknet_0_HCLK (net)
                      0.149720    0.013334    0.486995 ^ clkbuf_2_1_0_HCLK/A (sky130_fd_sc_hd__clkbuf_8)
     2    0.036798    0.077541    0.188224    0.675219 ^ clkbuf_2_1_0_HCLK/X (sky130_fd_sc_hd__clkbuf_8)
                                                         clknet_2_1_0_HCLK (net)
                      0.078017    0.004412    0.679631 ^ clkbuf_3_2__f_HCLK/A (sky130_fd_sc_hd__clkbuf_16)
    10    0.035944    0.056112    0.150441    0.830072 ^ clkbuf_3_2__f_HCLK/X (sky130_fd_sc_hd__clkbuf_16)
                                                         clknet_3_2__leaf_HCLK (net)
                      0.056236    0.001748    0.831820 ^ _159_/CLK (sky130_fd_sc_hd__dfrtp_1)
     2    0.006402    0.072706    0.343444    1.175264 ^ _159_/Q (sky130_fd_sc_hd__dfrtp_1)
                                                         net135 (net)
                      0.072706    0.000257    1.175521 ^ output135/A (sky130_fd_sc_hd__buf_2)
     1    0.034580    0.171782    0.209282    1.384803 ^ output135/X (sky130_fd_sc_hd__buf_2)
                                                         PADDR[8] (net)
                      0.171783    0.000729    1.385531 ^ PADDR[8] (out)
                                              1.385531   data arrival time

                                  0.000000    0.000000   clock HCLK (rise edge)
                                  0.000000    0.000000   clock network delay (propagated)
                                  0.250000    0.250000   clock uncertainty
                                  0.000000    0.250000   clock reconvergence pessimism
                                 -2.000000   -1.750000   output external delay
                                             -1.750000   data required time
---------------------------------------------------------------------------------------------
                                             -1.750000   data required time
                                             -1.385531   data arrival time
---------------------------------------------------------------------------------------------
                                              3.135531   slack (MET)


Startpoint: _202_ (rising edge-triggered flip-flop clocked by HCLK)
Endpoint: PWDATA[19] (output port clocked by HCLK)
Path Group: HCLK
Path Type: min

Fanout         Cap        Slew       Delay        Time   Description
---------------------------------------------------------------------------------------------
                                  0.000000    0.000000   clock HCLK (rise edge)
                                  0.000000    0.000000   clock source latency
     1    0.059370    0.271235    0.194671    0.194671 ^ HCLK (in)
                                                         HCLK (net)
                      0.272238    0.000000    0.194671 ^ clkbuf_0_HCLK/A (sky130_fd_sc_hd__clkbuf_16)
     5    0.133985    0.147811    0.278990    0.473661 ^ clkbuf_0_HCLK/X (sky130_fd_sc_hd__clkbuf_16)
                                                         clknet_0_HCLK (net)
                      0.149590    0.012878    0.486539 ^ clkbuf_2_0_0_HCLK/A (sky130_fd_sc_hd__clkbuf_8)
     2    0.039991    0.082545    0.192758    0.679297 ^ clkbuf_2_0_0_HCLK/X (sky130_fd_sc_hd__clkbuf_8)
                                                         clknet_2_0_0_HCLK (net)
                      0.082829    0.003462    0.682759 ^ clkbuf_3_1__f_HCLK/A (sky130_fd_sc_hd__clkbuf_16)
     7    0.035020    0.055187    0.150817    0.833576 ^ clkbuf_3_1__f_HCLK/X (sky130_fd_sc_hd__clkbuf_16)
                                                         clknet_3_1__leaf_HCLK (net)
                      0.055719    0.004083    0.837659 ^ _202_/CLK (sky130_fd_sc_hd__dfrtp_1)
     2    0.006003    0.069555    0.340614    1.178272 ^ _202_/Q (sky130_fd_sc_hd__dfrtp_1)
                                                         net152 (net)
                      0.069555    0.000134    1.178406 ^ output152/A (sky130_fd_sc_hd__buf_2)
     1    0.034551    0.171634    0.208002    1.386408 ^ output152/X (sky130_fd_sc_hd__buf_2)
                                                         PWDATA[19] (net)
                      0.171635    0.000765    1.387173 ^ PWDATA[19] (out)
                                              1.387173   data arrival time

                                  0.000000    0.000000   clock HCLK (rise edge)
                                  0.000000    0.000000   clock network delay (propagated)
                                  0.250000    0.250000   clock uncertainty
                                  0.000000    0.250000   clock reconvergence pessimism
                                 -2.000000   -1.750000   output external delay
                                             -1.750000   data required time
---------------------------------------------------------------------------------------------
                                             -1.750000   data required time
                                             -1.387173   data arrival time
---------------------------------------------------------------------------------------------
                                              3.137173   slack (MET)


Startpoint: _185_ (rising edge-triggered flip-flop clocked by HCLK)
Endpoint: PWDATA[2] (output port clocked by HCLK)
Path Group: HCLK
Path Type: min

Fanout         Cap        Slew       Delay        Time   Description
---------------------------------------------------------------------------------------------
                                  0.000000    0.000000   clock HCLK (rise edge)
                                  0.000000    0.000000   clock source latency
     1    0.059370    0.271235    0.194671    0.194671 ^ HCLK (in)
                                                         HCLK (net)
                      0.272238    0.000000    0.194671 ^ clkbuf_0_HCLK/A (sky130_fd_sc_hd__clkbuf_16)
     5    0.133985    0.147811    0.278990    0.473661 ^ clkbuf_0_HCLK/X (sky130_fd_sc_hd__clkbuf_16)
                                                         clknet_0_HCLK (net)
                      0.149171    0.011290    0.484951 ^ clkbuf_2_2_0_HCLK/A (sky130_fd_sc_hd__clkbuf_8)
     2    0.035281    0.075148    0.186583    0.671534 ^ clkbuf_2_2_0_HCLK/X (sky130_fd_sc_hd__clkbuf_8)
                                                         clknet_2_2_0_HCLK (net)
                      0.075526    0.003826    0.675360 ^ clkbuf_3_5__f_HCLK/A (sky130_fd_sc_hd__clkbuf_16)
    11    0.034216    0.054644    0.148324    0.823684 ^ clkbuf_3_5__f_HCLK/X (sky130_fd_sc_hd__clkbuf_16)
                                                         clknet_3_5__leaf_HCLK (net)
                      0.054665    0.001106    0.824790 ^ _185_/CLK (sky130_fd_sc_hd__dfrtp_1)
     2    0.007063    0.077939    0.347304    1.172094 ^ _185_/Q (sky130_fd_sc_hd__dfrtp_1)
                                                         net164 (net)
                      0.077939    0.000298    1.172392 ^ output164/A (sky130_fd_sc_hd__buf_2)
     1    0.035725    0.177164    0.214975    1.387367 ^ output164/X (sky130_fd_sc_hd__buf_2)
                                                         PWDATA[2] (net)
                      0.177165    0.000792    1.388159 ^ PWDATA[2] (out)
                                              1.388159   data arrival time

                                  0.000000    0.000000   clock HCLK (rise edge)
                                  0.000000    0.000000   clock network delay (propagated)
                                  0.250000    0.250000   clock uncertainty
                                  0.000000    0.250000   clock reconvergence pessimism
                                 -2.000000   -1.750000   output external delay
                                             -1.750000   data required time
---------------------------------------------------------------------------------------------
                                             -1.750000   data required time
                                             -1.388159   data arrival time
---------------------------------------------------------------------------------------------
                                              3.138159   slack (MET)


Startpoint: _162_ (rising edge-triggered flip-flop clocked by HCLK)
Endpoint: PADDR[11] (output port clocked by HCLK)
Path Group: HCLK
Path Type: min

Fanout         Cap        Slew       Delay        Time   Description
---------------------------------------------------------------------------------------------
                                  0.000000    0.000000   clock HCLK (rise edge)
                                  0.000000    0.000000   clock source latency
     1    0.059370    0.271235    0.194671    0.194671 ^ HCLK (in)
                                                         HCLK (net)
                      0.272238    0.000000    0.194671 ^ clkbuf_0_HCLK/A (sky130_fd_sc_hd__clkbuf_16)
     5    0.133985    0.147811    0.278990    0.473661 ^ clkbuf_0_HCLK/X (sky130_fd_sc_hd__clkbuf_16)
                                                         clknet_0_HCLK (net)
                      0.149171    0.011290    0.484951 ^ clkbuf_2_2_0_HCLK/A (sky130_fd_sc_hd__clkbuf_8)
     2    0.035281    0.075148    0.186583    0.671534 ^ clkbuf_2_2_0_HCLK/X (sky130_fd_sc_hd__clkbuf_8)
                                                         clknet_2_2_0_HCLK (net)
                      0.075449    0.003322    0.674856 ^ clkbuf_3_4__f_HCLK/A (sky130_fd_sc_hd__clkbuf_16)
    11    0.039034    0.058892    0.152107    0.826962 ^ clkbuf_3_4__f_HCLK/X (sky130_fd_sc_hd__clkbuf_16)
                                                         clknet_3_4__leaf_HCLK (net)
                      0.058917    0.001069    0.828032 ^ _162_/CLK (sky130_fd_sc_hd__dfrtp_1)
     2    0.006844    0.076189    0.347436    1.175467 ^ _162_/Q (sky130_fd_sc_hd__dfrtp_1)
                                                         net107 (net)
                      0.076189    0.000234    1.175702 ^ output107/A (sky130_fd_sc_hd__buf_2)
     1    0.035359    0.175452    0.213085    1.388787 ^ output107/X (sky130_fd_sc_hd__buf_2)
                                                         PADDR[11] (net)
                      0.175454    0.000829    1.389616 ^ PADDR[11] (out)
                                              1.389616   data arrival time

                                  0.000000    0.000000   clock HCLK (rise edge)
                                  0.000000    0.000000   clock network delay (propagated)
                                  0.250000    0.250000   clock uncertainty
                                  0.000000    0.250000   clock reconvergence pessimism
                                 -2.000000   -1.750000   output external delay
                                             -1.750000   data required time
---------------------------------------------------------------------------------------------
                                             -1.750000   data required time
                                             -1.389616   data arrival time
---------------------------------------------------------------------------------------------
                                              3.139616   slack (MET)


Startpoint: _158_ (rising edge-triggered flip-flop clocked by HCLK)
Endpoint: PADDR[7] (output port clocked by HCLK)
Path Group: HCLK
Path Type: min

Fanout         Cap        Slew       Delay        Time   Description
---------------------------------------------------------------------------------------------
                                  0.000000    0.000000   clock HCLK (rise edge)
                                  0.000000    0.000000   clock source latency
     1    0.059370    0.271235    0.194671    0.194671 ^ HCLK (in)
                                                         HCLK (net)
                      0.272238    0.000000    0.194671 ^ clkbuf_0_HCLK/A (sky130_fd_sc_hd__clkbuf_16)
     5    0.133985    0.147811    0.278990    0.473661 ^ clkbuf_0_HCLK/X (sky130_fd_sc_hd__clkbuf_16)
                                                         clknet_0_HCLK (net)
                      0.149720    0.013334    0.486995 ^ clkbuf_2_1_0_HCLK/A (sky130_fd_sc_hd__clkbuf_8)
     2    0.036798    0.077541    0.188224    0.675219 ^ clkbuf_2_1_0_HCLK/X (sky130_fd_sc_hd__clkbuf_8)
                                                         clknet_2_1_0_HCLK (net)
                      0.077988    0.004251    0.679471 ^ clkbuf_3_3__f_HCLK/A (sky130_fd_sc_hd__clkbuf_16)
    10    0.027154    0.048291    0.144194    0.823665 ^ clkbuf_3_3__f_HCLK/X (sky130_fd_sc_hd__clkbuf_16)
                                                         clknet_3_3__leaf_HCLK (net)
                      0.048301    0.000603    0.824268 ^ _158_/CLK (sky130_fd_sc_hd__dfrtp_1)
     2    0.007951    0.085006    0.350919    1.175187 ^ _158_/Q (sky130_fd_sc_hd__dfrtp_1)
                                                         net134 (net)
                      0.085006    0.000287    1.175474 ^ output134/A (sky130_fd_sc_hd__buf_2)
     1    0.034630    0.172077    0.214003    1.389476 ^ output134/X (sky130_fd_sc_hd__buf_2)
                                                         PADDR[7] (net)
                      0.172077    0.000696    1.390172 ^ PADDR[7] (out)
                                              1.390172   data arrival time

                                  0.000000    0.000000   clock HCLK (rise edge)
                                  0.000000    0.000000   clock network delay (propagated)
                                  0.250000    0.250000   clock uncertainty
                                  0.000000    0.250000   clock reconvergence pessimism
                                 -2.000000   -1.750000   output external delay
                                             -1.750000   data required time
---------------------------------------------------------------------------------------------
                                             -1.750000   data required time
                                             -1.390172   data arrival time
---------------------------------------------------------------------------------------------
                                              3.140172   slack (MET)


Startpoint: _208_ (rising edge-triggered flip-flop clocked by HCLK)
Endpoint: PWDATA[25] (output port clocked by HCLK)
Path Group: HCLK
Path Type: min

Fanout         Cap        Slew       Delay        Time   Description
---------------------------------------------------------------------------------------------
                                  0.000000    0.000000   clock HCLK (rise edge)
                                  0.000000    0.000000   clock source latency
     1    0.059370    0.271235    0.194671    0.194671 ^ HCLK (in)
                                                         HCLK (net)
                      0.272238    0.000000    0.194671 ^ clkbuf_0_HCLK/A (sky130_fd_sc_hd__clkbuf_16)
     5    0.133985    0.147811    0.278990    0.473661 ^ clkbuf_0_HCLK/X (sky130_fd_sc_hd__clkbuf_16)
                                                         clknet_0_HCLK (net)
                      0.149171    0.011290    0.484951 ^ clkbuf_2_2_0_HCLK/A (sky130_fd_sc_hd__clkbuf_8)
     2    0.035281    0.075148    0.186583    0.671534 ^ clkbuf_2_2_0_HCLK/X (sky130_fd_sc_hd__clkbuf_8)
                                                         clknet_2_2_0_HCLK (net)
                      0.075526    0.003826    0.675360 ^ clkbuf_3_5__f_HCLK/A (sky130_fd_sc_hd__clkbuf_16)
    11    0.034216    0.054644    0.148324    0.823684 ^ clkbuf_3_5__f_HCLK/X (sky130_fd_sc_hd__clkbuf_16)
                                                         clknet_3_5__leaf_HCLK (net)
                      0.054666    0.001113    0.824796 ^ _208_/CLK (sky130_fd_sc_hd__dfrtp_1)
     2    0.007707    0.083058    0.351658    1.176455 ^ _208_/Q (sky130_fd_sc_hd__dfrtp_1)
                                                         net159 (net)
                      0.083058    0.000284    1.176738 ^ output159/A (sky130_fd_sc_hd__buf_2)
     1    0.035200    0.174715    0.215213    1.391951 ^ output159/X (sky130_fd_sc_hd__buf_2)
                                                         PWDATA[25] (net)
                      0.174715    0.000653    1.392604 ^ PWDATA[25] (out)
                                              1.392604   data arrival time

                                  0.000000    0.000000   clock HCLK (rise edge)
                                  0.000000    0.000000   clock network delay (propagated)
                                  0.250000    0.250000   clock uncertainty
                                  0.000000    0.250000   clock reconvergence pessimism
                                 -2.000000   -1.750000   output external delay
                                             -1.750000   data required time
---------------------------------------------------------------------------------------------
                                             -1.750000   data required time
                                             -1.392604   data arrival time
---------------------------------------------------------------------------------------------
                                              3.142604   slack (MET)


Startpoint: _184_ (rising edge-triggered flip-flop clocked by HCLK)
Endpoint: PWDATA[1] (output port clocked by HCLK)
Path Group: HCLK
Path Type: min

Fanout         Cap        Slew       Delay        Time   Description
---------------------------------------------------------------------------------------------
                                  0.000000    0.000000   clock HCLK (rise edge)
                                  0.000000    0.000000   clock source latency
     1    0.059370    0.271235    0.194671    0.194671 ^ HCLK (in)
                                                         HCLK (net)
                      0.272238    0.000000    0.194671 ^ clkbuf_0_HCLK/A (sky130_fd_sc_hd__clkbuf_16)
     5    0.133985    0.147811    0.278990    0.473661 ^ clkbuf_0_HCLK/X (sky130_fd_sc_hd__clkbuf_16)
                                                         clknet_0_HCLK (net)
                      0.149720    0.013334    0.486995 ^ clkbuf_2_1_0_HCLK/A (sky130_fd_sc_hd__clkbuf_8)
     2    0.036798    0.077541    0.188224    0.675219 ^ clkbuf_2_1_0_HCLK/X (sky130_fd_sc_hd__clkbuf_8)
                                                         clknet_2_1_0_HCLK (net)
                      0.078017    0.004412    0.679631 ^ clkbuf_3_2__f_HCLK/A (sky130_fd_sc_hd__clkbuf_16)
    10    0.035944    0.056112    0.150441    0.830072 ^ clkbuf_3_2__f_HCLK/X (sky130_fd_sc_hd__clkbuf_16)
                                                         clknet_3_2__leaf_HCLK (net)
                      0.056245    0.001836    0.831908 ^ _184_/CLK (sky130_fd_sc_hd__dfrtp_1)
     2    0.007105    0.078256    0.348205    1.180112 ^ _184_/Q (sky130_fd_sc_hd__dfrtp_1)
                                                         net153 (net)
                      0.078256    0.000226    1.180338 ^ output153/A (sky130_fd_sc_hd__buf_2)
     1    0.035026    0.173908    0.212752    1.393090 ^ output153/X (sky130_fd_sc_hd__buf_2)
                                                         PWDATA[1] (net)
                      0.173910    0.000811    1.393901 ^ PWDATA[1] (out)
                                              1.393901   data arrival time

                                  0.000000    0.000000   clock HCLK (rise edge)
                                  0.000000    0.000000   clock network delay (propagated)
                                  0.250000    0.250000   clock uncertainty
                                  0.000000    0.250000   clock reconvergence pessimism
                                 -2.000000   -1.750000   output external delay
                                             -1.750000   data required time
---------------------------------------------------------------------------------------------
                                             -1.750000   data required time
                                             -1.393901   data arrival time
---------------------------------------------------------------------------------------------
                                              3.143901   slack (MET)


Startpoint: _175_ (rising edge-triggered flip-flop clocked by HCLK)
Endpoint: PADDR[24] (output port clocked by HCLK)
Path Group: HCLK
Path Type: min

Fanout         Cap        Slew       Delay        Time   Description
---------------------------------------------------------------------------------------------
                                  0.000000    0.000000   clock HCLK (rise edge)
                                  0.000000    0.000000   clock source latency
     1    0.059370    0.271235    0.194671    0.194671 ^ HCLK (in)
                                                         HCLK (net)
                      0.272238    0.000000    0.194671 ^ clkbuf_0_HCLK/A (sky130_fd_sc_hd__clkbuf_16)
     5    0.133985    0.147811    0.278990    0.473661 ^ clkbuf_0_HCLK/X (sky130_fd_sc_hd__clkbuf_16)
                                                         clknet_0_HCLK (net)
                      0.149720    0.013334    0.486995 ^ clkbuf_2_1_0_HCLK/A (sky130_fd_sc_hd__clkbuf_8)
     2    0.036798    0.077541    0.188224    0.675219 ^ clkbuf_2_1_0_HCLK/X (sky130_fd_sc_hd__clkbuf_8)
                                                         clknet_2_1_0_HCLK (net)
                      0.078017    0.004412    0.679631 ^ clkbuf_3_2__f_HCLK/A (sky130_fd_sc_hd__clkbuf_16)
    10    0.035944    0.056112    0.150441    0.830072 ^ clkbuf_3_2__f_HCLK/X (sky130_fd_sc_hd__clkbuf_16)
                                                         clknet_3_2__leaf_HCLK (net)
                      0.056262    0.002006    0.832078 ^ _175_/CLK (sky130_fd_sc_hd__dfrtp_1)
     2    0.007575    0.081993    0.351387    1.183465 ^ _175_/Q (sky130_fd_sc_hd__dfrtp_1)
                                                         net121 (net)
                      0.081993    0.000241    1.183706 ^ output121/A (sky130_fd_sc_hd__buf_2)
     1    0.034500    0.171460    0.212438    1.396144 ^ output121/X (sky130_fd_sc_hd__buf_2)
                                                         PADDR[24] (net)
                      0.171461    0.000727    1.396871 ^ PADDR[24] (out)
                                              1.396871   data arrival time

                                  0.000000    0.000000   clock HCLK (rise edge)
                                  0.000000    0.000000   clock network delay (propagated)
                                  0.250000    0.250000   clock uncertainty
                                  0.000000    0.250000   clock reconvergence pessimism
                                 -2.000000   -1.750000   output external delay
                                             -1.750000   data required time
---------------------------------------------------------------------------------------------
                                             -1.750000   data required time
                                             -1.396871   data arrival time
---------------------------------------------------------------------------------------------
                                              3.146871   slack (MET)


Startpoint: _165_ (rising edge-triggered flip-flop clocked by HCLK)
Endpoint: PADDR[14] (output port clocked by HCLK)
Path Group: HCLK
Path Type: min

Fanout         Cap        Slew       Delay        Time   Description
---------------------------------------------------------------------------------------------
                                  0.000000    0.000000   clock HCLK (rise edge)
                                  0.000000    0.000000   clock source latency
     1    0.059370    0.271235    0.194671    0.194671 ^ HCLK (in)
                                                         HCLK (net)
                      0.272238    0.000000    0.194671 ^ clkbuf_0_HCLK/A (sky130_fd_sc_hd__clkbuf_16)
     5    0.133985    0.147811    0.278990    0.473661 ^ clkbuf_0_HCLK/X (sky130_fd_sc_hd__clkbuf_16)
                                                         clknet_0_HCLK (net)
                      0.149590    0.012878    0.486539 ^ clkbuf_2_0_0_HCLK/A (sky130_fd_sc_hd__clkbuf_8)
     2    0.039991    0.082545    0.192758    0.679297 ^ clkbuf_2_0_0_HCLK/X (sky130_fd_sc_hd__clkbuf_8)
                                                         clknet_2_0_0_HCLK (net)
                      0.082829    0.003462    0.682759 ^ clkbuf_3_1__f_HCLK/A (sky130_fd_sc_hd__clkbuf_16)
     7    0.035020    0.055187    0.150817    0.833576 ^ clkbuf_3_1__f_HCLK/X (sky130_fd_sc_hd__clkbuf_16)
                                                         clknet_3_1__leaf_HCLK (net)
                      0.055763    0.004295    0.837871 ^ _165_/CLK (sky130_fd_sc_hd__dfrtp_1)
     2    0.007433    0.080857    0.350269    1.188140 ^ _165_/Q (sky130_fd_sc_hd__dfrtp_1)
                                                         net110 (net)
                      0.080857    0.000194    1.188334 ^ output110/A (sky130_fd_sc_hd__buf_2)
     1    0.034933    0.173506    0.213331    1.401664 ^ output110/X (sky130_fd_sc_hd__buf_2)
                                                         PADDR[14] (net)
                      0.173508    0.000915    1.402580 ^ PADDR[14] (out)
                                              1.402580   data arrival time

                                  0.000000    0.000000   clock HCLK (rise edge)
                                  0.000000    0.000000   clock network delay (propagated)
                                  0.250000    0.250000   clock uncertainty
                                  0.000000    0.250000   clock reconvergence pessimism
                                 -2.000000   -1.750000   output external delay
                                             -1.750000   data required time
---------------------------------------------------------------------------------------------
                                             -1.750000   data required time
                                             -1.402580   data arrival time
---------------------------------------------------------------------------------------------
                                              3.152580   slack (MET)


Startpoint: _206_ (rising edge-triggered flip-flop clocked by HCLK)
Endpoint: PWDATA[23] (output port clocked by HCLK)
Path Group: HCLK
Path Type: min

Fanout         Cap        Slew       Delay        Time   Description
---------------------------------------------------------------------------------------------
                                  0.000000    0.000000   clock HCLK (rise edge)
                                  0.000000    0.000000   clock source latency
     1    0.059370    0.271235    0.194671    0.194671 ^ HCLK (in)
                                                         HCLK (net)
                      0.272238    0.000000    0.194671 ^ clkbuf_0_HCLK/A (sky130_fd_sc_hd__clkbuf_16)
     5    0.133985    0.147811    0.278990    0.473661 ^ clkbuf_0_HCLK/X (sky130_fd_sc_hd__clkbuf_16)
                                                         clknet_0_HCLK (net)
                      0.149132    0.011130    0.484791 ^ clkbuf_2_3_0_HCLK/A (sky130_fd_sc_hd__clkbuf_8)
     2    0.038985    0.080656    0.191808    0.676599 ^ clkbuf_2_3_0_HCLK/X (sky130_fd_sc_hd__clkbuf_8)
                                                         clknet_2_3_0_HCLK (net)
                      0.080861    0.002748    0.679347 ^ clkbuf_3_6__f_HCLK/A (sky130_fd_sc_hd__clkbuf_16)
     8    0.072287    0.089992    0.175724    0.855070 ^ clkbuf_3_6__f_HCLK/X (sky130_fd_sc_hd__clkbuf_16)
                                                         clknet_3_6__leaf_HCLK (net)
                      0.090808    0.006779    0.861849 ^ _206_/CLK (sky130_fd_sc_hd__dfrtp_1)
     2    0.004069    0.054717    0.340677    1.202526 ^ _206_/Q (sky130_fd_sc_hd__dfrtp_1)
                                                         net157 (net)
                      0.054717    0.000101    1.202627 ^ output157/A (sky130_fd_sc_hd__buf_2)
     1    0.035003    0.173610    0.203914    1.406541 ^ output157/X (sky130_fd_sc_hd__buf_2)
                                                         PWDATA[23] (net)
                      0.173666    0.000948    1.407489 ^ PWDATA[23] (out)
                                              1.407489   data arrival time

                                  0.000000    0.000000   clock HCLK (rise edge)
                                  0.000000    0.000000   clock network delay (propagated)
                                  0.250000    0.250000   clock uncertainty
                                  0.000000    0.250000   clock reconvergence pessimism
                                 -2.000000   -1.750000   output external delay
                                             -1.750000   data required time
---------------------------------------------------------------------------------------------
                                             -1.750000   data required time
                                             -1.407489   data arrival time
---------------------------------------------------------------------------------------------
                                              3.157489   slack (MET)


Startpoint: _210_ (rising edge-triggered flip-flop clocked by HCLK)
Endpoint: PWDATA[27] (output port clocked by HCLK)
Path Group: HCLK
Path Type: min

Fanout         Cap        Slew       Delay        Time   Description
---------------------------------------------------------------------------------------------
                                  0.000000    0.000000   clock HCLK (rise edge)
                                  0.000000    0.000000   clock source latency
     1    0.059370    0.271235    0.194671    0.194671 ^ HCLK (in)
                                                         HCLK (net)
                      0.272238    0.000000    0.194671 ^ clkbuf_0_HCLK/A (sky130_fd_sc_hd__clkbuf_16)
     5    0.133985    0.147811    0.278990    0.473661 ^ clkbuf_0_HCLK/X (sky130_fd_sc_hd__clkbuf_16)
                                                         clknet_0_HCLK (net)
                      0.149720    0.013334    0.486995 ^ clkbuf_2_1_0_HCLK/A (sky130_fd_sc_hd__clkbuf_8)
     2    0.036798    0.077541    0.188224    0.675219 ^ clkbuf_2_1_0_HCLK/X (sky130_fd_sc_hd__clkbuf_8)
                                                         clknet_2_1_0_HCLK (net)
                      0.077988    0.004251    0.679471 ^ clkbuf_3_3__f_HCLK/A (sky130_fd_sc_hd__clkbuf_16)
    10    0.027154    0.048291    0.144194    0.823665 ^ clkbuf_3_3__f_HCLK/X (sky130_fd_sc_hd__clkbuf_16)
                                                         clknet_3_3__leaf_HCLK (net)
                      0.048295    0.000439    0.824104 ^ _210_/CLK (sky130_fd_sc_hd__dfrtp_1)
     2    0.009686    0.069079    0.391649    1.215752 v _210_/Q (sky130_fd_sc_hd__dfrtp_1)
                                                         net161 (net)
                      0.069079    0.000302    1.216054 v output161/A (sky130_fd_sc_hd__buf_2)
     1    0.034413    0.089835    0.191038    1.407092 v output161/X (sky130_fd_sc_hd__buf_2)
                                                         PWDATA[27] (net)
                      0.089841    0.000771    1.407863 v PWDATA[27] (out)
                                              1.407863   data arrival time

                                  0.000000    0.000000   clock HCLK (rise edge)
                                  0.000000    0.000000   clock network delay (propagated)
                                  0.250000    0.250000   clock uncertainty
                                  0.000000    0.250000   clock reconvergence pessimism
                                 -2.000000   -1.750000   output external delay
                                             -1.750000   data required time
---------------------------------------------------------------------------------------------
                                             -1.750000   data required time
                                             -1.407863   data arrival time
---------------------------------------------------------------------------------------------
                                              3.157863   slack (MET)


Startpoint: _199_ (rising edge-triggered flip-flop clocked by HCLK)
Endpoint: PWDATA[16] (output port clocked by HCLK)
Path Group: HCLK
Path Type: min

Fanout         Cap        Slew       Delay        Time   Description
---------------------------------------------------------------------------------------------
                                  0.000000    0.000000   clock HCLK (rise edge)
                                  0.000000    0.000000   clock source latency
     1    0.059370    0.271235    0.194671    0.194671 ^ HCLK (in)
                                                         HCLK (net)
                      0.272238    0.000000    0.194671 ^ clkbuf_0_HCLK/A (sky130_fd_sc_hd__clkbuf_16)
     5    0.133985    0.147811    0.278990    0.473661 ^ clkbuf_0_HCLK/X (sky130_fd_sc_hd__clkbuf_16)
                                                         clknet_0_HCLK (net)
                      0.149132    0.011130    0.484791 ^ clkbuf_2_3_0_HCLK/A (sky130_fd_sc_hd__clkbuf_8)
     2    0.038985    0.080656    0.191808    0.676599 ^ clkbuf_2_3_0_HCLK/X (sky130_fd_sc_hd__clkbuf_8)
                                                         clknet_2_3_0_HCLK (net)
                      0.080861    0.002748    0.679347 ^ clkbuf_3_6__f_HCLK/A (sky130_fd_sc_hd__clkbuf_16)
     8    0.072287    0.089992    0.175724    0.855070 ^ clkbuf_3_6__f_HCLK/X (sky130_fd_sc_hd__clkbuf_16)
                                                         clknet_3_6__leaf_HCLK (net)
                      0.090705    0.006345    0.861415 ^ _199_/CLK (sky130_fd_sc_hd__dfrtp_1)
     2    0.004772    0.060011    0.345372    1.206787 ^ _199_/Q (sky130_fd_sc_hd__dfrtp_1)
                                                         net149 (net)
                      0.060011    0.000117    1.206904 ^ output149/A (sky130_fd_sc_hd__buf_2)
     1    0.034299    0.170400    0.203654    1.410558 ^ output149/X (sky130_fd_sc_hd__buf_2)
                                                         PWDATA[16] (net)
                      0.170401    0.000753    1.411312 ^ PWDATA[16] (out)
                                              1.411312   data arrival time

                                  0.000000    0.000000   clock HCLK (rise edge)
                                  0.000000    0.000000   clock network delay (propagated)
                                  0.250000    0.250000   clock uncertainty
                                  0.000000    0.250000   clock reconvergence pessimism
                                 -2.000000   -1.750000   output external delay
                                             -1.750000   data required time
---------------------------------------------------------------------------------------------
                                             -1.750000   data required time
                                             -1.411312   data arrival time
---------------------------------------------------------------------------------------------
                                              3.161312   slack (MET)


Startpoint: _156_ (rising edge-triggered flip-flop clocked by HCLK)
Endpoint: PADDR[5] (output port clocked by HCLK)
Path Group: HCLK
Path Type: min

Fanout         Cap        Slew       Delay        Time   Description
---------------------------------------------------------------------------------------------
                                  0.000000    0.000000   clock HCLK (rise edge)
                                  0.000000    0.000000   clock source latency
     1    0.059370    0.271235    0.194671    0.194671 ^ HCLK (in)
                                                         HCLK (net)
                      0.272238    0.000000    0.194671 ^ clkbuf_0_HCLK/A (sky130_fd_sc_hd__clkbuf_16)
     5    0.133985    0.147811    0.278990    0.473661 ^ clkbuf_0_HCLK/X (sky130_fd_sc_hd__clkbuf_16)
                                                         clknet_0_HCLK (net)
                      0.149132    0.011130    0.484791 ^ clkbuf_2_3_0_HCLK/A (sky130_fd_sc_hd__clkbuf_8)
     2    0.038985    0.080656    0.191808    0.676599 ^ clkbuf_2_3_0_HCLK/X (sky130_fd_sc_hd__clkbuf_8)
                                                         clknet_2_3_0_HCLK (net)
                      0.080861    0.002748    0.679347 ^ clkbuf_3_6__f_HCLK/A (sky130_fd_sc_hd__clkbuf_16)
     8    0.072287    0.089992    0.175724    0.855070 ^ clkbuf_3_6__f_HCLK/X (sky130_fd_sc_hd__clkbuf_16)
                                                         clknet_3_6__leaf_HCLK (net)
                      0.090807    0.006776    0.861846 ^ _156_/CLK (sky130_fd_sc_hd__dfrtp_1)
     2    0.004725    0.059650    0.345088    1.206934 ^ _156_/Q (sky130_fd_sc_hd__dfrtp_1)
                                                         net132 (net)
                      0.059650    0.000122    1.207056 ^ output132/A (sky130_fd_sc_hd__buf_2)
     1    0.034720    0.172380    0.204858    1.411914 ^ output132/X (sky130_fd_sc_hd__buf_2)
                                                         PADDR[5] (net)
                      0.172381    0.000846    1.412761 ^ PADDR[5] (out)
                                              1.412761   data arrival time

                                  0.000000    0.000000   clock HCLK (rise edge)
                                  0.000000    0.000000   clock network delay (propagated)
                                  0.250000    0.250000   clock uncertainty
                                  0.000000    0.250000   clock reconvergence pessimism
                                 -2.000000   -1.750000   output external delay
                                             -1.750000   data required time
---------------------------------------------------------------------------------------------
                                             -1.750000   data required time
                                             -1.412761   data arrival time
---------------------------------------------------------------------------------------------
                                              3.162761   slack (MET)


Startpoint: _190_ (rising edge-triggered flip-flop clocked by HCLK)
Endpoint: PWDATA[7] (output port clocked by HCLK)
Path Group: HCLK
Path Type: min

Fanout         Cap        Slew       Delay        Time   Description
---------------------------------------------------------------------------------------------
                                  0.000000    0.000000   clock HCLK (rise edge)
                                  0.000000    0.000000   clock source latency
     1    0.059370    0.271235    0.194671    0.194671 ^ HCLK (in)
                                                         HCLK (net)
                      0.272238    0.000000    0.194671 ^ clkbuf_0_HCLK/A (sky130_fd_sc_hd__clkbuf_16)
     5    0.133985    0.147811    0.278990    0.473661 ^ clkbuf_0_HCLK/X (sky130_fd_sc_hd__clkbuf_16)
                                                         clknet_0_HCLK (net)
                      0.149132    0.011130    0.484791 ^ clkbuf_2_3_0_HCLK/A (sky130_fd_sc_hd__clkbuf_8)
     2    0.038985    0.080656    0.191808    0.676599 ^ clkbuf_2_3_0_HCLK/X (sky130_fd_sc_hd__clkbuf_8)
                                                         clknet_2_3_0_HCLK (net)
                      0.080861    0.002748    0.679347 ^ clkbuf_3_6__f_HCLK/A (sky130_fd_sc_hd__clkbuf_16)
     8    0.072287    0.089992    0.175724    0.855070 ^ clkbuf_3_6__f_HCLK/X (sky130_fd_sc_hd__clkbuf_16)
                                                         clknet_3_6__leaf_HCLK (net)
                      0.090768    0.006615    0.861685 ^ _190_/CLK (sky130_fd_sc_hd__dfrtp_1)
     2    0.004850    0.060599    0.345926    1.207611 ^ _190_/Q (sky130_fd_sc_hd__dfrtp_1)
                                                         net171 (net)
                      0.060599    0.000104    1.207715 ^ output171/A (sky130_fd_sc_hd__buf_2)
     1    0.034571    0.171682    0.204741    1.412456 ^ output171/X (sky130_fd_sc_hd__buf_2)
                                                         PWDATA[7] (net)
                      0.171683    0.000803    1.413259 ^ PWDATA[7] (out)
                                              1.413259   data arrival time

                                  0.000000    0.000000   clock HCLK (rise edge)
                                  0.000000    0.000000   clock network delay (propagated)
                                  0.250000    0.250000   clock uncertainty
                                  0.000000    0.250000   clock reconvergence pessimism
                                 -2.000000   -1.750000   output external delay
                                             -1.750000   data required time
---------------------------------------------------------------------------------------------
                                             -1.750000   data required time
                                             -1.413259   data arrival time
---------------------------------------------------------------------------------------------
                                              3.163259   slack (MET)


Startpoint: _171_ (rising edge-triggered flip-flop clocked by HCLK)
Endpoint: PADDR[20] (output port clocked by HCLK)
Path Group: HCLK
Path Type: min

Fanout         Cap        Slew       Delay        Time   Description
---------------------------------------------------------------------------------------------
                                  0.000000    0.000000   clock HCLK (rise edge)
                                  0.000000    0.000000   clock source latency
     1    0.059370    0.271235    0.194671    0.194671 ^ HCLK (in)
                                                         HCLK (net)
                      0.272238    0.000000    0.194671 ^ clkbuf_0_HCLK/A (sky130_fd_sc_hd__clkbuf_16)
     5    0.133985    0.147811    0.278990    0.473661 ^ clkbuf_0_HCLK/X (sky130_fd_sc_hd__clkbuf_16)
                                                         clknet_0_HCLK (net)
                      0.149132    0.011130    0.484791 ^ clkbuf_2_3_0_HCLK/A (sky130_fd_sc_hd__clkbuf_8)
     2    0.038985    0.080656    0.191808    0.676599 ^ clkbuf_2_3_0_HCLK/X (sky130_fd_sc_hd__clkbuf_8)
                                                         clknet_2_3_0_HCLK (net)
                      0.080861    0.002748    0.679347 ^ clkbuf_3_6__f_HCLK/A (sky130_fd_sc_hd__clkbuf_16)
     8    0.072287    0.089992    0.175724    0.855070 ^ clkbuf_3_6__f_HCLK/X (sky130_fd_sc_hd__clkbuf_16)
                                                         clknet_3_6__leaf_HCLK (net)
                      0.090830    0.006867    0.861937 ^ _171_/CLK (sky130_fd_sc_hd__dfrtp_1)
     2    0.005245    0.063613    0.348614    1.210551 ^ _171_/Q (sky130_fd_sc_hd__dfrtp_1)
                                                         net117 (net)
                      0.063613    0.000109    1.210660 ^ output117/A (sky130_fd_sc_hd__buf_2)
     1    0.034339    0.170611    0.205106    1.415766 ^ output117/X (sky130_fd_sc_hd__buf_2)
                                                         PADDR[20] (net)
                      0.170612    0.000767    1.416533 ^ PADDR[20] (out)
                                              1.416533   data arrival time

                                  0.000000    0.000000   clock HCLK (rise edge)
                                  0.000000    0.000000   clock network delay (propagated)
                                  0.250000    0.250000   clock uncertainty
                                  0.000000    0.250000   clock reconvergence pessimism
                                 -2.000000   -1.750000   output external delay
                                             -1.750000   data required time
---------------------------------------------------------------------------------------------
                                             -1.750000   data required time
                                             -1.416533   data arrival time
---------------------------------------------------------------------------------------------
                                              3.166533   slack (MET)


Startpoint: _200_ (rising edge-triggered flip-flop clocked by HCLK)
Endpoint: PWDATA[17] (output port clocked by HCLK)
Path Group: HCLK
Path Type: min

Fanout         Cap        Slew       Delay        Time   Description
---------------------------------------------------------------------------------------------
                                  0.000000    0.000000   clock HCLK (rise edge)
                                  0.000000    0.000000   clock source latency
     1    0.059370    0.271235    0.194671    0.194671 ^ HCLK (in)
                                                         HCLK (net)
                      0.272238    0.000000    0.194671 ^ clkbuf_0_HCLK/A (sky130_fd_sc_hd__clkbuf_16)
     5    0.133985    0.147811    0.278990    0.473661 ^ clkbuf_0_HCLK/X (sky130_fd_sc_hd__clkbuf_16)
                                                         clknet_0_HCLK (net)
                      0.149132    0.011130    0.484791 ^ clkbuf_2_3_0_HCLK/A (sky130_fd_sc_hd__clkbuf_8)
     2    0.038985    0.080656    0.191808    0.676599 ^ clkbuf_2_3_0_HCLK/X (sky130_fd_sc_hd__clkbuf_8)
                                                         clknet_2_3_0_HCLK (net)
                      0.080861    0.002748    0.679347 ^ clkbuf_3_6__f_HCLK/A (sky130_fd_sc_hd__clkbuf_16)
     8    0.072287    0.089992    0.175724    0.855070 ^ clkbuf_3_6__f_HCLK/X (sky130_fd_sc_hd__clkbuf_16)
                                                         clknet_3_6__leaf_HCLK (net)
                      0.090820    0.006829    0.861899 ^ _200_/CLK (sky130_fd_sc_hd__dfrtp_1)
     2    0.005151    0.062894    0.347968    1.209867 ^ _200_/Q (sky130_fd_sc_hd__dfrtp_1)
                                                         net150 (net)
                      0.062894    0.000112    1.209980 ^ output150/A (sky130_fd_sc_hd__buf_2)
     1    0.034630    0.171962    0.205806    1.415786 ^ output150/X (sky130_fd_sc_hd__buf_2)
                                                         PWDATA[17] (net)
                      0.171963    0.000764    1.416549 ^ PWDATA[17] (out)
                                              1.416549   data arrival time

                                  0.000000    0.000000   clock HCLK (rise edge)
                                  0.000000    0.000000   clock network delay (propagated)
                                  0.250000    0.250000   clock uncertainty
                                  0.000000    0.250000   clock reconvergence pessimism
                                 -2.000000   -1.750000   output external delay
                                             -1.750000   data required time
---------------------------------------------------------------------------------------------
                                             -1.750000   data required time
                                             -1.416549   data arrival time
---------------------------------------------------------------------------------------------
                                              3.166549   slack (MET)


Startpoint: _153_ (rising edge-triggered flip-flop clocked by HCLK)
Endpoint: PADDR[2] (output port clocked by HCLK)
Path Group: HCLK
Path Type: min

Fanout         Cap        Slew       Delay        Time   Description
---------------------------------------------------------------------------------------------
                                  0.000000    0.000000   clock HCLK (rise edge)
                                  0.000000    0.000000   clock source latency
     1    0.059370    0.271235    0.194671    0.194671 ^ HCLK (in)
                                                         HCLK (net)
                      0.272238    0.000000    0.194671 ^ clkbuf_0_HCLK/A (sky130_fd_sc_hd__clkbuf_16)
     5    0.133985    0.147811    0.278990    0.473661 ^ clkbuf_0_HCLK/X (sky130_fd_sc_hd__clkbuf_16)
                                                         clknet_0_HCLK (net)
                      0.149171    0.011290    0.484951 ^ clkbuf_2_2_0_HCLK/A (sky130_fd_sc_hd__clkbuf_8)
     2    0.035281    0.075148    0.186583    0.671534 ^ clkbuf_2_2_0_HCLK/X (sky130_fd_sc_hd__clkbuf_8)
                                                         clknet_2_2_0_HCLK (net)
                      0.075526    0.003826    0.675360 ^ clkbuf_3_5__f_HCLK/A (sky130_fd_sc_hd__clkbuf_16)
    11    0.034216    0.054644    0.148324    0.823684 ^ clkbuf_3_5__f_HCLK/X (sky130_fd_sc_hd__clkbuf_16)
                                                         clknet_3_5__leaf_HCLK (net)
                      0.054717    0.001711    0.825395 ^ _153_/CLK (sky130_fd_sc_hd__dfrtp_1)
     2    0.011178    0.075466    0.399895    1.225290 v _153_/Q (sky130_fd_sc_hd__dfrtp_1)
                                                         net127 (net)
                      0.075470    0.000659    1.225948 v output127/A (sky130_fd_sc_hd__buf_2)
     1    0.035237    0.091561    0.195577    1.421525 v output127/X (sky130_fd_sc_hd__buf_2)
                                                         PADDR[2] (net)
                      0.091565    0.000662    1.422187 v PADDR[2] (out)
                                              1.422187   data arrival time

                                  0.000000    0.000000   clock HCLK (rise edge)
                                  0.000000    0.000000   clock network delay (propagated)
                                  0.250000    0.250000   clock uncertainty
                                  0.000000    0.250000   clock reconvergence pessimism
                                 -2.000000   -1.750000   output external delay
                                             -1.750000   data required time
---------------------------------------------------------------------------------------------
                                             -1.750000   data required time
                                             -1.422187   data arrival time
---------------------------------------------------------------------------------------------
                                              3.172187   slack (MET)


Startpoint: _173_ (rising edge-triggered flip-flop clocked by HCLK)
Endpoint: PADDR[22] (output port clocked by HCLK)
Path Group: HCLK
Path Type: min

Fanout         Cap        Slew       Delay        Time   Description
---------------------------------------------------------------------------------------------
                                  0.000000    0.000000   clock HCLK (rise edge)
                                  0.000000    0.000000   clock source latency
     1    0.059370    0.271235    0.194671    0.194671 ^ HCLK (in)
                                                         HCLK (net)
                      0.272238    0.000000    0.194671 ^ clkbuf_0_HCLK/A (sky130_fd_sc_hd__clkbuf_16)
     5    0.133985    0.147811    0.278990    0.473661 ^ clkbuf_0_HCLK/X (sky130_fd_sc_hd__clkbuf_16)
                                                         clknet_0_HCLK (net)
                      0.149171    0.011290    0.484951 ^ clkbuf_2_2_0_HCLK/A (sky130_fd_sc_hd__clkbuf_8)
     2    0.035281    0.075148    0.186583    0.671534 ^ clkbuf_2_2_0_HCLK/X (sky130_fd_sc_hd__clkbuf_8)
                                                         clknet_2_2_0_HCLK (net)
                      0.075526    0.003826    0.675360 ^ clkbuf_3_5__f_HCLK/A (sky130_fd_sc_hd__clkbuf_16)
    11    0.034216    0.054644    0.148324    0.823684 ^ clkbuf_3_5__f_HCLK/X (sky130_fd_sc_hd__clkbuf_16)
                                                         clknet_3_5__leaf_HCLK (net)
                      0.054707    0.001595    0.825279 ^ _173_/CLK (sky130_fd_sc_hd__dfrtp_1)
     2    0.011502    0.076881    0.401164    1.226443 v _173_/Q (sky130_fd_sc_hd__dfrtp_1)
                                                         net119 (net)
                      0.076885    0.000688    1.227131 v output119/A (sky130_fd_sc_hd__buf_2)
     1    0.035307    0.091835    0.196130    1.423261 v output119/X (sky130_fd_sc_hd__buf_2)
                                                         PADDR[22] (net)
                      0.091845    0.000930    1.424191 v PADDR[22] (out)
                                              1.424191   data arrival time

                                  0.000000    0.000000   clock HCLK (rise edge)
                                  0.000000    0.000000   clock network delay (propagated)
                                  0.250000    0.250000   clock uncertainty
                                  0.000000    0.250000   clock reconvergence pessimism
                                 -2.000000   -1.750000   output external delay
                                             -1.750000   data required time
---------------------------------------------------------------------------------------------
                                             -1.750000   data required time
                                             -1.424191   data arrival time
---------------------------------------------------------------------------------------------
                                              3.174191   slack (MET)


Startpoint: _183_ (rising edge-triggered flip-flop clocked by HCLK)
Endpoint: PWDATA[0] (output port clocked by HCLK)
Path Group: HCLK
Path Type: min

Fanout         Cap        Slew       Delay        Time   Description
---------------------------------------------------------------------------------------------
                                  0.000000    0.000000   clock HCLK (rise edge)
                                  0.000000    0.000000   clock source latency
     1    0.059370    0.271235    0.194671    0.194671 ^ HCLK (in)
                                                         HCLK (net)
                      0.272238    0.000000    0.194671 ^ clkbuf_0_HCLK/A (sky130_fd_sc_hd__clkbuf_16)
     5    0.133985    0.147811    0.278990    0.473661 ^ clkbuf_0_HCLK/X (sky130_fd_sc_hd__clkbuf_16)
                                                         clknet_0_HCLK (net)
                      0.149171    0.011290    0.484951 ^ clkbuf_2_2_0_HCLK/A (sky130_fd_sc_hd__clkbuf_8)
     2    0.035281    0.075148    0.186583    0.671534 ^ clkbuf_2_2_0_HCLK/X (sky130_fd_sc_hd__clkbuf_8)
                                                         clknet_2_2_0_HCLK (net)
                      0.075526    0.003826    0.675360 ^ clkbuf_3_5__f_HCLK/A (sky130_fd_sc_hd__clkbuf_16)
    11    0.034216    0.054644    0.148324    0.823684 ^ clkbuf_3_5__f_HCLK/X (sky130_fd_sc_hd__clkbuf_16)
                                                         clknet_3_5__leaf_HCLK (net)
                      0.054669    0.001154    0.824838 ^ _183_/CLK (sky130_fd_sc_hd__dfrtp_1)
     2    0.012146    0.079645    0.403808    1.228645 v _183_/Q (sky130_fd_sc_hd__dfrtp_1)
                                                         net142 (net)
                      0.079647    0.000579    1.229224 v output142/A (sky130_fd_sc_hd__buf_2)
     1    0.035135    0.091344    0.197290    1.426515 v output142/X (sky130_fd_sc_hd__buf_2)
                                                         PWDATA[0] (net)
                      0.091348    0.000655    1.427170 v PWDATA[0] (out)
                                              1.427170   data arrival time

                                  0.000000    0.000000   clock HCLK (rise edge)
                                  0.000000    0.000000   clock network delay (propagated)
                                  0.250000    0.250000   clock uncertainty
                                  0.000000    0.250000   clock reconvergence pessimism
                                 -2.000000   -1.750000   output external delay
                                             -1.750000   data required time
---------------------------------------------------------------------------------------------
                                             -1.750000   data required time
                                             -1.427170   data arrival time
---------------------------------------------------------------------------------------------
                                              3.177170   slack (MET)


Startpoint: _209_ (rising edge-triggered flip-flop clocked by HCLK)
Endpoint: PWDATA[26] (output port clocked by HCLK)
Path Group: HCLK
Path Type: min

Fanout         Cap        Slew       Delay        Time   Description
---------------------------------------------------------------------------------------------
                                  0.000000    0.000000   clock HCLK (rise edge)
                                  0.000000    0.000000   clock source latency
     1    0.059370    0.271235    0.194671    0.194671 ^ HCLK (in)
                                                         HCLK (net)
                      0.272238    0.000000    0.194671 ^ clkbuf_0_HCLK/A (sky130_fd_sc_hd__clkbuf_16)
     5    0.133985    0.147811    0.278990    0.473661 ^ clkbuf_0_HCLK/X (sky130_fd_sc_hd__clkbuf_16)
                                                         clknet_0_HCLK (net)
                      0.149132    0.011130    0.484791 ^ clkbuf_2_3_0_HCLK/A (sky130_fd_sc_hd__clkbuf_8)
     2    0.038985    0.080656    0.191808    0.676599 ^ clkbuf_2_3_0_HCLK/X (sky130_fd_sc_hd__clkbuf_8)
                                                         clknet_2_3_0_HCLK (net)
                      0.080861    0.002748    0.679347 ^ clkbuf_3_6__f_HCLK/A (sky130_fd_sc_hd__clkbuf_16)
     8    0.072287    0.089992    0.175724    0.855070 ^ clkbuf_3_6__f_HCLK/X (sky130_fd_sc_hd__clkbuf_16)
                                                         clknet_3_6__leaf_HCLK (net)
                      0.090629    0.006003    0.861074 ^ _209_/CLK (sky130_fd_sc_hd__dfrtp_1)
     2    0.006738    0.075344    0.358568    1.219642 ^ _209_/Q (sky130_fd_sc_hd__dfrtp_1)
                                                         net160 (net)
                      0.075344    0.000224    1.219866 ^ output160/A (sky130_fd_sc_hd__buf_2)
     1    0.035410    0.175710    0.212856    1.432722 ^ output160/X (sky130_fd_sc_hd__buf_2)
                                                         PWDATA[26] (net)
                      0.175713    0.000959    1.433680 ^ PWDATA[26] (out)
                                              1.433680   data arrival time

                                  0.000000    0.000000   clock HCLK (rise edge)
                                  0.000000    0.000000   clock network delay (propagated)
                                  0.250000    0.250000   clock uncertainty
                                  0.000000    0.250000   clock reconvergence pessimism
                                 -2.000000   -1.750000   output external delay
                                             -1.750000   data required time
---------------------------------------------------------------------------------------------
                                             -1.750000   data required time
                                             -1.433680   data arrival time
---------------------------------------------------------------------------------------------
                                              3.183681   slack (MET)


Startpoint: _167_ (rising edge-triggered flip-flop clocked by HCLK)
Endpoint: PADDR[16] (output port clocked by HCLK)
Path Group: HCLK
Path Type: min

Fanout         Cap        Slew       Delay        Time   Description
---------------------------------------------------------------------------------------------
                                  0.000000    0.000000   clock HCLK (rise edge)
                                  0.000000    0.000000   clock source latency
     1    0.059370    0.271235    0.194671    0.194671 ^ HCLK (in)
                                                         HCLK (net)
                      0.272238    0.000000    0.194671 ^ clkbuf_0_HCLK/A (sky130_fd_sc_hd__clkbuf_16)
     5    0.133985    0.147811    0.278990    0.473661 ^ clkbuf_0_HCLK/X (sky130_fd_sc_hd__clkbuf_16)
                                                         clknet_0_HCLK (net)
                      0.149171    0.011290    0.484951 ^ clkbuf_2_2_0_HCLK/A (sky130_fd_sc_hd__clkbuf_8)
     2    0.035281    0.075148    0.186583    0.671534 ^ clkbuf_2_2_0_HCLK/X (sky130_fd_sc_hd__clkbuf_8)
                                                         clknet_2_2_0_HCLK (net)
                      0.075449    0.003322    0.674856 ^ clkbuf_3_4__f_HCLK/A (sky130_fd_sc_hd__clkbuf_16)
    11    0.039034    0.058892    0.152107    0.826962 ^ clkbuf_3_4__f_HCLK/X (sky130_fd_sc_hd__clkbuf_16)
                                                         clknet_3_4__leaf_HCLK (net)
                      0.058918    0.001085    0.828048 ^ _167_/CLK (sky130_fd_sc_hd__dfrtp_1)
     2    0.013448    0.085481    0.410423    1.238471 v _167_/Q (sky130_fd_sc_hd__dfrtp_1)
                                                         net112 (net)
                      0.085491    0.000974    1.239444 v output112/A (sky130_fd_sc_hd__buf_2)
     1    0.034527    0.090093    0.198728    1.438173 v output112/X (sky130_fd_sc_hd__buf_2)
                                                         PADDR[16] (net)
                      0.090099    0.000757    1.438930 v PADDR[16] (out)
                                              1.438930   data arrival time

                                  0.000000    0.000000   clock HCLK (rise edge)
                                  0.000000    0.000000   clock network delay (propagated)
                                  0.250000    0.250000   clock uncertainty
                                  0.000000    0.250000   clock reconvergence pessimism
                                 -2.000000   -1.750000   output external delay
                                             -1.750000   data required time
---------------------------------------------------------------------------------------------
                                             -1.750000   data required time
                                             -1.438930   data arrival time
---------------------------------------------------------------------------------------------
                                              3.188930   slack (MET)


Startpoint: _174_ (rising edge-triggered flip-flop clocked by HCLK)
Endpoint: PADDR[23] (output port clocked by HCLK)
Path Group: HCLK
Path Type: min

Fanout         Cap        Slew       Delay        Time   Description
---------------------------------------------------------------------------------------------
                                  0.000000    0.000000   clock HCLK (rise edge)
                                  0.000000    0.000000   clock source latency
     1    0.059370    0.271235    0.194671    0.194671 ^ HCLK (in)
                                                         HCLK (net)
                      0.272238    0.000000    0.194671 ^ clkbuf_0_HCLK/A (sky130_fd_sc_hd__clkbuf_16)
     5    0.133985    0.147811    0.278990    0.473661 ^ clkbuf_0_HCLK/X (sky130_fd_sc_hd__clkbuf_16)
                                                         clknet_0_HCLK (net)
                      0.149590    0.012878    0.486539 ^ clkbuf_2_0_0_HCLK/A (sky130_fd_sc_hd__clkbuf_8)
     2    0.039991    0.082545    0.192758    0.679297 ^ clkbuf_2_0_0_HCLK/X (sky130_fd_sc_hd__clkbuf_8)
                                                         clknet_2_0_0_HCLK (net)
                      0.082601    0.002032    0.681329 ^ clkbuf_3_0__f_HCLK/A (sky130_fd_sc_hd__clkbuf_16)
     8    0.097420    0.114015    0.194604    0.875933 ^ clkbuf_3_0__f_HCLK/X (sky130_fd_sc_hd__clkbuf_16)
                                                         clknet_3_0__leaf_HCLK (net)
                      0.114905    0.008078    0.884011 ^ _174_/CLK (sky130_fd_sc_hd__dfrtp_1)
     2    0.004946    0.061333    0.355595    1.239606 ^ _174_/Q (sky130_fd_sc_hd__dfrtp_1)
                                                         net120 (net)
                      0.061333    0.000116    1.239721 ^ output120/A (sky130_fd_sc_hd__buf_2)
     1    0.034570    0.171675    0.205035    1.444757 ^ output120/X (sky130_fd_sc_hd__buf_2)
                                                         PADDR[23] (net)
                      0.171676    0.000765    1.445522 ^ PADDR[23] (out)
                                              1.445522   data arrival time

                                  0.000000    0.000000   clock HCLK (rise edge)
                                  0.000000    0.000000   clock network delay (propagated)
                                  0.250000    0.250000   clock uncertainty
                                  0.000000    0.250000   clock reconvergence pessimism
                                 -2.000000   -1.750000   output external delay
                                             -1.750000   data required time
---------------------------------------------------------------------------------------------
                                             -1.750000   data required time
                                             -1.445522   data arrival time
---------------------------------------------------------------------------------------------
                                              3.195522   slack (MET)


Startpoint: _214_ (rising edge-triggered flip-flop clocked by HCLK)
Endpoint: PWDATA[31] (output port clocked by HCLK)
Path Group: HCLK
Path Type: min

Fanout         Cap        Slew       Delay        Time   Description
---------------------------------------------------------------------------------------------
                                  0.000000    0.000000   clock HCLK (rise edge)
                                  0.000000    0.000000   clock source latency
     1    0.059370    0.271235    0.194671    0.194671 ^ HCLK (in)
                                                         HCLK (net)
                      0.272238    0.000000    0.194671 ^ clkbuf_0_HCLK/A (sky130_fd_sc_hd__clkbuf_16)
     5    0.133985    0.147811    0.278990    0.473661 ^ clkbuf_0_HCLK/X (sky130_fd_sc_hd__clkbuf_16)
                                                         clknet_0_HCLK (net)
                      0.149590    0.012878    0.486539 ^ clkbuf_2_0_0_HCLK/A (sky130_fd_sc_hd__clkbuf_8)
     2    0.039991    0.082545    0.192758    0.679297 ^ clkbuf_2_0_0_HCLK/X (sky130_fd_sc_hd__clkbuf_8)
                                                         clknet_2_0_0_HCLK (net)
                      0.082601    0.002032    0.681329 ^ clkbuf_3_0__f_HCLK/A (sky130_fd_sc_hd__clkbuf_16)
     8    0.097420    0.114015    0.194604    0.875933 ^ clkbuf_3_0__f_HCLK/X (sky130_fd_sc_hd__clkbuf_16)
                                                         clknet_3_0__leaf_HCLK (net)
                      0.115379    0.009945    0.885877 ^ _214_/CLK (sky130_fd_sc_hd__dfrtp_1)
     2    0.004880    0.060832    0.355321    1.241198 ^ _214_/Q (sky130_fd_sc_hd__dfrtp_1)
                                                         net166 (net)
                      0.060832    0.000116    1.241314 ^ output166/A (sky130_fd_sc_hd__buf_2)
     1    0.034754    0.172529    0.205456    1.446769 ^ output166/X (sky130_fd_sc_hd__buf_2)
                                                         PWDATA[31] (net)
                      0.172530    0.000770    1.447539 ^ PWDATA[31] (out)
                                              1.447539   data arrival time

                                  0.000000    0.000000   clock HCLK (rise edge)
                                  0.000000    0.000000   clock network delay (propagated)
                                  0.250000    0.250000   clock uncertainty
                                  0.000000    0.250000   clock reconvergence pessimism
                                 -2.000000   -1.750000   output external delay
                                             -1.750000   data required time
---------------------------------------------------------------------------------------------
                                             -1.750000   data required time
                                             -1.447539   data arrival time
---------------------------------------------------------------------------------------------
                                              3.197539   slack (MET)


Startpoint: _215_ (rising edge-triggered flip-flop clocked by HCLK)
Endpoint: PWRITE (output port clocked by HCLK)
Path Group: HCLK
Path Type: min

Fanout         Cap        Slew       Delay        Time   Description
---------------------------------------------------------------------------------------------
                                  0.000000    0.000000   clock HCLK (rise edge)
                                  0.000000    0.000000   clock source latency
     1    0.059370    0.271235    0.194671    0.194671 ^ HCLK (in)
                                                         HCLK (net)
                      0.272238    0.000000    0.194671 ^ clkbuf_0_HCLK/A (sky130_fd_sc_hd__clkbuf_16)
     5    0.133985    0.147811    0.278990    0.473661 ^ clkbuf_0_HCLK/X (sky130_fd_sc_hd__clkbuf_16)
                                                         clknet_0_HCLK (net)
                      0.149132    0.011130    0.484791 ^ clkbuf_2_3_0_HCLK/A (sky130_fd_sc_hd__clkbuf_8)
     2    0.038985    0.080656    0.191808    0.676599 ^ clkbuf_2_3_0_HCLK/X (sky130_fd_sc_hd__clkbuf_8)
                                                         clknet_2_3_0_HCLK (net)
                      0.080672    0.001240    0.677839 ^ clkbuf_3_7__f_HCLK/A (sky130_fd_sc_hd__clkbuf_16)
     7    0.049661    0.068487    0.159910    0.837748 ^ clkbuf_3_7__f_HCLK/X (sky130_fd_sc_hd__clkbuf_16)
                                                         clknet_3_7__leaf_HCLK (net)
                      0.069843    0.007482    0.845231 ^ _215_/CLK (sky130_fd_sc_hd__dfrtp_1)
     2    0.011777    0.078134    0.407934    1.253165 v _215_/Q (sky130_fd_sc_hd__dfrtp_1)
                                                         net174 (net)
                      0.078137    0.000594    1.253759 v output174/A (sky130_fd_sc_hd__buf_2)
     1    0.034187    0.089292    0.194860    1.448619 v output174/X (sky130_fd_sc_hd__buf_2)
                                                         PWRITE (net)
                      0.089296    0.000616    1.449235 v PWRITE (out)
                                              1.449235   data arrival time

                                  0.000000    0.000000   clock HCLK (rise edge)
                                  0.000000    0.000000   clock network delay (propagated)
                                  0.250000    0.250000   clock uncertainty
                                  0.000000    0.250000   clock reconvergence pessimism
                                 -2.000000   -1.750000   output external delay
                                             -1.750000   data required time
---------------------------------------------------------------------------------------------
                                             -1.750000   data required time
                                             -1.449235   data arrival time
---------------------------------------------------------------------------------------------
                                              3.199235   slack (MET)


Startpoint: _177_ (rising edge-triggered flip-flop clocked by HCLK)
Endpoint: PADDR[26] (output port clocked by HCLK)
Path Group: HCLK
Path Type: min

Fanout         Cap        Slew       Delay        Time   Description
---------------------------------------------------------------------------------------------
                                  0.000000    0.000000   clock HCLK (rise edge)
                                  0.000000    0.000000   clock source latency
     1    0.059370    0.271235    0.194671    0.194671 ^ HCLK (in)
                                                         HCLK (net)
                      0.272238    0.000000    0.194671 ^ clkbuf_0_HCLK/A (sky130_fd_sc_hd__clkbuf_16)
     5    0.133985    0.147811    0.278990    0.473661 ^ clkbuf_0_HCLK/X (sky130_fd_sc_hd__clkbuf_16)
                                                         clknet_0_HCLK (net)
                      0.149590    0.012878    0.486539 ^ clkbuf_2_0_0_HCLK/A (sky130_fd_sc_hd__clkbuf_8)
     2    0.039991    0.082545    0.192758    0.679297 ^ clkbuf_2_0_0_HCLK/X (sky130_fd_sc_hd__clkbuf_8)
                                                         clknet_2_0_0_HCLK (net)
                      0.082601    0.002032    0.681329 ^ clkbuf_3_0__f_HCLK/A (sky130_fd_sc_hd__clkbuf_16)
     8    0.097420    0.114015    0.194604    0.875933 ^ clkbuf_3_0__f_HCLK/X (sky130_fd_sc_hd__clkbuf_16)
                                                         clknet_3_0__leaf_HCLK (net)
                      0.115401    0.010024    0.885956 ^ _177_/CLK (sky130_fd_sc_hd__dfrtp_1)
     2    0.005366    0.064551    0.358609    1.244565 ^ _177_/Q (sky130_fd_sc_hd__dfrtp_1)
                                                         net123 (net)
                      0.064551    0.000119    1.244684 ^ output123/A (sky130_fd_sc_hd__buf_2)
     1    0.034099    0.169474    0.204735    1.449419 ^ output123/X (sky130_fd_sc_hd__buf_2)
                                                         PADDR[26] (net)
                      0.169474    0.000647    1.450066 ^ PADDR[26] (out)
                                              1.450066   data arrival time

                                  0.000000    0.000000   clock HCLK (rise edge)
                                  0.000000    0.000000   clock network delay (propagated)
                                  0.250000    0.250000   clock uncertainty
                                  0.000000    0.250000   clock reconvergence pessimism
                                 -2.000000   -1.750000   output external delay
                                             -1.750000   data required time
---------------------------------------------------------------------------------------------
                                             -1.750000   data required time
                                             -1.450066   data arrival time
---------------------------------------------------------------------------------------------
                                              3.200067   slack (MET)


Startpoint: _203_ (rising edge-triggered flip-flop clocked by HCLK)
Endpoint: PWDATA[20] (output port clocked by HCLK)
Path Group: HCLK
Path Type: min

Fanout         Cap        Slew       Delay        Time   Description
---------------------------------------------------------------------------------------------
                                  0.000000    0.000000   clock HCLK (rise edge)
                                  0.000000    0.000000   clock source latency
     1    0.059370    0.271235    0.194671    0.194671 ^ HCLK (in)
                                                         HCLK (net)
                      0.272238    0.000000    0.194671 ^ clkbuf_0_HCLK/A (sky130_fd_sc_hd__clkbuf_16)
     5    0.133985    0.147811    0.278990    0.473661 ^ clkbuf_0_HCLK/X (sky130_fd_sc_hd__clkbuf_16)
                                                         clknet_0_HCLK (net)
                      0.149590    0.012878    0.486539 ^ clkbuf_2_0_0_HCLK/A (sky130_fd_sc_hd__clkbuf_8)
     2    0.039991    0.082545    0.192758    0.679297 ^ clkbuf_2_0_0_HCLK/X (sky130_fd_sc_hd__clkbuf_8)
                                                         clknet_2_0_0_HCLK (net)
                      0.082601    0.002032    0.681329 ^ clkbuf_3_0__f_HCLK/A (sky130_fd_sc_hd__clkbuf_16)
     8    0.097420    0.114015    0.194604    0.875933 ^ clkbuf_3_0__f_HCLK/X (sky130_fd_sc_hd__clkbuf_16)
                                                         clknet_3_0__leaf_HCLK (net)
                      0.114909    0.008095    0.884028 ^ _203_/CLK (sky130_fd_sc_hd__dfrtp_1)
     2    0.005046    0.062094    0.356268    1.240296 ^ _203_/Q (sky130_fd_sc_hd__dfrtp_1)
                                                         net154 (net)
                      0.062094    0.000100    1.240396 ^ output154/A (sky130_fd_sc_hd__buf_2)
     1    0.036114    0.178749    0.210181    1.450576 ^ output154/X (sky130_fd_sc_hd__buf_2)
                                                         PWDATA[20] (net)
                      0.178811    0.001160    1.451736 ^ PWDATA[20] (out)
                                              1.451736   data arrival time

                                  0.000000    0.000000   clock HCLK (rise edge)
                                  0.000000    0.000000   clock network delay (propagated)
                                  0.250000    0.250000   clock uncertainty
                                  0.000000    0.250000   clock reconvergence pessimism
                                 -2.000000   -1.750000   output external delay
                                             -1.750000   data required time
---------------------------------------------------------------------------------------------
                                             -1.750000   data required time
                                             -1.451736   data arrival time
---------------------------------------------------------------------------------------------
                                              3.201736   slack (MET)


Startpoint: _172_ (rising edge-triggered flip-flop clocked by HCLK)
Endpoint: PADDR[21] (output port clocked by HCLK)
Path Group: HCLK
Path Type: min

Fanout         Cap        Slew       Delay        Time   Description
---------------------------------------------------------------------------------------------
                                  0.000000    0.000000   clock HCLK (rise edge)
                                  0.000000    0.000000   clock source latency
     1    0.059370    0.271235    0.194671    0.194671 ^ HCLK (in)
                                                         HCLK (net)
                      0.272238    0.000000    0.194671 ^ clkbuf_0_HCLK/A (sky130_fd_sc_hd__clkbuf_16)
     5    0.133985    0.147811    0.278990    0.473661 ^ clkbuf_0_HCLK/X (sky130_fd_sc_hd__clkbuf_16)
                                                         clknet_0_HCLK (net)
                      0.149590    0.012878    0.486539 ^ clkbuf_2_0_0_HCLK/A (sky130_fd_sc_hd__clkbuf_8)
     2    0.039991    0.082545    0.192758    0.679297 ^ clkbuf_2_0_0_HCLK/X (sky130_fd_sc_hd__clkbuf_8)
                                                         clknet_2_0_0_HCLK (net)
                      0.082601    0.002032    0.681329 ^ clkbuf_3_0__f_HCLK/A (sky130_fd_sc_hd__clkbuf_16)
     8    0.097420    0.114015    0.194604    0.875933 ^ clkbuf_3_0__f_HCLK/X (sky130_fd_sc_hd__clkbuf_16)
                                                         clknet_3_0__leaf_HCLK (net)
                      0.115411    0.010060    0.885992 ^ _172_/CLK (sky130_fd_sc_hd__dfrtp_1)
     2    0.005406    0.064855    0.358882    1.244875 ^ _172_/Q (sky130_fd_sc_hd__dfrtp_1)
                                                         net118 (net)
                      0.064855    0.000119    1.244994 ^ output118/A (sky130_fd_sc_hd__buf_2)
     1    0.034484    0.171291    0.206048    1.451042 ^ output118/X (sky130_fd_sc_hd__buf_2)
                                                         PADDR[21] (net)
                      0.171292    0.000756    1.451798 ^ PADDR[21] (out)
                                              1.451798   data arrival time

                                  0.000000    0.000000   clock HCLK (rise edge)
                                  0.000000    0.000000   clock network delay (propagated)
                                  0.250000    0.250000   clock uncertainty
                                  0.000000    0.250000   clock reconvergence pessimism
                                 -2.000000   -1.750000   output external delay
                                             -1.750000   data required time
---------------------------------------------------------------------------------------------
                                             -1.750000   data required time
                                             -1.451798   data arrival time
---------------------------------------------------------------------------------------------
                                              3.201798   slack (MET)


Startpoint: _211_ (rising edge-triggered flip-flop clocked by HCLK)
Endpoint: PWDATA[28] (output port clocked by HCLK)
Path Group: HCLK
Path Type: min

Fanout         Cap        Slew       Delay        Time   Description
---------------------------------------------------------------------------------------------
                                  0.000000    0.000000   clock HCLK (rise edge)
                                  0.000000    0.000000   clock source latency
     1    0.059370    0.271235    0.194671    0.194671 ^ HCLK (in)
                                                         HCLK (net)
                      0.272238    0.000000    0.194671 ^ clkbuf_0_HCLK/A (sky130_fd_sc_hd__clkbuf_16)
     5    0.133985    0.147811    0.278990    0.473661 ^ clkbuf_0_HCLK/X (sky130_fd_sc_hd__clkbuf_16)
                                                         clknet_0_HCLK (net)
                      0.149720    0.013334    0.486995 ^ clkbuf_2_1_0_HCLK/A (sky130_fd_sc_hd__clkbuf_8)
     2    0.036798    0.077541    0.188224    0.675219 ^ clkbuf_2_1_0_HCLK/X (sky130_fd_sc_hd__clkbuf_8)
                                                         clknet_2_1_0_HCLK (net)
                      0.077988    0.004251    0.679471 ^ clkbuf_3_3__f_HCLK/A (sky130_fd_sc_hd__clkbuf_16)
    10    0.027154    0.048291    0.144194    0.823665 ^ clkbuf_3_3__f_HCLK/X (sky130_fd_sc_hd__clkbuf_16)
                                                         clknet_3_3__leaf_HCLK (net)
                      0.048302    0.000625    0.824290 ^ _211_/CLK (sky130_fd_sc_hd__dfrtp_1)
     2    0.017525    0.103791    0.422860    1.247149 v _211_/Q (sky130_fd_sc_hd__dfrtp_1)
                                                         net162 (net)
                      0.103804    0.001213    1.248362 v output162/A (sky130_fd_sc_hd__buf_2)
     1    0.034290    0.089600    0.206624    1.454986 v output162/X (sky130_fd_sc_hd__buf_2)
                                                         PWDATA[28] (net)
                      0.089606    0.000749    1.455735 v PWDATA[28] (out)
                                              1.455735   data arrival time

                                  0.000000    0.000000   clock HCLK (rise edge)
                                  0.000000    0.000000   clock network delay (propagated)
                                  0.250000    0.250000   clock uncertainty
                                  0.000000    0.250000   clock reconvergence pessimism
                                 -2.000000   -1.750000   output external delay
                                             -1.750000   data required time
---------------------------------------------------------------------------------------------
                                             -1.750000   data required time
                                             -1.455735   data arrival time
---------------------------------------------------------------------------------------------
                                              3.205735   slack (MET)


Startpoint: _191_ (rising edge-triggered flip-flop clocked by HCLK)
Endpoint: PWDATA[8] (output port clocked by HCLK)
Path Group: HCLK
Path Type: min

Fanout         Cap        Slew       Delay        Time   Description
---------------------------------------------------------------------------------------------
                                  0.000000    0.000000   clock HCLK (rise edge)
                                  0.000000    0.000000   clock source latency
     1    0.059370    0.271235    0.194671    0.194671 ^ HCLK (in)
                                                         HCLK (net)
                      0.272238    0.000000    0.194671 ^ clkbuf_0_HCLK/A (sky130_fd_sc_hd__clkbuf_16)
     5    0.133985    0.147811    0.278990    0.473661 ^ clkbuf_0_HCLK/X (sky130_fd_sc_hd__clkbuf_16)
                                                         clknet_0_HCLK (net)
                      0.149171    0.011290    0.484951 ^ clkbuf_2_2_0_HCLK/A (sky130_fd_sc_hd__clkbuf_8)
     2    0.035281    0.075148    0.186583    0.671534 ^ clkbuf_2_2_0_HCLK/X (sky130_fd_sc_hd__clkbuf_8)
                                                         clknet_2_2_0_HCLK (net)
                      0.075449    0.003322    0.674856 ^ clkbuf_3_4__f_HCLK/A (sky130_fd_sc_hd__clkbuf_16)
    11    0.039034    0.058892    0.152107    0.826962 ^ clkbuf_3_4__f_HCLK/X (sky130_fd_sc_hd__clkbuf_16)
                                                         clknet_3_4__leaf_HCLK (net)
                      0.058919    0.001099    0.828062 ^ _191_/CLK (sky130_fd_sc_hd__dfrtp_1)
     2    0.017281    0.102577    0.425877    1.253938 v _191_/Q (sky130_fd_sc_hd__dfrtp_1)
                                                         net172 (net)
                      0.102588    0.001104    1.255042 v output172/A (sky130_fd_sc_hd__buf_2)
     1    0.034074    0.089074    0.205775    1.460817 v output172/X (sky130_fd_sc_hd__buf_2)
                                                         PWDATA[8] (net)
                      0.089078    0.000612    1.461429 v PWDATA[8] (out)
                                              1.461429   data arrival time

                                  0.000000    0.000000   clock HCLK (rise edge)
                                  0.000000    0.000000   clock network delay (propagated)
                                  0.250000    0.250000   clock uncertainty
                                  0.000000    0.250000   clock reconvergence pessimism
                                 -2.000000   -1.750000   output external delay
                                             -1.750000   data required time
---------------------------------------------------------------------------------------------
                                             -1.750000   data required time
                                             -1.461429   data arrival time
---------------------------------------------------------------------------------------------
                                              3.211429   slack (MET)


Startpoint: _207_ (rising edge-triggered flip-flop clocked by HCLK)
Endpoint: PWDATA[24] (output port clocked by HCLK)
Path Group: HCLK
Path Type: min

Fanout         Cap        Slew       Delay        Time   Description
---------------------------------------------------------------------------------------------
                                  0.000000    0.000000   clock HCLK (rise edge)
                                  0.000000    0.000000   clock source latency
     1    0.059370    0.271235    0.194671    0.194671 ^ HCLK (in)
                                                         HCLK (net)
                      0.272238    0.000000    0.194671 ^ clkbuf_0_HCLK/A (sky130_fd_sc_hd__clkbuf_16)
     5    0.133985    0.147811    0.278990    0.473661 ^ clkbuf_0_HCLK/X (sky130_fd_sc_hd__clkbuf_16)
                                                         clknet_0_HCLK (net)
                      0.149590    0.012878    0.486539 ^ clkbuf_2_0_0_HCLK/A (sky130_fd_sc_hd__clkbuf_8)
     2    0.039991    0.082545    0.192758    0.679297 ^ clkbuf_2_0_0_HCLK/X (sky130_fd_sc_hd__clkbuf_8)
                                                         clknet_2_0_0_HCLK (net)
                      0.082601    0.002032    0.681329 ^ clkbuf_3_0__f_HCLK/A (sky130_fd_sc_hd__clkbuf_16)
     8    0.097420    0.114015    0.194604    0.875933 ^ clkbuf_3_0__f_HCLK/X (sky130_fd_sc_hd__clkbuf_16)
                                                         clknet_3_0__leaf_HCLK (net)
                      0.115418    0.010082    0.886015 ^ _207_/CLK (sky130_fd_sc_hd__dfrtp_1)
     2    0.006587    0.074148    0.366809    1.252824 ^ _207_/Q (sky130_fd_sc_hd__dfrtp_1)
                                                         net158 (net)
                      0.074148    0.000211    1.253036 ^ output158/A (sky130_fd_sc_hd__buf_2)
     1    0.035294    0.175106    0.212219    1.465254 ^ output158/X (sky130_fd_sc_hd__buf_2)
                                                         PWDATA[24] (net)
                      0.175107    0.000684    1.465938 ^ PWDATA[24] (out)
                                              1.465938   data arrival time

                                  0.000000    0.000000   clock HCLK (rise edge)
                                  0.000000    0.000000   clock network delay (propagated)
                                  0.250000    0.250000   clock uncertainty
                                  0.000000    0.250000   clock reconvergence pessimism
                                 -2.000000   -1.750000   output external delay
                                             -1.750000   data required time
---------------------------------------------------------------------------------------------
                                             -1.750000   data required time
                                             -1.465938   data arrival time
---------------------------------------------------------------------------------------------
                                              3.215938   slack (MET)


Startpoint: _181_ (rising edge-triggered flip-flop clocked by HCLK)
Endpoint: PADDR[30] (output port clocked by HCLK)
Path Group: HCLK
Path Type: min

Fanout         Cap        Slew       Delay        Time   Description
---------------------------------------------------------------------------------------------
                                  0.000000    0.000000   clock HCLK (rise edge)
                                  0.000000    0.000000   clock source latency
     1    0.059370    0.271235    0.194671    0.194671 ^ HCLK (in)
                                                         HCLK (net)
                      0.272238    0.000000    0.194671 ^ clkbuf_0_HCLK/A (sky130_fd_sc_hd__clkbuf_16)
     5    0.133985    0.147811    0.278990    0.473661 ^ clkbuf_0_HCLK/X (sky130_fd_sc_hd__clkbuf_16)
                                                         clknet_0_HCLK (net)
                      0.149171    0.011290    0.484951 ^ clkbuf_2_2_0_HCLK/A (sky130_fd_sc_hd__clkbuf_8)
     2    0.035281    0.075148    0.186583    0.671534 ^ clkbuf_2_2_0_HCLK/X (sky130_fd_sc_hd__clkbuf_8)
                                                         clknet_2_2_0_HCLK (net)
                      0.075449    0.003322    0.674856 ^ clkbuf_3_4__f_HCLK/A (sky130_fd_sc_hd__clkbuf_16)
    11    0.039034    0.058892    0.152107    0.826962 ^ clkbuf_3_4__f_HCLK/X (sky130_fd_sc_hd__clkbuf_16)
                                                         clknet_3_4__leaf_HCLK (net)
                      0.058915    0.001029    0.827991 ^ _181_/CLK (sky130_fd_sc_hd__dfrtp_1)
     2    0.019168    0.111243    0.433242    1.261233 v _181_/Q (sky130_fd_sc_hd__dfrtp_1)
                                                         net128 (net)
                      0.111264    0.001478    1.262710 v output128/A (sky130_fd_sc_hd__buf_2)
     1    0.035918    0.092870    0.212901    1.475611 v output128/X (sky130_fd_sc_hd__buf_2)
                                                         PADDR[30] (net)
                      0.092880    0.000956    1.476567 v PADDR[30] (out)
                                              1.476567   data arrival time

                                  0.000000    0.000000   clock HCLK (rise edge)
                                  0.000000    0.000000   clock network delay (propagated)
                                  0.250000    0.250000   clock uncertainty
                                  0.000000    0.250000   clock reconvergence pessimism
                                 -2.000000   -1.750000   output external delay
                                             -1.750000   data required time
---------------------------------------------------------------------------------------------
                                             -1.750000   data required time
                                             -1.476567   data arrival time
---------------------------------------------------------------------------------------------
                                              3.226567   slack (MET)


Startpoint: _216_ (rising edge-triggered flip-flop clocked by HCLK)
Endpoint: HREADYOUT (output port clocked by HCLK)
Path Group: HCLK
Path Type: min

Fanout         Cap        Slew       Delay        Time   Description
---------------------------------------------------------------------------------------------
                                  0.000000    0.000000   clock HCLK (rise edge)
                                  0.000000    0.000000   clock source latency
     1    0.059370    0.271235    0.194671    0.194671 ^ HCLK (in)
                                                         HCLK (net)
                      0.272238    0.000000    0.194671 ^ clkbuf_0_HCLK/A (sky130_fd_sc_hd__clkbuf_16)
     5    0.133985    0.147811    0.278990    0.473661 ^ clkbuf_0_HCLK/X (sky130_fd_sc_hd__clkbuf_16)
                                                         clknet_0_HCLK (net)
                      0.149132    0.011130    0.484791 ^ clkbuf_2_3_0_HCLK/A (sky130_fd_sc_hd__clkbuf_8)
     2    0.038985    0.080656    0.191808    0.676599 ^ clkbuf_2_3_0_HCLK/X (sky130_fd_sc_hd__clkbuf_8)
                                                         clknet_2_3_0_HCLK (net)
                      0.080672    0.001240    0.677839 ^ clkbuf_3_7__f_HCLK/A (sky130_fd_sc_hd__clkbuf_16)
     7    0.049661    0.068487    0.159910    0.837748 ^ clkbuf_3_7__f_HCLK/X (sky130_fd_sc_hd__clkbuf_16)
                                                         clknet_3_7__leaf_HCLK (net)
                      0.069816    0.007399    0.845148 ^ _216_/CLK (sky130_fd_sc_hd__dfrtp_2)
     5    0.021584    0.117658    0.414931    1.260078 ^ _216_/Q (sky130_fd_sc_hd__dfrtp_2)
                                                         u_bridge_fsm.state[0] (net)
                      0.117658    0.000418    1.260496 ^ _081_/A2 (sky130_fd_sc_hd__o21ai_1)
     1    0.001800    0.032075    0.062946    1.323442 v _081_/Y (sky130_fd_sc_hd__o21ai_1)
                                                         net103 (net)
                      0.032075    0.000035    1.323477 v output103/A (sky130_fd_sc_hd__buf_2)
     1    0.035658    0.092622    0.177080    1.500556 v output103/X (sky130_fd_sc_hd__buf_2)
                                                         HREADYOUT (net)
                      0.092627    0.000727    1.501283 v HREADYOUT (out)
                                              1.501283   data arrival time

                                  0.000000    0.000000   clock HCLK (rise edge)
                                  0.000000    0.000000   clock network delay (propagated)
                                  0.250000    0.250000   clock uncertainty
                                  0.000000    0.250000   clock reconvergence pessimism
                                 -2.000000   -1.750000   output external delay
                                             -1.750000   data required time
---------------------------------------------------------------------------------------------
                                             -1.750000   data required time
                                             -1.501283   data arrival time
---------------------------------------------------------------------------------------------
                                              3.251283   slack (MET)


Startpoint: _163_ (rising edge-triggered flip-flop clocked by HCLK)
Endpoint: PADDR[12] (output port clocked by HCLK)
Path Group: HCLK
Path Type: min

Fanout         Cap        Slew       Delay        Time   Description
---------------------------------------------------------------------------------------------
                                  0.000000    0.000000   clock HCLK (rise edge)
                                  0.000000    0.000000   clock source latency
     1    0.059370    0.271235    0.194671    0.194671 ^ HCLK (in)
                                                         HCLK (net)
                      0.272238    0.000000    0.194671 ^ clkbuf_0_HCLK/A (sky130_fd_sc_hd__clkbuf_16)
     5    0.133985    0.147811    0.278990    0.473661 ^ clkbuf_0_HCLK/X (sky130_fd_sc_hd__clkbuf_16)
                                                         clknet_0_HCLK (net)
                      0.149132    0.011130    0.484791 ^ clkbuf_2_3_0_HCLK/A (sky130_fd_sc_hd__clkbuf_8)
     2    0.038985    0.080656    0.191808    0.676599 ^ clkbuf_2_3_0_HCLK/X (sky130_fd_sc_hd__clkbuf_8)
                                                         clknet_2_3_0_HCLK (net)
                      0.080672    0.001240    0.677839 ^ clkbuf_3_7__f_HCLK/A (sky130_fd_sc_hd__clkbuf_16)
     7    0.049661    0.068487    0.159910    0.837748 ^ clkbuf_3_7__f_HCLK/X (sky130_fd_sc_hd__clkbuf_16)
                                                         clknet_3_7__leaf_HCLK (net)
                      0.069749    0.007191    0.844939 ^ _163_/CLK (sky130_fd_sc_hd__dfrtp_1)
     6    0.022204    0.124774    0.449988    1.294927 v _163_/Q (sky130_fd_sc_hd__dfrtp_1)
                                                         net108 (net)
                      0.124774    0.000441    1.295369 v output108/A (sky130_fd_sc_hd__buf_2)
     1    0.034323    0.089659    0.216289    1.511657 v output108/X (sky130_fd_sc_hd__buf_2)
                                                         PADDR[12] (net)
                      0.089663    0.000634    1.512291 v PADDR[12] (out)
                                              1.512291   data arrival time

                                  0.000000    0.000000   clock HCLK (rise edge)
                                  0.000000    0.000000   clock network delay (propagated)
                                  0.250000    0.250000   clock uncertainty
                                  0.000000    0.250000   clock reconvergence pessimism
                                 -2.000000   -1.750000   output external delay
                                             -1.750000   data required time
---------------------------------------------------------------------------------------------
                                             -1.750000   data required time
                                             -1.512291   data arrival time
---------------------------------------------------------------------------------------------
                                              3.262291   slack (MET)


Startpoint: _163_ (rising edge-triggered flip-flop clocked by HCLK)
Endpoint: PSEL[0] (output port clocked by HCLK)
Path Group: HCLK
Path Type: min

Fanout         Cap        Slew       Delay        Time   Description
---------------------------------------------------------------------------------------------
                                  0.000000    0.000000   clock HCLK (rise edge)
                                  0.000000    0.000000   clock source latency
     1    0.059370    0.271235    0.194671    0.194671 ^ HCLK (in)
                                                         HCLK (net)
                      0.272238    0.000000    0.194671 ^ clkbuf_0_HCLK/A (sky130_fd_sc_hd__clkbuf_16)
     5    0.133985    0.147811    0.278990    0.473661 ^ clkbuf_0_HCLK/X (sky130_fd_sc_hd__clkbuf_16)
                                                         clknet_0_HCLK (net)
                      0.149132    0.011130    0.484791 ^ clkbuf_2_3_0_HCLK/A (sky130_fd_sc_hd__clkbuf_8)
     2    0.038985    0.080656    0.191808    0.676599 ^ clkbuf_2_3_0_HCLK/X (sky130_fd_sc_hd__clkbuf_8)
                                                         clknet_2_3_0_HCLK (net)
                      0.080672    0.001240    0.677839 ^ clkbuf_3_7__f_HCLK/A (sky130_fd_sc_hd__clkbuf_16)
     7    0.049661    0.068487    0.159910    0.837748 ^ clkbuf_3_7__f_HCLK/X (sky130_fd_sc_hd__clkbuf_16)
                                                         clknet_3_7__leaf_HCLK (net)
                      0.069749    0.007191    0.844939 ^ _163_/CLK (sky130_fd_sc_hd__dfrtp_1)
     6    0.023003    0.207275    0.451035    1.295975 ^ _163_/Q (sky130_fd_sc_hd__dfrtp_1)
                                                         net108 (net)
                      0.207275    0.000410    1.296385 ^ _077_/A (sky130_fd_sc_hd__nor3b_1)
     1    0.002039    0.033243    0.076352    1.372737 v _077_/Y (sky130_fd_sc_hd__nor3b_1)
                                                         net138 (net)
                      0.033243    0.000057    1.372794 v output138/A (sky130_fd_sc_hd__buf_2)
     1    0.034388    0.089891    0.175201    1.547996 v output138/X (sky130_fd_sc_hd__buf_2)
                                                         PSEL[0] (net)
                      0.089896    0.000732    1.548728 v PSEL[0] (out)
                                              1.548728   data arrival time

                                  0.000000    0.000000   clock HCLK (rise edge)
                                  0.000000    0.000000   clock network delay (propagated)
                                  0.250000    0.250000   clock uncertainty
                                  0.000000    0.250000   clock reconvergence pessimism
                                 -2.000000   -1.750000   output external delay
                                             -1.750000   data required time
---------------------------------------------------------------------------------------------
                                             -1.750000   data required time
                                             -1.548728   data arrival time
---------------------------------------------------------------------------------------------
                                              3.298728   slack (MET)


Startpoint: _164_ (rising edge-triggered flip-flop clocked by HCLK)
Endpoint: PADDR[13] (output port clocked by HCLK)
Path Group: HCLK
Path Type: min

Fanout         Cap        Slew       Delay        Time   Description
---------------------------------------------------------------------------------------------
                                  0.000000    0.000000   clock HCLK (rise edge)
                                  0.000000    0.000000   clock source latency
     1    0.059370    0.271235    0.194671    0.194671 ^ HCLK (in)
                                                         HCLK (net)
                      0.272238    0.000000    0.194671 ^ clkbuf_0_HCLK/A (sky130_fd_sc_hd__clkbuf_16)
     5    0.133985    0.147811    0.278990    0.473661 ^ clkbuf_0_HCLK/X (sky130_fd_sc_hd__clkbuf_16)
                                                         clknet_0_HCLK (net)
                      0.149132    0.011130    0.484791 ^ clkbuf_2_3_0_HCLK/A (sky130_fd_sc_hd__clkbuf_8)
     2    0.038985    0.080656    0.191808    0.676599 ^ clkbuf_2_3_0_HCLK/X (sky130_fd_sc_hd__clkbuf_8)
                                                         clknet_2_3_0_HCLK (net)
                      0.080672    0.001240    0.677839 ^ clkbuf_3_7__f_HCLK/A (sky130_fd_sc_hd__clkbuf_16)
     7    0.049661    0.068487    0.159910    0.837748 ^ clkbuf_3_7__f_HCLK/X (sky130_fd_sc_hd__clkbuf_16)
                                                         clknet_3_7__leaf_HCLK (net)
                      0.069212    0.005297    0.843046 ^ _164_/CLK (sky130_fd_sc_hd__dfrtp_4)
     6    0.035842    0.128808    0.477769    1.320815 ^ _164_/Q (sky130_fd_sc_hd__dfrtp_4)
                                                         net109 (net)
                      0.128948    0.003831    1.324646 ^ output109/A (sky130_fd_sc_hd__buf_2)
     1    0.034561    0.171991    0.229288    1.553934 ^ output109/X (sky130_fd_sc_hd__buf_2)
                                                         PADDR[13] (net)
                      0.171992    0.000758    1.554692 ^ PADDR[13] (out)
                                              1.554692   data arrival time

                                  0.000000    0.000000   clock HCLK (rise edge)
                                  0.000000    0.000000   clock network delay (propagated)
                                  0.250000    0.250000   clock uncertainty
                                  0.000000    0.250000   clock reconvergence pessimism
                                 -2.000000   -1.750000   output external delay
                                             -1.750000   data required time
---------------------------------------------------------------------------------------------
                                             -1.750000   data required time
                                             -1.554692   data arrival time
---------------------------------------------------------------------------------------------
                                              3.304692   slack (MET)


Startpoint: _195_ (rising edge-triggered flip-flop clocked by HCLK)
Endpoint: PWDATA[12] (output port clocked by HCLK)
Path Group: HCLK
Path Type: min

Fanout         Cap        Slew       Delay        Time   Description
---------------------------------------------------------------------------------------------
                                  0.000000    0.000000   clock HCLK (rise edge)
                                  0.000000    0.000000   clock source latency
     1    0.059370    0.271235    0.194671    0.194671 ^ HCLK (in)
                                                         HCLK (net)
                      0.272238    0.000000    0.194671 ^ clkbuf_0_HCLK/A (sky130_fd_sc_hd__clkbuf_16)
     5    0.133985    0.147811    0.278990    0.473661 ^ clkbuf_0_HCLK/X (sky130_fd_sc_hd__clkbuf_16)
                                                         clknet_0_HCLK (net)
                      0.149132    0.011130    0.484791 ^ clkbuf_2_3_0_HCLK/A (sky130_fd_sc_hd__clkbuf_8)
     2    0.038985    0.080656    0.191808    0.676599 ^ clkbuf_2_3_0_HCLK/X (sky130_fd_sc_hd__clkbuf_8)
                                                         clknet_2_3_0_HCLK (net)
                      0.080861    0.002748    0.679347 ^ clkbuf_3_6__f_HCLK/A (sky130_fd_sc_hd__clkbuf_16)
     8    0.072287    0.089992    0.175724    0.855070 ^ clkbuf_3_6__f_HCLK/X (sky130_fd_sc_hd__clkbuf_16)
                                                         clknet_3_6__leaf_HCLK (net)
                      0.091241    0.008378    0.863449 ^ _195_/CLK (sky130_fd_sc_hd__dfrtp_4)
     2    0.037211    0.132198    0.488724    1.352172 ^ _195_/Q (sky130_fd_sc_hd__dfrtp_4)
                                                         net145 (net)
                      0.132783    0.005762    1.357934 ^ output145/A (sky130_fd_sc_hd__buf_2)
     1    0.034398    0.171240    0.229777    1.587712 ^ output145/X (sky130_fd_sc_hd__buf_2)
                                                         PWDATA[12] (net)
                      0.171241    0.000772    1.588484 ^ PWDATA[12] (out)
                                              1.588484   data arrival time

                                  0.000000    0.000000   clock HCLK (rise edge)
                                  0.000000    0.000000   clock network delay (propagated)
                                  0.250000    0.250000   clock uncertainty
                                  0.000000    0.250000   clock reconvergence pessimism
                                 -2.000000   -1.750000   output external delay
                                             -1.750000   data required time
---------------------------------------------------------------------------------------------
                                             -1.750000   data required time
                                             -1.588484   data arrival time
---------------------------------------------------------------------------------------------
                                              3.338484   slack (MET)


Startpoint: _163_ (rising edge-triggered flip-flop clocked by HCLK)
Endpoint: PSEL[3] (output port clocked by HCLK)
Path Group: HCLK
Path Type: min

Fanout         Cap        Slew       Delay        Time   Description
---------------------------------------------------------------------------------------------
                                  0.000000    0.000000   clock HCLK (rise edge)
                                  0.000000    0.000000   clock source latency
     1    0.059370    0.271235    0.194671    0.194671 ^ HCLK (in)
                                                         HCLK (net)
                      0.272238    0.000000    0.194671 ^ clkbuf_0_HCLK/A (sky130_fd_sc_hd__clkbuf_16)
     5    0.133985    0.147811    0.278990    0.473661 ^ clkbuf_0_HCLK/X (sky130_fd_sc_hd__clkbuf_16)
                                                         clknet_0_HCLK (net)
                      0.149132    0.011130    0.484791 ^ clkbuf_2_3_0_HCLK/A (sky130_fd_sc_hd__clkbuf_8)
     2    0.038985    0.080656    0.191808    0.676599 ^ clkbuf_2_3_0_HCLK/X (sky130_fd_sc_hd__clkbuf_8)
                                                         clknet_2_3_0_HCLK (net)
                      0.080672    0.001240    0.677839 ^ clkbuf_3_7__f_HCLK/A (sky130_fd_sc_hd__clkbuf_16)
     7    0.049661    0.068487    0.159910    0.837748 ^ clkbuf_3_7__f_HCLK/X (sky130_fd_sc_hd__clkbuf_16)
                                                         clknet_3_7__leaf_HCLK (net)
                      0.069749    0.007191    0.844939 ^ _163_/CLK (sky130_fd_sc_hd__dfrtp_1)
     6    0.022204    0.124774    0.449988    1.294927 v _163_/Q (sky130_fd_sc_hd__dfrtp_1)
                                                         net108 (net)
                      0.124774    0.000419    1.295346 v _080_/A (sky130_fd_sc_hd__and3_1)
     1    0.002414    0.031340    0.171221    1.466567 v _080_/X (sky130_fd_sc_hd__and3_1)
                                                         net141 (net)
                      0.031340    0.000070    1.466637 v output141/A (sky130_fd_sc_hd__buf_2)
     1    0.035412    0.092076    0.176346    1.642982 v output141/X (sky130_fd_sc_hd__buf_2)
                                                         PSEL[3] (net)
                      0.092080    0.000674    1.643657 v PSEL[3] (out)
                                              1.643657   data arrival time

                                  0.000000    0.000000   clock HCLK (rise edge)
                                  0.000000    0.000000   clock network delay (propagated)
                                  0.250000    0.250000   clock uncertainty
                                  0.000000    0.250000   clock reconvergence pessimism
                                 -2.000000   -1.750000   output external delay
                                             -1.750000   data required time
---------------------------------------------------------------------------------------------
                                             -1.750000   data required time
                                             -1.643657   data arrival time
---------------------------------------------------------------------------------------------
                                              3.393657   slack (MET)


Startpoint: _217_ (rising edge-triggered flip-flop clocked by HCLK)
Endpoint: PENABLE (output port clocked by HCLK)
Path Group: HCLK
Path Type: min

Fanout         Cap        Slew       Delay        Time   Description
---------------------------------------------------------------------------------------------
                                  0.000000    0.000000   clock HCLK (rise edge)
                                  0.000000    0.000000   clock source latency
     1    0.059370    0.271235    0.194671    0.194671 ^ HCLK (in)
                                                         HCLK (net)
                      0.272238    0.000000    0.194671 ^ clkbuf_0_HCLK/A (sky130_fd_sc_hd__clkbuf_16)
     5    0.133985    0.147811    0.278990    0.473661 ^ clkbuf_0_HCLK/X (sky130_fd_sc_hd__clkbuf_16)
                                                         clknet_0_HCLK (net)
                      0.149132    0.011130    0.484791 ^ clkbuf_2_3_0_HCLK/A (sky130_fd_sc_hd__clkbuf_8)
     2    0.038985    0.080656    0.191808    0.676599 ^ clkbuf_2_3_0_HCLK/X (sky130_fd_sc_hd__clkbuf_8)
                                                         clknet_2_3_0_HCLK (net)
                      0.080672    0.001240    0.677839 ^ clkbuf_3_7__f_HCLK/A (sky130_fd_sc_hd__clkbuf_16)
     7    0.049661    0.068487    0.159910    0.837748 ^ clkbuf_3_7__f_HCLK/X (sky130_fd_sc_hd__clkbuf_16)
                                                         clknet_3_7__leaf_HCLK (net)
                      0.069809    0.007378    0.845127 ^ _217_/CLK (sky130_fd_sc_hd__dfrtp_2)
     5    0.024940    0.132442    0.426110    1.271237 ^ _217_/Q (sky130_fd_sc_hd__dfrtp_2)
                                                         u_bridge_fsm.state[1] (net)
                      0.132444    0.000756    1.271993 ^ _082_/B (sky130_fd_sc_hd__and2b_1)
     2    0.006802    0.073891    0.162070    1.434063 ^ _082_/X (sky130_fd_sc_hd__and2b_1)
                                                         net137 (net)
                      0.073891    0.000174    1.434237 ^ output137/A (sky130_fd_sc_hd__buf_2)
     1    0.035816    0.177597    0.213659    1.647895 ^ output137/X (sky130_fd_sc_hd__buf_2)
                                                         PENABLE (net)
                      0.177599    0.000971    1.648867 ^ PENABLE (out)
                                              1.648867   data arrival time

                                  0.000000    0.000000   clock HCLK (rise edge)
                                  0.000000    0.000000   clock network delay (propagated)
                                  0.250000    0.250000   clock uncertainty
                                  0.000000    0.250000   clock reconvergence pessimism
                                 -2.000000   -1.750000   output external delay
                                             -1.750000   data required time
---------------------------------------------------------------------------------------------
                                             -1.750000   data required time
                                             -1.648867   data arrival time
---------------------------------------------------------------------------------------------
                                              3.398867   slack (MET)


Startpoint: _216_ (rising edge-triggered flip-flop clocked by HCLK)
Endpoint: HRESP (output port clocked by HCLK)
Path Group: HCLK
Path Type: min

Fanout         Cap        Slew       Delay        Time   Description
---------------------------------------------------------------------------------------------
                                  0.000000    0.000000   clock HCLK (rise edge)
                                  0.000000    0.000000   clock source latency
     1    0.059370    0.271235    0.194671    0.194671 ^ HCLK (in)
                                                         HCLK (net)
                      0.272238    0.000000    0.194671 ^ clkbuf_0_HCLK/A (sky130_fd_sc_hd__clkbuf_16)
     5    0.133985    0.147811    0.278990    0.473661 ^ clkbuf_0_HCLK/X (sky130_fd_sc_hd__clkbuf_16)
                                                         clknet_0_HCLK (net)
                      0.149132    0.011130    0.484791 ^ clkbuf_2_3_0_HCLK/A (sky130_fd_sc_hd__clkbuf_8)
     2    0.038985    0.080656    0.191808    0.676599 ^ clkbuf_2_3_0_HCLK/X (sky130_fd_sc_hd__clkbuf_8)
                                                         clknet_2_3_0_HCLK (net)
                      0.080672    0.001240    0.677839 ^ clkbuf_3_7__f_HCLK/A (sky130_fd_sc_hd__clkbuf_16)
     7    0.049661    0.068487    0.159910    0.837748 ^ clkbuf_3_7__f_HCLK/X (sky130_fd_sc_hd__clkbuf_16)
                                                         clknet_3_7__leaf_HCLK (net)
                      0.069816    0.007399    0.845148 ^ _216_/CLK (sky130_fd_sc_hd__dfrtp_2)
     5    0.020103    0.079410    0.444405    1.289553 v _216_/Q (sky130_fd_sc_hd__dfrtp_2)
                                                         u_bridge_fsm.state[0] (net)
                      0.079410    0.000337    1.289890 v _074_/A (sky130_fd_sc_hd__and2_1)
     1    0.008778    0.058015    0.174390    1.464280 v _074_/X (sky130_fd_sc_hd__and2_1)
                                                         net104 (net)
                      0.058017    0.000459    1.464738 v output104/A (sky130_fd_sc_hd__buf_2)
     1    0.035174    0.091424    0.187488    1.652226 v output104/X (sky130_fd_sc_hd__buf_2)
                                                         HRESP (net)
                      0.091429    0.000699    1.652926 v HRESP (out)
                                              1.652926   data arrival time

                                  0.000000    0.000000   clock HCLK (rise edge)
                                  0.000000    0.000000   clock network delay (propagated)
                                  0.250000    0.250000   clock uncertainty
                                  0.000000    0.250000   clock reconvergence pessimism
                                 -2.000000   -1.750000   output external delay
                                             -1.750000   data required time
---------------------------------------------------------------------------------------------
                                             -1.750000   data required time
                                             -1.652926   data arrival time
---------------------------------------------------------------------------------------------
                                              3.402925   slack (MET)


Startpoint: _163_ (rising edge-triggered flip-flop clocked by HCLK)
Endpoint: PSEL[1] (output port clocked by HCLK)
Path Group: HCLK
Path Type: min

Fanout         Cap        Slew       Delay        Time   Description
---------------------------------------------------------------------------------------------
                                  0.000000    0.000000   clock HCLK (rise edge)
                                  0.000000    0.000000   clock source latency
     1    0.059370    0.271235    0.194671    0.194671 ^ HCLK (in)
                                                         HCLK (net)
                      0.272238    0.000000    0.194671 ^ clkbuf_0_HCLK/A (sky130_fd_sc_hd__clkbuf_16)
     5    0.133985    0.147811    0.278990    0.473661 ^ clkbuf_0_HCLK/X (sky130_fd_sc_hd__clkbuf_16)
                                                         clknet_0_HCLK (net)
                      0.149132    0.011130    0.484791 ^ clkbuf_2_3_0_HCLK/A (sky130_fd_sc_hd__clkbuf_8)
     2    0.038985    0.080656    0.191808    0.676599 ^ clkbuf_2_3_0_HCLK/X (sky130_fd_sc_hd__clkbuf_8)
                                                         clknet_2_3_0_HCLK (net)
                      0.080672    0.001240    0.677839 ^ clkbuf_3_7__f_HCLK/A (sky130_fd_sc_hd__clkbuf_16)
     7    0.049661    0.068487    0.159910    0.837748 ^ clkbuf_3_7__f_HCLK/X (sky130_fd_sc_hd__clkbuf_16)
                                                         clknet_3_7__leaf_HCLK (net)
                      0.069749    0.007191    0.844939 ^ _163_/CLK (sky130_fd_sc_hd__dfrtp_1)
     6    0.022204    0.124774    0.449988    1.294927 v _163_/Q (sky130_fd_sc_hd__dfrtp_1)
                                                         net108 (net)
                      0.124775    0.000594    1.295521 v _078_/C (sky130_fd_sc_hd__and3b_1)
     1    0.002239    0.030773    0.204241    1.499762 v _078_/X (sky130_fd_sc_hd__and3b_1)
                                                         net139 (net)
                      0.030773    0.000046    1.499808 v output139/A (sky130_fd_sc_hd__buf_2)
     1    0.035686    0.092687    0.176583    1.676391 v output139/X (sky130_fd_sc_hd__buf_2)
                                                         PSEL[1] (net)
                      0.092692    0.000713    1.677104 v PSEL[1] (out)
                                              1.677104   data arrival time

                                  0.000000    0.000000   clock HCLK (rise edge)
                                  0.000000    0.000000   clock network delay (propagated)
                                  0.250000    0.250000   clock uncertainty
                                  0.000000    0.250000   clock reconvergence pessimism
                                 -2.000000   -1.750000   output external delay
                                             -1.750000   data required time
---------------------------------------------------------------------------------------------
                                             -1.750000   data required time
                                             -1.677104   data arrival time
---------------------------------------------------------------------------------------------
                                              3.427104   slack (MET)


Startpoint: _163_ (rising edge-triggered flip-flop clocked by HCLK)
Endpoint: PSEL[2] (output port clocked by HCLK)
Path Group: HCLK
Path Type: min

Fanout         Cap        Slew       Delay        Time   Description
---------------------------------------------------------------------------------------------
                                  0.000000    0.000000   clock HCLK (rise edge)
                                  0.000000    0.000000   clock source latency
     1    0.059370    0.271235    0.194671    0.194671 ^ HCLK (in)
                                                         HCLK (net)
                      0.272238    0.000000    0.194671 ^ clkbuf_0_HCLK/A (sky130_fd_sc_hd__clkbuf_16)
     5    0.133985    0.147811    0.278990    0.473661 ^ clkbuf_0_HCLK/X (sky130_fd_sc_hd__clkbuf_16)
                                                         clknet_0_HCLK (net)
                      0.149132    0.011130    0.484791 ^ clkbuf_2_3_0_HCLK/A (sky130_fd_sc_hd__clkbuf_8)
     2    0.038985    0.080656    0.191808    0.676599 ^ clkbuf_2_3_0_HCLK/X (sky130_fd_sc_hd__clkbuf_8)
                                                         clknet_2_3_0_HCLK (net)
                      0.080672    0.001240    0.677839 ^ clkbuf_3_7__f_HCLK/A (sky130_fd_sc_hd__clkbuf_16)
     7    0.049661    0.068487    0.159910    0.837748 ^ clkbuf_3_7__f_HCLK/X (sky130_fd_sc_hd__clkbuf_16)
                                                         clknet_3_7__leaf_HCLK (net)
                      0.069749    0.007191    0.844939 ^ _163_/CLK (sky130_fd_sc_hd__dfrtp_1)
     6    0.023003    0.207275    0.451035    1.295975 ^ _163_/Q (sky130_fd_sc_hd__dfrtp_1)
                                                         net108 (net)
                      0.207275    0.000632    1.296607 ^ _079_/A_N (sky130_fd_sc_hd__and3b_1)
     1    0.005369    0.044465    0.215702    1.512309 v _079_/X (sky130_fd_sc_hd__and3b_1)
                                                         net140 (net)
                      0.044465    0.000234    1.512542 v output140/A (sky130_fd_sc_hd__buf_2)
     1    0.035859    0.092859    0.182724    1.695266 v output140/X (sky130_fd_sc_hd__buf_2)
                                                         PSEL[2] (net)
                      0.092866    0.000814    1.696080 v PSEL[2] (out)
                                              1.696080   data arrival time

                                  0.000000    0.000000   clock HCLK (rise edge)
                                  0.000000    0.000000   clock network delay (propagated)
                                  0.250000    0.250000   clock uncertainty
                                  0.000000    0.250000   clock reconvergence pessimism
                                 -2.000000   -1.750000   output external delay
                                             -1.750000   data required time
---------------------------------------------------------------------------------------------
                                             -1.750000   data required time
                                             -1.696080   data arrival time
---------------------------------------------------------------------------------------------
                                              3.446080   slack (MET)


Startpoint: PRDATA[23] (input port clocked by HCLK)
Endpoint: HRDATA[23] (output port clocked by HCLK)
Path Group: HCLK
Path Type: min

Fanout         Cap        Slew       Delay        Time   Description
---------------------------------------------------------------------------------------------
                                  0.000000    0.000000   clock HCLK (rise edge)
                                  0.000000    0.000000   clock network delay (propagated)
                                  2.000000    2.000000 v input external delay
     1    0.003794    0.010937    0.006128    2.006128 v PRDATA[23] (in)
                                                         PRDATA[23] (net)
                      0.010942    0.000000    2.006128 v _241_/A (sky130_fd_sc_hd__clkbuf_1)
     1    0.001978    0.022301    0.068531    2.074659 v _241_/X (sky130_fd_sc_hd__clkbuf_1)
                                                         net86 (net)
                      0.022301    0.000055    2.074713 v output86/A (sky130_fd_sc_hd__buf_2)
     1    0.034318    0.089806    0.170376    2.245090 v output86/X (sky130_fd_sc_hd__buf_2)
                                                         HRDATA[23] (net)
                      0.089811    0.000733    2.245822 v HRDATA[23] (out)
                                              2.245822   data arrival time

                                  0.000000    0.000000   clock HCLK (rise edge)
                                  0.000000    0.000000   clock network delay (propagated)
                                  0.250000    0.250000   clock uncertainty
                                  0.000000    0.250000   clock reconvergence pessimism
                                 -2.000000   -1.750000   output external delay
                                             -1.750000   data required time
---------------------------------------------------------------------------------------------
                                             -1.750000   data required time
                                             -2.245822   data arrival time
---------------------------------------------------------------------------------------------
                                              3.995822   slack (MET)


Startpoint: PRDATA[9] (input port clocked by HCLK)
Endpoint: HRDATA[9] (output port clocked by HCLK)
Path Group: HCLK
Path Type: min

Fanout         Cap        Slew       Delay        Time   Description
---------------------------------------------------------------------------------------------
                                  0.000000    0.000000   clock HCLK (rise edge)
                                  0.000000    0.000000   clock network delay (propagated)
                                  2.000000    2.000000 v input external delay
     1    0.003887    0.011155    0.006286    2.006286 v PRDATA[9] (in)
                                                         PRDATA[9] (net)
                      0.011157    0.000000    2.006286 v _227_/A (sky130_fd_sc_hd__clkbuf_1)
     1    0.002043    0.022625    0.068969    2.075256 v _227_/X (sky130_fd_sc_hd__clkbuf_1)
                                                         net102 (net)
                      0.022625    0.000057    2.075313 v output102/A (sky130_fd_sc_hd__buf_2)
     1    0.034294    0.089767    0.170446    2.245759 v output102/X (sky130_fd_sc_hd__buf_2)
                                                         HRDATA[9] (net)
                      0.089773    0.000753    2.246511 v HRDATA[9] (out)
                                              2.246511   data arrival time

                                  0.000000    0.000000   clock HCLK (rise edge)
                                  0.000000    0.000000   clock network delay (propagated)
                                  0.250000    0.250000   clock uncertainty
                                  0.000000    0.250000   clock reconvergence pessimism
                                 -2.000000   -1.750000   output external delay
                                             -1.750000   data required time
---------------------------------------------------------------------------------------------
                                             -1.750000   data required time
                                             -2.246511   data arrival time
---------------------------------------------------------------------------------------------
                                              3.996512   slack (MET)


Startpoint: PRDATA[1] (input port clocked by HCLK)
Endpoint: HRDATA[1] (output port clocked by HCLK)
Path Group: HCLK
Path Type: min

Fanout         Cap        Slew       Delay        Time   Description
---------------------------------------------------------------------------------------------
                                  0.000000    0.000000   clock HCLK (rise edge)
                                  0.000000    0.000000   clock network delay (propagated)
                                  2.000000    2.000000 v input external delay
     1    0.004090    0.011625    0.006629    2.006629 v PRDATA[1] (in)
                                                         PRDATA[1] (net)
                      0.011626    0.000000    2.006629 v _219_/A (sky130_fd_sc_hd__clkbuf_1)
     1    0.001984    0.022333    0.068822    2.075451 v _219_/X (sky130_fd_sc_hd__clkbuf_1)
                                                         net82 (net)
                      0.022333    0.000056    2.075507 v output82/A (sky130_fd_sc_hd__buf_2)
     1    0.034318    0.089806    0.170389    2.245896 v output82/X (sky130_fd_sc_hd__buf_2)
                                                         HRDATA[1] (net)
                      0.089812    0.000733    2.246628 v HRDATA[1] (out)
                                              2.246628   data arrival time

                                  0.000000    0.000000   clock HCLK (rise edge)
                                  0.000000    0.000000   clock network delay (propagated)
                                  0.250000    0.250000   clock uncertainty
                                  0.000000    0.250000   clock reconvergence pessimism
                                 -2.000000   -1.750000   output external delay
                                             -1.750000   data required time
---------------------------------------------------------------------------------------------
                                             -1.750000   data required time
                                             -2.246628   data arrival time
---------------------------------------------------------------------------------------------
                                              3.996628   slack (MET)


Startpoint: PRDATA[3] (input port clocked by HCLK)
Endpoint: HRDATA[3] (output port clocked by HCLK)
Path Group: HCLK
Path Type: min

Fanout         Cap        Slew       Delay        Time   Description
---------------------------------------------------------------------------------------------
                                  0.000000    0.000000   clock HCLK (rise edge)
                                  0.000000    0.000000   clock network delay (propagated)
                                  2.000000    2.000000 v input external delay
     1    0.003227    0.009623    0.005162    2.005162 v PRDATA[3] (in)
                                                         PRDATA[3] (net)
                      0.009623    0.000000    2.005162 v _221_/A (sky130_fd_sc_hd__clkbuf_1)
     1    0.002283    0.023847    0.069711    2.074873 v _221_/X (sky130_fd_sc_hd__clkbuf_1)
                                                         net96 (net)
                      0.023847    0.000064    2.074937 v output96/A (sky130_fd_sc_hd__buf_2)
     1    0.034400    0.090001    0.171144    2.246081 v output96/X (sky130_fd_sc_hd__buf_2)
                                                         HRDATA[3] (net)
                      0.090007    0.000772    2.246853 v HRDATA[3] (out)
                                              2.246853   data arrival time

                                  0.000000    0.000000   clock HCLK (rise edge)
                                  0.000000    0.000000   clock network delay (propagated)
                                  0.250000    0.250000   clock uncertainty
                                  0.000000    0.250000   clock reconvergence pessimism
                                 -2.000000   -1.750000   output external delay
                                             -1.750000   data required time
---------------------------------------------------------------------------------------------
                                             -1.750000   data required time
                                             -2.246853   data arrival time
---------------------------------------------------------------------------------------------
                                              3.996853   slack (MET)


Startpoint: PRDATA[30] (input port clocked by HCLK)
Endpoint: HRDATA[30] (output port clocked by HCLK)
Path Group: HCLK
Path Type: min

Fanout         Cap        Slew       Delay        Time   Description
---------------------------------------------------------------------------------------------
                                  0.000000    0.000000   clock HCLK (rise edge)
                                  0.000000    0.000000   clock network delay (propagated)
                                  2.000000    2.000000 v input external delay
     1    0.003391    0.010005    0.005439    2.005439 v PRDATA[30] (in)
                                                         PRDATA[30] (net)
                      0.010006    0.000000    2.005439 v _248_/A (sky130_fd_sc_hd__clkbuf_1)
     1    0.002013    0.022471    0.068368    2.073807 v _248_/X (sky130_fd_sc_hd__clkbuf_1)
                                                         net94 (net)
                      0.022471    0.000056    2.073863 v output94/A (sky130_fd_sc_hd__buf_2)
     1    0.035435    0.092229    0.172502    2.246365 v output94/X (sky130_fd_sc_hd__buf_2)
                                                         HRDATA[30] (net)
                      0.092235    0.000777    2.247141 v HRDATA[30] (out)
                                              2.247141   data arrival time

                                  0.000000    0.000000   clock HCLK (rise edge)
                                  0.000000    0.000000   clock network delay (propagated)
                                  0.250000    0.250000   clock uncertainty
                                  0.000000    0.250000   clock reconvergence pessimism
                                 -2.000000   -1.750000   output external delay
                                             -1.750000   data required time
---------------------------------------------------------------------------------------------
                                             -1.750000   data required time
                                             -2.247141   data arrival time
---------------------------------------------------------------------------------------------
                                              3.997141   slack (MET)


Startpoint: PRDATA[11] (input port clocked by HCLK)
Endpoint: HRDATA[11] (output port clocked by HCLK)
Path Group: HCLK
Path Type: min

Fanout         Cap        Slew       Delay        Time   Description
---------------------------------------------------------------------------------------------
                                  0.000000    0.000000   clock HCLK (rise edge)
                                  0.000000    0.000000   clock network delay (propagated)
                                  2.000000    2.000000 v input external delay
     1    0.003411    0.010051    0.005477    2.005477 v PRDATA[11] (in)
                                                         PRDATA[11] (net)
                      0.010056    0.000000    2.005477 v _229_/A (sky130_fd_sc_hd__clkbuf_1)
     1    0.002312    0.023997    0.070029    2.075505 v _229_/X (sky130_fd_sc_hd__clkbuf_1)
                                                         net73 (net)
                      0.023997    0.000070    2.075575 v output73/A (sky130_fd_sc_hd__buf_2)
     1    0.034216    0.089577    0.170913    2.246488 v output73/X (sky130_fd_sc_hd__buf_2)
                                                         HRDATA[11] (net)
                      0.089582    0.000708    2.247196 v HRDATA[11] (out)
                                              2.247196   data arrival time

                                  0.000000    0.000000   clock HCLK (rise edge)
                                  0.000000    0.000000   clock network delay (propagated)
                                  0.250000    0.250000   clock uncertainty
                                  0.000000    0.250000   clock reconvergence pessimism
                                 -2.000000   -1.750000   output external delay
                                             -1.750000   data required time
---------------------------------------------------------------------------------------------
                                             -1.750000   data required time
                                             -2.247196   data arrival time
---------------------------------------------------------------------------------------------
                                              3.997195   slack (MET)


Startpoint: PRDATA[14] (input port clocked by HCLK)
Endpoint: HRDATA[14] (output port clocked by HCLK)
Path Group: HCLK
Path Type: min

Fanout         Cap        Slew       Delay        Time   Description
---------------------------------------------------------------------------------------------
                                  0.000000    0.000000   clock HCLK (rise edge)
                                  0.000000    0.000000   clock network delay (propagated)
                                  2.000000    2.000000 v input external delay
     1    0.003911    0.011211    0.006327    2.006327 v PRDATA[14] (in)
                                                         PRDATA[14] (net)
                      0.011212    0.000000    2.006327 v _232_/A (sky130_fd_sc_hd__clkbuf_1)
     1    0.002127    0.023048    0.069454    2.075780 v _232_/X (sky130_fd_sc_hd__clkbuf_1)
                                                         net76 (net)
                      0.023048    0.000059    2.075839 v output76/A (sky130_fd_sc_hd__buf_2)
     1    0.034318    0.089813    0.170678    2.246517 v output76/X (sky130_fd_sc_hd__buf_2)
                                                         HRDATA[14] (net)
                      0.089818    0.000733    2.247250 v HRDATA[14] (out)
                                              2.247250   data arrival time

                                  0.000000    0.000000   clock HCLK (rise edge)
                                  0.000000    0.000000   clock network delay (propagated)
                                  0.250000    0.250000   clock uncertainty
                                  0.000000    0.250000   clock reconvergence pessimism
                                 -2.000000   -1.750000   output external delay
                                             -1.750000   data required time
---------------------------------------------------------------------------------------------
                                             -1.750000   data required time
                                             -2.247250   data arrival time
---------------------------------------------------------------------------------------------
                                              3.997250   slack (MET)


Startpoint: PRDATA[8] (input port clocked by HCLK)
Endpoint: HRDATA[8] (output port clocked by HCLK)
Path Group: HCLK
Path Type: min

Fanout         Cap        Slew       Delay        Time   Description
---------------------------------------------------------------------------------------------
                                  0.000000    0.000000   clock HCLK (rise edge)
                                  0.000000    0.000000   clock network delay (propagated)
                                  2.000000    2.000000 v input external delay
     1    0.003391    0.010005    0.005441    2.005441 v PRDATA[8] (in)
                                                         PRDATA[8] (net)
                      0.010010    0.000000    2.005441 v _226_/A (sky130_fd_sc_hd__clkbuf_1)
     1    0.002406    0.024475    0.070532    2.075973 v _226_/X (sky130_fd_sc_hd__clkbuf_1)
                                                         net101 (net)
                      0.024475    0.000068    2.076041 v output101/A (sky130_fd_sc_hd__buf_2)
     1    0.034399    0.089984    0.171432    2.247473 v output101/X (sky130_fd_sc_hd__buf_2)
                                                         HRDATA[8] (net)
                      0.089989    0.000748    2.248221 v HRDATA[8] (out)
                                              2.248221   data arrival time

                                  0.000000    0.000000   clock HCLK (rise edge)
                                  0.000000    0.000000   clock network delay (propagated)
                                  0.250000    0.250000   clock uncertainty
                                  0.000000    0.250000   clock reconvergence pessimism
                                 -2.000000   -1.750000   output external delay
                                             -1.750000   data required time
---------------------------------------------------------------------------------------------
                                             -1.750000   data required time
                                             -2.248221   data arrival time
---------------------------------------------------------------------------------------------
                                              3.998220   slack (MET)


Startpoint: PRDATA[15] (input port clocked by HCLK)
Endpoint: HRDATA[15] (output port clocked by HCLK)
Path Group: HCLK
Path Type: min

Fanout         Cap        Slew       Delay        Time   Description
---------------------------------------------------------------------------------------------
                                  0.000000    0.000000   clock HCLK (rise edge)
                                  0.000000    0.000000   clock network delay (propagated)
                                  2.000000    2.000000 v input external delay
     1    0.004973    0.013571    0.008095    2.008095 v PRDATA[15] (in)
                                                         PRDATA[15] (net)
                      0.013572    0.000000    2.008095 v _233_/A (sky130_fd_sc_hd__clkbuf_1)
     1    0.001894    0.021895    0.069064    2.077159 v _233_/X (sky130_fd_sc_hd__clkbuf_1)
                                                         net77 (net)
                      0.021895    0.000052    2.077211 v output77/A (sky130_fd_sc_hd__buf_2)
     1    0.034360    0.089903    0.170271    2.247482 v output77/X (sky130_fd_sc_hd__buf_2)
                                                         HRDATA[15] (net)
                      0.089909    0.000758    2.248240 v HRDATA[15] (out)
                                              2.248240   data arrival time

                                  0.000000    0.000000   clock HCLK (rise edge)
                                  0.000000    0.000000   clock network delay (propagated)
                                  0.250000    0.250000   clock uncertainty
                                  0.000000    0.250000   clock reconvergence pessimism
                                 -2.000000   -1.750000   output external delay
                                             -1.750000   data required time
---------------------------------------------------------------------------------------------
                                             -1.750000   data required time
                                             -2.248240   data arrival time
---------------------------------------------------------------------------------------------
                                              3.998240   slack (MET)


Startpoint: PRDATA[27] (input port clocked by HCLK)
Endpoint: HRDATA[27] (output port clocked by HCLK)
Path Group: HCLK
Path Type: min

Fanout         Cap        Slew       Delay        Time   Description
---------------------------------------------------------------------------------------------
                                  0.000000    0.000000   clock HCLK (rise edge)
                                  0.000000    0.000000   clock network delay (propagated)
                                  2.000000    2.000000 v input external delay
     1    0.004471    0.012472    0.007266    2.007266 v PRDATA[27] (in)
                                                         PRDATA[27] (net)
                      0.012474    0.000000    2.007266 v _245_/A (sky130_fd_sc_hd__clkbuf_1)
     1    0.002096    0.022898    0.069760    2.077026 v _245_/X (sky130_fd_sc_hd__clkbuf_1)
                                                         net90 (net)
                      0.022898    0.000060    2.077086 v output90/A (sky130_fd_sc_hd__buf_2)
     1    0.034245    0.089646    0.170497    2.247583 v output90/X (sky130_fd_sc_hd__buf_2)
                                                         HRDATA[27] (net)
                      0.089651    0.000709    2.248292 v HRDATA[27] (out)
                                              2.248292   data arrival time

                                  0.000000    0.000000   clock HCLK (rise edge)
                                  0.000000    0.000000   clock network delay (propagated)
                                  0.250000    0.250000   clock uncertainty
                                  0.000000    0.250000   clock reconvergence pessimism
                                 -2.000000   -1.750000   output external delay
                                             -1.750000   data required time
---------------------------------------------------------------------------------------------
                                             -1.750000   data required time
                                             -2.248292   data arrival time
---------------------------------------------------------------------------------------------
                                              3.998292   slack (MET)


Startpoint: PRDATA[2] (input port clocked by HCLK)
Endpoint: HRDATA[2] (output port clocked by HCLK)
Path Group: HCLK
Path Type: min

Fanout         Cap        Slew       Delay        Time   Description
---------------------------------------------------------------------------------------------
                                  0.000000    0.000000   clock HCLK (rise edge)
                                  0.000000    0.000000   clock network delay (propagated)
                                  2.000000    2.000000 v input external delay
     1    0.003952    0.011291    0.006399    2.006399 v PRDATA[2] (in)
                                                         PRDATA[2] (net)
                      0.011292    0.000000    2.006399 v _220_/A (sky130_fd_sc_hd__clkbuf_1)
     1    0.002284    0.023858    0.070346    2.076745 v _220_/X (sky130_fd_sc_hd__clkbuf_1)
                                                         net93 (net)
                      0.023858    0.000064    2.076809 v output93/A (sky130_fd_sc_hd__buf_2)
     1    0.034294    0.089765    0.170966    2.247775 v output93/X (sky130_fd_sc_hd__buf_2)
                                                         HRDATA[2] (net)
                      0.089771    0.000753    2.248528 v HRDATA[2] (out)
                                              2.248528   data arrival time

                                  0.000000    0.000000   clock HCLK (rise edge)
                                  0.000000    0.000000   clock network delay (propagated)
                                  0.250000    0.250000   clock uncertainty
                                  0.000000    0.250000   clock reconvergence pessimism
                                 -2.000000   -1.750000   output external delay
                                             -1.750000   data required time
---------------------------------------------------------------------------------------------
                                             -1.750000   data required time
                                             -2.248528   data arrival time
---------------------------------------------------------------------------------------------
                                              3.998527   slack (MET)


Startpoint: PRDATA[0] (input port clocked by HCLK)
Endpoint: HRDATA[0] (output port clocked by HCLK)
Path Group: HCLK
Path Type: min

Fanout         Cap        Slew       Delay        Time   Description
---------------------------------------------------------------------------------------------
                                  0.000000    0.000000   clock HCLK (rise edge)
                                  0.000000    0.000000   clock network delay (propagated)
                                  2.000000    2.000000 v input external delay
     1    0.003354    0.009921    0.005379    2.005379 v PRDATA[0] (in)
                                                         PRDATA[0] (net)
                      0.009921    0.000000    2.005379 v _218_/A (sky130_fd_sc_hd__clkbuf_1)
     1    0.002469    0.024797    0.070847    2.076226 v _218_/X (sky130_fd_sc_hd__clkbuf_1)
                                                         net71 (net)
                      0.024797    0.000068    2.076294 v output71/A (sky130_fd_sc_hd__buf_2)
     1    0.034393    0.089967    0.171559    2.247853 v output71/X (sky130_fd_sc_hd__buf_2)
                                                         HRDATA[0] (net)
                      0.089973    0.000747    2.248600 v HRDATA[0] (out)
                                              2.248600   data arrival time

                                  0.000000    0.000000   clock HCLK (rise edge)
                                  0.000000    0.000000   clock network delay (propagated)
                                  0.250000    0.250000   clock uncertainty
                                  0.000000    0.250000   clock reconvergence pessimism
                                 -2.000000   -1.750000   output external delay
                                             -1.750000   data required time
---------------------------------------------------------------------------------------------
                                             -1.750000   data required time
                                             -2.248600   data arrival time
---------------------------------------------------------------------------------------------
                                              3.998600   slack (MET)


Startpoint: PRDATA[28] (input port clocked by HCLK)
Endpoint: HRDATA[28] (output port clocked by HCLK)
Path Group: HCLK
Path Type: min

Fanout         Cap        Slew       Delay        Time   Description
---------------------------------------------------------------------------------------------
                                  0.000000    0.000000   clock HCLK (rise edge)
                                  0.000000    0.000000   clock network delay (propagated)
                                  2.000000    2.000000 v input external delay
     1    0.005292    0.014235    0.008618    2.008618 v PRDATA[28] (in)
                                                         PRDATA[28] (net)
                      0.014238    0.000000    2.008618 v _246_/A (sky130_fd_sc_hd__clkbuf_1)
     1    0.001975    0.022297    0.069760    2.078378 v _246_/X (sky130_fd_sc_hd__clkbuf_1)
                                                         net91 (net)
                      0.022297    0.000056    2.078434 v output91/A (sky130_fd_sc_hd__buf_2)
     1    0.034115    0.089358    0.170014    2.248448 v output91/X (sky130_fd_sc_hd__buf_2)
                                                         HRDATA[28] (net)
                      0.089363    0.000706    2.249154 v HRDATA[28] (out)
                                              2.249154   data arrival time

                                  0.000000    0.000000   clock HCLK (rise edge)
                                  0.000000    0.000000   clock network delay (propagated)
                                  0.250000    0.250000   clock uncertainty
                                  0.000000    0.250000   clock reconvergence pessimism
                                 -2.000000   -1.750000   output external delay
                                             -1.750000   data required time
---------------------------------------------------------------------------------------------
                                             -1.750000   data required time
                                             -2.249154   data arrival time
---------------------------------------------------------------------------------------------
                                              3.999154   slack (MET)


Startpoint: PRDATA[26] (input port clocked by HCLK)
Endpoint: HRDATA[26] (output port clocked by HCLK)
Path Group: HCLK
Path Type: min

Fanout         Cap        Slew       Delay        Time   Description
---------------------------------------------------------------------------------------------
                                  0.000000    0.000000   clock HCLK (rise edge)
                                  0.000000    0.000000   clock network delay (propagated)
                                  2.000000    2.000000 v input external delay
     1    0.003623    0.010541    0.005837    2.005837 v PRDATA[26] (in)
                                                         PRDATA[26] (net)
                      0.010547    0.000000    2.005837 v _244_/A (sky130_fd_sc_hd__clkbuf_1)
     1    0.002630    0.025628    0.071965    2.077801 v _244_/X (sky130_fd_sc_hd__clkbuf_1)
                                                         net89 (net)
                      0.025628    0.000079    2.077881 v output89/A (sky130_fd_sc_hd__buf_2)
     1    0.034334    0.089845    0.171792    2.249673 v output89/X (sky130_fd_sc_hd__buf_2)
                                                         HRDATA[26] (net)
                      0.089851    0.000767    2.250441 v HRDATA[26] (out)
                                              2.250441   data arrival time

                                  0.000000    0.000000   clock HCLK (rise edge)
                                  0.000000    0.000000   clock network delay (propagated)
                                  0.250000    0.250000   clock uncertainty
                                  0.000000    0.250000   clock reconvergence pessimism
                                 -2.000000   -1.750000   output external delay
                                             -1.750000   data required time
---------------------------------------------------------------------------------------------
                                             -1.750000   data required time
                                             -2.250441   data arrival time
---------------------------------------------------------------------------------------------
                                              4.000441   slack (MET)


Startpoint: PRDATA[6] (input port clocked by HCLK)
Endpoint: HRDATA[6] (output port clocked by HCLK)
Path Group: HCLK
Path Type: min

Fanout         Cap        Slew       Delay        Time   Description
---------------------------------------------------------------------------------------------
                                  0.000000    0.000000   clock HCLK (rise edge)
                                  0.000000    0.000000   clock network delay (propagated)
                                  2.000000    2.000000 v input external delay
     1    0.004198    0.011856    0.006817    2.006817 v PRDATA[6] (in)
                                                         PRDATA[6] (net)
                      0.011858    0.000000    2.006817 v _224_/A (sky130_fd_sc_hd__clkbuf_1)
     1    0.002448    0.024700    0.071459    2.078275 v _224_/X (sky130_fd_sc_hd__clkbuf_1)
                                                         net99 (net)
                      0.024700    0.000071    2.078346 v output99/A (sky130_fd_sc_hd__buf_2)
     1    0.034334    0.089852    0.171392    2.249738 v output99/X (sky130_fd_sc_hd__buf_2)
                                                         HRDATA[6] (net)
                      0.089858    0.000767    2.250506 v HRDATA[6] (out)
                                              2.250506   data arrival time

                                  0.000000    0.000000   clock HCLK (rise edge)
                                  0.000000    0.000000   clock network delay (propagated)
                                  0.250000    0.250000   clock uncertainty
                                  0.000000    0.250000   clock reconvergence pessimism
                                 -2.000000   -1.750000   output external delay
                                             -1.750000   data required time
---------------------------------------------------------------------------------------------
                                             -1.750000   data required time
                                             -2.250506   data arrival time
---------------------------------------------------------------------------------------------
                                              4.000506   slack (MET)


Startpoint: PRDATA[31] (input port clocked by HCLK)
Endpoint: HRDATA[31] (output port clocked by HCLK)
Path Group: HCLK
Path Type: min

Fanout         Cap        Slew       Delay        Time   Description
---------------------------------------------------------------------------------------------
                                  0.000000    0.000000   clock HCLK (rise edge)
                                  0.000000    0.000000   clock network delay (propagated)
                                  2.000000    2.000000 v input external delay
     1    0.004383    0.012279    0.007127    2.007128 v PRDATA[31] (in)
                                                         PRDATA[31] (net)
                      0.012281    0.000000    2.007128 v _249_/A (sky130_fd_sc_hd__clkbuf_1)
     1    0.002395    0.024432    0.071330    2.078457 v _249_/X (sky130_fd_sc_hd__clkbuf_1)
                                                         net95 (net)
                      0.024432    0.000068    2.078525 v output95/A (sky130_fd_sc_hd__buf_2)
     1    0.034670    0.090581    0.171892    2.250417 v output95/X (sky130_fd_sc_hd__buf_2)
                                                         HRDATA[31] (net)
                      0.090588    0.000778    2.251195 v HRDATA[31] (out)
                                              2.251195   data arrival time

                                  0.000000    0.000000   clock HCLK (rise edge)
                                  0.000000    0.000000   clock network delay (propagated)
                                  0.250000    0.250000   clock uncertainty
                                  0.000000    0.250000   clock reconvergence pessimism
                                 -2.000000   -1.750000   output external delay
                                             -1.750000   data required time
---------------------------------------------------------------------------------------------
                                             -1.750000   data required time
                                             -2.251195   data arrival time
---------------------------------------------------------------------------------------------
                                              4.001195   slack (MET)


Startpoint: PRDATA[19] (input port clocked by HCLK)
Endpoint: HRDATA[19] (output port clocked by HCLK)
Path Group: HCLK
Path Type: min

Fanout         Cap        Slew       Delay        Time   Description
---------------------------------------------------------------------------------------------
                                  0.000000    0.000000   clock HCLK (rise edge)
                                  0.000000    0.000000   clock network delay (propagated)
                                  2.000000    2.000000 v input external delay
     1    0.003672    0.010642    0.005920    2.005920 v PRDATA[19] (in)
                                                         PRDATA[19] (net)
                      0.010647    0.000000    2.005920 v _237_/A (sky130_fd_sc_hd__clkbuf_1)
     1    0.002763    0.026306    0.072739    2.078659 v _237_/X (sky130_fd_sc_hd__clkbuf_1)
                                                         net81 (net)
                      0.026306    0.000077    2.078735 v output81/A (sky130_fd_sc_hd__buf_2)
     1    0.034334    0.089840    0.172084    2.250820 v output81/X (sky130_fd_sc_hd__buf_2)
                                                         HRDATA[19] (net)
                      0.089846    0.000767    2.251587 v HRDATA[19] (out)
                                              2.251587   data arrival time

                                  0.000000    0.000000   clock HCLK (rise edge)
                                  0.000000    0.000000   clock network delay (propagated)
                                  0.250000    0.250000   clock uncertainty
                                  0.000000    0.250000   clock reconvergence pessimism
                                 -2.000000   -1.750000   output external delay
                                             -1.750000   data required time
---------------------------------------------------------------------------------------------
                                             -1.750000   data required time
                                             -2.251587   data arrival time
---------------------------------------------------------------------------------------------
                                              4.001587   slack (MET)


Startpoint: PRDATA[25] (input port clocked by HCLK)
Endpoint: HRDATA[25] (output port clocked by HCLK)
Path Group: HCLK
Path Type: min

Fanout         Cap        Slew       Delay        Time   Description
---------------------------------------------------------------------------------------------
                                  0.000000    0.000000   clock HCLK (rise edge)
                                  0.000000    0.000000   clock network delay (propagated)
                                  2.000000    2.000000 v input external delay
     1    0.004991    0.013608    0.008113    2.008113 v PRDATA[25] (in)
                                                         PRDATA[25] (net)
                      0.013609    0.000000    2.008113 v _243_/A (sky130_fd_sc_hd__clkbuf_1)
     1    0.002175    0.023301    0.070622    2.078736 v _243_/X (sky130_fd_sc_hd__clkbuf_1)
                                                         net88 (net)
                      0.023301    0.000062    2.078797 v output88/A (sky130_fd_sc_hd__buf_2)
     1    0.035555    0.092459    0.173125    2.251922 v output88/X (sky130_fd_sc_hd__buf_2)
                                                         HRDATA[25] (net)
                      0.092464    0.000709    2.252631 v HRDATA[25] (out)
                                              2.252631   data arrival time

                                  0.000000    0.000000   clock HCLK (rise edge)
                                  0.000000    0.000000   clock network delay (propagated)
                                  0.250000    0.250000   clock uncertainty
                                  0.000000    0.250000   clock reconvergence pessimism
                                 -2.000000   -1.750000   output external delay
                                             -1.750000   data required time
---------------------------------------------------------------------------------------------
                                             -1.750000   data required time
                                             -2.252631   data arrival time
---------------------------------------------------------------------------------------------
                                              4.002631   slack (MET)


Startpoint: PRDATA[7] (input port clocked by HCLK)
Endpoint: HRDATA[7] (output port clocked by HCLK)
Path Group: HCLK
Path Type: min

Fanout         Cap        Slew       Delay        Time   Description
---------------------------------------------------------------------------------------------
                                  0.000000    0.000000   clock HCLK (rise edge)
                                  0.000000    0.000000   clock network delay (propagated)
                                  2.000000    2.000000 v input external delay
     1    0.003506    0.010258    0.005636    2.005636 v PRDATA[7] (in)
                                                         PRDATA[7] (net)
                      0.010263    0.000000    2.005636 v _225_/A (sky130_fd_sc_hd__clkbuf_1)
     1    0.003031    0.027665    0.074057    2.079693 v _225_/X (sky130_fd_sc_hd__clkbuf_1)
                                                         net100 (net)
                      0.027665    0.000099    2.079793 v output100/A (sky130_fd_sc_hd__buf_2)
     1    0.034185    0.089482    0.172436    2.252229 v output100/X (sky130_fd_sc_hd__buf_2)
                                                         HRDATA[7] (net)
                      0.089487    0.000706    2.252935 v HRDATA[7] (out)
                                              2.252935   data arrival time

                                  0.000000    0.000000   clock HCLK (rise edge)
                                  0.000000    0.000000   clock network delay (propagated)
                                  0.250000    0.250000   clock uncertainty
                                  0.000000    0.250000   clock reconvergence pessimism
                                 -2.000000   -1.750000   output external delay
                                             -1.750000   data required time
---------------------------------------------------------------------------------------------
                                             -1.750000   data required time
                                             -2.252935   data arrival time
---------------------------------------------------------------------------------------------
                                              4.002935   slack (MET)


Startpoint: PRDATA[16] (input port clocked by HCLK)
Endpoint: HRDATA[16] (output port clocked by HCLK)
Path Group: HCLK
Path Type: min

Fanout         Cap        Slew       Delay        Time   Description
---------------------------------------------------------------------------------------------
                                  0.000000    0.000000   clock HCLK (rise edge)
                                  0.000000    0.000000   clock network delay (propagated)
                                  2.000000    2.000000 v input external delay
     1    0.004792    0.013160    0.007816    2.007816 v PRDATA[16] (in)
                                                         PRDATA[16] (net)
                      0.013163    0.000000    2.007816 v _234_/A (sky130_fd_sc_hd__clkbuf_1)
     1    0.002665    0.025824    0.073147    2.080963 v _234_/X (sky130_fd_sc_hd__clkbuf_1)
                                                         net78 (net)
                      0.025824    0.000079    2.081042 v output78/A (sky130_fd_sc_hd__buf_2)
     1    0.034425    0.090030    0.172061    2.253103 v output78/X (sky130_fd_sc_hd__buf_2)
                                                         HRDATA[16] (net)
                      0.090036    0.000748    2.253851 v HRDATA[16] (out)
                                              2.253851   data arrival time

                                  0.000000    0.000000   clock HCLK (rise edge)
                                  0.000000    0.000000   clock network delay (propagated)
                                  0.250000    0.250000   clock uncertainty
                                  0.000000    0.250000   clock reconvergence pessimism
                                 -2.000000   -1.750000   output external delay
                                             -1.750000   data required time
---------------------------------------------------------------------------------------------
                                             -1.750000   data required time
                                             -2.253851   data arrival time
---------------------------------------------------------------------------------------------
                                              4.003851   slack (MET)


Startpoint: PRDATA[20] (input port clocked by HCLK)
Endpoint: HRDATA[20] (output port clocked by HCLK)
Path Group: HCLK
Path Type: min

Fanout         Cap        Slew       Delay        Time   Description
---------------------------------------------------------------------------------------------
                                  0.000000    0.000000   clock HCLK (rise edge)
                                  0.000000    0.000000   clock network delay (propagated)
                                  2.000000    2.000000 v input external delay
     1    0.004457    0.012443    0.007250    2.007250 v PRDATA[20] (in)
                                                         PRDATA[20] (net)
                      0.012445    0.000000    2.007250 v _238_/A (sky130_fd_sc_hd__clkbuf_1)
     1    0.002762    0.026318    0.073406    2.080656 v _238_/X (sky130_fd_sc_hd__clkbuf_1)
                                                         net83 (net)
                      0.026318    0.000086    2.080742 v output83/A (sky130_fd_sc_hd__buf_2)
     1    0.035183    0.091676    0.173658    2.254400 v output83/X (sky130_fd_sc_hd__buf_2)
                                                         HRDATA[20] (net)
                      0.091682    0.000795    2.255195 v HRDATA[20] (out)
                                              2.255195   data arrival time

                                  0.000000    0.000000   clock HCLK (rise edge)
                                  0.000000    0.000000   clock network delay (propagated)
                                  0.250000    0.250000   clock uncertainty
                                  0.000000    0.250000   clock reconvergence pessimism
                                 -2.000000   -1.750000   output external delay
                                             -1.750000   data required time
---------------------------------------------------------------------------------------------
                                             -1.750000   data required time
                                             -2.255195   data arrival time
---------------------------------------------------------------------------------------------
                                              4.005195   slack (MET)


Startpoint: PRDATA[24] (input port clocked by HCLK)
Endpoint: HRDATA[24] (output port clocked by HCLK)
Path Group: HCLK
Path Type: min

Fanout         Cap        Slew       Delay        Time   Description
---------------------------------------------------------------------------------------------
                                  0.000000    0.000000   clock HCLK (rise edge)
                                  0.000000    0.000000   clock network delay (propagated)
                                  2.000000    2.000000 v input external delay
     1    0.006721    0.017357    0.010969    2.010968 v PRDATA[24] (in)
                                                         PRDATA[24] (net)
                      0.017361    0.000000    2.010968 v _242_/A (sky130_fd_sc_hd__clkbuf_1)
     1    0.002269    0.023804    0.072554    2.083523 v _242_/X (sky130_fd_sc_hd__clkbuf_1)
                                                         net87 (net)
                      0.023804    0.000065    2.083588 v output87/A (sky130_fd_sc_hd__buf_2)
     1    0.034294    0.089765    0.170943    2.254531 v output87/X (sky130_fd_sc_hd__buf_2)
                                                         HRDATA[24] (net)
                      0.089771    0.000753    2.255284 v HRDATA[24] (out)
                                              2.255284   data arrival time

                                  0.000000    0.000000   clock HCLK (rise edge)
                                  0.000000    0.000000   clock network delay (propagated)
                                  0.250000    0.250000   clock uncertainty
                                  0.000000    0.250000   clock reconvergence pessimism
                                 -2.000000   -1.750000   output external delay
                                             -1.750000   data required time
---------------------------------------------------------------------------------------------
                                             -1.750000   data required time
                                             -2.255284   data arrival time
---------------------------------------------------------------------------------------------
                                              4.005283   slack (MET)


Startpoint: PRDATA[13] (input port clocked by HCLK)
Endpoint: HRDATA[13] (output port clocked by HCLK)
Path Group: HCLK
Path Type: min

Fanout         Cap        Slew       Delay        Time   Description
---------------------------------------------------------------------------------------------
                                  0.000000    0.000000   clock HCLK (rise edge)
                                  0.000000    0.000000   clock network delay (propagated)
                                  2.000000    2.000000 v input external delay
     1    0.004539    0.012618    0.007385    2.007385 v PRDATA[13] (in)
                                                         PRDATA[13] (net)
                      0.012620    0.000000    2.007385 v _231_/A (sky130_fd_sc_hd__clkbuf_1)
     1    0.003016    0.027606    0.074870    2.082255 v _231_/X (sky130_fd_sc_hd__clkbuf_1)
                                                         net75 (net)
                      0.027606    0.000096    2.082351 v output75/A (sky130_fd_sc_hd__buf_2)
     1    0.034181    0.089476    0.172405    2.254756 v output75/X (sky130_fd_sc_hd__buf_2)
                                                         HRDATA[13] (net)
                      0.089481    0.000706    2.255463 v HRDATA[13] (out)
                                              2.255463   data arrival time

                                  0.000000    0.000000   clock HCLK (rise edge)
                                  0.000000    0.000000   clock network delay (propagated)
                                  0.250000    0.250000   clock uncertainty
                                  0.000000    0.250000   clock reconvergence pessimism
                                 -2.000000   -1.750000   output external delay
                                             -1.750000   data required time
---------------------------------------------------------------------------------------------
                                             -1.750000   data required time
                                             -2.255463   data arrival time
---------------------------------------------------------------------------------------------
                                              4.005463   slack (MET)


Startpoint: PRDATA[10] (input port clocked by HCLK)
Endpoint: HRDATA[10] (output port clocked by HCLK)
Path Group: HCLK
Path Type: min

Fanout         Cap        Slew       Delay        Time   Description
---------------------------------------------------------------------------------------------
                                  0.000000    0.000000   clock HCLK (rise edge)
                                  0.000000    0.000000   clock network delay (propagated)
                                  2.000000    2.000000 v input external delay
     1    0.008063    0.020293    0.013178    2.013178 v PRDATA[10] (in)
                                                         PRDATA[10] (net)
                      0.020299    0.000000    2.013178 v _228_/A (sky130_fd_sc_hd__clkbuf_1)
     1    0.002019    0.022536    0.072298    2.085476 v _228_/X (sky130_fd_sc_hd__clkbuf_1)
                                                         net72 (net)
                      0.022536    0.000056    2.085532 v output72/A (sky130_fd_sc_hd__buf_2)
     1    0.034294    0.089766    0.170410    2.255942 v output72/X (sky130_fd_sc_hd__buf_2)
                                                         HRDATA[10] (net)
                      0.089772    0.000753    2.256695 v HRDATA[10] (out)
                                              2.256695   data arrival time

                                  0.000000    0.000000   clock HCLK (rise edge)
                                  0.000000    0.000000   clock network delay (propagated)
                                  0.250000    0.250000   clock uncertainty
                                  0.000000    0.250000   clock reconvergence pessimism
                                 -2.000000   -1.750000   output external delay
                                             -1.750000   data required time
---------------------------------------------------------------------------------------------
                                             -1.750000   data required time
                                             -2.256695   data arrival time
---------------------------------------------------------------------------------------------
                                              4.006695   slack (MET)


Startpoint: PRDATA[29] (input port clocked by HCLK)
Endpoint: HRDATA[29] (output port clocked by HCLK)
Path Group: HCLK
Path Type: min

Fanout         Cap        Slew       Delay        Time   Description
---------------------------------------------------------------------------------------------
                                  0.000000    0.000000   clock HCLK (rise edge)
                                  0.000000    0.000000   clock network delay (propagated)
                                  2.000000    2.000000 v input external delay
     1    0.003590    0.010467    0.005781    2.005781 v PRDATA[29] (in)
                                                         PRDATA[29] (net)
                      0.010472    0.000000    2.005781 v _247_/A (sky130_fd_sc_hd__clkbuf_1)
     1    0.003610    0.030636    0.076944    2.082725 v _247_/X (sky130_fd_sc_hd__clkbuf_1)
                                                         net92 (net)
                      0.030636    0.000122    2.082847 v output92/A (sky130_fd_sc_hd__buf_2)
     1    0.034294    0.089717    0.173886    2.256732 v output92/X (sky130_fd_sc_hd__buf_2)
                                                         HRDATA[29] (net)
                      0.089722    0.000753    2.257485 v HRDATA[29] (out)
                                              2.257485   data arrival time

                                  0.000000    0.000000   clock HCLK (rise edge)
                                  0.000000    0.000000   clock network delay (propagated)
                                  0.250000    0.250000   clock uncertainty
                                  0.000000    0.250000   clock reconvergence pessimism
                                 -2.000000   -1.750000   output external delay
                                             -1.750000   data required time
---------------------------------------------------------------------------------------------
                                             -1.750000   data required time
                                             -2.257485   data arrival time
---------------------------------------------------------------------------------------------
                                              4.007485   slack (MET)


Startpoint: PRDATA[18] (input port clocked by HCLK)
Endpoint: HRDATA[18] (output port clocked by HCLK)
Path Group: HCLK
Path Type: min

Fanout         Cap        Slew       Delay        Time   Description
---------------------------------------------------------------------------------------------
                                  0.000000    0.000000   clock HCLK (rise edge)
                                  0.000000    0.000000   clock network delay (propagated)
                                  2.000000    2.000000 v input external delay
     1    0.008323    0.020866    0.013590    2.013590 v PRDATA[18] (in)
                                                         PRDATA[18] (net)
                      0.020872    0.000000    2.013590 v _236_/A (sky130_fd_sc_hd__clkbuf_1)
     1    0.001798    0.021451    0.071306    2.084896 v _236_/X (sky130_fd_sc_hd__clkbuf_1)
                                                         net80 (net)
                      0.021451    0.000034    2.084930 v output80/A (sky130_fd_sc_hd__buf_2)
     1    0.035376    0.092151    0.171868    2.256798 v output80/X (sky130_fd_sc_hd__buf_2)
                                                         HRDATA[18] (net)
                      0.092160    0.000912    2.257710 v HRDATA[18] (out)
                                              2.257710   data arrival time

                                  0.000000    0.000000   clock HCLK (rise edge)
                                  0.000000    0.000000   clock network delay (propagated)
                                  0.250000    0.250000   clock uncertainty
                                  0.000000    0.250000   clock reconvergence pessimism
                                 -2.000000   -1.750000   output external delay
                                             -1.750000   data required time
---------------------------------------------------------------------------------------------
                                             -1.750000   data required time
                                             -2.257710   data arrival time
---------------------------------------------------------------------------------------------
                                              4.007710   slack (MET)


Startpoint: PRDATA[5] (input port clocked by HCLK)
Endpoint: HRDATA[5] (output port clocked by HCLK)
Path Group: HCLK
Path Type: min

Fanout         Cap        Slew       Delay        Time   Description
---------------------------------------------------------------------------------------------
                                  0.000000    0.000000   clock HCLK (rise edge)
                                  0.000000    0.000000   clock network delay (propagated)
                                  2.000000    2.000000 v input external delay
     1    0.003249    0.009676    0.005199    2.005199 v PRDATA[5] (in)
                                                         PRDATA[5] (net)
                      0.009676    0.000000    2.005199 v _223_/A (sky130_fd_sc_hd__clkbuf_1)
     1    0.003971    0.032498    0.078288    2.083486 v _223_/X (sky130_fd_sc_hd__clkbuf_1)
                                                         net98 (net)
                      0.032498    0.000149    2.083636 v output98/A (sky130_fd_sc_hd__buf_2)
     1    0.035231    0.091798    0.176290    2.259926 v output98/X (sky130_fd_sc_hd__buf_2)
                                                         HRDATA[5] (net)
                      0.091807    0.000941    2.260867 v HRDATA[5] (out)
                                              2.260867   data arrival time

                                  0.000000    0.000000   clock HCLK (rise edge)
                                  0.000000    0.000000   clock network delay (propagated)
                                  0.250000    0.250000   clock uncertainty
                                  0.000000    0.250000   clock reconvergence pessimism
                                 -2.000000   -1.750000   output external delay
                                             -1.750000   data required time
---------------------------------------------------------------------------------------------
                                             -1.750000   data required time
                                             -2.260867   data arrival time
---------------------------------------------------------------------------------------------
                                              4.010867   slack (MET)


Startpoint: PRDATA[21] (input port clocked by HCLK)
Endpoint: HRDATA[21] (output port clocked by HCLK)
Path Group: HCLK
Path Type: min

Fanout         Cap        Slew       Delay        Time   Description
---------------------------------------------------------------------------------------------
                                  0.000000    0.000000   clock HCLK (rise edge)
                                  0.000000    0.000000   clock network delay (propagated)
                                  2.000000    2.000000 v input external delay
     1    0.010095    0.024747    0.016547    2.016547 v PRDATA[21] (in)
                                                         PRDATA[21] (net)
                      0.024759    0.000000    2.016547 v _239_/A (sky130_fd_sc_hd__clkbuf_1)
     1    0.002445    0.024741    0.076437    2.092984 v _239_/X (sky130_fd_sc_hd__clkbuf_1)
                                                         net84 (net)
                      0.024741    0.000053    2.093037 v output84/A (sky130_fd_sc_hd__buf_2)
     1    0.034482    0.090152    0.171716    2.264753 v output84/X (sky130_fd_sc_hd__buf_2)
                                                         HRDATA[21] (net)
                      0.090157    0.000724    2.265477 v HRDATA[21] (out)
                                              2.265477   data arrival time

                                  0.000000    0.000000   clock HCLK (rise edge)
                                  0.000000    0.000000   clock network delay (propagated)
                                  0.250000    0.250000   clock uncertainty
                                  0.000000    0.250000   clock reconvergence pessimism
                                 -2.000000   -1.750000   output external delay
                                             -1.750000   data required time
---------------------------------------------------------------------------------------------
                                             -1.750000   data required time
                                             -2.265477   data arrival time
---------------------------------------------------------------------------------------------
                                              4.015477   slack (MET)


Startpoint: PRDATA[17] (input port clocked by HCLK)
Endpoint: HRDATA[17] (output port clocked by HCLK)
Path Group: HCLK
Path Type: min

Fanout         Cap        Slew       Delay        Time   Description
---------------------------------------------------------------------------------------------
                                  0.000000    0.000000   clock HCLK (rise edge)
                                  0.000000    0.000000   clock network delay (propagated)
                                  2.000000    2.000000 v input external delay
     1    0.003944    0.011283    0.006367    2.006367 v PRDATA[17] (in)
                                                         PRDATA[17] (net)
                      0.011288    0.000000    2.006367 v _235_/A (sky130_fd_sc_hd__clkbuf_1)
     1    0.005035    0.038127    0.083740    2.090108 v _235_/X (sky130_fd_sc_hd__clkbuf_1)
                                                         net79 (net)
                      0.038128    0.000214    2.090322 v output79/A (sky130_fd_sc_hd__buf_2)
     1    0.034818    0.090735    0.178184    2.268506 v output79/X (sky130_fd_sc_hd__buf_2)
                                                         HRDATA[17] (net)
                      0.090739    0.000639    2.269145 v HRDATA[17] (out)
                                              2.269145   data arrival time

                                  0.000000    0.000000   clock HCLK (rise edge)
                                  0.000000    0.000000   clock network delay (propagated)
                                  0.250000    0.250000   clock uncertainty
                                  0.000000    0.250000   clock reconvergence pessimism
                                 -2.000000   -1.750000   output external delay
                                             -1.750000   data required time
---------------------------------------------------------------------------------------------
                                             -1.750000   data required time
                                             -2.269145   data arrival time
---------------------------------------------------------------------------------------------
                                              4.019145   slack (MET)


Startpoint: PRDATA[4] (input port clocked by HCLK)
Endpoint: HRDATA[4] (output port clocked by HCLK)
Path Group: HCLK
Path Type: min

Fanout         Cap        Slew       Delay        Time   Description
---------------------------------------------------------------------------------------------
                                  0.000000    0.000000   clock HCLK (rise edge)
                                  0.000000    0.000000   clock network delay (propagated)
                                  2.000000    2.000000 v input external delay
     1    0.003034    0.009163    0.004835    2.004835 v PRDATA[4] (in)
                                                         PRDATA[4] (net)
                      0.009164    0.000000    2.004835 v _222_/A (sky130_fd_sc_hd__clkbuf_1)
     1    0.005589    0.041074    0.085488    2.090322 v _222_/X (sky130_fd_sc_hd__clkbuf_1)
                                                         net97 (net)
                      0.041074    0.000212    2.090534 v output97/A (sky130_fd_sc_hd__buf_2)
     1    0.035388    0.092083    0.180255    2.270789 v output97/X (sky130_fd_sc_hd__buf_2)
                                                         HRDATA[4] (net)
                      0.092093    0.000966    2.271755 v HRDATA[4] (out)
                                              2.271755   data arrival time

                                  0.000000    0.000000   clock HCLK (rise edge)
                                  0.000000    0.000000   clock network delay (propagated)
                                  0.250000    0.250000   clock uncertainty
                                  0.000000    0.250000   clock reconvergence pessimism
                                 -2.000000   -1.750000   output external delay
                                             -1.750000   data required time
---------------------------------------------------------------------------------------------
                                             -1.750000   data required time
                                             -2.271755   data arrival time
---------------------------------------------------------------------------------------------
                                              4.021756   slack (MET)


Startpoint: PRDATA[22] (input port clocked by HCLK)
Endpoint: HRDATA[22] (output port clocked by HCLK)
Path Group: HCLK
Path Type: min

Fanout         Cap        Slew       Delay        Time   Description
---------------------------------------------------------------------------------------------
                                  0.000000    0.000000   clock HCLK (rise edge)
                                  0.000000    0.000000   clock network delay (propagated)
                                  2.000000    2.000000 v input external delay
     1    0.002986    0.009054    0.004750    2.004750 v PRDATA[22] (in)
                                                         PRDATA[22] (net)
                      0.009054    0.000000    2.004750 v _240_/A (sky130_fd_sc_hd__clkbuf_1)
     1    0.007115    0.049333    0.092381    2.097132 v _240_/X (sky130_fd_sc_hd__clkbuf_1)
                                                         net85 (net)
                      0.049335    0.000313    2.097445 v output85/A (sky130_fd_sc_hd__buf_2)
     1    0.035821    0.092912    0.184648    2.282093 v output85/X (sky130_fd_sc_hd__buf_2)
                                                         HRDATA[22] (net)
                      0.092921    0.000928    2.283021 v HRDATA[22] (out)
                                              2.283021   data arrival time

                                  0.000000    0.000000   clock HCLK (rise edge)
                                  0.000000    0.000000   clock network delay (propagated)
                                  0.250000    0.250000   clock uncertainty
                                  0.000000    0.250000   clock reconvergence pessimism
                                 -2.000000   -1.750000   output external delay
                                             -1.750000   data required time
---------------------------------------------------------------------------------------------
                                             -1.750000   data required time
                                             -2.283021   data arrival time
---------------------------------------------------------------------------------------------
                                              4.033021   slack (MET)


Startpoint: PRDATA[12] (input port clocked by HCLK)
Endpoint: HRDATA[12] (output port clocked by HCLK)
Path Group: HCLK
Path Type: min

Fanout         Cap        Slew       Delay        Time   Description
---------------------------------------------------------------------------------------------
                                  0.000000    0.000000   clock HCLK (rise edge)
                                  0.000000    0.000000   clock network delay (propagated)
                                  2.000000    2.000000 v input external delay
     1    0.003066    0.009240    0.004888    2.004888 v PRDATA[12] (in)
                                                         PRDATA[12] (net)
                      0.009240    0.000000    2.004888 v _230_/A (sky130_fd_sc_hd__clkbuf_1)
     1    0.008216    0.054657    0.097439    2.102327 v _230_/X (sky130_fd_sc_hd__clkbuf_1)
                                                         net74 (net)
                      0.054658    0.000357    2.102684 v output74/A (sky130_fd_sc_hd__buf_2)
     1    0.034682    0.090352    0.185060    2.287743 v output74/X (sky130_fd_sc_hd__buf_2)
                                                         HRDATA[12] (net)
                      0.090356    0.000672    2.288415 v HRDATA[12] (out)
                                              2.288415   data arrival time

                                  0.000000    0.000000   clock HCLK (rise edge)
                                  0.000000    0.000000   clock network delay (propagated)
                                  0.250000    0.250000   clock uncertainty
                                  0.000000    0.250000   clock reconvergence pessimism
                                 -2.000000   -1.750000   output external delay
                                             -1.750000   data required time
---------------------------------------------------------------------------------------------
                                             -1.750000   data required time
                                             -2.288415   data arrival time
---------------------------------------------------------------------------------------------
                                              4.038415   slack (MET)



